fecha_mes,id_tienda,id_producto,unidades_vendidas,u3_suma,u6_suma,u12_prom,cv_u12,tendencia_u3_vs_u12,meses_con_venta_12,meses_sin_venta,sin_venta_12m,stock_disponible,var_stock_3m,cobertura,stock_sku_cadena,cobertura_sku_cadena,tiendas_con_stock_sku,tiendas_cob12_sku,stock_deposito_sku,uds_oc_recibidas_3m,uds_oc_pendientes,uds_transf_recibidas_3m,uds_transf_enviadas_3m,liquidacion_activa,liquidaciones_12m,promos_activas_categoria,descuento_promo_max,antig_sku_meses,lead_time_dias,pedido_minimo_unidades,m2_venta,mes_del_anio,u_lag1,u_lag2,u12_max,antig_posicion_meses,historia_corta,cobertura_3m_antes,var_cobertura_3m,peso_posicion_en_tienda,stock_vs_prom_sku,tendencia_sku_cadena,cobertura_deposito_sku,tendencia_tienda,skus_en_tienda,pct_pos_cob12_tienda,tendencia_categoria_tienda,precio_rel_subcategoria,uds_oc_recibidas_12m,n_oc_recibidas_12m,meses_desde_ultima_oc,uds_transf_recibidas_12m,liquidaciones_sku_cadena_12m,descuento_liquidacion_activa,promos_categoria_12m,cumplimiento_ppto_3m,eventos_en_horizonte,categoria,subcategoria,region,formato,proveedor,costo_imputado,target_cob12_t3,split
2022-04-01,T26,SKU00165,4,6.0,6.0,2.0,0.8660254037844386,1.0,3.0,0,0,10,,5.0,67,3.6545454545454548,7,1,37,0.0,0.0,0.0,0.0,0,0.0,0.0,0.0,3,11,36,1200,4,1.0,1.0,4.0,2,1,,,0.02881152460984394,1.0447761194029852,1.0,2.0181818181818185,0.5474189675870349,20,0.15,0.6363636363636365,0.684863523573201,0.0,0.0,,0.0,0.0,0.0,0.0,0.8619936489640331,1,Iluminacion,Lamparas de mesa,NOA,Mediano,Proveedor H,0,0,train
2022-06-01,T19,SKU00021,2,3.0,4.0,1.0,0.816496580927726,1.0,3.0,0,0,2,-1.0,2.0,55,4.177215189873418,17,1,27,465.0,0.0,0.0,0.0,0,0.0,0.0,0.0,4,52,155,800,6,1.0,0.0,2.0,3,1,3.0,-1.0,0.008462623413258109,0.6181818181818182,1.0632911392405064,2.0506329113924053,0.6121297602256699,39,0.07692307692307693,0.56957928802589,0.15833333333333333,465.0,1.0,0.9,0.0,0.0,0.0,0.0,0.8990213757050763,0,Iluminacion,Guirnaldas,Cuyo,Mediano,Proveedor J,0,0,train
2022-06-01,T20,SKU00165,2,4.0,5.0,1.0,0.7071067811865476,1.3333333333333333,4.0,0,0,9,0.0,9.0,76,4.245810055865922,10,1,32,0.0,0.0,0.0,0.0,0,0.0,0.0,0.0,5,11,36,450,6,1.0,1.0,2.0,4,1,18.0,-9.0,0.00799254029572399,1.1842105263157896,0.9310986964618251,1.787709497206704,0.6500599440522179,42,0.046511627906976744,0.6902654867256637,0.684863523573201,0.0,0.0,,0.0,0.0,0.0,0.0,0.8925664083616854,0,Iluminacion,Lamparas de mesa,AMBA,Mediano,Proveedor H,0,0,train
2022-07-01,T04,SKU00021,2,2.0,4.0,0.8,1.0458250331675945,0.8333333333333333,3.0,0,0,4,0.0,5.0,48,4.528301886792453,13,2,9,465.0,465.0,0.0,0.0,0,0.0,0.0,0.0,5,52,155,450,7,0.0,0.0,2.0,4,1,4.0,1.0,0.0041572839078468735,1.0833333333333333,0.9748427672955976,0.8490566037735849,0.7916161441191755,57,0.03508771929824561,0.7953723788864786,0.15833333333333333,465.0,1.0,1.9,0.0,0.0,0.0,0.0,0.944282044060276,0,Iluminacion,Guirnaldas,Centro,Grande,Proveedor J,0,0,train
2022-07-01,T21,SKU00010,1,4.0,4.0,1.3333333333333333,1.1456439237389602,1.0,2.0,0,0,3,,2.25,112,5.169230769230769,15,1,20,0.0,0.0,0.0,0.0,0,0.0,0.0,0.0,2,37,193,600,7,0.0,3.0,3.0,2,1,,,0.008634646519158122,0.4017857142857143,0.9846153846153846,0.923076923076923,0.7749595250944415,55,0.08771929824561403,0.9565217391304348,0.691415313225058,0.0,0.0,,0.0,0.0,0.0,1.0,0.9352327336113736,0,Muebles,Sillas,Cuyo,Grande,Proveedor E,0,0,train
2022-07-01,T24,SKU00660,5,9.0,10.0,2.0,1.0,1.5,4.0,0,0,8,-3.0,4.0,92,5.768025078369906,10,1,31,0.0,0.0,0.0,0.0,0,0.0,0.0,0.0,6,32,147,800,7,1.0,3.0,5.0,4,1,22.0,-18.0,0.011167242754586545,0.8695652173913044,1.0449320794148382,1.943573667711599,0.8300983780909332,48,0.08333333333333333,0.8586387434554974,1.7678571428571428,147.0,1.0,3.4,0.0,0.0,0.0,1.0,0.9131219277432827,0,Textil hogar,Sabanas,AMBA,Grande,Proveedor A,0,0,train
2022-07-01,T26,SKU00460,5,16.0,25.0,6.25,0.3547769252173352,0.8533333333333333,4.0,0,0,36,14.0,5.76,526,5.2425249169435215,16,0,126,0.0,0.0,0.0,0.0,0,0.0,0.0,0.0,4,46,192,1200,7,4.0,7.0,9.0,3,1,2.4444444444444446,3.315555555555555,0.038281489259307876,1.0950570342205324,1.0033222591362128,1.255813953488372,0.8207551297195608,51,0.0392156862745098,0.7864302235929067,0.91875,0.0,0.0,,0.0,0.0,0.0,1.0,0.9173624039922373,0,Decoracion,Plantas artificiales,NOA,Mediano,Proveedor B,0,0,train
2022-08-01,T14,SKU00021,4,5.0,7.0,1.1666666666666667,1.6635344717725298,1.4285714285714286,3.0,0,0,3,1.0,2.571428571428571,57,5.0,16,2,28,930.0,155.0,0.0,0.0,0,0.0,0.0,0.0,6,52,155,1500,8,0.0,1.0,4.0,5,1,3.0,-0.4285714285714288,0.00958004223039024,0.8421052631578947,0.9941520467836258,2.456140350877193,0.8403065613513724,49,0.14285714285714285,0.9539594843462247,0.15833333333333333,930.0,2.0,0.0,0.0,0.0,0.0,0.0,0.8892868486839623,1,Iluminacion,Guirnaldas,AMBA,Grande,Proveedor J,0,0,train
2022-08-01,T20,SKU00289,0,1.0,2.0,0.3333333333333333,1.5491933384829666,1.0,2.0,2,0,4,2.0,12.0,62,5.552238805970149,19,5,6,0.0,0.0,0.0,47.0,0,0.0,0.0,0.0,6,37,193,450,8,0.0,1.0,1.0,5,1,6.0,6.0,0.0023223794436242388,1.2258064516129032,0.8059701492537313,0.5373134328358209,0.7896090108322412,54,0.12962962962962962,0.9130434782608696,1.863109048723898,0.0,0.0,,0.0,0.0,0.0,1.0,0.9480179577808592,1,Muebles,Sillas,AMBA,Mediano,Proveedor E,0,0,train
2022-08-01,T26,SKU00537,13,49.0,60.0,15.0,0.24343224778007383,1.0888888888888888,4.0,0,0,40,-58.0,2.6666666666666665,526,4.753012048192771,8,0,150,0.0,0.0,0.0,0.0,0,0.0,0.0,0.0,4,25,153,1200,8,17.0,19.0,19.0,3,1,8.909090909090908,-6.242424242424242,0.07803935413144057,0.6083650190114068,1.0180722891566265,1.355421686746988,0.8983196764463602,57,0.07017543859649122,1.011945522331279,0.13350785340314136,0.0,0.0,,0.0,1.0,0.0,1.0,0.8972500607346587,1,Bano,Cortinas de bano,NOA,Mediano,Proveedor D,0,0,train
2022-09-01,T09,SKU00157,3,4.0,6.0,1.0,1.1547005383792515,1.3333333333333333,4.0,0,0,9,3.0,9.0,146,5.41696113074205,19,0,89,182.0,0.0,0.0,0.0,0,0.0,0.0,0.0,7,31,182,600,9,0.0,1.0,3.0,6,1,8.0,1.0,0.005475880052151239,1.1712328767123288,0.9893992932862191,3.302120141342756,0.8852672750977835,62,0.12903225806451613,0.9371390859594126,0.1197339246119734,364.0,2.0,1.8,0.0,0.0,0.0,1.0,0.8992170291751691,2,Cocina y mesa,Vajilla,NOA,Mediano,Proveedor I,0,0,train
2022-09-01,T11,SKU00584,2,5.0,7.0,1.75,0.2857142857142857,0.9523809523809524,4.0,0,0,2,-2.0,1.1428571428571428,37,4.378698224852071,12,1,26,21.0,0.0,0.0,0.0,0,0.0,0.0,0.0,5,28,21,800,9,1.0,2.0,2.0,3,1,2.0,-0.8571428571428572,0.010902995480572395,0.6486486486486486,0.8678500986193294,3.076923076923077,0.851472028006606,58,0.05172413793103448,0.96144578313253,0.20437956204379562,21.0,1.0,0.1,0.0,0.0,0.0,1.0,0.9021835217372166,2,Cocina y mesa,Cristaleria,AMBA,Grande,Proveedor G,0,0,train
2022-09-01,T12,SKU00444,2,10.0,21.0,3.5,0.5642405045180429,0.9523809523809524,6.0,0,0,19,5.0,5.428571428571429,204,5.594149908592321,11,0,88,147.0,0.0,0.0,0.0,0,0.0,0.0,0.0,6,32,147,1200,9,6.0,2.0,6.0,5,1,3.8181818181818183,1.6103896103896105,0.023681031010873946,1.0245098039215685,1.1151736745886653,2.413162705667276,0.917921868707209,59,0.13333333333333333,0.925524222704266,1.0,147.0,1.0,0.4,0.0,0.0,0.0,1.0,0.8691712166093041,2,Decoracion,Velas,Cuyo,Chico,Proveedor A,0,0,train
2022-09-01,T24,SKU00019,0,9.0,16.0,2.6666666666666665,0.8767838958375092,1.125,4.0,1,0,21,-4.0,7.875,184,4.977457168620378,11,0,70,0.0,0.0,0.0,0.0,0,0.0,0.0,0.0,6,28,21,800,9,4.0,5.0,5.0,5,1,10.714285714285714,-2.8392857142857135,0.013832141203108113,1.2554347826086958,1.09107303877367,1.8935978358881875,0.8904440899500847,54,0.1111111111111111,0.7087701355152135,1.8271604938271604,0.0,0.0,,0.0,0.0,0.0,1.0,0.883490640908114,2,Organizacion,Percheros,AMBA,Grande,Proveedor G,0,0,train
2022-09-01,T27,SKU00439,0,1.0,5.0,1.0,1.1547005383792515,0.3333333333333333,4.0,1,0,3,-1.0,3.0,22,4.162162162162162,7,1,3,0.0,0.0,0.0,0.0,0,0.0,0.0,0.0,7,46,192,1200,9,1.0,0.0,3.0,6,1,2.6666666666666665,0.3333333333333335,0.006975122064636131,0.9545454545454546,0.6306306306306306,0.5675675675675675,0.9207161125319693,60,0.13333333333333333,0.8705357142857143,1.0,0.0,0.0,,0.0,0.0,0.0,1.0,0.8808809450990882,2,Cocina y mesa,Vajilla,AMBA,Chico,Proveedor B,0,0,train
2022-10-01,T02,SKU00311,3,7.0,20.0,3.25,0.4578608056263661,0.717948717948718,8.0,0,0,19,3.0,5.846153846153846,352,5.838286109191431,23,1,176,0.0,0.0,0.0,0.0,0,0.0,0.0,0.0,9,32,147,450,10,1.0,3.0,6.0,7,1,4.2105263157894735,1.6356275303643724,0.013689562836597769,1.2414772727272727,1.006219765031099,2.9191430545957155,0.8494549247324769,71,0.11267605633802817,0.7567868357247903,2.0371229698375872,0.0,0.0,,0.0,0.0,0.0,1.0,0.7368477634575384,2,Muebles,Sillas,AMBA,Grande,Proveedor A,0,0,train
2022-10-01,T05,SKU00506,3,5.0,6.0,1.0,1.2649110640673518,1.6666666666666667,3.0,0,0,8,-2.0,8.0,176,4.656084656084657,20,0,45,0.0,0.0,0.0,0.0,0,0.0,0.0,0.0,6,56,52,450,10,2.0,0.0,3.0,5,1,30.0,-22.0,0.004632421065015662,0.9090909090909091,0.961199294532628,1.1904761904761905,0.8075854056677305,76,0.14473684210526316,0.9135399673735726,1.2015810276679841,0.0,0.0,,0.0,0.0,0.0,1.0,0.746274488010737,2,Bano,Accesorios de bano,AMBA,Mediano,Proveedor F,0,0,train
2022-10-01,T07,SKU00076,16,26.0,45.0,7.5,0.6182412330330468,1.1555555555555554,6.0,0,0,31,-38.0,4.133333333333334,622,5.516629711751663,17,0,154,0.0,0.0,0.0,0.0,0,0.0,0.0,0.0,6,31,182,800,10,7.0,3.0,16.0,5,1,10.894736842105264,-6.76140350877193,0.03388511690365332,0.847266881028939,1.0110864745011086,1.3658536585365855,0.7424605614889372,69,0.11594202898550725,0.8027141645462256,1.8050314465408805,0.0,0.0,,0.0,0.0,0.0,1.0,0.9161016990043509,2,Decoracion,Velas,Centro,Mediano,Proveedor I,0,0,train
2022-10-01,T14,SKU00146,1,2.0,6.0,1.0,0.6324555320336759,0.6666666666666666,5.0,0,0,8,0.0,8.0,119,6.066270178419711,15,2,13,0.0,0.0,0.0,0.0,0,0.0,0.0,0.0,6,52,155,1500,10,1.0,0.0,2.0,5,1,6.0,2.0,0.005071075550976383,1.0084033613445378,0.8156329651656754,0.6627017841971112,0.8502503340470402,64,0.09090909090909091,0.8398133748055988,1.328125,0.0,0.0,,0.0,0.0,0.0,1.0,0.911370227571838,2,Textil hogar,Sabanas,AMBA,Grande,Proveedor J,0,0,train
2022-10-01,T20,SKU00530,11,27.0,52.0,10.4,0.2770165440555372,0.8653846153846153,5.0,0,0,56,7.0,5.384615384615384,1006,5.253263707571802,16,1,531,0.0,0.0,0.0,0.0,0,0.0,0.0,0.0,5,28,21,450,10,10.0,6.0,14.0,4,1,3.92,1.4646153846153842,0.04838682876845108,0.8906560636182903,1.0130548302872062,2.772845953002611,0.7816333877980559,78,0.11392405063291139,0.5796454339729864,1.5166666666666666,0.0,0.0,,0.0,0.0,0.0,0.0,0.9272254584007137,2,Iluminacion,Guirnaldas,AMBA,Mediano,Proveedor G,0,0,train
2022-10-01,T21,SKU00146,0,4.0,9.0,1.5,0.6992058987801011,0.8888888888888888,5.0,1,0,6,6.0,4.0,119,6.066270178419711,15,2,13,0.0,0.0,0.0,0.0,0,0.0,0.0,0.0,6,52,155,600,10,3.0,1.0,3.0,5,1,0.0,4.0,0.0065543184809239855,0.7563025210084033,0.8156329651656754,0.6627017841971112,0.837496250340287,80,0.10975609756097561,0.69623944742901,1.328125,0.0,0.0,,0.0,0.0,0.0,1.0,0.9638416273189495,2,Textil hogar,Sabanas,Cuyo,Grande,Proveedor J,0,0,train
2022-10-01,T23,SKU00627,1,5.0,11.0,1.5714285714285714,0.8097205585386295,1.0606060606060608,6.0,0,0,12,4.0,7.636363636363637,149,5.269450993600539,16,0,75,0.0,0.0,0.0,0.0,0,0.0,0.0,0.0,7,31,182,450,10,2.0,2.0,4.0,6,1,5.333333333333333,2.3030303030303036,0.006793676391116754,1.2885906040268456,1.0491748063320985,2.652408218255305,0.8315048164763809,74,0.0945945945945946,0.8495790032617765,1.4599627560521415,0.0,0.0,,0.0,0.0,0.0,1.0,0.9414494250044484,2,Decoracion,Espejos,AMBA,Mediano,Proveedor I,0,0,train
2022-10-01,T27,SKU00708,1,5.0,11.0,2.0,0.5976143046671969,0.8333333333333334,7.0,0,0,9,-2.0,4.5,137,5.692333058532564,16,1,53,0.0,0.0,0.0,0.0,0,0.0,0.0,0.0,9,31,182,1200,10,2.0,2.0,4.0,7,1,5.0,-0.5,0.009676471774077423,1.051094890510949,0.9417971970321518,2.202143446001649,0.7886324495873099,75,0.09333333333333334,0.5553319919517103,1.7006960556844548,0.0,0.0,,0.0,1.0,0.0,1.0,0.9111830258712325,2,Muebles,Sillas,AMBA,Chico,Proveedor I,0,0,train
2022-11-01,T08,SKU00785,7,23.0,31.0,7.75,0.42632747530320453,0.989247311827957,4.0,0,0,29,-24.0,3.7419354838709675,410,5.70633263743911,18,1,136,0.0,0.0,0.0,0.0,0,0.0,0.0,0.0,5,10,35,600,11,4.0,12.0,12.0,3,1,6.625,-2.8830645161290325,0.026543801349615707,1.273170731707317,0.9324982602644398,1.8928322894919973,0.8414099610609366,88,0.10227272727272728,0.7771609833465504,1.963350785340314,0.0,0.0,,0.0,1.0,0.0,1.0,0.8909561150553237,1,Bano,Cortinas de bano,Patagonia,Grande,Proveedor C,0,0,train
2022-12-01,T01,SKU00545,0,1.0,1.0,0.25,2.0,1.3333333333333333,1.0,1,0,5,3.0,20.0,26,5.512367491166078,7,3,0,0.0,0.0,0.0,0.0,0,0.0,0.0,0.0,5,52,155,800,12,1.0,0.0,1.0,3,1,inf,,0.001030755942724477,1.346153846153846,0.7773851590106007,0.0,0.8946961582848459,87,0.11494252873563218,0.9503820548978454,1.5515587529976018,0.0,0.0,,0.0,0.0,0.0,1.0,0.8333869268646272,0,Cocina y mesa,Cubiertos,Cuyo,Grande,Proveedor J,0,0,train
2022-12-01,T02,SKU00540,6,12.0,26.0,3.857142857142857,0.4596175424441058,1.037037037037037,7.0,0,0,16,2.0,4.148148148148148,261,5.867523083099156,14,0,87,0.0,0.0,0.0,0.0,0,0.0,1.0,30.0,8,46,192,450,12,4.0,2.0,6.0,6,1,3.7333333333333334,0.4148148148148145,0.012252343266379374,0.8582375478927203,1.019135554663455,1.955841027699719,0.8926058964803048,88,0.06741573033707865,1.046946406314915,0.684863523573201,0.0,0.0,,45.0,1.0,0.0,1.0,0.9412641104578175,0,Iluminacion,Lamparas de mesa,AMBA,Grande,Proveedor B,0,0,train
2022-12-01,T08,SKU00477,1,-1.0,0.0,0.4444444444444444,4.373213921133975,-0.75,5.0,0,0,5,3.0,11.25,163,5.1925921243916315,19,0,69,193.0,0.0,0.0,39.0,0,0.0,1.0,20.0,9,37,193,600,12,2.0,-4.0,3.0,8,1,2.4,8.85,0.0014500917724476442,0.5828220858895705,1.0512609822387966,2.19809114468112,0.8711426322979223,100,0.11,0.927128815771963,0.28074245939675174,579.0,2.0,0.2,0.0,1.0,0.0,3.0,0.6889191923318588,0,Muebles,Sillas,Patagonia,Grande,Proveedor E,0,1,train
2022-12-01,T09,SKU00174,2,4.0,4.0,1.3333333333333333,0.8660254037844388,1.0,2.0,0,0,3,,2.25,30,6.923076923076923,10,4,7,0.0,0.0,0.0,0.0,0,0.0,1.0,20.0,3,10,35,600,12,2.0,0.0,2.0,2,1,,,0.004720788238799847,1.0,1.0,1.6153846153846154,0.8804270065361715,94,0.061855670103092786,0.8177758267589704,1.0,0.0,0.0,,0.0,0.0,0.0,3.0,0.7546068368552391,0,Muebles,Racks,NOA,Mediano,Proveedor C,0,0,train
2022-12-01,T09,SKU00182,4,5.0,13.0,2.1666666666666665,0.7394224517352564,0.7692307692307693,5.0,0,0,8,-3.0,3.6923076923076925,123,4.92,15,2,63,0.0,0.0,51.0,0.0,0,0.0,1.0,20.0,6,52,155,600,12,1.0,0.0,4.0,5,1,4.125,-0.4326923076923075,0.007671280888049751,0.9756097560975611,0.8666666666666667,2.52,0.8804270065361715,94,0.061855670103092786,0.8177758267589704,1.6763157894736842,0.0,0.0,,51.0,0.0,0.0,3.0,0.7546068368552391,0,Muebles,Mesas auxiliares,NOA,Mediano,Proveedor J,0,0,train
2022-12-01,T10,SKU00121,6,13.0,22.0,4.6,0.5245495962566337,0.9420289855072463,10.0,0,0,15,15.0,3.2608695652173916,247,5.24447065762312,14,0,89,0.0,0.0,0.0,0.0,0,0.0,1.0,20.0,10,31,182,450,12,2.0,5.0,9.0,9,1,0.0,3.2608695652173916,0.015062971470936161,0.8502024291497976,0.9908581539368917,1.8897080507225008,0.8317379899169098,84,0.08235294117647059,0.8778661675245671,1.2353801169590644,546.0,1.0,4.1,0.0,0.0,0.0,3.0,0.9428317951885666,0,Muebles,Racks,AMBA,Mediano,Proveedor I,0,0,train
2022-12-01,T10,SKU00623,1,4.0,10.0,1.7142857142857142,0.9354143466934854,0.7777777777777778,6.0,0,0,13,5.0,7.583333333333334,68,5.793103448275861,8,1,16,0.0,0.0,0.0,0.0,0,0.0,0.0,0.0,7,56,52,450,12,2.0,1.0,5.0,6,1,4.0,3.583333333333334,0.005613529740721551,1.5294117647058822,0.8235294117647057,1.3630831643002028,0.8317379899169098,84,0.08235294117647059,0.7296717796470393,0.5790754257907542,0.0,0.0,,52.0,0.0,0.0,1.0,0.9340435276213239,0,Cocina y mesa,Cristaleria,AMBA,Mediano,Proveedor F,0,0,train
2022-12-01,T20,SKU00204,11,32.0,62.0,10.333333333333334,0.32193483741611995,1.032258064516129,6.0,0,0,93,20.0,9.0,1275,6.045041485578823,16,0,414,0.0,0.0,0.0,0.0,0,0.0,0.0,0.0,6,56,52,450,12,12.0,9.0,15.0,5,1,7.3,1.7000000000000002,0.03703864139925481,1.1670588235294117,0.9766890557092059,1.962860529435006,0.8566679317182482,101,0.0970873786407767,0.8741692835755495,1.4817518248175183,0.0,0.0,,0.0,0.0,0.0,1.0,0.85404953991689,0,Cocina y mesa,Cristaleria,AMBA,Mediano,Proveedor F,0,0,train
2022-12-01,T24,SKU00444,4,8.0,28.0,3.875,0.7092583597261195,0.6881720430107526,8.0,0,0,21,-11.0,5.419354838709677,201,4.832975525976814,12,0,71,0.0,0.0,0.0,0.0,0,0.0,1.0,35.0,9,32,147,800,12,1.0,3.0,9.0,7,1,6.9565217391304355,-1.5371669004207584,0.013269302038295244,1.2537313432835822,1.0739945613281807,1.7071704594246457,0.9165806053119211,84,0.05952380952380952,0.7964550397647012,1.0,147.0,1.0,3.4,0.0,0.0,0.0,2.0,0.9006372050486886,0,Decoracion,Velas,AMBA,Grande,Proveedor A,0,0,train
2022-12-01,T28,SKU00289,1,4.0,5.0,0.625,1.190438094628552,2.1333333333333333,4.0,0,0,4,0.0,6.4,64,4.9510360706062935,20,2,15,0.0,0.0,0.0,0.0,0,0.0,1.0,20.0,10,37,193,1500,12,1.0,2.0,2.0,7,1,20.0,-13.6,0.0021783144988235846,1.25,1.1346124328472755,1.16039907904835,0.882943476856493,89,0.06741573033707865,0.8491054776542102,1.863109048723898,0.0,0.0,,0.0,0.0,0.0,3.0,0.9133104058091662,0,Muebles,Sillas,AMBA,Grande,Proveedor E,0,0,train
2023-01-01,T08,SKU00307,2,4.0,4.0,1.3333333333333333,0.8660254037844388,1.0,2.0,0,0,15,,11.25,178,6.357142857142857,18,2,46,0.0,0.0,0.0,0.0,0,0.0,0.0,0.0,4,37,193,600,1,2.0,0.0,2.0,2,1,,,0.0044074927376540115,1.5168539325842696,0.9880952380952381,1.6428571428571428,0.9167584894320344,107,0.102803738317757,0.9020813113339804,1.3145833333333334,0.0,0.0,,0.0,1.0,0.0,2.0,0.9053532648191143,0,Decoracion,Plantas artificiales,Patagonia,Grande,Proveedor E,0,0,train
2023-01-01,T15,SKU00673,15,28.0,53.0,8.833333333333334,0.3679970900870913,1.0566037735849056,6.0,0,0,44,-19.0,4.981132075471698,617,5.865019011406844,17,0,206,0.0,0.0,0.0,0.0,0,0.0,0.0,0.0,6,31,182,600,1,7.0,6.0,15.0,5,1,7.56,-2.5788679245283017,0.02362548654116258,1.2123176661264181,1.0424588086185045,1.9581749049429658,0.944127933852497,106,0.07407407407407407,1.071399287555916,1.2588454376163873,0.0,0.0,,0.0,0.0,0.0,2.0,0.8750748781451282,0,Decoracion,Espejos,NOA,Mediano,Proveedor I,0,0,train
2023-01-01,T21,SKU00039,2,2.0,3.0,0.45454545454545453,1.8044389709823936,1.4666666666666666,3.0,0,0,5,3.0,11.0,56,4.8,18,0,32,0.0,0.0,0.0,0.0,0,0.0,0.0,0.0,12,10,35,600,1,0.0,0.0,2.0,10,1,5.333333333333333,5.666666666666667,0.0014749464541760472,1.6071428571428572,1.0285714285714287,2.742857142857143,0.9410158377643182,107,0.08256880733944955,0.8750368281493329,1.2102272727272727,0.0,0.0,,19.0,0.0,0.0,3.0,0.9137420898482996,0,Organizacion,Cajas,Cuyo,Grande,Proveedor C,0,0,train
2023-02-01,T01,SKU00587,3,15.0,25.0,4.142857142857143,0.6298808624744946,1.206896551724138,7.0,0,0,19,2.0,4.586206896551723,298,4.63452566096423,18,0,137,0.0,0.0,0.0,0.0,0,0.0,0.0,0.0,7,31,182,800,2,3.0,9.0,9.0,6,1,4.857142857142857,-0.27093596059113345,0.012767819580169546,1.1476510067114092,1.0627268014515292,2.130637636080871,0.9142932871776582,102,0.07766990291262135,0.9561293977146473,0.4864864864864865,0.0,0.0,,0.0,1.0,0.0,1.0,0.8646804416978364,0,Cocina y mesa,Manteleria,Cuyo,Grande,Proveedor I,0,0,train
2023-02-01,T02,SKU00121,4,7.0,14.0,3.3333333333333335,0.6179143806533247,0.7000000000000001,12.0,0,0,21,4.0,6.3,244,5.724848915748311,13,0,72,0.0,0.0,0.0,0.0,0,0.0,0.0,0.0,12,31,182,450,2,1.0,2.0,7.0,11,0,4.636363636363637,1.6636363636363631,0.009667798133863849,1.1188524590163933,0.9776039815143973,1.6892996800568787,0.886537088875315,100,0.07692307692307693,0.8857047939566391,1.2353801169590644,546.0,1.0,6.1,0.0,0.0,0.0,3.0,0.8294019981253942,0,Muebles,Racks,AMBA,Grande,Proveedor I,0,0,train
2023-02-01,T02,SKU00621,1,2.0,5.0,0.7777777777777778,0.8571428571428571,0.8571428571428571,6.0,0,0,1,-2.0,1.2857142857142856,17,3.851258581235698,6,0,12,0.0,0.0,0.0,0.0,0,0.0,0.0,0.0,11,32,147,450,2,0.0,1.0,2.0,8,1,3.5999999999999996,-2.314285714285714,0.0022558195645682316,0.3529411764705882,1.434782608695652,2.718535469107551,0.886537088875315,100,0.07692307692307693,0.9489234750727866,0.38926174496644295,0.0,0.0,,0.0,0.0,0.0,1.0,0.9458261582773537,0,Iluminacion,Apliques,AMBA,Grande,Proveedor A,0,0,train
2023-02-01,T07,SKU00259,-15,10.0,55.0,9.166666666666666,1.3562710180418092,0.3636363636363637,5.0,1,0,118,83.0,12.872727272727273,945,5.566463773807187,13,1,217,0.0,0.0,26.0,0.0,0,0.0,0.0,0.0,6,25,153,800,2,17.0,8.0,17.0,5,1,2.3333333333333335,10.539393939393939,0.03233333698106648,1.6232804232804232,0.9169448262320833,1.2782250147260947,0.9241455588043003,101,0.08823529411764706,0.8283019383392298,0.9125,0.0,0.0,,26.0,0.0,0.0,2.0,0.8970243237094149,0,Decoracion,Plantas artificiales,Centro,Mediano,Proveedor D,0,0,train
2023-02-01,T12,SKU00587,7,12.0,14.0,2.8,0.9244413646817704,1.4285714285714286,4.0,0,0,15,2.0,5.357142857142858,298,4.63452566096423,18,0,137,0.0,0.0,0.0,0.0,0,0.0,0.0,0.0,7,31,182,1200,2,3.0,2.0,7.0,4,1,13.0,-7.642857142857142,0.00892218128112205,0.9060402684563758,1.0627268014515292,2.130637636080871,0.9495750077765611,98,0.0707070707070707,1.0682800345721697,0.4864864864864865,0.0,0.0,,0.0,1.0,0.0,1.0,0.6828853043692353,0,Cocina y mesa,Manteleria,Cuyo,Chico,Proveedor I,0,0,train
2023-02-01,T12,SKU00633,10,21.0,43.0,7.166666666666667,0.35756522965176873,0.9767441860465116,6.0,0,0,20,0.0,2.7906976744186047,742,5.240112994350283,20,0,198,441.0,294.0,0.0,0.0,0,0.0,0.0,0.0,6,32,147,1200,2,6.0,5.0,10.0,5,1,2.7272727272727275,0.06342494714587721,0.022836535421919536,0.5390835579514824,0.9934086629001883,1.3983050847457628,0.9495750077765611,98,0.0707070707070707,0.9629076637587185,0.21577726218097448,441.0,1.0,2.6,0.0,0.0,0.0,3.0,0.7987378477063437,0,Muebles,Sillas,Cuyo,Chico,Proveedor A,0,0,train
2023-02-01,T15,SKU00259,12,43.0,73.0,14.6,0.2144174772945004,0.9817351598173517,5.0,0,0,83,12.0,5.684931506849315,945,5.566463773807187,13,1,217,0.0,0.0,0.0,0.0,0,0.0,0.0,0.0,6,25,153,600,2,13.0,18.0,18.0,4,1,4.733333333333333,0.9515981735159817,0.038293980425325926,1.1417989417989418,0.9169448262320833,1.2782250147260947,0.9442351337751598,113,0.06140350877192982,0.980238198807354,0.9125,0.0,0.0,,0.0,0.0,0.0,2.0,0.9076836315264174,0,Decoracion,Plantas artificiales,NOA,Mediano,Proveedor D,0,0,train
2023-02-01,T18,SKU00207,1,1.0,1.0,0.25,2.0,1.3333333333333333,1.0,0,0,3,-2.0,12.0,48,5.333333333333333,17,4,21,0.0,0.0,0.0,0.0,0,0.0,0.0,0.0,4,31,182,1200,2,0.0,0.0,1.0,3,1,inf,,0.0008202008486060728,1.0625,1.1111111111111112,2.3333333333333335,0.9065953379925791,103,0.05714285714285714,0.646779788131621,1.7865707434052758,0.0,0.0,,0.0,0.0,0.0,1.0,0.8564705353625328,0,Cocina y mesa,Cubiertos,NOA,Mediano,Proveedor I,0,0,train
2023-02-01,T18,SKU00715,-3,2.0,5.0,1.0,2.9154759474226504,0.6666666666666666,3.0,1,0,9,3.0,9.0,76,5.801526717557252,8,0,10,0.0,0.0,0.0,0.0,0,0.0,0.0,0.0,5,56,52,1200,2,5.0,0.0,5.0,4,1,4.0,5.0,0.003280803394424291,0.9473684210526315,0.8651399491094148,0.7633587786259542,0.9065953379925791,103,0.05714285714285714,0.9800856597992936,0.6528925619834711,0.0,0.0,,0.0,0.0,0.0,3.0,0.9149963955218495,0,Textil hogar,Acolchados,NOA,Mediano,Proveedor F,0,0,train
2023-02-01,T20,SKU00453,2,7.0,7.0,2.3333333333333335,0.6546536707079771,1.0,3.0,0,0,20,,8.571428571428571,326,5.133858267716535,20,2,87,35.0,0.0,0.0,0.0,0,0.0,0.0,0.0,3,10,35,450,2,1.0,4.0,4.0,2,1,,,0.00786599496809821,1.2269938650306749,0.9868766404199475,1.3700787401574803,0.9652699539423373,109,0.05405405405405406,1.0969499868155048,1.8172043010752688,35.0,1.0,1.6,0.0,0.0,0.0,1.0,0.9482111129552576,0,Bano,Alfombras de bano,AMBA,Mediano,Proveedor C,0,0,train
2023-02-01,T20,SKU00698,0,0.0,3.0,0.4,1.7480147469502527,0.0,3.0,4,0,3,-1.0,7.5,38,3.8212290502793294,13,0,25,147.0,0.0,0.0,0.0,0,0.0,0.0,0.0,10,32,147,450,2,0.0,0.0,2.0,9,1,7.0,0.5,0.0013484562802454074,1.0263157894736843,1.1396648044692739,2.5139664804469275,0.9652699539423373,109,0.05405405405405406,0.9965803615046408,0.7649667405764967,294.0,2.0,0.7,0.0,1.0,0.0,1.0,0.907396405026,0,Cocina y mesa,Vajilla,AMBA,Mediano,Proveedor A,0,0,train
2023-02-01,T20,SKU00737,5,16.0,34.0,6.0,0.38188130791298663,0.8888888888888888,9.0,0,0,16,-33.0,2.6666666666666665,557,4.642311432143353,26,0,284,0.0,155.0,0.0,0.0,0,0.0,0.0,0.0,10,52,155,450,2,5.0,6.0,10.0,8,1,7.736842105263158,-5.0701754385964914,0.020226844203681107,0.7468581687612208,0.9195721628003889,2.366995416030004,0.9652699539423373,109,0.05405405405405406,0.9965803615046408,1.0,155.0,1.0,7.0,0.0,1.0,0.0,1.0,0.907396405026,0,Cocina y mesa,Cubiertos,AMBA,Mediano,Proveedor J,0,0,train
2023-02-01,T25,SKU00056,1,5.0,12.0,2.0,0.5477225575051661,0.8333333333333334,6.0,0,0,13,-3.0,6.5,104,4.489208633093525,14,0,67,155.0,0.0,0.0,0.0,0,0.0,0.0,0.0,6,52,155,1500,2,3.0,1.0,3.0,5,1,6.857142857142857,-0.35714285714285676,0.005787604921218003,1.75,0.9928057553956834,2.8920863309352516,0.9375919972373165,115,0.10084033613445378,0.9552814884057534,1.9619686800894856,620.0,2.0,0.8,0.0,0.0,0.0,1.0,0.8968655500494808,0,Iluminacion,Apliques,Centro,Grande,Proveedor J,0,0,train
2023-02-01,T26,SKU00053,0,0.0,1.0,0.3333333333333333,1.5,0.0,3.0,4,0,4,-1.0,12.0,68,5.269372693726937,20,2,14,21.0,0.0,0.0,0.0,0,0.0,0.0,0.0,9,28,21,1200,2,0.0,0.0,1.0,8,1,10.0,2.0,0.0009640958799612985,1.1764705882352942,0.955719557195572,1.084870848708487,0.9824137016805633,113,0.08771929824561403,0.9605326838174297,0.9878345498783455,21.0,1.0,2.7,0.0,0.0,0.0,1.0,0.875098817023167,0,Cocina y mesa,Cristaleria,NOA,Mediano,Proveedor G,0,0,train
2023-03-01,T08,SKU00169,2,7.0,10.0,1.4285714285714286,0.7937253933193772,1.6333333333333333,5.0,0,0,7,-2.0,4.8999999999999995,93,6.935369318181818,9,2,29,0.0,0.0,0.0,0.0,0,0.0,1.0,10.0,7,37,193,600,3,3.0,2.0,3.0,6,1,12.0,-7.1000000000000005,0.003992242950969208,0.6774193548387096,1.0440340909090908,2.1626420454545454,0.9613321025933852,111,0.08108108108108109,0.8975342465753424,0.19888475836431227,0.0,0.0,,0.0,1.0,0.0,3.0,0.8898637426989267,1,Organizacion,Contenedores,Patagonia,Grande,Proveedor E,0,0,train
2023-03-01,T10,SKU00678,3,17.0,32.0,6.545454545454546,0.4005204946899305,0.8657407407407407,11.0,0,0,40,8.0,6.111111111111111,495,5.164836323011741,14,0,203,0.0,0.0,0.0,0.0,0,0.0,0.0,0.0,11,11,36,450,3,7.0,7.0,11.0,10,1,4.654545454545454,1.4565656565656564,0.01816998489539891,1.1313131313131315,0.9355831453805781,2.118104593073502,0.899414252322246,102,0.07692307692307693,0.8587988860583654,1.6750524109014675,0.0,0.0,,0.0,0.0,0.0,2.0,0.9066559207021361,1,Decoracion,Velas,AMBA,Mediano,Proveedor H,0,0,train
2023-03-01,T14,SKU00209,2,7.0,14.0,2.1666666666666665,0.7319644256296238,1.076923076923077,12.0,0,0,30,11.0,13.846153846153847,397,6.184092518291243,19,1,159,0.0,0.0,0.0,0.0,0,0.0,0.0,0.0,12,25,153,1500,3,4.0,1.0,5.0,12,0,9.5,4.346153846153847,0.007667861828347138,1.4357682619647354,1.0384706160018882,2.476752419164503,0.8116136827542818,100,0.04950495049504951,0.690461888653536,0.34408602150537637,612.0,2.0,3.5,0.0,0.0,0.0,1.0,0.9066195282866744,1,Bano,Alfombras de bano,AMBA,Grande,Proveedor D,0,0,train
2023-03-01,T15,SKU00545,0,1.0,3.0,0.5,1.0690449676496976,0.6666666666666666,4.0,2,0,4,1.0,8.0,27,5.53170731707317,7,0,2,0.0,0.0,0.0,0.0,0,0.0,1.0,10.0,8,52,155,600,3,0.0,1.0,1.0,7,1,5.0,3.0,0.001178072651043406,1.037037037037037,1.0926829268292682,0.4097560975609756,0.9047597960013358,121,0.06611570247933884,0.8221066746251593,1.5515587529976018,0.0,0.0,,0.0,0.0,0.0,2.0,0.9104542030251214,1,Cocina y mesa,Cubiertos,NOA,Mediano,Proveedor J,0,0,train
2023-03-01,T17,SKU00425,0,3.0,8.0,1.3333333333333333,0.7745966692414835,0.75,5.0,1,0,4,1.0,3.0,54,4.16452442159383,15,1,28,21.0,0.0,0.0,0.0,0,0.0,0.0,0.0,6,28,21,600,3,2.0,1.0,3.0,5,1,1.7999999999999998,1.2000000000000002,0.003832593239807412,1.1111111111111112,1.0025706940874035,2.159383033419023,0.9332364538931048,113,0.09565217391304348,0.9984933956856614,1.0,21.0,1.0,1.8,0.0,0.0,0.0,1.0,0.8883128816516931,1,Iluminacion,Lamparas de mesa,Centro,Chico,Proveedor G,0,0,train
2023-03-01,T18,SKU00189,3,12.0,12.0,4.0,0.25,1.0,3.0,0,0,12,,3.0,108,3.5604395604395607,8,0,66,192.0,0.0,0.0,0.0,0,0.0,0.0,0.0,3,46,192,1200,3,5.0,4.0,5.0,2,1,,,0.011771311695479732,0.8888888888888888,1.0,2.175824175824176,0.9152194843235492,110,0.036036036036036036,1.0974683038035433,0.5,192.0,1.0,0.8,0.0,0.0,0.0,3.0,0.929817968178811,1,Textil hogar,Cortinas,NOA,Mediano,Proveedor B,0,0,train
2023-03-01,T18,SKU00423,2,4.0,5.0,1.25,0.7659416862050705,1.0666666666666667,3.0,0,0,8,-6.0,6.4,122,5.856000000000001,16,1,49,21.0,0.0,0.0,0.0,0,0.0,1.0,10.0,4,28,21,1200,3,2.0,0.0,2.0,3,1,14.0,-7.6,0.0036785349048374166,1.0491803278688525,1.072,2.3520000000000003,0.9152194843235492,110,0.036036036036036036,0.8238383918169072,1.5254988913525498,21.0,1.0,1.5,0.0,0.0,0.0,2.0,0.873121405815496,1,Cocina y mesa,Vajilla,NOA,Mediano,Proveedor G,0,0,train
2023-03-01,T25,SKU00190,8,23.0,39.0,6.5,0.2878197989826109,1.1794871794871795,6.0,0,0,42,9.0,6.461538461538462,602,5.167381974248927,16,0,197,0.0,0.0,0.0,0.0,0,0.0,0.0,0.0,5,11,36,1500,3,6.0,9.0,9.0,5,1,6.1875,0.2740384615384617,0.016516798128206216,1.1162790697674418,1.0185979971387698,1.6909871244635193,0.9622093678790903,125,0.078125,1.0108561280417763,0.9960552268244576,72.0,2.0,4.3,0.0,0.0,0.0,2.0,0.9226719243980496,1,Decoracion,Cuadros,Centro,Grande,Proveedor H,0,0,train
2023-03-01,T27,SKU00320,6,16.0,24.0,6.0,0.36004114991154784,0.8888888888888888,4.0,0,0,22,-2.0,3.6666666666666665,525,5.193734542456719,15,0,228,153.0,0.0,0.0,0.0,0,0.0,0.0,0.0,4,25,153,1200,3,7.0,3.0,8.0,3,1,3.0,0.6666666666666665,0.017675366265428486,0.6285714285714286,0.9826875515251443,2.2555647155812037,0.8808224188938528,114,0.05263157894736842,0.8381368846485127,0.4376417233560091,153.0,1.0,0.6,0.0,0.0,0.0,3.0,0.7707975408866342,1,Muebles,Estanterias,AMBA,Chico,Proveedor D,0,0,train
2023-04-01,T08,SKU00384,2,5.0,6.0,1.125,0.7417981870189156,1.4814814814814816,6.0,0,0,2,1.0,1.7777777777777777,44,4.58465991316932,13,0,13,0.0,0.0,0.0,0.0,0,0.0,0.0,0.0,9,46,192,600,4,1.0,2.0,2.0,7,1,1.25,0.5277777777777777,0.0029984184388359655,0.5909090909090909,1.389290882778582,1.3545586107091174,0.9737086248782868,119,0.075,1.017286180829157,0.7770833333333333,0.0,0.0,,0.0,0.0,0.0,1.0,0.9368912023685715,1,Iluminacion,Guirnaldas,Patagonia,Grande,Proveedor B,0,0,train
2023-04-01,T09,SKU00404,2,5.0,7.0,1.4166666666666667,0.8220001079162224,1.1764705882352942,8.0,0,0,12,3.0,8.470588235294118,134,6.059609455292908,14,2,29,576.0,0.0,0.0,0.0,0,0.0,0.0,0.0,12,46,192,600,4,2.0,1.0,3.0,12,0,6.9230769230769225,1.5475113122171953,0.0038452503618324778,1.2537313432835822,0.9948612538540597,1.3114080164439876,0.903860026228387,124,0.016,0.8822268583350004,0.6729166666666667,576.0,1.0,0.7,0.0,0.0,0.0,1.0,0.9389021965517581,1,Iluminacion,Guirnaldas,NOA,Mediano,Proveedor B,0,0,train
2023-04-01,T12,SKU00333,4,11.0,26.0,4.333333333333333,0.3152907927987569,0.8461538461538461,6.0,0,0,22,7.0,5.0769230769230775,319,4.833333333333333,14,0,147,0.0,0.0,0.0,0.0,0,0.0,0.0,0.0,6,11,36,1200,4,5.0,2.0,6.0,5,1,3.0,2.0769230769230775,0.012251515910906632,0.9655172413793104,0.9292929292929293,2.227272727272727,0.9254606634238703,114,0.09565217391304348,0.8612362349639541,1.7405764966740576,0.0,0.0,,0.0,0.0,0.0,2.0,0.6755510053339507,1,Cocina y mesa,Vajilla,Cuyo,Chico,Proveedor H,0,0,train
2023-04-01,T23,SKU00750,2,9.0,18.0,2.75,0.6955909227272996,1.0909090909090908,11.0,0,0,16,-10.0,5.818181818181818,269,5.604166666666667,15,0,67,0.0,0.0,0.0,0.0,0,0.0,0.0,0.0,15,56,52,450,4,1.0,6.0,6.0,12,0,10.4,-4.581818181818182,0.006921180528412113,0.8921933085501859,1.0625,1.3958333333333333,0.9303744492132163,122,0.088,0.8266724274501331,0.832258064516129,0.0,0.0,,0.0,1.0,0.0,1.0,0.9016186542925236,1,Bano,Alfombras de bano,AMBA,Mediano,Proveedor F,0,0,train
2023-04-01,T26,SKU00228,5,15.0,38.0,7.5,0.4311131937885755,0.6666666666666666,12.0,0,0,14,-30.0,1.8666666666666667,411,5.343971631205674,12,0,182,465.0,0.0,0.0,0.0,0,0.0,0.0,0.0,12,52,155,1200,4,6.0,4.0,15.0,11,0,5.279999999999999,-3.4133333333333327,0.01932034035023809,0.40875912408759124,0.9058313632781719,2.3664302600472813,0.9823319715854388,127,0.0546875,0.9902358112219753,1.0,930.0,3.0,1.3,0.0,0.0,0.0,2.0,0.9013479711037489,1,Decoracion,Plantas artificiales,NOA,Mediano,Proveedor J,0,0,train
2023-04-01,T26,SKU00537,11,46.0,97.0,15.5,0.21748382660104584,0.989247311827957,12.0,0,0,44,-21.0,2.838709677419355,471,3.8542415751233663,9,0,196,0.0,0.0,0.0,0.0,0,0.0,0.0,0.0,12,25,153,1200,4,16.0,19.0,20.0,11,0,4.178571428571429,-1.3398617511520738,0.03992870339049205,0.840764331210191,0.9574230664319191,1.6038882138517618,0.9823319715854388,127,0.0546875,0.8894295755609624,0.13350785340314136,0.0,0.0,,0.0,1.0,0.0,1.0,0.8996256411339971,1,Bano,Cortinas de bano,NOA,Mediano,Proveedor D,0,0,train
2023-04-01,T26,SKU00590,7,18.0,36.0,6.0,0.14907119849998599,1.0,6.0,0,0,51,34.0,8.5,361,5.7,9,0,183,52.0,0.0,0.0,0.0,0,0.0,0.0,0.0,6,56,52,1200,4,6.0,5.0,7.0,5,1,2.8333333333333335,5.666666666666666,0.015456272280190472,1.2714681440443212,1.0105263157894737,2.8894736842105266,0.9823319715854388,127,0.0546875,0.9810558286787984,1.617283950617284,52.0,1.0,1.7,0.0,0.0,0.0,3.0,0.9054628655941142,1,Organizacion,Percheros,NOA,Mediano,Proveedor F,0,0,train
2023-05-01,T03,SKU00121,-2,1.0,13.0,2.0833333333333335,0.9481081641400895,0.15999999999999998,11.0,1,0,15,5.0,7.199999999999999,271,5.889364504445176,14,0,92,0.0,0.0,0.0,0.0,0,0.0,0.0,0.0,15,31,182,450,5,2.0,1.0,6.0,13,0,3.3333333333333335,3.866666666666666,0.005067732104324201,0.7749077490774907,0.9996707276918011,1.9993414553836022,0.8967858731812107,120,0.04065040650406504,0.7940446650124069,1.2353801169590644,546.0,1.0,9.1,0.0,0.0,0.0,3.0,0.8227340420790829,1,Muebles,Racks,Cuyo,Chico,Proveedor I,0,0,train
2023-05-01,T04,SKU00725,3,10.0,16.0,2.625,0.7602021793033465,1.26984126984127,7.0,0,0,17,-4.0,6.476190476190476,298,5.227524276913439,17,1,87,294.0,0.0,0.0,0.0,0,0.0,0.0,0.0,8,32,147,450,5,6.0,1.0,6.0,7,1,9.545454545454545,-3.0692640692640687,0.005894558965234132,0.9697986577181207,1.0759110368591418,1.526156416414326,0.9760641131003566,133,0.05223880597014925,0.9104010857930418,1.641255605381166,294.0,2.0,0.9,0.0,0.0,0.0,4.0,0.9223938457043077,1,Textil hogar,Cortinas,Centro,Grande,Proveedor A,0,0,train
2023-05-01,T05,SKU00021,1,2.0,2.0,0.5833333333333334,0.8827348295047496,1.1428571428571428,7.0,0,0,3,-1.0,5.142857142857142,56,4.8,17,0,31,155.0,155.0,0.0,0.0,0,0.0,0.0,0.0,15,52,155,450,5,1.0,0.0,1.0,14,0,6.857142857142857,-1.7142857142857144,0.0014353139423041077,0.9107142857142858,0.7428571428571429,2.6571428571428575,0.9276228964262546,132,0.07352941176470588,0.9877911379546,0.15833333333333333,1395.0,5.0,2.9,0.0,1.0,0.0,1.0,0.9012086921566529,1,Iluminacion,Guirnaldas,AMBA,Mediano,Proveedor J,0,0,train
2023-05-01,T06,SKU00307,2,5.0,10.0,1.875,0.341797303712883,0.888888888888889,8.0,0,0,8,2.0,4.266666666666667,138,5.090909090909091,17,0,46,0.0,0.0,0.0,0.0,0,0.0,0.0,0.0,8,37,193,1500,5,1.0,2.0,3.0,7,1,3.0,1.2666666666666666,0.005493267404964625,0.9855072463768116,1.020641194554238,1.696969696969697,0.9248220857780444,123,0.056451612903225805,0.958126054755245,1.3145833333333334,0.0,0.0,,0.0,1.0,0.0,2.0,0.9030462617873068,1,Decoracion,Plantas artificiales,Centro,Mediano,Proveedor E,0,0,train
2023-05-01,T07,SKU00103,2,2.0,3.0,0.42857142857142855,1.8358568490953675,1.5555555555555556,2.0,0,0,4,3.0,9.333333333333334,33,5.862944162436548,9,0,29,0.0,0.0,0.0,0.0,0,0.0,0.0,0.0,7,10,35,800,5,0.0,0.0,2.0,6,1,4.0,5.333333333333334,0.0012179777202348237,1.090909090909091,1.3620981387478852,5.152284263959391,0.9728935367520164,124,0.104,0.9392123146141078,1.086785009861933,0.0,0.0,,0.0,0.0,0.0,2.0,0.9504908689660906,1,Decoracion,Cuadros,Centro,Mediano,Proveedor C,0,0,train
2023-05-01,T07,SKU00725,3,13.0,23.0,4.285714285714286,0.627753195192246,1.011111111111111,7.0,0,0,19,6.0,4.433333333333334,298,5.227524276913439,17,1,87,294.0,0.0,0.0,0.0,0,0.0,0.0,0.0,8,32,147,800,5,2.0,8.0,8.0,6,1,3.0588235294117645,1.374509803921569,0.012179777202348236,1.0838926174496644,1.0759110368591418,1.526156416414326,0.9728935367520164,124,0.104,0.7626619726020474,1.641255605381166,294.0,2.0,0.9,0.0,0.0,0.0,4.0,0.9037686763737555,1,Textil hogar,Cortinas,Centro,Mediano,Proveedor A,0,0,train
2023-05-01,T08,SKU00493,1,5.0,5.0,1.25,0.7659416862050705,1.3333333333333335,3.0,0,0,9,-5.0,7.2,132,5.488565488565488,16,0,80,0.0,0.0,0.0,0.0,0,0.0,0.0,0.0,5,56,52,600,5,2.0,2.0,2.0,3,1,inf,,0.0030669945798726377,1.0909090909090908,1.1226611226611227,3.326403326403326,0.985527591665741,128,0.046511627906976744,1.0182732203682783,0.5735567970204841,0.0,0.0,,0.0,0.0,0.0,2.0,0.8694219057743666,1,Decoracion,Espejos,Patagonia,Grande,Proveedor F,0,0,train
2023-05-01,T10,SKU00698,0,2.0,3.0,0.5833333333333334,1.3593625047407298,1.1428571428571428,5.0,2,0,4,0.0,6.857142857142857,48,5.2105263157894735,13,0,1,147.0,0.0,0.0,0.0,0,0.0,0.0,0.0,13,32,147,450,5,0.0,2.0,2.0,12,0,8.0,-1.1428571428571432,0.001478450149029055,1.0833333333333333,0.6513157894736842,0.10855263157894736,0.9217080643375424,117,0.058333333333333334,0.950329975686002,0.7649667405764967,441.0,3.0,1.5,28.0,1.0,0.0,2.0,0.8918800260659476,1,Cocina y mesa,Vajilla,AMBA,Mediano,Proveedor A,0,0,train
2023-05-01,T19,SKU00427,1,5.0,15.0,3.5833333333333335,0.497201964991932,0.46511627906976744,12.0,0,0,21,12.0,5.8604651162790695,106,4.338066596391146,7,0,43,0.0,0.0,3.0,0.0,0,0.0,0.0,0.0,12,31,182,800,5,2.0,2.0,7.0,11,0,2.131578947368421,3.7288861689106487,0.009074396070301402,1.3867924528301887,1.0231289142431947,1.759781732498295,0.9057513472961306,131,0.06015037593984962,0.8880117967265551,0.2946236559139785,182.0,1.0,6.6,23.0,0.0,0.0,1.0,0.8572117583105208,1,Bano,Alfombras de bano,Cuyo,Mediano,Proveedor I,0,0,train
2023-05-01,T19,SKU00724,2,2.0,6.0,1.0,0.8944271909999159,0.6666666666666666,4.0,0,0,3,2.0,3.0,58,4.079718640093787,19,2,9,193.0,0.0,0.0,0.0,0,0.0,0.0,0.0,6,37,193,800,5,0.0,0.0,2.0,5,1,0.75,2.25,0.0025323896010143445,0.9827586206896551,0.984759671746776,0.6330597889800703,0.9057513472961306,131,0.06015037593984962,0.9494499591526125,1.0,193.0,1.0,0.1,0.0,0.0,0.0,3.0,0.7126079475859908,1,Muebles,Estanterias,Cuyo,Mediano,Proveedor E,0,0,train
2023-05-01,T27,SKU00312,1,2.0,4.0,0.75,1.1818736805705579,0.8888888888888888,4.0,0,0,6,4.0,8.0,40,5.258215962441315,12,2,9,0.0,0.0,0.0,0.0,0,0.0,0.0,0.0,8,46,192,1200,5,1.0,0.0,2.0,7,1,2.5,5.5,0.0023338779048444635,1.7999999999999998,0.9201877934272301,1.1830985915492958,0.9169546968366693,119,0.04132231404958678,0.8725956705314658,0.43415637860082307,0.0,0.0,,19.0,0.0,0.0,3.0,0.9183368582326178,1,Organizacion,Percheros,AMBA,Chico,Proveedor B,0,0,train
2023-06-01,T02,SKU00703,3,6.0,14.0,2.272727272727273,0.5932958789676529,0.8799999999999999,11.0,0,0,13,4.0,5.72,92,6.445175671372465,9,1,41,0.0,0.0,0.0,0.0,0,0.0,0.0,0.0,13,56,52,450,6,2.0,1.0,5.0,10,1,3.789473684210526,1.9305263157894736,0.00524278898065619,1.2717391304347827,0.8873792591020061,2.8723065491985986,0.905045185767409,132,0.03759398496240601,0.7802497634333773,0.796875,52.0,1.0,7.2,0.0,0.0,0.0,3.0,0.9248302009058644,0,Textil hogar,Sabanas,AMBA,Grande,Proveedor F,0,0,train
2023-06-01,T04,SKU00729,8,17.0,24.0,6.0,0.36004114991154784,0.9444444444444445,4.0,0,0,56,31.0,9.333333333333334,281,6.690476190476191,7,0,54,465.0,155.0,0.0,0.0,0,0.0,1.0,35.0,4,52,155,450,6,6.0,3.0,8.0,3,1,3.5714285714285716,5.761904761904763,0.010913567719566978,1.395017793594306,1.0317460317460319,1.2857142857142858,0.8718727989298508,152,0.05161290322580645,0.8352693729980891,1.5104166666666667,465.0,1.0,2.0,0.0,0.0,0.0,2.0,0.9053222002419468,0,Iluminacion,Guirnaldas,Centro,Grande,Proveedor J,0,0,train
2023-06-01,T07,SKU00010,2,4.0,14.0,1.6666666666666667,0.8224133002108103,0.7999999999999999,10.0,0,0,5,0.0,3.0,114,5.493975903614458,14,0,39,0.0,0.0,0.0,0.0,0,0.0,0.0,0.0,13,37,193,800,6,1.0,1.0,5.0,13,0,3.235294117647059,-0.23529411764705888,0.0039892542270552256,0.6140350877192983,1.1566265060240963,1.8795180722891567,0.9263048315222234,133,0.08759124087591241,1.007440767573918,0.691415313225058,0.0,0.0,,0.0,1.0,0.0,2.0,0.8609133938334744,0,Muebles,Sillas,Centro,Mediano,Proveedor E,0,0,train
2023-06-01,T11,SKU00404,2,2.0,5.0,0.8333333333333334,1.0018165319240662,0.7999999999999999,7.0,0,0,9,2.0,10.799999999999999,89,5.110047846889952,12,0,30,576.0,0.0,0.0,0.0,0,0.0,1.0,35.0,14,46,192,800,6,0.0,0.0,2.0,12,0,7.777777777777778,3.0222222222222213,0.0021679695913640103,1.2134831460674156,1.186602870813397,1.7224880382775118,0.8906019081323354,131,0.06716417910447761,0.8896377422072451,0.6729166666666667,576.0,1.0,2.7,0.0,0.0,0.0,2.0,0.9189446937619588,0,Iluminacion,Guirnaldas,AMBA,Grande,Proveedor B,0,0,train
2023-06-01,T15,SKU00252,1,4.0,17.0,2.0833333333333335,0.879338594419899,0.6399999999999999,11.0,0,0,12,4.0,5.76,89,4.583690987124463,12,0,17,0.0,0.0,0.0,0.0,0,0.0,1.0,20.0,14,10,35,600,6,2.0,1.0,7.0,13,0,3.666666666666667,2.093333333333333,0.003949992479624708,1.6179775280898876,0.892703862660944,0.8755364806866952,0.905022276931613,142,0.055944055944055944,0.938437357639964,0.2638580931263858,0.0,0.0,,0.0,1.0,0.0,2.0,0.8800334517949866,0,Cocina y mesa,Vajilla,NOA,Mediano,Proveedor C,0,0,train
2023-06-01,T15,SKU00690,0,0.0,3.0,0.45454545454545453,2.055237212586421,0.0,3.0,3,0,4,0.0,8.8,43,5.136651583710408,12,1,21,0.0,0.0,0.0,0.0,0,0.0,1.0,25.0,14,32,147,600,6,0.0,0.0,3.0,10,1,6.4,2.4000000000000004,0.0008618165410090271,1.1162790697674418,0.9954751131221721,2.5085972850678733,0.905022276931613,142,0.055944055944055944,0.8980620321690305,1.1719077568134173,147.0,1.0,5.4,0.0,0.0,0.0,2.0,0.9245057404258692,0,Decoracion,Velas,NOA,Mediano,Proveedor A,0,0,train
2023-06-01,T15,SKU00777,1,4.0,9.0,1.75,0.3551894631474635,0.7619047619047619,12.0,0,0,7,-5.0,4.0,163,5.202127659574468,20,0,61,0.0,0.0,0.0,0.0,0,0.0,0.0,0.0,14,52,155,600,6,1.0,2.0,3.0,13,0,6.285714285714286,-2.2857142857142856,0.0033179936828847544,0.8588957055214723,0.9574468085106383,1.946808510638298,0.905022276931613,142,0.055944055944055944,0.9938961404826745,1.2868421052631578,310.0,2.0,8.0,0.0,0.0,0.0,2.0,0.8637609457079062,0,Muebles,Mesas auxiliares,NOA,Mediano,Proveedor J,0,0,train
2023-06-01,T16,SKU00380,5,13.0,21.0,3.3,0.5160420110886789,1.3131313131313131,10.0,0,0,12,4.0,3.6363636363636367,48,4.06015037593985,5,0,34,0.0,0.0,0.0,0.0,0,0.0,1.0,40.0,10,56,52,600,6,5.0,3.0,5.0,9,1,2.8,0.8363636363636369,0.007226599916971046,1.25,0.9022556390977444,2.8759398496240602,0.9036899694151673,134,0.0661764705882353,0.9272502196130766,1.0,0.0,0.0,,0.0,0.0,0.0,4.0,0.9202882307536533,0,Organizacion,Contenedores,NOA,Grande,Proveedor F,0,0,train
2023-06-01,T18,SKU00777,2,3.0,8.0,1.25,0.6928203230275509,0.8,10.0,0,0,13,8.0,10.4,163,5.202127659574468,20,0,61,0.0,0.0,0.0,0.0,0,0.0,0.0,0.0,14,52,155,1200,6,0.0,1.0,3.0,12,0,3.846153846153846,6.5538461538461545,0.0033275409472399895,1.5950920245398772,0.9574468085106383,1.946808510638298,0.9201759899434319,139,0.06428571428571428,0.8309436478826276,1.2868421052631578,310.0,2.0,8.0,0.0,0.0,0.0,2.0,0.8978615744956049,0,Muebles,Mesas auxiliares,NOA,Mediano,Proveedor J,0,0,train
2023-06-01,T19,SKU00244,2,7.0,9.0,0.7777777777777778,2.0101781827814698,3.0,4.0,0,0,7,-2.0,9.0,83,5.019438444924407,10,0,23,21.0,0.0,0.0,0.0,0,0.0,0.0,0.0,9,28,21,800,6,2.0,3.0,3.0,8,1,inf,,0.0017897064980955729,0.8433734939759036,1.0482361411087113,1.390928725701944,0.8951089214046573,142,0.06993006993006994,0.8721008964763874,0.19736842105263158,21.0,1.0,1.0,0.0,0.0,0.0,2.0,0.7386196265738998,0,Muebles,Racks,Cuyo,Mediano,Proveedor G,0,0,train
2023-06-01,T20,SKU00312,0,1.0,2.0,0.375,1.3801311186847085,0.8888888888888888,3.0,1,0,5,1.0,13.333333333333334,41,5.868787276341949,12,4,22,0.0,0.0,0.0,0.0,0,0.0,1.0,40.0,9,46,192,450,6,1.0,0.0,1.0,7,1,10.0,3.333333333333334,0.0009359154094533128,1.4634146341463414,0.7157057654075547,3.149105367793241,0.9500581311961629,141,0.09154929577464789,1.0197037109470493,0.43415637860082307,0.0,0.0,,0.0,0.0,0.0,4.0,0.8605689712739041,0,Organizacion,Percheros,AMBA,Mediano,Proveedor B,0,0,train
2023-06-01,T26,SKU00626,1,7.0,9.0,1.2222222222222223,1.5184811898627333,1.909090909090909,6.0,0,0,14,8.0,11.454545454545453,94,5.897525270128964,10,0,28,182.0,0.0,0.0,0.0,0,0.0,1.0,25.0,10,31,182,1200,6,6.0,0.0,6.0,8,1,9.0,2.4545454545454533,0.002798005322816974,1.4893617021276595,1.0665737190658766,1.756709654932032,0.9859153301125991,143,0.08391608391608392,0.9675456622315083,0.20335429769392033,182.0,1.0,2.1,0.0,0.0,0.0,2.0,0.8958042714088899,0,Decoracion,Velas,NOA,Mediano,Proveedor I,0,0,train
2023-06-01,T28,SKU00307,0,4.0,7.0,1.6666666666666667,0.7937253933193771,0.7999999999999999,8.0,1,0,2,-5.0,1.2,127,5.148648648648648,15,1,59,0.0,0.0,0.0,0.0,0,0.0,1.0,25.0,9,37,193,1500,6,3.0,1.0,4.0,8,1,3.8181818181818183,-2.618181818181818,0.0039855997348454695,0.23622047244094488,0.9729729729729729,2.3918918918918917,0.9047311398099214,126,0.05555555555555555,0.9082826649134691,1.3145833333333334,0.0,0.0,,0.0,1.0,0.0,2.0,0.8978129295717936,0,Decoracion,Plantas artificiales,AMBA,Grande,Proveedor E,0,0,train
2023-07-01,T05,SKU00146,2,4.0,13.0,2.0833333333333335,0.5589600733830312,0.6399999999999999,12.0,0,0,12,8.0,5.76,163,6.170347003154574,17,1,49,0.0,0.0,0.0,0.0,0,0.0,1.0,5.0,15,52,155,450,7,1.0,1.0,4.0,14,0,1.8461538461538463,3.9138461538461535,0.004585811127155053,1.2515337423312884,1.0347003154574133,1.8548895899053628,0.9435764975234238,147,0.047619047619047616,0.7552059231837113,1.328125,0.0,0.0,,36.0,0.0,0.0,4.0,0.9117825061621015,0,Textil hogar,Sabanas,AMBA,Mediano,Proveedor J,0,0,train
2023-07-01,T07,SKU00321,0,-1.0,6.0,1.4,1.355261854357877,-0.2380952380952381,7.0,1,0,11,4.0,7.857142857142858,84,5.062782521346057,9,0,23,35.0,0.0,0.0,46.0,0,0.0,0.0,0.0,10,10,35,800,7,2.0,-3.0,3.0,9,1,3.2666666666666666,4.590476190476191,0.0031803540528657645,1.1785714285714286,0.924158714213963,1.3862380713209443,0.9730368947458351,139,0.07142857142857142,1.004497547943696,1.1530398322851152,105.0,3.0,1.0,0.0,0.0,0.0,2.0,0.9084151505968564,0,Decoracion,Velas,Centro,Mediano,Proveedor C,0,0,train
2023-07-01,T07,SKU00513,1,8.0,10.0,2.5,0.6928203230275509,1.0666666666666667,4.0,0,0,6,-7.0,2.4,99,5.033898305084746,12,1,40,0.0,0.0,0.0,0.0,0,0.0,0.0,0.0,4,46,192,800,7,5.0,2.0,5.0,3,1,6.5,-4.1,0.005679203665831722,0.7272727272727273,1.0169491525423728,2.0338983050847457,0.9730368947458351,139,0.07142857142857142,1.0305589350891005,1.0434782608695652,0.0,0.0,,0.0,1.0,0.0,1.0,0.9051291726574303,0,Bano,Accesorios de bano,Centro,Mediano,Proveedor B,0,0,train
2023-07-01,T08,SKU00546,7,22.0,22.0,7.333333333333333,0.20829889522526546,1.0,3.0,0,0,57,,7.772727272727273,583,5.348623853211009,17,1,218,441.0,147.0,0.0,0.0,0,0.0,0.0,0.0,3,32,147,600,7,9.0,6.0,9.0,2,1,,,0.015655202332015204,1.662092624356775,0.926605504587156,2.0,0.9542557421469268,143,0.06206896551724138,1.0060649304316802,1.3520833333333333,441.0,1.0,2.6,0.0,0.0,0.0,2.0,0.9234458183673336,0,Iluminacion,Guirnaldas,Patagonia,Grande,Proveedor A,0,0,train
2023-07-01,T09,SKU00587,2,4.0,10.0,2.0833333333333335,0.6928203230275509,0.6399999999999999,11.0,0,0,31,18.0,14.879999999999999,381,6.01910141944132,19,1,105,0.0,0.0,0.0,0.0,0,0.0,0.0,0.0,12,31,182,600,7,1.0,1.0,5.0,11,0,5.571428571428571,9.308571428571428,0.005141948038812047,1.5459317585301837,0.9057615434329895,1.658807477798789,0.9494092858862564,145,0.06206896551724138,0.9996445916671084,0.4864864864864865,0.0,0.0,,0.0,1.0,0.0,2.0,0.8809913755227702,0,Cocina y mesa,Manteleria,NOA,Mediano,Proveedor I,0,0,train
2023-07-01,T13,SKU00374,5,7.0,11.0,2.75,0.8063111936757619,0.8484848484848485,3.0,0,0,11,3.0,4.0,100,5.277044854881266,12,1,37,0.0,0.0,0.0,0.0,0,0.0,0.0,0.0,5,11,36,1200,7,2.0,0.0,5.0,3,1,2.0,2.0,0.005964068190822643,1.3199999999999998,0.809146877748461,1.9525065963060686,0.9571425799574762,145,0.03424657534246575,0.9319483545286865,1.2485207100591715,36.0,1.0,3.4,0.0,0.0,0.0,2.0,0.8816379605304853,0,Decoracion,Cuadros,Centro,Chico,Proveedor H,0,0,train
2023-07-01,T15,SKU00737,8,18.0,40.0,6.75,0.35804404142918356,0.8888888888888888,12.0,0,0,30,3.0,4.444444444444445,673,5.667368421052632,26,0,244,0.0,0.0,0.0,0.0,0,0.0,0.0,0.0,15,52,155,600,7,5.0,5.0,11.0,14,0,3.903614457831325,0.5408299866131197,0.012691766170063696,1.1589895988112928,1.0301754385964912,2.054736842105263,0.9639474750398994,145,0.047619047619047616,0.9376648070748203,1.0,155.0,1.0,4.9,0.0,0.0,0.0,2.0,0.9167440021160024,0,Cocina y mesa,Cubiertos,NOA,Mediano,Proveedor J,0,0,train
2023-07-01,T19,SKU00312,3,4.0,4.0,0.5714285714285714,1.984313483298443,2.3333333333333335,2.0,0,0,4,2.0,7.0,39,5.5588235294117645,12,1,32,0.0,0.0,0.0,0.0,0,0.0,0.0,0.0,10,46,192,800,7,0.0,1.0,3.0,6,1,inf,,0.0013116484066825504,1.2307692307692308,1.2828054298642535,4.5610859728506785,0.94110773179473,148,0.09210526315789473,1.020719972123194,0.43415637860082307,0.0,0.0,,0.0,0.0,0.0,4.0,0.8636264969661617,0,Organizacion,Percheros,Cuyo,Mediano,Proveedor B,0,0,train
2023-07-01,T20,SKU00065,4,8.0,17.0,2.8333333333333335,0.720438159642111,0.9411764705882352,5.0,0,0,22,8.0,7.764705882352941,363,5.314787701317716,20,1,144,0.0,0.0,0.0,0.0,0,0.0,0.0,0.0,6,31,182,450,7,2.0,2.0,6.0,5,1,4.666666666666667,3.098039215686274,0.007038647317884635,1.2121212121212122,0.9565641776476329,2.108345534407028,0.9613964160075366,144,0.08783783783783784,0.923379434703442,1.2792397660818713,182.0,1.0,3.3,0.0,0.0,0.0,2.0,0.8949518057310825,0,Muebles,Racks,AMBA,Mediano,Proveedor I,0,0,train
2023-07-01,T23,SKU00587,0,9.0,23.0,3.8181818181818183,0.5344164172529493,0.7857142857142857,10.0,1,0,13,-4.0,3.4047619047619047,381,6.01910141944132,19,1,105,0.0,0.0,0.0,0.0,0,0.0,0.0,0.0,12,31,182,450,7,6.0,3.0,8.0,10,1,4.121212121212121,-0.7164502164502164,0.008320657904294825,0.6482939632545931,0.9057615434329895,1.658807477798789,0.9697528676553135,154,0.05194805194805195,0.9568722841298544,0.4864864864864865,0.0,0.0,,46.0,1.0,0.0,2.0,0.9003136435015359,0,Cocina y mesa,Manteleria,AMBA,Mediano,Proveedor I,0,0,train
2023-07-01,T25,SKU00493,2,5.0,9.0,2.0,0.9128709291752769,0.8333333333333334,5.0,0,0,11,-6.0,5.5,136,5.816700610997963,15,1,36,0.0,0.0,0.0,0.0,0,0.0,0.0,0.0,7,56,52,1500,7,3.0,0.0,5.0,6,1,7.555555555555555,-2.0555555555555554,0.004085760887476789,1.2132352941176472,1.1120162932790225,1.539714867617108,0.947896525894615,160,0.043478260869565216,0.943684286331557,0.5735567970204841,0.0,0.0,,0.0,0.0,0.0,2.0,0.9140086657725446,0,Decoracion,Espejos,Centro,Grande,Proveedor F,0,0,train
2023-08-01,T02,SKU00453,2,4.0,11.0,3.2222222222222223,1.2868815832370408,0.4137931034482758,8.0,0,0,15,-3.0,4.655172413793103,270,4.836336496428191,20,2,98,0.0,0.0,0.0,0.0,0,0.0,0.0,0.0,9,10,35,450,8,-5.0,7.0,9.0,8,1,4.319999999999999,0.3351724137931038,0.006830982958716528,1.1111111111111112,0.9135302271031027,1.7554110246294916,0.9179427789695969,146,0.03424657534246575,0.8507469099554575,1.8172043010752688,35.0,1.0,7.6,0.0,0.0,0.0,1.0,0.8931251346064688,1,Bano,Alfombras de bano,AMBA,Grande,Proveedor C,0,0,train
2023-08-01,T06,SKU00561,1,5.0,5.0,1.25,1.0066445913694333,1.3333333333333335,3.0,0,0,9,2.0,7.2,86,4.62780269058296,10,0,40,0.0,0.0,0.0,0.0,0,0.0,0.0,0.0,4,28,21,1500,8,1.0,3.0,3.0,3,1,inf,,0.0028723919365119316,1.0465116279069768,1.0044843049327357,2.1524663677130045,1.005720163370711,142,0.03496503496503497,1.025548348764668,1.4543761638733705,0.0,0.0,,0.0,0.0,0.0,2.0,0.8992698100484243,1,Decoracion,Espejos,Centro,Mediano,Proveedor G,0,0,train
2023-08-01,T07,SKU00662,1,12.0,16.0,4.0,0.6123724356957945,1.0,4.0,0,0,27,8.0,6.75,317,6.732743362831858,15,0,68,579.0,0.0,0.0,0.0,0,0.0,0.0,0.0,4,37,193,800,8,4.0,7.0,7.0,3,1,4.75,2.0,0.008838815729425102,1.277602523659306,0.991150442477876,1.4442477876106194,1.0311951684329286,146,0.0738255033557047,1.0459554126737196,0.49166666666666664,579.0,1.0,1.2,0.0,0.0,0.0,2.0,0.8854931992363573,1,Decoracion,Plantas artificiales,Centro,Mediano,Proveedor E,0,0,train
2023-08-01,T09,SKU00114,0,5.0,7.0,0.75,1.5175738212786563,2.2222222222222223,6.0,1,0,5,2.0,6.666666666666667,50,4.143126177024482,16,0,15,192.0,0.0,0.0,0.0,0,0.0,0.0,0.0,14,46,192,600,8,1.0,4.0,4.0,13,0,5.5,1.166666666666667,0.001607830187147103,1.6,0.911487758945386,1.2429378531073447,0.9061016343566785,153,0.05194805194805195,1.0233525574359459,0.6897233201581028,192.0,1.0,0.8,0.0,1.0,0.0,1.0,0.9730467630322327,1,Bano,Accesorios de bano,NOA,Mediano,Proveedor B,0,0,train
2023-08-01,T09,SKU00721,2,10.0,20.0,4.0,0.7071067811865476,0.8333333333333334,5.0,0,0,13,3.0,3.25,253,5.281837160751566,16,0,104,0.0,0.0,0.0,0.0,0,0.0,0.0,0.0,5,31,182,600,8,7.0,1.0,7.0,4,1,2.0,1.25,0.008575094331451216,0.8221343873517787,0.9603340292275574,2.1711899791231732,0.9061016343566785,153,0.05194805194805195,0.9308256834246819,0.5893271461716937,728.0,2.0,4.1,0.0,0.0,0.0,2.0,0.87187803178971,1,Muebles,Sillas,NOA,Mediano,Proveedor I,0,0,train
2023-08-01,T15,SKU00220,3,9.0,10.0,1.875,0.8757762996245829,1.6,6.0,0,0,10,0.0,5.333333333333333,134,4.847545219638243,15,0,34,0.0,35.0,0.0,0.0,0,0.0,0.0,0.0,8,10,35,600,8,2.0,4.0,4.0,7,1,8.333333333333334,-3.000000000000001,0.003511829070039284,1.1194029850746268,0.8923341946597761,1.2299741602067185,0.9508472308746364,153,0.05806451612903226,1.0481314050770143,1.572314049586777,70.0,1.0,7.7,0.0,0.0,0.0,4.0,0.9397123282201062,1,Textil hogar,Acolchados,NOA,Mediano,Proveedor C,0,0,train
2023-08-01,T17,SKU00039,0,4.0,5.0,0.75,1.8090680674665816,1.7777777777777777,4.0,1,0,1,-3.0,1.3333333333333333,54,4.563380281690141,19,0,21,0.0,0.0,0.0,0.0,0,0.0,0.0,0.0,19,10,35,600,8,1.0,3.0,4.0,17,0,8.0,-6.666666666666667,0.0015954200470859948,0.35185185185185186,0.9295774647887324,1.7746478873239435,0.9962511849581434,156,0.06962025316455696,1.093670196465661,1.2102272727272727,0.0,0.0,,17.0,0.0,0.0,4.0,0.893751666681043,1,Organizacion,Cajas,Centro,Chico,Proveedor C,0,0,train
2023-08-01,T17,SKU00493,2,5.0,10.0,1.5714285714285714,0.6210273191490666,1.0606060606060608,6.0,0,0,5,-3.0,3.181818181818182,128,5.3017751479289945,16,0,45,0.0,0.0,0.0,0.0,0,0.0,0.0,0.0,8,56,52,600,8,1.0,2.0,3.0,6,1,5.333333333333333,-2.151515151515151,0.0033427848605611316,0.625,1.0078895463510849,1.863905325443787,0.9962511849581434,156,0.06962025316455696,0.9183651459407152,0.5735567970204841,0.0,0.0,,0.0,0.0,0.0,2.0,0.9028648522103243,1,Decoracion,Espejos,Centro,Chico,Proveedor F,0,0,train
2023-08-01,T18,SKU00619,2,4.0,12.0,1.8571428571428572,0.6542231190857986,0.7179487179487178,7.0,0,0,9,-8.0,4.846153846153846,276,5.264305177111717,16,0,120,0.0,0.0,0.0,0.0,0,0.0,0.0,0.0,7,31,182,1200,8,1.0,1.0,4.0,6,1,7.555555555555555,-2.7094017094017095,0.004422204379545741,0.5217391304347826,0.9028156221616712,2.2888283378746594,0.9437437705374154,147,0.04,1.0025626808565808,1.0,364.0,2.0,4.4,0.0,0.0,0.0,2.0,0.9102883959289111,1,Iluminacion,Apliques,NOA,Mediano,Proveedor I,0,1,train
2023-08-01,T19,SKU00698,1,2.0,3.0,0.6666666666666666,1.331438046897892,1.0,6.0,0,0,3,-1.0,4.5,43,4.690909090909091,13,0,24,0.0,0.0,0.0,0.0,0,0.0,0.0,0.0,16,32,147,800,8,0.0,1.0,3.0,15,0,5.333333333333333,-0.833333333333333,0.0014233583894730632,0.9069767441860466,1.1272727272727274,2.618181818181818,0.967883704841683,152,0.06535947712418301,0.920170436744157,0.7649667405764967,441.0,3.0,4.6,0.0,1.0,0.0,2.0,0.9090945190782063,1,Cocina y mesa,Vajilla,Cuyo,Mediano,Proveedor A,0,0,train
2023-08-01,T21,SKU00033,2,1.0,6.0,1.5833333333333333,1.2180957433592512,0.21052631578947367,10.0,0,0,8,8.0,5.052631578947369,72,5.468354430379747,8,0,30,294.0,0.0,0.0,0.0,0,0.0,0.0,0.0,17,32,147,600,8,-3.0,2.0,5.0,14,0,0.0,5.052631578947369,0.003579320482031468,0.8888888888888888,0.7848101265822786,2.278481012658228,0.956243724567986,149,0.06,0.9190612838554973,1.5082644628099173,294.0,2.0,0.8,0.0,0.0,0.0,4.0,0.9372162825183835,1,Textil hogar,Acolchados,Cuyo,Grande,Proveedor A,0,0,train
2023-09-01,T02,SKU00220,1,2.0,10.0,1.4285714285714286,0.9780933834080806,0.4666666666666666,5.0,0,0,11,-1.0,7.7,188,5.876093023255813,19,0,76,35.0,0.0,0.0,0.0,0,0.0,0.0,0.0,9,10,35,450,9,1.0,0.0,4.0,6,1,6.0,1.7000000000000002,0.002773033703773756,1.1117021276595744,0.8543255813953488,2.375441860465116,0.9666795491355313,153,0.04487179487179487,0.945318918515199,1.572314049586777,105.0,2.0,0.9,0.0,0.0,0.0,4.0,0.9066377120345847,2,Textil hogar,Acolchados,AMBA,Grande,Proveedor C,0,0,train
2023-09-01,T02,SKU00749,1,2.0,2.0,0.6666666666666666,0.8660254037844388,1.0,2.0,0,0,3,,4.5,42,5.142857142857143,12,1,23,0.0,0.0,0.0,0.0,0,0.0,0.0,0.0,3,56,52,450,9,1.0,0.0,1.0,2,1,,,0.0012940823950944194,0.8571428571428571,0.979591836734694,2.816326530612245,0.9666795491355313,153,0.04487179487179487,0.9657493441474962,2.329842931937173,0.0,0.0,,0.0,0.0,0.0,1.0,0.876845318459723,2,Bano,Cortinas de bano,AMBA,Grande,Proveedor F,0,0,train
2023-09-01,T03,SKU00063,1,11.0,17.0,3.111111111111111,0.5193942704374639,1.1785714285714286,9.0,0,0,9,1.0,2.892857142857143,200,4.549763033175355,13,0,47,21.0,0.0,3.0,0.0,0,0.0,0.0,0.0,9,28,21,450,9,5.0,5.0,5.0,8,1,2.8235294117647056,0.06932773109243717,0.005976878683223766,0.585,1.099526066350711,1.0691943127962085,0.9548063696449967,153,0.04516129032258064,1.0853658536585364,1.2052631578947368,21.0,1.0,1.7,3.0,1.0,0.0,2.0,0.8627757889650813,2,Muebles,Mesas auxiliares,Cuyo,Chico,Proveedor G,0,0,train
2023-09-01,T05,SKU00789,0,3.0,5.0,0.625,1.4658006101006469,1.6,5.0,1,0,2,-2.0,3.2,52,3.78345604157644,17,0,34,0.0,0.0,0.0,52.0,0,0.0,0.0,0.0,9,11,36,450,9,2.0,1.0,2.0,7,1,10.0,-6.8,0.0012577268530890098,0.6538461538461539,0.8731052403637939,2.4737981810307494,0.978008400962014,154,0.07006369426751592,0.9197027845416027,0.49327354260089684,0.0,0.0,,0.0,1.0,0.0,4.0,0.9324144637188153,2,Textil hogar,Cortinas,AMBA,Mediano,Proveedor H,0,0,train
2023-09-01,T08,SKU00383,15,40.0,79.0,13.8,0.2619409026420475,0.966183574879227,10.0,0,0,53,-8.0,3.8405797101449273,982,4.264929424538545,17,0,393,0.0,0.0,0.0,0.0,0,0.0,0.0,0.0,12,46,192,600,9,10.0,15.0,19.0,9,1,4.357142857142857,-0.5165631469979295,0.027356298017852648,0.9175152749490835,0.932319942091929,1.706840390879479,0.9250922035022635,165,0.06060606060606061,0.9181544168792024,1.4540942928039702,960.0,3.0,7.5,0.0,0.0,0.0,2.0,0.9157482729192132,2,Iluminacion,Lamparas de mesa,Patagonia,Grande,Proveedor B,0,0,train
2023-09-01,T08,SKU00457,3,11.0,17.0,4.25,0.48507125007266594,0.8627450980392156,4.0,0,0,19,6.0,4.470588235294118,323,5.451476793248945,17,0,86,0.0,0.0,0.0,0.0,0,0.0,0.0,0.0,4,28,21,600,9,6.0,2.0,6.0,3,1,2.1666666666666665,2.3039215686274512,0.008424946853324185,1.0,1.0239099859353022,1.4514767932489452,0.9250922035022635,165,0.06060606060606061,0.8733038120683295,1.5395833333333333,0.0,0.0,,0.0,0.0,0.0,2.0,0.913979560121444,2,Decoracion,Plantas artificiales,Patagonia,Grande,Proveedor G,0,0,train
2023-09-01,T09,SKU00632,0,0.0,2.0,0.4166666666666667,1.6045390162116515,0.0,4.0,3,0,5,2.0,12.0,42,4.54054054054054,11,1,17,0.0,182.0,0.0,0.0,0,0.0,1.0,5.0,16,31,182,600,9,0.0,0.0,2.0,15,0,7.199999999999999,4.800000000000001,0.0008532969102377456,1.3095238095238095,0.7567567567567568,1.837837837837838,0.9283870383386671,164,0.042682926829268296,0.9757015520470307,1.0615615615615615,364.0,2.0,6.7,0.0,0.0,0.0,3.0,0.8808000705842909,2,Cocina y mesa,Manteleria,NOA,Mediano,Proveedor I,0,0,train
2023-09-01,T10,SKU00324,3,6.0,10.0,2.0,0.5,1.0,5.0,0,0,6,-1.0,3.0,132,5.136186770428016,16,1,52,0.0,0.0,0.0,0.0,0,0.0,0.0,0.0,5,46,192,450,9,1.0,2.0,3.0,4,1,3.5,-0.5,0.004195948684395256,0.7272727272727273,0.933852140077821,2.0233463035019454,0.9629702230687113,145,0.05517241379310345,1.0024797756006343,1.6436058700209644,0.0,0.0,,0.0,0.0,0.0,2.0,0.9463208246148953,2,Decoracion,Velas,AMBA,Mediano,Proveedor B,0,0,train
2023-09-01,T16,SKU00298,4,13.0,13.0,4.333333333333333,0.13323467750529824,1.0,3.0,0,0,7,,1.6153846153846154,263,4.359116022099448,16,0,77,0.0,0.0,0.0,0.0,0,0.0,0.0,0.0,3,56,52,600,9,5.0,4.0,5.0,2,1,,,0.008605392053265742,0.42585551330798477,1.0000000000000002,1.2762430939226521,0.9386496870408326,148,0.04054054054054054,0.817886796414489,1.1516709511568124,0.0,0.0,,0.0,0.0,0.0,4.0,0.9098963583302094,2,Textil hogar,Toallas,NOA,Grande,Proveedor F,0,0,train
2023-09-01,T16,SKU00659,1,4.0,12.0,2.8,0.6900655593423541,0.4761904761904762,10.0,0,0,28,14.0,10.0,154,6.316181953765846,8,0,59,0.0,0.0,0.0,0.0,0,0.0,0.0,0.0,11,52,155,600,9,2.0,1.0,7.0,9,1,4.083333333333334,5.916666666666666,0.005560407172879403,1.4545454545454546,1.0937111608252548,2.419835943325876,0.9386496870408326,148,0.04054054054054054,0.9122722336189212,0.7139917695473251,155.0,1.0,6.0,0.0,0.0,0.0,4.0,0.9114231254955129,2,Organizacion,Percheros,NOA,Grande,Proveedor J,0,0,train
2023-09-01,T17,SKU00404,3,11.0,21.0,2.4166666666666665,0.647287982048702,1.5172413793103448,10.0,0,0,4,-7.0,1.6551724137931036,102,5.773584905660377,12,1,23,0.0,0.0,0.0,0.0,0,0.0,0.0,0.0,17,46,192,600,9,3.0,5.0,5.0,16,0,6.285714285714286,-4.6305418719211815,0.0047218050476018425,0.47058823529411764,1.0,1.3018867924528301,0.9697610642591922,160,0.03125,0.8889354024803373,0.6729166666666667,576.0,1.0,5.7,0.0,0.0,0.0,2.0,0.9057828974321935,2,Iluminacion,Guirnaldas,Centro,Chico,Proveedor B,0,0,train
2023-09-01,T18,SKU00157,2,8.0,12.0,1.6666666666666667,0.6438520439863917,1.5999999999999999,10.0,0,0,10,1.0,6.0,151,4.634271099744245,19,0,65,364.0,0.0,0.0,0.0,0,0.0,1.0,5.0,19,31,182,1200,9,4.0,2.0,4.0,17,0,7.2,-1.2000000000000002,0.0037492875744957878,1.2582781456953642,0.9514066496163682,1.9948849104859334,0.9635669066454174,160,0.04938271604938271,1.0253428063344372,0.1197339246119734,546.0,2.0,2.9,0.0,0.0,0.0,3.0,0.8028388601661598,2,Cocina y mesa,Vajilla,NOA,Mediano,Proveedor I,0,0,train
2023-09-01,T18,SKU00225,1,3.0,4.0,1.0,0.0,1.0,4.0,0,0,12,5.0,12.0,35,2.6582278481012658,7,0,20,0.0,0.0,0.0,0.0,0,0.0,0.0,0.0,4,28,21,1200,9,1.0,1.0,1.0,3,1,7.0,5.0,0.0022495725446974725,2.4,0.9367088607594938,1.518987341772152,0.9635669066454174,160,0.04938271604938271,0.9664467819575682,0.05591397849462366,0.0,0.0,,0.0,0.0,0.0,1.0,0.9729043178386545,2,Bano,Alfombras de bano,NOA,Mediano,Proveedor G,0,0,train
2023-09-01,T19,SKU00157,0,8.0,17.0,2.0833333333333335,0.8303339963259034,1.2799999999999998,8.0,1,0,10,-1.0,4.8,151,4.634271099744245,19,0,65,364.0,0.0,0.0,0.0,0,0.0,1.0,5.0,19,31,182,800,9,4.0,4.0,4.0,18,0,5.739130434782608,-0.9391304347826086,0.004227793978830722,1.2582781456953642,0.9514066496163682,1.9948849104859334,0.9639370271734046,160,0.08588957055214724,0.9487274112521131,0.1197339246119734,546.0,2.0,2.9,0.0,0.0,0.0,3.0,0.8954896872699263,2,Cocina y mesa,Vajilla,Cuyo,Mediano,Proveedor I,0,0,train
2023-09-01,T19,SKU00566,5,10.0,23.0,3.090909090909091,0.4678227564878491,1.0784313725490198,11.0,0,0,10,-1.0,3.235294117647059,324,5.031332104623348,18,0,147,0.0,0.0,52.0,0.0,0,0.0,1.0,5.0,12,32,147,800,9,3.0,2.0,6.0,10,1,3.6666666666666665,-0.43137254901960764,0.006272508884956125,0.5555555555555556,1.00419591388573,2.2827340104309632,0.9639370271734046,160,0.08588957055214724,0.9487274112521131,1.0335731414868106,882.0,2.0,8.5,52.0,0.0,0.0,3.0,0.8954896872699263,2,Cocina y mesa,Cubiertos,Cuyo,Mediano,Proveedor A,0,0,train
2023-09-01,T21,SKU00421,7,19.0,34.0,4.0,0.5222329678670935,1.5833333333333333,12.0,0,0,23,20.0,5.75,382,5.536231884057971,20,1,96,35.0,0.0,0.0,0.0,0,0.0,0.0,0.0,20,10,35,600,9,5.0,7.0,7.0,17,0,0.9473684210526316,4.802631578947368,0.008312449752710617,1.2041884816753925,0.9855072463768116,1.391304347826087,0.9760201417974383,158,0.0440251572327044,1.1686723127642966,1.1645833333333333,35.0,1.0,2.0,0.0,1.0,0.0,2.0,0.91955608972453,2,Iluminacion,Guirnaldas,Cuyo,Grande,Proveedor C,0,0,train
2023-09-01,T25,SKU00565,3,7.0,11.0,2.75,0.34815531191139565,0.8484848484848485,4.0,0,0,21,-2.0,7.636363636363637,160,6.4646464646464645,8,0,49,0.0,0.0,42.0,0.0,0,0.0,0.0,0.0,4,46,192,1500,9,2.0,2.0,4.0,3,1,5.75,1.8863636363636367,0.005114235366463846,1.05,0.8754208754208754,1.97979797979798,0.9292410684035521,164,0.06547619047619048,0.9410289086589293,0.36910994764397903,0.0,0.0,,42.0,0.0,0.0,1.0,0.8888182324585037,2,Bano,Cortinas de bano,Centro,Grande,Proveedor B,0,0,train
2023-09-01,T25,SKU00778,3,9.0,17.0,3.1,0.46746376600611095,0.9677419354838709,10.0,0,0,13,-3.0,4.193548387096774,345,5.474742131711188,19,0,114,192.0,0.0,0.0,0.0,0,0.0,0.0,0.0,10,46,192,1500,9,3.0,3.0,5.0,9,1,5.090909090909091,-0.8973607038123168,0.005765138049468335,0.7159420289855072,0.8833641893678921,1.8090452261306533,0.9292410684035521,164,0.06547619047619048,0.9336317708000256,0.21929824561403508,192.0,1.0,2.2,0.0,0.0,0.0,2.0,0.8332370148413257,2,Muebles,Racks,Centro,Grande,Proveedor B,0,0,train
2023-10-01,T03,SKU00248,0,3.0,4.0,0.5,1.5118578920369088,2.0,3.0,1,0,3,-1.0,6.0,40,4.59016393442623,14,1,21,0.0,0.0,0.0,0.0,0,0.0,0.0,0.0,8,11,36,450,10,2.0,1.0,2.0,7,1,20.0,-14.0,0.0009221952025090097,1.05,1.1857923497267762,2.4098360655737707,0.9449426841708987,155,0.03205128205128205,1.0068130204390613,0.43458980044345896,36.0,1.0,5.7,0.0,0.0,0.0,3.0,0.8845355774966931,2,Cocina y mesa,Vajilla,Cuyo,Chico,Proveedor H,0,0,train
2023-10-01,T04,SKU00146,2,4.0,6.0,1.3333333333333333,0.8048150549829898,1.0,9.0,0,0,8,-1.0,6.0,154,5.191011235955056,18,0,92,0.0,0.0,0.0,0.0,0,0.0,0.0,0.0,18,52,155,450,10,1.0,1.0,3.0,15,0,6.0,0.0,0.002371981050849215,0.935064935064935,1.0,3.101123595505618,0.9523503919159599,173,0.06936416184971098,0.9441914183358165,1.328125,0.0,0.0,,0.0,0.0,0.0,4.0,0.9223902749930104,2,Textil hogar,Sabanas,Centro,Grande,Proveedor J,0,0,train
2023-10-01,T04,SKU00312,0,2.0,2.0,0.4166666666666667,1.9031075066370218,1.5999999999999999,3.0,2,0,2,-2.0,4.8,35,4.62,12,0,4,0.0,0.0,0.0,0.0,0,0.0,0.0,0.0,13,46,192,450,10,0.0,2.0,2.0,11,0,12.0,-7.2,0.0007412440783903798,0.6857142857142857,1.056,0.528,0.9523503919159599,173,0.06936416184971098,0.6686790881648798,0.43415637860082307,0.0,0.0,,0.0,0.0,0.0,4.0,0.9007113691642695,2,Organizacion,Percheros,Centro,Grande,Proveedor B,0,0,train
2023-10-01,T05,SKU00301,1,4.0,10.0,1.6,0.733617369235792,0.8333333333333333,8.0,0,0,15,4.0,9.375,118,6.407239819004524,11,0,52,0.0,0.0,0.0,0.0,0,0.0,0.0,0.0,10,11,36,450,10,0.0,3.0,3.0,9,1,6.416666666666667,2.958333333333333,0.003040461959366316,1.3983050847457628,1.104072398190045,2.8235294117647056,0.9507777918768416,164,0.047619047619047616,0.899428707450607,0.36054421768707484,36.0,1.0,7.5,0.0,0.0,0.0,2.0,0.8331114781348619,2,Muebles,Estanterias,AMBA,Mediano,Proveedor H,0,0,train
2023-10-01,T08,SKU00175,2,6.0,6.0,2.0,0.5,1.0,3.0,0,0,13,,6.5,64,5.1891891891891895,7,0,14,0.0,0.0,0.0,0.0,0,0.0,0.0,0.0,3,37,193,600,10,3.0,1.0,3.0,2,1,,,0.0036873845489142805,1.421875,0.9459459459459459,1.1351351351351353,0.9691675722729699,163,0.04819277108433735,0.9730264497919515,0.9576023391812866,0.0,0.0,,0.0,0.0,0.0,2.0,0.8109200089310716,2,Muebles,Racks,Patagonia,Grande,Proveedor E,0,0,train
2023-10-01,T08,SKU00390,0,0.0,3.0,0.75,2.0,0.0,1.0,3,0,1,-1.0,1.3333333333333333,32,5.981308411214954,9,2,4,612.0,0.0,0.0,0.0,0,0.0,0.0,0.0,4,25,153,600,10,0.0,0.0,3.0,3,1,0.6666666666666666,0.6666666666666666,0.0013827692058428552,0.28125,0.6853582554517134,0.7476635514018692,0.9691675722729699,163,0.04819277108433735,0.9730264497919515,1.1842105263157894,612.0,2.0,1.1,0.0,0.0,0.0,2.0,0.8109200089310716,2,Muebles,Mesas auxiliares,Patagonia,Grande,Proveedor D,0,0,train
2023-10-01,T10,SKU00220,1,5.0,12.0,1.7,0.7867608881466227,0.9803921568627452,9.0,0,0,15,8.0,8.823529411764707,155,5.120675415251904,18,0,47,35.0,0.0,0.0,0.0,0,0.0,0.0,0.0,10,10,35,450,10,4.0,0.0,4.0,9,1,4.083333333333334,4.740196078431373,0.0033886338960178947,1.7419354838709677,0.9030008259153894,1.5527209323667064,0.9601129372050703,157,0.03184713375796178,0.9283722662210274,1.572314049586777,105.0,2.0,1.9,0.0,0.0,0.0,4.0,0.9141825802165818,2,Textil hogar,Acolchados,AMBA,Mediano,Proveedor C,0,0,train
2023-10-01,T10,SKU00256,3,11.0,21.0,3.1666666666666665,0.5843592206994078,1.1578947368421053,11.0,0,0,17,-10.0,5.368421052631579,224,5.960088691796009,11,0,73,0.0,0.0,0.0,0.0,0,0.0,0.0,0.0,20,31,182,450,10,4.0,4.0,6.0,17,0,7.534883720930233,-2.166462668298654,0.006312161178856863,0.8348214285714286,0.9046563192904655,1.9423503325942348,0.9601129372050703,157,0.03184713375796178,0.8923452272034158,0.4967741935483871,0.0,0.0,,0.0,0.0,0.0,1.0,0.9187074540512056,2,Bano,Alfombras de bano,AMBA,Mediano,Proveedor I,0,0,train
2023-10-01,T15,SKU00051,1,1.0,3.0,0.25,5.939084716749482,1.3333333333333333,6.0,0,0,2,-3.0,8.0,19,7.86206896551724,5,1,16,0.0,0.0,0.0,0.0,0,0.0,0.0,0.0,17,46,192,600,10,0.0,0.0,2.0,13,0,27.5,-19.5,0.00042686460372181586,0.5263157894736842,1.1034482758620687,6.620689655172413,0.9339797529433331,167,0.04142011834319527,0.9961267704301962,0.6960556844547564,0.0,0.0,,0.0,0.0,0.0,2.0,0.9219712073678729,2,Muebles,Sillas,NOA,Mediano,Proveedor B,0,0,train
2023-10-01,T15,SKU00627,2,3.0,5.0,1.5833333333333333,0.7354737807671464,0.6315789473684211,10.0,0,0,11,1.0,6.947368421052632,153,5.016393442622951,18,0,40,364.0,0.0,0.0,0.0,0,0.0,0.0,0.0,19,31,182,600,10,1.0,0.0,3.0,17,0,6.0,0.9473684210526319,0.0027034758235715004,1.2941176470588236,1.005464480874317,1.3114754098360655,0.9339797529433331,167,0.04142011834319527,0.8826125330979699,1.4599627560521415,910.0,3.0,1.7,0.0,0.0,0.0,2.0,0.9205483972632688,2,Decoracion,Espejos,NOA,Mediano,Proveedor I,0,0,train
2023-10-01,T15,SKU00794,4,13.0,21.0,3.75,0.4972652484064488,1.1555555555555554,11.0,0,0,18,5.0,4.8,379,6.230136986301369,18,0,90,0.0,21.0,0.0,0.0,0,0.0,0.0,0.0,16,28,21,600,10,3.0,6.0,7.0,14,0,3.5454545454545454,1.2545454545454544,0.0064029690558272375,0.8548812664907651,0.9424657534246575,1.4794520547945205,0.9339797529433331,167,0.04142011834319527,0.8551992225461614,0.8147321428571429,21.0,1.0,4.5,0.0,1.0,0.0,4.0,0.9254742467746686,2,Textil hogar,Sabanas,NOA,Mediano,Proveedor G,0,0,train
2023-10-01,T16,SKU00248,2,2.0,4.0,1.0,1.1547005383792515,0.6666666666666666,4.0,0,0,4,2.0,4.0,40,4.59016393442623,14,1,21,0.0,0.0,0.0,0.0,0,0.0,0.0,0.0,8,11,36,600,10,0.0,0.0,3.0,6,1,1.6,2.4,0.0019178155168018142,1.4,1.1857923497267762,2.4098360655737707,0.9659397486291804,159,0.0440251572327044,0.970544796588388,0.43458980044345896,36.0,1.0,5.7,0.0,0.0,0.0,3.0,0.8954019814159847,2,Cocina y mesa,Vajilla,NOA,Grande,Proveedor H,0,0,train
2023-10-01,T19,SKU00427,5,16.0,21.0,3.4166666666666665,0.5063012172718924,1.5609756097560976,12.0,0,0,17,4.0,4.975609756097561,129,6.37037037037037,6,1,24,0.0,0.0,0.0,0.0,0,0.0,0.0,0.0,17,31,182,800,10,5.0,6.0,6.0,16,0,4.105263157894737,0.8703465982028238,0.006060394315323256,0.7906976744186046,1.1193415637860082,1.1851851851851851,0.9359613854787039,179,0.06111111111111111,1.0187906314008373,0.2946236559139785,182.0,1.0,11.6,23.0,0.0,0.0,1.0,0.871160867646825,2,Bano,Alfombras de bano,Cuyo,Mediano,Proveedor I,0,0,train
2023-10-01,T22,SKU00408,6,14.0,24.0,3.857142857142857,0.314996316596866,1.2098765432098766,7.0,0,0,19,6.0,4.925925925925926,167,5.707078925956061,9,0,42,155.0,0.0,0.0,0.0,0,0.0,0.0,0.0,7,52,155,1500,10,3.0,5.0,6.0,6,1,4.0,0.9259259259259256,0.00744494365983877,1.0239520958083832,1.1049633848657445,1.435313262815297,0.9039632209199296,165,0.04819277108433735,0.9331892732396944,1.4172043010752688,155.0,1.0,0.5,0.0,0.0,0.0,1.0,0.8833335646166448,2,Bano,Alfombras de bano,AMBA,Mediano,Proveedor J,0,0,train
2023-10-01,T22,SKU00738,0,2.0,2.0,0.4166666666666667,1.2358287613066494,1.5999999999999999,5.0,1,0,3,-1.0,7.199999999999999,19,5.726027397260274,7,1,7,0.0,0.0,0.0,0.0,0,0.0,0.0,0.0,12,32,147,1500,10,1.0,1.0,1.0,11,0,12.0,-4.800000000000001,0.000804237741031966,1.1052631578947367,0.9041095890410958,2.1095890410958904,0.9039632209199296,165,0.04819277108433735,0.8958910049551772,1.1700223713646531,0.0,0.0,,0.0,1.0,0.0,2.0,0.9627095305990562,2,Iluminacion,Apliques,AMBA,Mediano,Proveedor A,0,0,train
2023-10-01,T22,SKU00796,0,0.0,4.0,0.625,1.6970562748477138,0.0,3.0,4,0,4,0.0,6.4,28,5.209302325581396,8,0,9,0.0,0.0,0.0,7.0,0,0.0,0.0,0.0,9,32,147,1500,10,0.0,0.0,3.0,7,1,4.0,2.4000000000000004,0.0012063566115479488,1.1428571428571428,0.9302325581395349,1.6744186046511629,0.9039632209199296,165,0.04819277108433735,0.9737436967483916,1.480278422273782,0.0,0.0,,0.0,1.0,0.0,2.0,0.8914596629054358,2,Muebles,Sillas,AMBA,Mediano,Proveedor A,0,0,train
2023-10-01,T24,SKU00135,3,9.0,18.0,2.857142857142857,0.5866571968932681,1.05,7.0,0,0,17,2.0,5.95,300,5.635062611806798,16,0,74,0.0,0.0,0.0,0.0,0,0.0,0.0,0.0,7,37,193,800,10,5.0,1.0,5.0,6,1,5.454545454545454,0.49545454545454604,0.005192926735475132,0.9066666666666666,1.0456171735241502,1.3899821109123434,0.9263315808298389,169,0.029239766081871343,0.9481803351400928,1.5012165450121655,193.0,1.0,4.2,0.0,0.0,0.0,3.0,0.8017890931110937,2,Cocina y mesa,Cristaleria,AMBA,Grande,Proveedor E,0,0,train
2023-10-01,T25,SKU00668,4,15.0,27.0,5.181818181818182,0.3432504449514554,0.9649122807017544,11.0,0,0,28,-6.0,5.4035087719298245,709,5.62274700802666,19,0,301,72.0,0.0,0.0,0.0,0,0.0,0.0,0.0,11,11,36,1500,10,4.0,7.0,9.0,10,1,6.476190476190476,-1.0726817042606518,0.009340629827926663,0.7503526093088857,0.9939599788519153,2.387090055593829,0.9439498482830447,172,0.05202312138728324,0.8831080524039897,1.054003724394786,180.0,5.0,0.1,0.0,0.0,0.0,2.0,0.9105310721437456,2,Decoracion,Espejos,Centro,Grande,Proveedor H,0,0,train
2023-10-01,T26,SKU00057,0,1.0,1.0,0.3333333333333333,1.7320508075688776,1.0,1.0,2,0,4,,12.0,20,3.6363636363636362,6,0,8,310.0,465.0,0.0,0.0,0,0.0,0.0,0.0,3,52,155,1200,10,0.0,1.0,1.0,2,1,,,0.0006353702358750114,1.2,0.9090909090909091,1.4545454545454546,0.9193807313111415,172,0.040697674418604654,0.9117544799563481,0.478584729981378,310.0,2.0,0.3,0.0,1.0,0.0,2.0,0.9435728272504251,2,Decoracion,Espejos,NOA,Mediano,Proveedor J,0,0,train
2023-10-01,T26,SKU00530,12,37.0,72.0,13.833333333333334,0.23032368037923975,0.891566265060241,12.0,0,0,78,11.0,5.63855421686747,1124,5.401682018422107,16,0,432,0.0,0.0,0.0,0.0,0,0.0,0.0,0.0,17,28,21,1200,10,10.0,15.0,20.0,14,0,5.088607594936709,0.5499466219307605,0.026367864788812975,1.1103202846975089,0.9803764517420904,2.0760913095714857,0.9193807313111415,172,0.040697674418604654,0.9672389917008029,1.5166666666666666,0.0,0.0,,0.0,0.0,0.0,2.0,0.8835089218264434,2,Iluminacion,Guirnaldas,NOA,Mediano,Proveedor G,0,0,train
2023-10-01,T27,SKU00540,2,8.0,23.0,3.1666666666666665,0.5186037858311666,0.8421052631578947,11.0,0,0,21,10.0,6.631578947368421,261,5.4851138353765325,14,0,53,0.0,0.0,0.0,0.0,0,0.0,0.0,0.0,18,46,192,1200,10,3.0,3.0,6.0,14,0,3.5675675675675675,3.0640113798008537,0.006144179062292442,1.1264367816091954,0.8336252189141855,1.1138353765323992,0.9164528138177253,162,0.05454545454545454,0.9058391099489356,0.684863523573201,576.0,1.0,5.8,0.0,1.0,0.0,2.0,0.9397793609815339,2,Iluminacion,Lamparas de mesa,AMBA,Chico,Proveedor B,0,0,train
2023-10-01,T28,SKU00040,10,24.0,46.0,6.083333333333333,0.8683049558229287,1.315068493150685,11.0,0,0,40,-2.0,6.575342465753425,628,6.718210551908582,14,0,151,0.0,0.0,0.0,0.0,0,0.0,0.0,0.0,13,46,192,1500,10,7.0,7.0,10.0,12,0,6.885245901639345,-0.3099034358859196,0.013094628981241281,0.89171974522293,1.048383175297836,1.6153659129589106,0.9040675351432337,148,0.06666666666666667,0.8843051044018218,0.08390022675736962,192.0,1.0,3.3,0.0,0.0,0.0,2.0,0.9267442645032489,2,Muebles,Estanterias,AMBA,Grande,Proveedor B,0,0,train
2023-10-01,T28,SKU00182,4,6.0,11.0,1.75,0.6503887805479955,1.1428571428571428,11.0,0,0,10,4.0,5.714285714285714,129,5.863636363636363,14,0,61,0.0,0.0,0.0,0.0,0,0.0,0.0,0.0,16,52,155,1500,10,0.0,2.0,4.0,15,0,3.5999999999999996,2.1142857142857148,0.0037669480630968073,1.0852713178294575,1.0151515151515151,2.772727272727273,0.9040675351432337,148,0.06666666666666667,0.8843051044018218,1.6763157894736842,155.0,1.0,5.0,0.0,1.0,0.0,2.0,0.9267442645032489,2,Muebles,Mesas auxiliares,AMBA,Grande,Proveedor J,0,0,train
2023-11-01,T01,SKU00764,0,1.0,3.0,0.75,0.8287754140107481,0.4444444444444444,8.0,1,0,4,3.0,5.333333333333333,51,4.975609756097561,14,0,18,0.0,0.0,0.0,0.0,0,0.0,0.0,0.0,16,28,21,800,11,1.0,0.0,2.0,15,0,3.0,2.333333333333333,0.0013972953631032298,1.0980392156862746,1.0081300813008132,1.7560975609756098,0.9364984033598536,160,0.05555555555555555,0.8424553976413667,1.0285285285285286,0.0,0.0,12.8,0.0,0.0,0.0,3.0,0.9109066395680001,1,Cocina y mesa,Manteleria,Cuyo,Grande,Proveedor G,0,0,train
2023-11-01,T05,SKU00442,2,3.0,12.0,1.1666666666666667,1.6276826009239789,0.8571428571428571,7.0,0,0,1,-7.0,0.8571428571428571,123,4.986486486486487,15,0,61,0.0,0.0,0.0,0.0,0,0.0,0.0,0.0,15,52,155,450,11,0.0,1.0,5.0,11,0,6.545454545454545,-5.688311688311688,0.002069991309108845,0.12195121951219513,1.0405405405405408,2.4729729729729732,0.8954190977116547,178,0.05027932960893855,0.7237372539720182,1.0,310.0,2.0,6.1,0.0,0.0,0.0,1.0,0.8723170329784702,1,Bano,Cortinas de bano,AMBA,Mediano,Proveedor J,0,0,train
2023-11-01,T05,SKU00617,2,3.0,4.0,0.5,1.348399724926484,2.0,5.0,0,0,4,0.0,8.0,43,6.000000000000001,11,0,11,0.0,0.0,0.0,0.0,0,0.0,0.0,0.0,14,25,153,450,11,0.0,1.0,2.0,12,0,13.333333333333334,-5.333333333333334,0.0008871391324752193,1.0232558139534884,1.2093023255813953,1.5348837209302326,0.8954190977116547,178,0.05027932960893855,0.7237372539720182,1.178494623655914,0.0,0.0,,0.0,0.0,0.0,1.0,0.8723170329784702,1,Bano,Alfombras de bano,AMBA,Mediano,Proveedor D,0,0,train
2023-11-01,T06,SKU00557,2,6.0,11.0,1.8333333333333333,0.8738628975053031,1.090909090909091,4.0,0,0,6,-5.0,3.272727272727273,87,4.631765749778172,11,1,32,0.0,0.0,0.0,0.0,0,0.0,1.0,25.0,6,56,52,1500,11,0.0,4.0,4.0,5,1,6.6,-3.3272727272727267,0.0036589590930965333,0.7586206896551724,0.95829636202307,1.7036379769299022,0.9679609964464466,162,0.04878048780487805,1.0062026188835285,0.9238683127572016,52.0,1.0,3.5,29.0,1.0,0.0,5.0,0.9203271512446748,1,Organizacion,Percheros,Centro,Mediano,Proveedor F,0,0,train
2023-11-01,T06,SKU00743,3,10.0,12.0,3.0,0.47140452079103173,1.1111111111111112,4.0,0,0,13,3.0,4.333333333333333,220,5.425400739827374,13,0,59,0.0,0.0,0.0,0.0,0,0.0,1.0,40.0,5,10,35,1500,11,2.0,5.0,5.0,3,1,5.0,-0.666666666666667,0.005987387606885237,0.7681818181818182,0.8631319358816277,1.4549938347718867,0.9679609964464466,162,0.04878048780487805,0.9905440293632772,0.7821637426900585,0.0,0.0,,0.0,1.0,0.0,2.0,0.908842102039286,1,Muebles,Racks,Centro,Mediano,Proveedor C,0,0,train
2023-11-01,T07,SKU00168,3,5.0,10.0,2.5,0.8780142885563373,0.6666666666666667,10.0,0,0,12,11.0,4.8,53,4.356164383561644,7,0,34,0.0,0.0,0.0,0.0,0,0.0,1.0,40.0,14,10,35,800,11,2.0,0.0,7.0,12,0,0.3846153846153846,4.415384615384616,0.00483718813485913,1.5849056603773586,0.8219178082191781,2.7945205479452055,0.9532485417762392,167,0.047619047619047616,1.0778938948197285,0.38011695906432746,175.0,3.0,8.5,0.0,0.0,0.0,2.0,0.9317094894869554,1,Muebles,Racks,Centro,Mediano,Proveedor C,0,0,train
2023-11-01,T08,SKU00188,0,3.0,3.0,0.75,1.2765694770084508,1.3333333333333333,2.0,1,0,3,0.0,4.0,58,5.3538461538461535,18,3,18,104.0,0.0,0.0,0.0,0,0.0,0.0,0.0,4,56,52,600,11,1.0,2.0,2.0,3,1,inf,,0.0013592485388895458,0.9310344827586207,0.923076923076923,1.6615384615384614,0.9526821981461393,169,0.05847953216374269,0.9484635857730461,0.725130890052356,104.0,1.0,1.1,0.0,0.0,0.0,1.0,0.9228823766973946,1,Bano,Cortinas de bano,Patagonia,Grande,Proveedor F,0,0,train
2023-11-01,T08,SKU00529,17,45.0,91.0,15.166666666666666,0.19743555763934686,0.989010989010989,6.0,0,0,104,27.0,6.857142857142858,1335,5.990384615384615,17,0,319,0.0,36.0,0.0,0.0,0,0.0,0.0,0.0,7,11,36,600,11,17.0,11.0,19.0,5,1,5.021739130434782,1.8354037267080754,0.02748702600865526,1.3243445692883895,0.9497863247863247,1.4314102564102564,0.9526821981461393,169,0.05847953216374269,0.9718423454440097,0.4731404958677686,0.0,0.0,,0.0,0.0,0.0,4.0,0.9159118037508924,1,Textil hogar,Acolchados,Patagonia,Grande,Proveedor H,0,0,train
2023-11-01,T11,SKU00623,2,3.0,6.0,1.5833333333333333,0.6291820546709194,0.6315789473684211,10.0,0,0,5,-6.0,3.1578947368421053,73,5.7631578947368425,9,1,41,0.0,0.0,0.0,0.0,0,0.0,0.0,0.0,18,56,52,800,11,0.0,1.0,3.0,17,0,6.6,-3.4421052631578943,0.002970905232590607,0.6164383561643836,1.2631578947368423,3.236842105263158,0.9569442117607639,171,0.05202312138728324,0.9973512632436838,0.5790754257907542,0.0,0.0,,0.0,1.0,0.0,3.0,0.907759758801129,1,Cocina y mesa,Cristaleria,AMBA,Grande,Proveedor F,0,0,train
2023-11-01,T11,SKU00680,3,5.0,12.0,1.9166666666666667,0.34881282961122867,0.8695652173913043,12.0,0,0,15,7.0,7.826086956521739,134,4.843373493975903,15,0,56,0.0,546.0,0.0,0.0,0,0.0,1.0,25.0,18,31,182,800,11,1.0,1.0,3.0,15,0,4.8,3.0260869565217394,0.003596358965767577,1.6791044776119401,0.9879518072289156,2.0240963855421685,0.9569442117607639,171,0.05202312138728324,0.7898348157560355,0.6960227272727273,182.0,1.0,8.6,0.0,0.0,0.0,5.0,0.8846380072275585,1,Organizacion,Cajas,AMBA,Grande,Proveedor I,0,0,train
2023-11-01,T13,SKU00651,9,22.0,36.0,7.166666666666667,0.33569317254264336,1.0232558139534882,12.0,0,0,31,16.0,4.325581395348837,549,6.180112570356473,14,0,206,0.0,0.0,0.0,0.0,0,0.0,1.0,40.0,20,25,153,1200,11,7.0,6.0,11.0,17,0,2.278481012658228,2.047100382690609,0.012792664560185026,0.7905282331511839,0.9718574108818011,2.3189493433395874,0.9389220779521846,169,0.023255813953488372,1.03348738899317,1.0,459.0,1.0,10.7,0.0,1.0,0.0,2.0,0.93481879985884,1,Muebles,Mesas auxiliares,Centro,Chico,Proveedor D,0,0,train
2023-11-01,T15,SKU00500,0,3.0,6.0,1.0,0.9534625892455926,1.0,8.0,1,0,5,-5.0,5.0,141,5.174311926605505,17,0,38,0.0,0.0,0.0,0.0,0,0.0,1.0,25.0,21,28,21,600,11,3.0,0.0,3.0,20,0,10.0,-5.0,0.0015951885614161408,0.6028368794326241,1.039755351681957,1.3944954128440368,0.9762553995866781,179,0.04945054945054945,0.9884365594804372,0.6221590909090909,21.0,1.0,11.1,0.0,0.0,0.0,5.0,0.9117075218070597,1,Organizacion,Cajas,NOA,Mediano,Proveedor G,0,0,train
2023-11-01,T17,SKU00619,3,11.0,23.0,3.7,0.4775624605657143,0.9909909909909909,10.0,0,0,13,-3.0,3.513513513513513,297,5.784462237610907,16,2,72,0.0,0.0,17.0,0.0,0,0.0,1.0,25.0,10,31,182,600,11,5.0,3.0,7.0,9,1,4.3076923076923075,-0.7941787941787943,0.006887894487159305,0.7003367003367004,0.947846786409868,1.4022938757844623,0.9630641661325443,170,0.041176470588235294,1.0314793224058707,1.0,364.0,2.0,7.4,17.0,0.0,0.0,3.0,0.9052166934919593,1,Iluminacion,Apliques,Centro,Chico,Proveedor I,0,0,train
2023-11-01,T18,SKU00781,4,12.0,19.0,3.0,0.3086066999241838,1.3333333333333333,8.0,0,0,13,-6.0,4.333333333333333,110,3.6768802228412256,8,0,56,147.0,0.0,0.0,0.0,0,0.0,1.0,25.0,9,32,147,1200,11,4.0,4.0,4.0,7,1,7.916666666666667,-3.583333333333334,0.005685110118244958,0.9454545454545454,1.0139275766016713,1.871866295264624,0.9595202521793436,175,0.0223463687150838,0.9522784046860194,1.5041152263374487,294.0,2.0,2.5,0.0,1.0,0.0,5.0,0.8900514197507771,1,Organizacion,Percheros,NOA,Mediano,Proveedor A,0,0,train
2023-11-01,T19,SKU00725,2,6.0,15.0,3.1666666666666665,0.422247109529382,0.6315789473684211,12.0,0,0,22,-2.0,6.947368421052632,335,6.054216867469879,18,0,108,0.0,0.0,0.0,57.0,0,0.0,0.0,0.0,14,32,147,800,11,2.0,2.0,6.0,12,0,6.666666666666666,0.2807017543859658,0.0056592825644067365,1.182089552238806,0.9578313253012047,1.9518072289156625,0.9019109265801895,187,0.06382978723404255,1.0026585643752373,1.641255605381166,294.0,2.0,6.9,0.0,0.0,0.0,4.0,0.8696250161694284,1,Textil hogar,Cortinas,Cuyo,Mediano,Proveedor A,0,0,train
2023-11-01,T22,SKU00612,5,17.0,24.0,4.8,0.4007371679514864,1.1805555555555556,5.0,0,0,19,-2.0,3.9583333333333335,174,6.327272727272727,9,1,73,0.0,0.0,0.0,0.0,0,0.0,1.0,40.0,5,31,182,1500,11,8.0,4.0,8.0,4,1,6.0,-2.0416666666666665,0.008564759698356392,0.9827586206896552,1.1151515151515152,2.6545454545454548,0.9355810420496254,168,0.05847953216374269,0.9546028225035376,1.7210526315789474,0.0,0.0,,0.0,1.0,0.0,2.0,0.9006404037495469,1,Muebles,Mesas auxiliares,AMBA,Mediano,Proveedor I,0,0,train
2023-11-01,T23,SKU00337,2,6.0,15.0,2.4444444444444446,0.5056498968474314,0.8181818181818181,8.0,0,0,15,5.0,6.136363636363636,379,5.472924187725631,20,0,100,0.0,0.0,0.0,0.0,0,0.0,1.0,25.0,9,46,192,450,11,0.0,4.0,4.0,8,1,3.75,2.386363636363636,0.00439828523996229,0.79155672823219,1.030084235860409,1.444043321299639,0.9350354576047103,180,0.049723756906077346,0.7403104656985477,0.39219330855018586,192.0,1.0,3.4,0.0,1.0,0.0,5.0,0.9006381988056599,1,Organizacion,Contenedores,AMBA,Mediano,Proveedor B,0,0,train
2023-11-01,T23,SKU00618,8,22.0,35.0,7.0,0.14285714285714285,1.0476190476190477,5.0,0,0,38,8.0,5.428571428571429,199,4.662241311987504,6,0,95,0.0,364.0,0.0,0.0,0,0.0,1.0,40.0,5,31,182,450,11,6.0,8.0,8.0,4,1,4.615384615384615,0.8131868131868139,0.012595089550801103,1.1457286432160805,1.0230378758297538,2.225693088637251,0.9350354576047103,180,0.049723756906077346,0.9512287760068647,1.2529239766081872,0.0,0.0,,0.0,0.0,0.0,2.0,0.8984980694197628,1,Muebles,Racks,AMBA,Mediano,Proveedor I,0,0,train
2023-11-01,T24,SKU00193,1,2.0,4.0,0.7777777777777778,0.8571428571428571,0.8571428571428571,6.0,0,0,1,-2.0,1.2857142857142856,44,6.022813688212928,12,3,18,35.0,0.0,0.0,0.0,0,0.0,0.0,0.0,9,10,35,800,11,1.0,0.0,2.0,8,1,3.5999999999999996,-2.314285714285714,0.0013735057868805734,0.27272727272727276,0.8669201520912547,2.463878326996198,0.9512508649710028,177,0.05056179775280899,0.9224708946741139,0.4087403598971722,35.0,1.0,0.7,0.0,0.0,0.0,4.0,0.9209530860635272,1,Textil hogar,Toallas,AMBA,Grande,Proveedor C,0,0,train
2023-11-01,T24,SKU00244,2,7.0,12.0,1.75,0.7360325878080393,1.3333333333333335,11.0,0,0,8,3.0,4.571428571428571,93,4.810344827586206,11,0,53,0.0,0.0,0.0,0.0,0,0.0,1.0,40.0,14,28,21,800,11,1.0,4.0,4.0,13,0,3.235294117647059,1.3361344537815123,0.00309038802048129,0.9462365591397849,1.1206896551724137,2.7413793103448274,0.9512508649710028,177,0.05056179775280899,0.9023562018412703,0.19736842105263158,84.0,2.0,3.8,0.0,0.0,0.0,2.0,0.9209615418099492,1,Muebles,Racks,AMBA,Grande,Proveedor G,0,0,train
2023-11-01,T25,SKU00343,3,6.0,9.0,1.5,0.6030226891555273,1.3333333333333333,11.0,0,0,6,2.0,4.0,129,4.487902588160877,17,0,41,0.0,42.0,0.0,0.0,0,0.0,1.0,35.0,12,28,21,1500,11,1.0,2.0,3.0,11,0,3.0,1.0,0.002560022144991946,0.7906976744186047,0.7769753834800485,1.4263876442991936,0.9642750079469663,182,0.07103825136612021,0.9251461253221043,0.2830188679245283,0.0,0.0,,0.0,1.0,0.0,3.0,0.8872152497910835,1,Decoracion,Velas,Centro,Grande,Proveedor G,0,0,train
2023-11-01,T25,SKU00349,15,43.0,73.0,14.6,0.11461096253891447,0.9817351598173517,5.0,0,0,56,31.0,3.8356164383561646,631,5.703525158180175,8,0,156,0.0,0.0,0.0,0.0,0,0.0,0.0,0.0,6,37,193,1500,11,15.0,13.0,17.0,4,1,1.6666666666666667,2.1689497716894977,0.024917548877921608,0.7099841521394612,1.0123531184091594,1.4100632720699005,0.9642750079469663,182,0.07103825136612021,1.014964216005205,1.3213429256594724,0.0,0.0,,0.0,0.0,0.0,3.0,0.9048817152262361,1,Cocina y mesa,Cubiertos,Centro,Grande,Proveedor E,0,0,train
2023-11-01,T25,SKU00708,1,4.0,7.0,1.4166666666666667,0.47192324006225034,0.9411764705882352,11.0,0,0,12,6.0,8.470588235294118,130,5.1655629139072845,16,0,29,0.0,0.0,0.0,0.0,0,0.0,1.0,40.0,22,31,182,1500,11,1.0,2.0,2.0,19,0,4.8,3.670588235294118,0.0024177986924923934,1.476923076923077,0.9271523178807947,1.1523178807947019,0.9642750079469663,182,0.07103825136612021,1.0875888437991135,1.7006960556844548,0.0,0.0,,0.0,0.0,0.0,2.0,0.8307543859370732,1,Muebles,Sillas,Centro,Grande,Proveedor I,0,0,train
2023-11-01,T25,SKU00794,4,11.0,18.0,4.0,0.511237358145545,0.9166666666666666,11.0,0,0,17,-9.0,4.25,355,5.406091370558375,20,1,79,21.0,0.0,0.0,0.0,0,0.0,0.0,0.0,17,28,21,1500,11,3.0,4.0,8.0,13,0,6.651162790697675,-2.4011627906976747,0.006826725719978523,0.9577464788732394,0.8629441624365481,1.2030456852791878,0.9642750079469663,182,0.07103825136612021,0.898614150255288,0.8147321428571429,42.0,2.0,0.1,0.0,1.0,0.0,4.0,0.900399671525739,1,Textil hogar,Sabanas,Centro,Grande,Proveedor G,0,0,train
2023-11-01,T26,SKU00076,5,12.0,29.0,5.333333333333333,0.41799032176703454,0.75,12.0,0,0,36,-2.0,6.75,637,5.13020134228188,18,0,215,0.0,0.0,0.0,0.0,0,0.0,1.0,35.0,19,31,182,1200,11,6.0,1.0,8.0,15,0,5.922077922077921,0.8279220779220786,0.009841743905894181,1.0172684458398744,1.004026845637584,1.731543624161074,0.9441923059717231,181,0.06593406593406594,0.8558503576979868,1.8050314465408805,0.0,0.0,,0.0,0.0,0.0,3.0,0.9402031823509706,1,Decoracion,Velas,NOA,Mediano,Proveedor I,0,0,train
2023-11-01,T27,SKU00076,8,22.0,53.0,7.666666666666667,0.4320069503555758,0.9565217391304347,12.0,0,0,26,7.0,3.391304347826087,637,5.13020134228188,18,0,215,0.0,0.0,0.0,30.0,0,0.0,1.0,35.0,19,31,182,1200,11,3.0,11.0,12.0,18,0,2.5054945054945055,0.8858098423315814,0.015154814862671792,0.7346938775510204,1.004026845637584,1.731543624161074,0.9620012912826442,170,0.06395348837209303,0.9572281687881593,1.8050314465408805,0.0,0.0,,0.0,0.0,0.0,3.0,0.8958972979580403,1,Decoracion,Velas,AMBA,Chico,Proveedor I,0,0,train
2023-11-01,T28,SKU00635,1,3.0,5.0,0.75,1.005037815259212,1.3333333333333333,7.0,0,0,4,1.0,5.333333333333333,56,5.391684901531728,18,0,11,0.0,0.0,0.0,0.0,0,0.0,1.0,25.0,13,31,182,1500,11,2.0,0.0,2.0,11,0,4.5,0.833333333333333,0.0014930010995353456,1.2857142857142856,0.8344274252370532,1.0590809628008753,0.9236700135792005,158,0.06289308176100629,0.7131711794401101,1.1245353159851301,182.0,1.0,3.1,0.0,0.0,0.0,5.0,0.9076671543970681,1,Organizacion,Contenedores,AMBA,Grande,Proveedor I,0,0,train
2023-12-01,T07,SKU00103,0,1.0,2.0,0.3333333333333333,1.954016841836789,1.0,3.0,1,0,2,-1.0,6.0,27,4.551724137931035,9,1,12,0.0,0.0,0.0,0.0,0,0.0,0.0,0.0,14,10,35,800,12,1.0,0.0,2.0,13,0,8.25,-2.25,0.0005771947721895316,0.6666666666666666,0.7867177522349937,2.0229885057471266,0.9385186995801783,180,0.07734806629834254,0.9831538093764942,1.086785009861933,0.0,0.0,,0.0,0.0,0.0,2.0,0.9151607124278398,0,Decoracion,Cuadros,Centro,Mediano,Proveedor C,0,0,train
2023-12-01,T12,SKU00054,4,5.0,9.0,1.9166666666666667,0.6470151701072064,0.8695652173913043,11.0,0,0,10,2.0,5.217391304347826,143,4.701369863013698,17,0,45,0.0,0.0,0.0,0.0,0,0.0,0.0,0.0,21,56,52,1200,12,0.0,1.0,4.0,17,0,4.173913043478261,1.0434782608695654,0.0038377317726701926,1.1888111888111887,0.9205479452054794,1.4794520547945205,0.9464180267211014,168,0.05917159763313609,0.8354971523663334,0.6129032258064516,0.0,0.0,,0.0,0.0,0.0,1.0,0.9469801764446429,0,Bano,Alfombras de bano,Cuyo,Chico,Proveedor F,0,0,train
2023-12-01,T16,SKU00404,2,6.0,10.0,1.1666666666666667,0.715583237088619,1.7142857142857142,9.0,0,0,3,-6.0,2.571428571428571,117,4.791808873720136,14,0,52,0.0,0.0,0.0,0.0,0,0.0,0.0,0.0,20,46,192,600,12,2.0,2.0,2.0,19,0,6.352941176470588,-3.7815126050420167,0.002193742759173511,0.358974358974359,1.1194539249146758,2.129692832764505,0.9589789775815634,159,0.0375,0.967238468531221,0.6729166666666667,576.0,1.0,8.8,0.0,0.0,0.0,2.0,0.9004218332308139,0,Iluminacion,Guirnaldas,NOA,Grande,Proveedor B,0,0,train
2023-12-01,T16,SKU00667,1,1.0,2.0,0.5,1.5118578920369088,0.6666666666666666,3.0,0,0,3,-1.0,6.0,39,4.0625,13,1,16,52.0,0.0,0.0,0.0,0,0.0,0.0,0.0,10,56,52,600,12,0.0,0.0,2.0,7,1,6.666666666666667,-0.666666666666667,0.000940175468217219,1.0,0.9027777777777778,1.6666666666666667,0.9589789775815634,159,0.0375,0.967238468531221,1.3229166666666667,52.0,1.0,2.8,0.0,1.0,0.0,2.0,0.9004218332308139,0,Iluminacion,Guirnaldas,NOA,Grande,Proveedor F,0,0,train
2023-12-01,T16,SKU00688,3,12.0,24.0,4.8,0.45165590393080834,0.8333333333333334,5.0,0,0,38,19.0,7.916666666666667,447,6.9553941908713695,11,2,87,0.0,0.0,0.0,0.0,0,0.0,0.0,0.0,6,37,193,600,12,6.0,3.0,8.0,4,1,3.1666666666666665,4.75,0.009025684494885302,0.9351230425055929,0.9336099585062241,1.353734439834025,0.9589789775815634,159,0.0375,0.9686793335585997,1.9573991031390134,0.0,0.0,,0.0,0.0,0.0,3.0,0.9248698058297415,0,Textil hogar,Cortinas,NOA,Grande,Proveedor E,0,0,train
2023-12-01,T19,SKU00384,2,3.0,3.0,0.5833333333333334,1.3593625047407298,1.7142857142857142,5.0,0,0,4,4.0,6.857142857142857,42,4.8,11,0,19,0.0,0.0,0.0,0.0,0,0.0,0.0,0.0,17,46,192,800,12,0.0,1.0,2.0,16,0,0.0,6.857142857142857,0.0009568443663347004,1.0476190476190477,1.0666666666666667,2.1714285714285713,0.9415348564733451,198,0.10396039603960396,0.9506822821532179,0.7770833333333333,0.0,0.0,,0.0,0.0,0.0,2.0,0.8969313761678993,0,Iluminacion,Guirnaldas,Cuyo,Mediano,Proveedor B,0,0,train
2023-12-01,T23,SKU00743,-11,-7.0,0.0,0.0,,,4.0,1,1,14,-1.0,inf,237,6.660421545667447,13,2,33,0.0,0.0,0.0,0.0,0,0.0,0.0,0.0,6,10,35,450,12,3.0,1.0,6.0,4,1,4.285714285714286,,0.0,0.7679324894514769,0.730679156908665,0.9274004683840749,0.925488309190042,185,0.03763440860215054,0.8932870344689868,0.7821637426900585,0.0,0.0,,43.0,1.0,0.0,1.0,0.9315406241050292,0,Muebles,Racks,AMBA,Mediano,Proveedor C,0,1,train
2023-12-01,T25,SKU00062,0,5.0,7.0,1.5833333333333333,0.8709185487804941,1.0526315789473686,10.0,1,0,3,3.0,1.8947368421052633,151,5.011061946902655,18,0,67,0.0,0.0,0.0,0.0,0,0.0,0.0,0.0,15,56,52,1500,12,4.0,1.0,4.0,13,0,0.0,1.8947368421052633,0.002586634578017885,0.3576158940397351,1.0066371681415929,2.2234513274336285,0.9562379618946119,185,0.03723404255319149,0.9352028681162536,1.6889460154241644,104.0,2.0,4.6,0.0,0.0,0.0,3.0,0.916670345601643,0,Textil hogar,Toallas,Centro,Grande,Proveedor F,0,0,train
2023-12-01,T25,SKU00572,0,2.0,2.0,0.3333333333333333,1.477097891751993,2.0,4.0,1,0,3,-3.0,9.0,45,4.909090909090909,16,0,20,0.0,0.0,0.0,0.0,0,0.0,0.0,0.0,16,11,36,1500,12,1.0,1.0,1.0,14,0,14.399999999999999,-5.399999999999999,0.0005445546480037652,1.0666666666666667,0.9454545454545454,2.181818181818182,0.9562379618946119,185,0.03723404255319149,0.9198826437485735,0.1630170316301703,36.0,1.0,6.2,0.0,1.0,0.0,3.0,0.8812223492712362,0,Cocina y mesa,Cristaleria,Centro,Grande,Proveedor H,0,0,train
2023-12-01,T26,SKU00325,3,5.0,13.0,2.1666666666666665,0.7394224517352564,0.7692307692307693,6.0,0,0,10,5.0,4.615384615384616,103,4.352112676056338,13,1,31,0.0,0.0,0.0,0.0,0,0.0,0.0,0.0,6,46,192,1200,12,1.0,1.0,5.0,5,1,1.875,2.740384615384616,0.0038112691983325855,1.262135922330097,0.9295774647887324,1.3098591549295775,0.9252588915336647,186,0.0748663101604278,0.9848235848921788,0.3401360544217687,192.0,1.0,3.1,0.0,0.0,0.0,1.0,0.9525892454393038,0,Muebles,Estanterias,NOA,Mediano,Proveedor B,0,0,train
2023-12-01,T27,SKU00125,0,2.0,3.0,0.3333333333333333,1.4770978917519928,2.0,4.0,1,0,5,2.0,15.0,49,4.741935483870967,15,2,19,0.0,0.0,0.0,0.0,0,0.0,0.0,0.0,23,28,21,1200,12,1.0,1.0,1.0,20,0,12.0,3.0,0.0006024949157970972,1.530612244897959,1.032258064516129,1.8387096774193548,0.9657993500227469,178,0.049723756906077346,0.9272544926087206,0.6940874035989717,42.0,1.0,11.4,0.0,0.0,0.0,3.0,0.881379494935856,0,Textil hogar,Toallas,AMBA,Chico,Proveedor G,0,1,train
2024-01-01,T02,SKU00619,3,15.0,24.0,3.8333333333333335,0.519759088641194,1.3043478260869565,12.0,0,0,20,4.0,5.217391304347826,279,5.379491673970201,16,0,105,0.0,0.0,0.0,0.0,0,0.0,0.0,0.0,12,31,182,450,1,5.0,7.0,7.0,11,0,4.64516129032258,0.5722300140252461,0.006987765885774294,1.146953405017921,1.0283377154542799,2.0245398773006134,0.9448674741199155,174,0.03977272727272727,0.9687425435456933,1.0,364.0,2.0,9.5,0.0,0.0,0.0,2.0,0.9042666182249808,0,Iluminacion,Apliques,AMBA,Grande,Proveedor I,0,0,train
2024-01-01,T02,SKU00743,1,5.0,12.0,2.4,0.47507309379130747,0.6944444444444445,5.0,0,0,16,-10.0,6.666666666666667,248,5.8820871922295,14,2,72,0.0,0.0,0.0,0.0,0,0.0,0.0,0.0,7,10,35,450,1,2.0,2.0,4.0,4,1,7.428571428571429,-0.7619047619047619,0.004374949076310862,0.9032258064516129,0.9091935848204201,1.7077027332279195,0.9448674741199155,174,0.03977272727272727,0.8946121727006949,0.7821637426900585,0.0,0.0,,0.0,1.0,0.0,1.0,0.8596313943918494,0,Muebles,Racks,AMBA,Grande,Proveedor C,0,0,train
2024-01-01,T06,SKU00166,3,3.0,5.0,0.5454545454545454,1.7126976771553508,1.8333333333333335,4.0,0,0,3,1.0,5.5,59,4.687048627828599,18,0,53,0.0,192.0,0.0,0.0,0,0.0,0.0,0.0,12,46,192,1500,1,0.0,0.0,3.0,10,1,5.333333333333333,0.16666666666666696,0.0009776910558339186,0.9152542372881356,1.1651420317766008,4.210399614829081,0.9063739249278113,183,0.032432432432432434,0.9143361514093422,1.0707635009310987,0.0,0.0,,23.0,0.0,0.0,2.0,0.9073449419881368,0,Decoracion,Espejos,Centro,Mediano,Proveedor B,0,0,train
2024-01-01,T07,SKU00321,1,3.0,11.0,1.4166666666666667,1.2210794063616228,0.7058823529411764,10.0,0,0,4,0.0,2.8235294117647056,58,5.043478260869565,7,0,4,0.0,0.0,0.0,0.0,0,0.0,0.0,0.0,16,10,35,800,1,1.0,1.0,4.0,15,0,2.5263157894736845,0.2972136222910211,0.0023942946646920496,0.48275862068965514,0.782608695652174,0.34782608695652173,0.9565911389757882,187,0.06842105263157895,1.0033673616759275,1.1530398322851152,140.0,2.0,4.4,0.0,0.0,0.0,2.0,0.9167804668886032,0,Decoracion,Velas,Centro,Mediano,Proveedor C,0,0,train
2024-01-01,T13,SKU00720,24,46.0,100.0,14.7,0.3454609641471774,1.0430839002267576,10.0,0,0,88,8.0,5.98639455782313,812,5.301414581066377,12,0,261,0.0,0.0,0.0,0.0,0,0.0,0.0,0.0,12,46,192,1200,1,13.0,9.0,24.0,9,1,5.544554455445544,0.44184010237758553,0.024179578425699885,1.3004926108374384,1.0424374319912948,1.704026115342764,0.9562173418235964,186,0.0213903743315508,0.8914165273639072,1.1816816816816818,0.0,0.0,,0.0,0.0,0.0,3.0,0.8703610237215249,0,Cocina y mesa,Manteleria,Centro,Chico,Proveedor B,0,0,train
2024-01-01,T14,SKU00613,0,4.0,7.0,1.4166666666666667,0.7649115313770576,0.9411764705882352,9.0,1,0,10,0.0,7.0588235294117645,51,6.0,6,1,12,0.0,0.0,0.0,0.0,0,0.0,0.0,0.0,18,25,153,1500,1,3.0,1.0,3.0,17,0,6.666666666666667,0.39215686274509753,0.0027790873921431725,1.1764705882352942,1.215686274509804,1.411764705882353,0.9677763153816223,179,0.05555555555555555,0.9559166464563551,1.091247672253259,0.0,0.0,,0.0,0.0,0.0,2.0,0.9185056279477635,0,Decoracion,Espejos,AMBA,Grande,Proveedor D,0,0,train
2024-01-01,T16,SKU00201,0,2.0,4.0,1.1666666666666667,0.8035173141952217,0.5714285714285714,8.0,2,0,14,3.0,12.0,142,7.004484304932735,15,2,16,63.0,21.0,0.0,0.0,0,0.0,0.0,0.0,12,28,21,600,1,0.0,2.0,2.0,11,0,8.25,3.75,0.0021115580379747457,1.4788732394366197,0.9207772795216742,0.7892376681614349,0.9085732586257047,167,0.047619047619047616,0.8897544675517078,0.8329048843187661,105.0,2.0,0.2,0.0,0.0,0.0,2.0,0.9061734392543648,0,Textil hogar,Toallas,NOA,Grande,Proveedor G,0,0,train
2024-01-01,T17,SKU00337,4,11.0,20.0,3.8181818181818183,0.5835033765765116,0.9603174603174602,11.0,0,0,14,1.0,3.6666666666666665,293,4.837846176939049,18,0,104,0.0,192.0,0.0,0.0,0,0.0,0.0,0.0,11,46,192,600,1,4.0,3.0,9.0,10,1,3.3548387096774195,0.31182795698924703,0.006167093985370283,0.8600682593856654,1.0016928375459693,1.7171877215073759,0.9238894132369004,197,0.04040404040404041,1.0888201502430404,0.39219330855018586,192.0,1.0,5.4,0.0,1.0,0.0,3.0,0.8824300609878297,0,Organizacion,Contenedores,Centro,Chico,Proveedor B,0,0,train
2024-01-01,T19,SKU00306,2,10.0,8.0,1.6,1.629800601300662,2.0833333333333335,3.0,0,0,9,-13.0,5.625,241,6.032540675844806,13,0,85,772.0,0.0,0.0,0.0,0,0.0,0.0,0.0,4,37,193,800,1,4.0,4.0,4.0,4,1,inf,,0.0024237498632432805,0.48547717842323646,1.0095953274926992,2.127659574468085,0.9275892705787305,216,0.06451612903225806,0.8693165570488991,0.2646198830409357,1351.0,4.0,1.9,0.0,0.0,0.0,1.0,0.8199488934576415,0,Muebles,Racks,Cuyo,Mediano,Proveedor E,0,1,train
2024-01-01,T19,SKU00584,0,-2.0,0.0,0.5,2.486326242032244,-1.3333333333333333,5.0,4,0,4,2.0,8.0,32,4.085106382978724,10,0,9,21.0,0.0,0.0,0.0,0,0.0,0.0,0.0,21,28,21,800,1,0.0,-2.0,3.0,20,0,2.0,6.0,0.0007574218322635251,1.25,0.723404255319149,1.148936170212766,0.9275892705787305,216,0.06451612903225806,0.9034626654656982,0.20437956204379562,42.0,2.0,1.2,0.0,0.0,0.0,3.0,0.8676089484842973,0,Cocina y mesa,Cristaleria,Cuyo,Mediano,Proveedor G,0,0,train
2024-01-01,T20,SKU00520,0,0.0,4.0,0.5,1.348399724926484,0.0,5.0,3,0,3,0.0,6.0,26,4.8,8,1,14,0.0,0.0,0.0,0.0,0,0.0,0.0,0.0,14,46,192,450,1,0.0,0.0,2.0,12,0,5.0,1.0,0.0009527949890407953,0.9230769230769231,0.8615384615384616,2.5846153846153843,0.985825215327543,184,0.053475935828877004,0.9245450249993051,1.2795698924731183,0.0,0.0,,0.0,1.0,0.0,1.0,0.8981624554900169,0,Bano,Alfombras de bano,AMBA,Mediano,Proveedor B,0,0,train
2024-01-01,T23,SKU00773,5,18.0,33.0,5.083333333333333,0.34030081816635394,1.180327868852459,12.0,0,0,22,-1.0,4.327868852459017,551,5.820422535211267,14,1,143,0.0,0.0,0.0,0.0,0,0.0,0.0,0.0,16,10,35,450,1,9.0,4.0,9.0,14,0,5.111111111111111,-0.783242258652094,0.008326140802716552,0.558983666061706,1.0774647887323943,1.51056338028169,0.9576426864239234,193,0.05154639175257732,0.960404851572678,1.1,245.0,3.0,6.7,0.0,0.0,0.0,2.0,0.9448784502811518,0,Iluminacion,Guirnaldas,AMBA,Mediano,Proveedor C,0,1,train
2024-01-01,T24,SKU00760,6,11.0,11.0,3.6666666666666665,0.6863485850246136,1.0,3.0,0,0,9,,2.4545454545454546,284,5.756756756756756,16,1,108,0.0,0.0,19.0,0.0,0,0.0,0.0,0.0,3,25,153,800,1,4.0,1.0,6.0,2,1,,,0.005523048266192669,0.5070422535211268,0.9324324324324323,2.189189189189189,0.9007589626863316,200,0.04411764705882353,0.9538730992308087,1.6474820143884892,0.0,0.0,,19.0,0.0,0.0,3.0,0.8397610990788378,0,Cocina y mesa,Cubiertos,AMBA,Grande,Proveedor D,0,0,train
2024-01-01,T26,SKU00169,1,6.0,12.0,2.25,0.5724697905173639,0.8888888888888888,11.0,0,0,9,-3.0,4.0,93,5.752577319587629,9,0,30,386.0,0.0,0.0,0.0,0,0.0,0.0,0.0,17,37,193,1200,1,2.0,3.0,4.0,15,0,6.545454545454546,-2.545454545454546,0.0038511869738617585,0.8709677419354839,1.072164948453608,1.8556701030927834,0.9214321426350727,195,0.050761421319796954,1.1074918566775245,0.19888475836431227,386.0,1.0,1.2,0.0,1.0,0.0,3.0,0.8813486291753775,0,Organizacion,Contenedores,NOA,Mediano,Proveedor E,0,0,train
2024-01-01,T28,SKU00075,2,3.0,4.0,0.5833333333333334,1.3593625047407298,1.7142857142857142,5.0,0,0,4,2.0,6.857142857142857,33,6.1265822784810124,10,0,28,0.0,0.0,0.0,0.0,0,0.0,0.0,0.0,12,37,193,1500,1,0.0,1.0,2.0,11,0,4.5,2.3571428571428568,0.0009255969986157832,1.2121212121212122,1.4852320675105484,5.198312236286919,0.9673810916961527,191,0.06217616580310881,0.9815840694714778,0.275092936802974,386.0,2.0,4.6,0.0,1.0,0.0,3.0,0.9062873704298277,0,Organizacion,Contenedores,AMBA,Grande,Proveedor E,0,0,train
2024-02-01,T05,SKU00004,8,20.0,28.0,7.0,0.20203050891044216,0.9523809523809524,4.0,0,0,53,5.0,7.571428571428571,721,5.841998649561107,20,1,288,0.0,0.0,0.0,0.0,0,0.0,0.0,0.0,4,32,147,450,2,5.0,7.0,8.0,3,1,6.0,1.5714285714285712,0.011141019155215169,1.4701803051317615,1.0452397029034435,2.3335584064821067,0.9777570620505504,194,0.03015075376884422,1.0297713217316267,0.06458333333333334,0.0,0.0,,0.0,0.0,0.0,2.0,0.9009491521232087,0,Iluminacion,Guirnaldas,AMBA,Mediano,Proveedor A,0,0,train
2024-02-01,T05,SKU00183,0,2.0,2.0,0.5,1.1547005383792515,1.3333333333333333,2.0,1,0,5,3.0,10.0,30,5.901639344262295,8,3,9,0.0,0.0,0.0,0.0,0,0.0,1.0,10.0,5,52,155,450,2,1.0,1.0,1.0,3,1,inf,,0.0007957870825153693,1.3333333333333333,1.1147540983606559,1.7704918032786887,0.9777570620505504,194,0.03015075376884422,0.9140838038176441,0.3438735177865613,0.0,0.0,,0.0,0.0,0.0,2.0,0.9101169712232128,0,Bano,Accesorios de bano,AMBA,Mediano,Proveedor J,0,0,train
2024-02-01,T06,SKU00166,0,3.0,5.0,0.5,1.809068067466582,2.0,4.0,1,0,4,2.0,8.0,62,5.098430102167955,18,0,31,192.0,0.0,0.0,0.0,0,0.0,0.0,0.0,13,46,192,1500,2,3.0,0.0,3.0,11,0,6.0,2.0,0.0008466969107291893,1.161290322580645,1.0416147520558185,2.5492150510839773,0.9381401770879417,190,0.03664921465968586,0.9548005908419498,1.0707635009310987,192.0,1.0,0.5,23.0,0.0,0.0,2.0,0.8914122044689458,0,Decoracion,Espejos,Centro,Mediano,Proveedor B,0,0,train
2024-02-01,T12,SKU00107,0,1.0,2.0,0.45454545454545453,1.5126136320951231,0.7333333333333333,4.0,1,0,4,1.0,8.8,40,5.0818094321462945,11,0,11,0.0,0.0,0.0,0.0,0,0.0,0.0,0.0,14,37,193,1200,2,1.0,0.0,2.0,10,1,6.0,2.8000000000000007,0.0008690463685207679,1.1,0.8893166506256015,1.397497593840231,0.9865414375447757,177,0.07303370786516854,1.011435112812496,1.6281179138321995,386.0,2.0,3.3,0.0,0.0,0.0,1.0,0.8991095967573834,0,Muebles,Estanterias,Cuyo,Chico,Proveedor E,0,0,train
2024-02-01,T13,SKU00072,2,6.0,13.0,2.4166666666666665,0.44839641494517174,0.8275862068965518,12.0,0,0,12,1.0,4.9655172413793105,264,4.700296735905044,17,0,90,364.0,0.0,0.0,0.0,0,0.0,0.0,0.0,15,31,182,1200,2,2.0,2.0,4.0,12,0,4.0740740740740735,0.891443167305237,0.003795674087410652,0.7727272727272727,0.9554896142433235,1.6023738872403561,0.9627923650687157,197,0.045454545454545456,0.9603494967043075,1.0356394129979036,364.0,1.0,1.8,0.0,0.0,0.0,2.0,0.868284770035323,0,Decoracion,Velas,Centro,Chico,Proveedor I,0,0,train
2024-02-01,T13,SKU00506,1,4.0,9.0,2.0,0.5640760748177663,0.6666666666666666,11.0,0,0,9,1.0,4.5,162,5.445378151260504,20,0,53,0.0,0.0,0.0,0.0,0,0.0,1.0,10.0,22,56,52,1200,2,2.0,1.0,4.0,20,0,4.0,0.5,0.003141247520615712,1.1111111111111112,0.9635854341736695,1.781512605042017,0.9627923650687157,197,0.045454545454545456,0.8919908568385079,1.2015810276679841,52.0,1.0,4.5,0.0,0.0,0.0,2.0,0.8652421522758309,0,Bano,Accesorios de bano,Centro,Chico,Proveedor F,0,0,train
2024-02-01,T16,SKU00248,1,3.0,5.0,0.9090909090909091,1.0382677881933928,1.1,7.0,0,0,4,1.0,4.4,43,5.099730458221025,13,0,19,0.0,36.0,0.0,0.0,0,0.0,0.0,0.0,12,11,36,600,2,1.0,1.0,3.0,10,1,3.4285714285714284,0.971428571428572,0.0015242806106243929,1.2093023255813955,1.0673854447439353,2.253369272237197,0.8953624306807685,178,0.061452513966480445,0.7318945662373113,0.43458980044345896,36.0,1.0,9.6,0.0,1.0,0.0,3.0,0.9122077965223816,0,Cocina y mesa,Vajilla,NOA,Grande,Proveedor H,0,0,train
2024-02-01,T17,SKU00122,2,4.0,7.0,1.6666666666666667,0.5325752187591565,0.7999999999999999,11.0,0,0,10,3.0,6.0,95,4.7698744769874475,12,0,53,0.0,0.0,0.0,0.0,0,0.0,0.0,0.0,25,31,182,600,2,1.0,1.0,3.0,23,0,3.652173913043478,2.347826086956522,0.0026875385642878133,1.263157894736842,1.0376569037656904,2.6610878661087867,0.94386354377788,199,0.02512562814070352,1.0906327189815694,1.1198347107438016,0.0,0.0,19.9,0.0,0.0,0.0,2.0,0.9550180106331863,0,Textil hogar,Acolchados,Centro,Chico,Proveedor I,0,0,train
2024-02-01,T17,SKU00473,2,11.0,21.0,3.9166666666666665,0.49242168348565474,0.9361702127659575,12.0,0,0,10,1.0,2.5531914893617023,309,5.601208459214502,18,0,88,0.0,0.0,0.0,0.0,0,0.0,0.0,0.0,21,28,21,600,2,4.0,5.0,8.0,20,0,2.511627906976744,0.04156358238495805,0.00631571562607636,0.5825242718446602,0.9546827794561934,1.595166163141994,0.94386354377788,199,0.02512562814070352,0.8301152937908043,0.8603104212860311,0.0,0.0,,0.0,0.0,0.0,3.0,0.9174369082595253,0,Cocina y mesa,Vajilla,Centro,Chico,Proveedor G,0,0,train
2024-02-01,T17,SKU00735,12,44.0,93.0,15.666666666666666,0.16583465178850956,0.9361702127659575,9.0,0,0,72,44.0,4.595744680851064,1215,5.728665781054128,16,0,461,0.0,0.0,0.0,0.0,0,0.0,0.0,0.0,9,46,192,600,2,17.0,15.0,19.0,8,1,1.7319587628865978,2.8637859179644662,0.02526286250430544,0.9481481481481482,1.0420042284880349,2.17359253091848,0.94386354377788,199,0.02512562814070352,0.9929493545183713,1.796420581655481,0.0,0.0,,0.0,0.0,0.0,2.0,0.8669089912218854,0,Iluminacion,Apliques,Centro,Chico,Proveedor B,0,0,train
2024-02-01,T18,SKU00426,1,6.0,13.0,1.875,0.7774602526460401,1.0666666666666667,7.0,0,0,12,3.0,6.4,159,5.251857968620975,18,0,40,0.0,0.0,0.0,37.0,0,0.0,0.0,0.0,10,28,21,1200,2,1.0,4.0,4.0,7,1,5.0,1.4000000000000004,0.0030982422668677755,1.3584905660377358,0.9028351224883017,1.3212221304706855,0.9649991913870831,203,0.014423076923076924,0.9128140064436423,1.6457399103139014,21.0,1.0,4.4,0.0,1.0,0.0,2.0,0.8702532660309377,0,Textil hogar,Cortinas,NOA,Mediano,Proveedor G,0,0,train
2024-02-01,T18,SKU00500,0,5.0,8.0,1.6666666666666667,0.6928203230275508,1.0,9.0,1,0,13,8.0,7.8,120,4.600638977635782,15,0,26,0.0,0.0,0.0,22.0,0,0.0,0.0,0.0,24,28,21,1200,2,3.0,2.0,3.0,22,0,3.1578947368421053,4.6421052631578945,0.0027539931261046893,1.625,1.060702875399361,0.9968051118210862,0.9649991913870831,203,0.014423076923076924,1.0611028256157873,0.6221590909090909,0.0,0.0,14.1,0.0,0.0,0.0,3.0,0.9087530372986038,0,Organizacion,Cajas,NOA,Mediano,Proveedor G,0,0,train
2024-02-01,T18,SKU00725,4,9.0,17.0,2.5,0.6030226891555273,1.2,11.0,0,0,12,-1.0,4.8,324,5.407510431154381,19,0,123,0.0,0.0,0.0,0.0,0,0.0,0.0,0.0,17,32,147,1200,2,3.0,2.0,5.0,14,0,4.875,-0.07500000000000018,0.004130989689157034,0.7037037037037036,1.1015299026425591,2.0528511821974966,0.9649991913870831,203,0.014423076923076924,0.9128140064436423,1.641255605381166,294.0,2.0,9.9,0.0,0.0,0.0,2.0,0.8702532660309377,0,Textil hogar,Cortinas,NOA,Mediano,Proveedor A,0,0,train
2024-02-01,T20,SKU00572,0,2.0,3.0,0.4166666666666667,1.2358287613066494,1.5999999999999999,5.0,1,0,2,-3.0,4.8,52,6.058252427184466,17,2,15,0.0,0.0,0.0,0.0,0,0.0,0.0,0.0,18,11,36,450,2,1.0,1.0,1.0,16,0,12.0,-7.2,0.0007270440102715267,0.6538461538461539,0.8543689320388349,1.7475728155339805,0.9823818666788868,196,0.050505050505050504,0.9812416516638597,0.1630170316301703,36.0,1.0,8.1,0.0,1.0,0.0,3.0,0.9156626860574262,0,Cocina y mesa,Cristaleria,AMBA,Mediano,Proveedor H,0,0,train
2024-02-01,T20,SKU00616,1,4.0,14.0,2.25,0.7370277311900888,0.5925925925925926,11.0,0,0,15,5.0,6.666666666666667,136,5.264516129032258,16,0,24,105.0,0.0,0.0,0.0,0,0.0,0.0,0.0,18,10,35,450,2,1.0,2.0,5.0,14,0,4.615384615384616,2.051282051282051,0.003926037655466244,1.7647058823529411,0.7741935483870969,0.9290322580645162,0.9823818666788868,196,0.050505050505050504,0.9812416516638597,1.2860310421286032,105.0,2.0,0.6,0.0,0.0,0.0,3.0,0.9156626860574262,0,Cocina y mesa,Vajilla,AMBA,Mediano,Proveedor C,0,0,train
2024-02-01,T21,SKU00681,11,43.0,56.0,11.2,0.9541464290994676,1.2797619047619049,4.0,0,0,89,69.0,7.946428571428572,1310,5.299352750809062,20,0,580,0.0,0.0,0.0,0.0,0,0.0,0.0,0.0,5,32,147,600,2,17.0,15.0,20.0,4,1,3.076923076923077,4.8695054945054945,0.019066585781396295,1.3587786259541985,1.0180690399137,2.3462783171521036,0.9879442215896118,194,0.05612244897959184,1.0197667127204793,1.0837988826815643,0.0,0.0,,0.0,0.0,0.0,2.0,0.899070385791454,0,Decoracion,Espejos,Cuyo,Grande,Proveedor A,0,0,train
2024-02-01,T21,SKU00701,1,5.0,10.0,1.6666666666666667,0.6,1.0,9.0,0,0,11,-3.0,6.6,170,5.895953757225434,18,0,50,35.0,0.0,0.0,0.0,0,0.0,0.0,0.0,10,10,35,600,2,3.0,1.0,3.0,8,1,8.4,-1.8000000000000007,0.0028372895508030206,1.1647058823529413,1.1213872832369944,1.7341040462427746,0.9879442215896118,194,0.05612244897959184,0.976364173094245,1.1036036036036037,35.0,1.0,0.6,0.0,0.0,0.0,3.0,0.889098529085437,0,Cocina y mesa,Manteleria,Cuyo,Grande,Proveedor C,0,0,train
2024-02-01,T24,SKU00291,2,11.0,22.0,3.5,0.305441419328485,1.0476190476190477,8.0,0,0,21,13.0,6.0,332,5.456822332376729,19,0,151,0.0,0.0,0.0,0.0,0,0.0,0.0,0.0,9,11,36,800,2,5.0,4.0,5.0,7,1,2.3529411764705883,3.6470588235294117,0.005581094184387111,1.2018072289156627,1.0245238716410123,2.481867988520741,0.9365607574181037,203,0.058823529411764705,0.8749050246300868,0.8273273273273273,36.0,1.0,5.7,0.0,0.0,0.0,3.0,0.8618006543257092,0,Cocina y mesa,Manteleria,AMBA,Grande,Proveedor H,0,0,train
2024-02-01,T24,SKU00651,12,19.0,42.0,6.416666666666667,0.4226814321251539,0.9870129870129869,12.0,0,0,26,-26.0,4.0519480519480515,501,5.227826086956522,15,0,129,0.0,0.0,0.0,0.0,0,0.0,0.0,0.0,23,25,153,800,2,5.0,2.0,12.0,21,0,7.8,-3.7480519480519483,0.010232006004709703,0.7784431137724551,1.0434782608695652,1.3460869565217393,0.9365607574181037,203,0.058823529411764705,0.9081455193905205,1.0,0.0,0.0,13.7,0.0,1.0,0.0,1.0,0.8851364906970948,0,Muebles,Mesas auxiliares,AMBA,Grande,Proveedor D,0,0,train
2024-02-01,T25,SKU00343,0,4.0,10.0,1.5,0.6030226891555273,0.8888888888888888,11.0,1,0,5,-1.0,3.3333333333333335,126,5.25,15,0,40,42.0,63.0,0.0,0.0,0,0.0,0.0,0.0,15,28,21,1500,2,1.0,3.0,3.0,14,0,4.0,-0.6666666666666665,0.002304876387838523,0.5952380952380952,1.0138888888888888,1.6666666666666667,0.9675358881393267,204,0.04390243902439024,0.9513506108998416,0.2830188679245283,42.0,1.0,2.3,0.0,1.0,0.0,2.0,0.9203807004288469,0,Decoracion,Velas,Centro,Grande,Proveedor G,0,0,train
2024-02-01,T26,SKU00340,15,44.0,88.0,13.75,0.2238922140588039,1.0666666666666667,12.0,0,0,99,22.0,7.2,1413,6.312732688011914,17,0,336,21.0,0.0,0.0,0.0,0,0.0,0.0,0.0,16,28,21,1200,2,11.0,18.0,18.0,15,0,5.435294117647059,1.7647058823529411,0.02303498410637467,1.1910828025477707,1.0975428145941921,1.5011169024571853,0.9560216433966893,199,0.05970149253731343,0.9757045675413023,0.4270833333333333,84.0,3.0,1.0,0.0,0.0,0.0,2.0,0.9117499296574013,0,Iluminacion,Guirnaldas,NOA,Mediano,Proveedor G,0,0,train
2024-02-01,T26,SKU00464,6,11.0,18.0,3.2857142857142856,0.6014056209056935,1.1159420289855073,7.0,0,0,13,-4.0,3.956521739130435,369,5.67733899919408,20,1,85,0.0,104.0,0.0,0.0,0,0.0,1.0,10.0,7,56,52,1200,2,4.0,1.0,6.0,6,1,5.666666666666667,-1.710144927536232,0.0055044637345103105,0.7046070460704608,0.9795589420470364,1.3077881163455198,0.9560216433966893,199,0.05970149253731343,1.0254734211285206,1.7460732984293195,0.0,0.0,,0.0,0.0,0.0,2.0,0.9459787622788542,0,Bano,Cortinas de bano,NOA,Mediano,Proveedor F,0,0,train
2024-02-01,T26,SKU00718,2,4.0,9.0,1.4,0.3688555567816587,0.9523809523809524,10.0,0,0,10,7.0,7.142857142857143,162,5.870746929736259,16,0,50,147.0,147.0,0.0,0.0,0,0.0,0.0,0.0,10,32,147,1200,2,1.0,1.0,2.0,9,1,2.1,5.042857142857143,0.002345380199921784,0.9876543209876543,0.9301389168512181,1.8119589289309441,0.9560216433966893,199,0.05970149253731343,1.105263157894737,1.5408921933085502,147.0,1.0,1.9,0.0,1.0,0.0,3.0,0.8932639423581233,0,Organizacion,Contenedores,NOA,Mediano,Proveedor A,0,0,train
2024-02-01,T27,SKU00354,10,24.0,42.0,6.5,0.6030226891555273,1.2307692307692308,11.0,0,0,42,5.0,6.461538461538462,591,4.690476190476191,18,0,301,0.0,0.0,0.0,0.0,0,0.0,0.0,0.0,21,11,36,1200,2,9.0,5.0,11.0,18,0,5.92,0.5415384615384617,0.010331826642064022,1.279187817258883,1.037037037037037,2.388888888888889,0.9680126807718445,198,0.05,0.9217117503935881,2.0632603406326036,36.0,1.0,10.9,56.0,0.0,0.0,3.0,0.9321551325282561,0,Cocina y mesa,Cristaleria,AMBA,Chico,Proveedor H,0,0,train
2024-02-01,T27,SKU00562,2,12.0,22.0,3.1,0.5365580623602,1.2903225806451613,10.0,0,0,25,1.0,8.064516129032258,212,5.213114754098361,13,0,109,35.0,0.0,0.0,0.0,0,0.0,1.0,10.0,10,10,35,1200,2,5.0,5.0,5.0,9,1,8.842105263157894,-0.7775891341256358,0.004927486552368995,1.5330188679245285,1.139344262295082,2.680327868852459,0.9680126807718445,198,0.05,0.8204379713428719,0.541501976284585,35.0,1.0,0.9,0.0,0.0,0.0,2.0,0.9052445956333217,0,Bano,Accesorios de bano,AMBA,Chico,Proveedor C,0,0,train
2024-03-01,T01,SKU00394,0,1.0,3.0,0.6666666666666666,0.9770084209183945,0.5,7.0,1,0,3,3.0,4.5,26,4.656716417910447,9,0,11,0.0,0.0,0.0,0.0,0,0.0,0.0,0.0,16,10,35,800,3,1.0,0.0,2.0,12,0,0.0,4.5,0.0010488451380721193,1.0384615384615385,0.6567164179104477,1.970149253731343,1.00217152942791,199,0.05,1.0330644608459199,1.749379652605459,105.0,1.0,9.5,0.0,0.0,0.0,2.0,0.9119360015800276,1,Iluminacion,Lamparas de mesa,Cuyo,Grande,Proveedor C,0,0,train
2024-03-01,T02,SKU00502,0,0.0,-1.0,0.16666666666666666,3.4641016151377553,0.0,3.0,7,0,3,-1.0,18.0,36,4.235294117647059,14,1,14,0.0,0.0,0.0,0.0,0,0.0,0.0,0.0,15,37,193,450,3,0.0,0.0,1.0,14,0,12.0,6.0,0.0002774489827170903,1.1666666666666665,1.0196078431372548,1.6470588235294117,0.9510951127541857,191,0.036458333333333336,0.8151006270004824,0.8366890380313199,0.0,0.0,12.2,12.0,0.0,0.0,2.0,0.8861005478623531,1,Iluminacion,Apliques,AMBA,Grande,Proveedor E,0,1,train
2024-03-01,T02,SKU00548,1,8.0,19.0,2.909090909090909,0.563887178431998,0.9166666666666666,10.0,0,0,15,1.0,5.15625,116,3.7345126987740236,9,0,60,153.0,153.0,0.0,0.0,0,0.0,0.0,0.0,11,25,153,450,3,5.0,2.0,5.0,10,1,4.666666666666667,0.48958333333333304,0.004842745880152849,1.1637931034482758,1.0087476830021789,1.9316444993658743,0.9510951127541857,191,0.036458333333333336,0.9010988203570155,0.35964912280701755,153.0,1.0,1.1,0.0,0.0,0.0,1.0,0.9105614015567312,1,Muebles,Racks,AMBA,Grande,Proveedor D,0,0,train
2024-03-01,T04,SKU00362,3,10.0,10.0,3.3333333333333335,0.458257569495584,1.0,3.0,0,0,25,,7.5,166,5.533333333333333,9,1,56,0.0,0.0,0.0,0.0,0,0.0,0.0,0.0,3,46,192,450,3,5.0,2.0,5.0,2,1,,,0.004682386715886457,1.3554216867469882,1.0,1.8666666666666667,0.9683175728453193,219,0.04504504504504504,0.9073842851837666,1.6582809224318658,0.0,0.0,,0.0,1.0,0.0,2.0,0.8786543113840498,1,Decoracion,Velas,Centro,Grande,Proveedor B,0,0,train
2024-03-01,T06,SKU00246,1,2.0,2.0,0.5,1.1547005383792515,1.3333333333333333,2.0,0,0,1,-1.0,2.0,23,5.75,8,2,0,0.0,0.0,0.0,0.0,0,0.0,0.0,0.0,4,31,182,1500,3,0.0,1.0,1.0,3,1,inf,,0.0008777659046463772,0.34782608695652173,1.1666666666666667,0.0,0.9643721405714865,195,0.06091370558375635,0.9473684210526316,0.18120805369127516,0.0,0.0,,0.0,0.0,0.0,2.0,0.8936310484183999,1,Iluminacion,Apliques,Centro,Mediano,Proveedor I,0,0,train
2024-03-01,T06,SKU00473,2,6.0,12.0,3.3333333333333335,0.6045283661289564,0.6,12.0,0,0,11,-8.0,3.3,308,5.686153846153847,17,0,104,0.0,0.0,0.0,0.0,0,0.0,0.0,0.0,22,28,21,1500,3,2.0,2.0,7.0,20,0,4.75,-1.4500000000000002,0.005851772697642515,0.6071428571428572,1.0092307692307692,1.9200000000000002,0.9643721405714865,195,0.06091370558375635,0.9802291263368348,0.8603104212860311,0.0,0.0,,0.0,0.0,0.0,2.0,0.9057716854097628,1,Cocina y mesa,Vajilla,Centro,Mediano,Proveedor G,0,0,train
2024-03-01,T07,SKU00408,2,10.0,18.0,2.8181818181818183,0.4712328021245199,1.1827956989247312,11.0,0,0,15,8.0,5.32258064516129,127,4.803897220364886,8,0,59,155.0,465.0,0.0,0.0,0,0.0,0.0,0.0,12,52,155,800,3,5.0,3.0,5.0,10,1,2.6666666666666665,2.6559139784946235,0.004389580802899955,0.9448818897637795,0.983475021492024,2.231731779539593,1.0036092108823844,197,0.04477611940298507,0.9090283038358239,1.4172043010752688,310.0,2.0,1.4,0.0,0.0,0.0,2.0,0.955274678635238,1,Bano,Alfombras de bano,Centro,Mediano,Proveedor J,0,0,train
2024-03-01,T07,SKU00725,5,13.0,18.0,2.75,0.6416545105382372,1.5757575757575757,11.0,0,0,27,15.0,9.818181818181818,369,6.15855354659249,19,1,79,0.0,0.0,0.0,0.0,0,0.0,0.0,0.0,18,32,147,800,3,3.0,5.0,5.0,16,0,3.8918918918918917,5.926289926289927,0.004283381267345924,1.3902439024390243,1.0458970792767732,1.3184979137691237,1.0036092108823844,197,0.04477611940298507,1.0881448347468354,1.641255605381166,294.0,2.0,10.9,0.0,0.0,0.0,2.0,0.8995539955700185,1,Textil hogar,Cortinas,Centro,Mediano,Proveedor A,0,0,train
2024-03-01,T10,SKU00415,6,9.0,9.0,3.0,0.8819171036881969,1.0,3.0,0,0,8,,2.6666666666666665,148,4.130232558139535,18,1,40,0.0,384.0,0.0,0.0,0,0.0,0.0,0.0,4,46,192,450,3,2.0,1.0,6.0,2,1,,,0.005220374375419494,0.972972972972973,0.8930232558139535,1.1162790697674418,1.0011517968860053,187,0.05319148936170213,1.0573792809536775,0.6682134570765661,0.0,0.0,,0.0,0.0,0.0,1.0,0.9435575073771777,1,Muebles,Sillas,AMBA,Mediano,Proveedor B,0,0,train
2024-03-01,T12,SKU00196,5,24.0,41.0,8.2,0.291154546007642,0.9756097560975611,5.0,0,0,33,-9.0,4.024390243902439,633,5.785035849118188,16,1,231,0.0,0.0,0.0,0.0,0,0.0,0.0,0.0,7,37,193,1200,3,8.0,11.0,11.0,4,1,4.9411764705882355,-0.9167862266857965,0.015217632755106937,0.8341232227488151,0.9900666935036393,2.1111268264554526,0.9742996581013589,184,0.0427807486631016,1.0019358244852468,1.1824953445065176,0.0,0.0,,0.0,0.0,0.0,2.0,0.8970656398318794,1,Decoracion,Espejos,Cuyo,Chico,Proveedor E,0,0,train
2024-03-01,T13,SKU00381,2,5.0,10.0,1.6666666666666667,0.6196773353931866,1.0,5.0,0,0,8,5.0,4.8,110,4.055477528089888,15,0,45,0.0,0.0,0.0,0.0,0,0.0,0.0,0.0,7,25,153,1200,3,3.0,0.0,3.0,5,1,1.7999999999999998,3.0,0.0026028249664998963,1.090909090909091,0.8725421348314607,1.659058988764045,0.9646069325848614,198,0.05025125628140704,0.9286664145326777,2.201570680628272,0.0,0.0,,0.0,0.0,0.0,2.0,0.8514523079996924,1,Bano,Cortinas de bano,Centro,Chico,Proveedor D,0,0,train
2024-03-01,T13,SKU00619,7,10.0,19.0,3.5833333333333335,0.7282922201918918,0.9302325581395349,10.0,0,0,15,-4.0,4.186046511627906,238,4.840677966101695,15,0,73,0.0,0.0,28.0,0.0,0,0.0,0.0,0.0,14,31,182,1200,3,3.0,0.0,9.0,12,0,5.135135135135135,-0.9490886235072287,0.005596073677974777,0.9453781512605042,1.0847457627118644,1.4847457627118645,0.9646069325848614,198,0.05025125628140704,1.050719592234108,1.0,182.0,1.0,11.4,28.0,0.0,0.0,2.0,0.928137784418097,1,Iluminacion,Apliques,Centro,Chico,Proveedor I,0,0,train
2024-03-01,T14,SKU00535,0,4.0,6.0,1.5,0.8287754140107481,0.8888888888888888,8.0,1,0,11,3.0,7.333333333333333,114,6.053097345132744,12,1,33,192.0,0.0,0.0,0.0,0,0.0,0.0,0.0,14,46,192,1500,3,3.0,1.0,3.0,13,0,4.631578947368421,2.701754385964912,0.0027363935004928864,1.1578947368421053,1.008849557522124,1.752212389380531,0.9619943372843881,190,0.07253886010362694,0.9626169117155331,0.7982062780269058,576.0,2.0,1.4,0.0,0.0,0.0,2.0,0.9399631938244043,1,Textil hogar,Cortinas,AMBA,Grande,Proveedor B,0,0,train
2024-03-01,T14,SKU00651,5,18.0,32.0,5.166666666666667,0.7186845107393987,1.161290322580645,11.0,0,0,33,11.0,6.387096774193548,407,4.8937875751503,13,0,214,0.0,0.0,0.0,0.0,0,0.0,0.0,0.0,24,25,153,1500,3,6.0,7.0,11.0,21,0,6.13953488372093,0.24756189047261845,0.009425355390586608,1.0540540540540542,1.0781563126252505,2.5731462925851702,0.9619943372843881,190,0.07253886010362694,0.928155078175269,1.0,0.0,0.0,14.7,0.0,1.0,0.0,1.0,0.8981802695765901,1,Muebles,Mesas auxiliares,AMBA,Grande,Proveedor D,0,0,train
2024-03-01,T15,SKU00473,1,6.0,15.0,2.75,0.641654510538237,0.7272727272727273,12.0,0,0,22,-2.0,8.0,308,5.686153846153847,17,0,104,0.0,0.0,0.0,0.0,0,0.0,0.0,0.0,22,28,21,600,3,2.0,3.0,6.0,20,0,9.6,-1.5999999999999996,0.0038737785439623557,1.2142857142857144,1.0092307692307692,1.9200000000000002,0.9433237690691361,211,0.0330188679245283,0.965278635858149,0.8603104212860311,0.0,0.0,,0.0,0.0,0.0,2.0,0.927504011914912,1,Cocina y mesa,Vajilla,NOA,Mediano,Proveedor G,0,0,train
2024-03-01,T17,SKU00551,0,0.0,0.0,0.0,,,0.0,3,1,3,,inf,51,6.0,14,3,30,0.0,0.0,0.0,0.0,0,0.0,0.0,0.0,3,37,193,600,3,0.0,0.0,0.0,2,1,,,0.0,0.8235294117647058,0.9803921568627452,3.5294117647058822,0.9528253639982593,212,0.03773584905660377,0.9957464317679476,1.06875,0.0,0.0,,0.0,0.0,0.0,2.0,0.9221992499147829,1,Decoracion,Plantas artificiales,Centro,Chico,Proveedor E,0,0,train
2024-03-01,T20,SKU00783,1,3.0,15.0,1.8181818181818181,1.1222744762311936,0.55,8.0,0,0,10,0.0,5.5,165,5.497963717141799,18,1,78,0.0,0.0,0.0,0.0,0,0.0,0.0,0.0,11,46,192,450,3,1.0,1.0,6.0,10,1,4.705882352941177,0.7941176470588234,0.0031608177010306712,1.090909090909091,0.9329877823028507,2.5990373935579414,0.9978701482153829,205,0.04830917874396135,0.9451338295987008,1.1096491228070176,384.0,2.0,5.5,0.0,0.0,0.0,1.0,0.8716688473874203,1,Muebles,Racks,AMBA,Mediano,Proveedor B,0,0,train
2024-03-01,T21,SKU00004,7,19.0,22.0,5.5,0.5454545454545454,1.1515151515151514,4.0,0,0,37,-7.0,6.7272727272727275,703,6.013686911890504,19,0,132,0.0,147.0,0.0,0.0,0,0.0,0.0,0.0,5,32,147,600,3,9.0,3.0,9.0,3,1,14.666666666666666,-7.939393939393939,0.009407943189500077,1.0,1.0265183917878529,1.129170230966638,0.9710137728314322,191,0.0625,0.9995363931386184,0.06458333333333334,0.0,0.0,,0.0,1.0,0.0,2.0,0.9563038703097303,1,Iluminacion,Guirnaldas,Cuyo,Grande,Proveedor A,0,0,train
2024-03-01,T21,SKU00497,1,6.0,16.0,3.1666666666666665,0.5357997197768198,0.6315789473684211,12.0,0,0,10,1.0,3.1578947368421053,179,4.401639344262295,12,0,93,0.0,153.0,0.0,0.0,0,0.0,0.0,0.0,16,25,153,600,3,2.0,3.0,6.0,14,0,2.6999999999999997,0.4578947368421056,0.00541669456365156,0.670391061452514,1.0,2.2868852459016393,0.9710137728314322,191,0.0625,1.0392116432786989,0.11031175059952038,0.0,0.0,,0.0,0.0,0.0,2.0,0.8775824070560111,1,Cocina y mesa,Cubiertos,Cuyo,Grande,Proveedor D,0,0,train
2024-03-01,T22,SKU00611,0,3.0,8.0,1.625,0.730913808717182,0.6153846153846154,7.0,1,0,4,-3.0,2.4615384615384617,105,4.25436128306134,14,1,59,0.0,0.0,0.0,0.0,0,0.0,0.0,0.0,9,46,192,1500,3,2.0,1.0,4.0,7,1,3.5,-1.0384615384615383,0.0024855507532413413,0.5333333333333333,0.9859313449634215,2.3905458638154196,1.0028878628975832,203,0.03902439024390244,0.9903781938707362,1.5962877030162412,0.0,0.0,,0.0,0.0,0.0,1.0,0.9087610350336978,1,Muebles,Sillas,AMBA,Mediano,Proveedor B,0,0,train
2024-03-01,T22,SKU00725,6,13.0,20.0,3.1666666666666665,0.48237638894272006,1.368421052631579,12.0,0,0,21,5.0,6.631578947368421,369,6.15855354659249,19,1,79,0.0,0.0,0.0,0.0,0,0.0,0.0,0.0,18,32,147,1500,3,4.0,3.0,6.0,15,0,6.4,0.23157894736842088,0.004843637365290819,1.08130081300813,1.0458970792767732,1.3184979137691237,1.0028878628975832,203,0.03902439024390244,0.9763065671186958,1.641255605381166,294.0,2.0,10.9,0.0,0.0,0.0,2.0,0.8497692364299609,1,Textil hogar,Cortinas,AMBA,Mediano,Proveedor A,0,0,train
2024-03-01,T24,SKU00098,-3,-2.0,-2.0,0.16666666666666666,7.160497697278261,-4.0,4.0,2,0,1,-1.0,6.0,44,4.190476190476191,15,1,0,0.0,0.0,0.0,0.0,0,0.0,0.0,0.0,16,32,147,800,3,0.0,1.0,2.0,14,0,4.0,2.0,0.0002462006234524532,0.34090909090909094,0.9206349206349206,0.0,0.973969666377905,214,0.06451612903225806,0.942946145426992,1.3478260869565217,294.0,1.0,6.1,0.0,0.0,0.0,2.0,0.8927154101109694,1,Bano,Accesorios de bano,AMBA,Grande,Proveedor A,0,0,train
2024-03-01,T24,SKU00317,3,5.0,11.0,1.5,0.7247430753394787,1.1111111111111112,9.0,0,0,13,5.0,8.666666666666666,134,5.187096774193548,16,0,49,147.0,0.0,0.0,0.0,0,0.0,0.0,0.0,22,32,147,800,3,2.0,0.0,3.0,21,0,6.0,2.666666666666666,0.002215805611072079,1.5522388059701493,0.8129032258064516,1.8967741935483868,0.973969666377905,214,0.06451612903225806,0.8745734997846352,1.154970760233918,294.0,2.0,1.8,0.0,1.0,0.0,1.0,0.8908100675278843,1,Muebles,Racks,AMBA,Grande,Proveedor A,0,0,train
2024-03-01,T24,SKU00508,5,13.0,13.0,4.333333333333333,0.26646935501059654,1.0,3.0,0,0,13,,3.0,300,5.070422535211268,19,1,100,153.0,0.0,0.0,0.0,0,0.0,0.0,0.0,3,25,153,800,3,5.0,3.0,5.0,2,1,,,0.006401216209763783,0.8233333333333334,0.9633802816901409,1.6901408450704225,0.973969666377905,214,0.06451612903225806,0.9653971152387151,1.7153284671532847,153.0,1.0,0.5,0.0,0.0,0.0,2.0,0.8666235772730151,1,Cocina y mesa,Cristaleria,AMBA,Grande,Proveedor D,0,0,train
2024-03-01,T25,SKU00271,4,7.0,10.0,2.5,1.8618986725025255,0.9333333333333333,3.0,0,0,26,17.0,10.4,304,5.145275035260931,18,1,127,0.0,0.0,0.0,0.0,0,0.0,0.0,0.0,4,28,21,1500,3,-4.0,7.0,7.0,3,1,3.0,7.4,0.003754561141646643,1.5394736842105263,0.998589562764457,2.1495063469675597,0.9786889375892249,209,0.04739336492890995,1.0092747687226626,0.8359683794466403,0.0,0.0,,0.0,0.0,0.0,2.0,0.8639063340987465,1,Bano,Accesorios de bano,Centro,Grande,Proveedor G,0,0,train
2024-03-01,T26,SKU00255,1,4.0,5.0,0.8333333333333334,0.9033271832508971,1.5999999999999999,4.0,0,0,9,0.0,10.799999999999999,119,6.061120543293718,14,2,37,108.0,0.0,0.0,0.0,0,0.0,0.0,0.0,6,11,36,1200,3,2.0,1.0,2.0,5,1,27.0,-16.200000000000003,0.0012584445853732894,1.0588235294117647,0.9507640067911716,1.8845500848896435,0.9735327312447766,216,0.05092592592592592,0.9812594441679344,0.3687150837988827,108.0,2.0,0.3,0.0,0.0,0.0,2.0,0.9333730868027875,1,Decoracion,Espejos,NOA,Mediano,Proveedor H,0,0,train
2024-03-01,T26,SKU00675,0,2.0,10.0,1.4166666666666667,0.9733795545193757,0.4705882352941176,9.0,1,0,9,-4.0,6.352941176470588,115,3.7912087912087915,17,0,54,294.0,0.0,0.0,0.0,0,0.0,0.0,0.0,26,32,147,1200,3,2.0,0.0,5.0,24,0,8.210526315789474,-1.8575851393188865,0.002139355795134592,1.3304347826086957,0.8681318681318682,1.7802197802197803,0.9735327312447766,216,0.05092592592592592,1.0490602426692737,1.8236559139784947,294.0,2.0,0.3,8.0,2.0,0.0,2.0,0.9636866826349629,1,Bano,Alfombras de bano,NOA,Mediano,Proveedor A,0,0,train
2024-03-01,T28,SKU00146,5,9.0,16.0,2.0833333333333335,0.7508540591764942,1.44,10.0,0,0,12,10.0,5.76,154,5.220338983050848,17,0,59,155.0,0.0,0.0,0.0,0,0.0,0.0,0.0,23,52,155,1500,3,3.0,1.0,5.0,22,0,1.0,4.76,0.0032581822547602893,1.3246753246753247,1.175141242937853,2.0,0.9811038405534183,206,0.06310679611650485,0.9735887317223487,1.328125,155.0,1.0,1.8,30.0,0.0,0.0,2.0,0.8899544050112336,1,Textil hogar,Sabanas,AMBA,Grande,Proveedor J,0,0,train
2024-03-01,T28,SKU00188,3,5.0,8.0,0.875,1.2868475730966895,1.9047619047619049,6.0,0,0,2,0.0,2.2857142857142856,47,4.333699231613611,15,0,42,0.0,104.0,0.0,0.0,0,0.0,0.0,0.0,8,56,52,1500,3,1.0,1.0,3.0,7,1,5.0,-2.7142857142857144,0.0013684365469993213,0.6382978723404256,1.16794731064764,3.872667398463227,0.9811038405534183,206,0.06310679611650485,0.998003992015968,0.725130890052356,104.0,1.0,5.2,0.0,2.0,0.0,2.0,0.8944805673377169,1,Bano,Cortinas de bano,AMBA,Grande,Proveedor F,0,0,train
2024-04-01,T01,SKU00701,1,2.0,10.0,1.6666666666666667,0.7816067367347155,0.39999999999999997,10.0,0,0,7,-1.0,4.2,152,5.747350329418504,17,0,41,35.0,0.0,0.0,0.0,0,0.0,0.0,0.0,12,10,35,800,4,0.0,1.0,4.0,11,0,4.0,0.20000000000000018,0.00253484270231131,0.7828947368421052,0.9452878831280435,1.5502721283299914,0.9875747168204865,208,0.05263157894736842,0.9513155974903945,1.1036036036036037,35.0,1.0,2.6,0.0,0.0,0.0,2.0,0.8725502086346362,1,Cocina y mesa,Manteleria,Cuyo,Grande,Proveedor C,0,0,train
2024-04-01,T01,SKU00734,1,5.0,9.0,1.3333333333333333,0.8048150549829898,1.2500000000000002,9.0,0,0,10,6.0,7.5,169,5.982300884955753,19,1,67,0.0,0.0,0.0,0.0,0,0.0,0.0,0.0,20,52,155,800,4,2.0,2.0,3.0,18,0,3.0,4.5,0.002027874161849048,1.1242603550295858,1.191740412979351,2.3716814159292037,0.9875747168204865,208,0.05263157894736842,0.9954960968514835,1.6189591078066914,620.0,3.0,5.2,0.0,0.0,0.0,2.0,0.9619199987663893,1,Organizacion,Contenedores,Cuyo,Grande,Proveedor J,0,1,train
2024-04-01,T02,SKU00053,1,2.0,5.0,0.8333333333333334,0.692820323027551,0.7999999999999999,9.0,0,0,2,-1.0,2.4,58,4.702702702702703,20,1,37,21.0,0.0,0.0,0.0,0,0.0,0.0,0.0,23,28,21,450,4,1.0,0.0,2.0,21,0,4.0,-1.6,0.0012964396176232725,0.6896551724137931,1.189189189189189,3.0,0.9469194967120381,204,0.03414634146341464,0.9219551099464509,0.9878345498783455,84.0,2.0,1.6,0.0,0.0,0.0,2.0,0.9354226948317744,1,Cocina y mesa,Cristaleria,AMBA,Grande,Proveedor G,0,0,train
2024-04-01,T04,SKU00541,3,13.0,21.0,3.5,0.43073049225394805,1.238095238095238,11.0,0,0,21,-2.0,6.0,271,5.675392670157068,15,0,57,294.0,0.0,0.0,0.0,0,0.0,0.0,0.0,15,32,147,450,4,5.0,5.0,5.0,14,0,6.731707317073171,-0.7317073170731714,0.004572591372648382,1.1623616236162362,0.9703315881326353,1.193717277486911,0.9524054601887629,238,0.058577405857740586,0.9939121405707938,0.20194647201946472,294.0,2.0,0.2,0.0,0.0,0.0,2.0,0.9098084502728255,1,Cocina y mesa,Cristaleria,Centro,Grande,Proveedor A,0,0,train
2024-04-01,T06,SKU00025,6,8.0,17.0,3.0,0.6085806194501846,0.8888888888888888,7.0,0,0,15,-4.0,5.0,251,5.2741644986992195,15,0,96,0.0,0.0,0.0,0.0,0,0.0,0.0,0.0,7,10,35,1500,4,1.0,1.0,6.0,6,1,5.846153846153846,-0.8461538461538458,0.004894815615662562,0.896414342629482,0.9595757454472683,2.0172103261957175,0.9446994138228745,202,0.03864734299516908,0.9847884827979663,1.4834710743801653,0.0,0.0,,0.0,0.0,0.0,1.0,0.8914701808336031,1,Textil hogar,Acolchados,Centro,Mediano,Proveedor C,0,0,train
2024-04-01,T06,SKU00619,4,9.0,27.0,4.333333333333333,0.3725376392130686,0.6923076923076924,12.0,0,0,17,-10.0,3.9230769230769234,283,5.451043338683788,16,0,130,0.0,0.0,0.0,0.0,0,0.0,0.0,0.0,15,31,182,1500,4,3.0,2.0,7.0,13,0,5.60377358490566,-1.680696661828737,0.0070702892226237,0.9611307420494699,1.07223113964687,2.504012841091493,0.9446994138228745,202,0.03864734299516908,0.9918423645320196,1.0,0.0,0.0,12.4,57.0,0.0,0.0,2.0,0.9121306969645526,1,Iluminacion,Apliques,Centro,Mediano,Proveedor I,0,0,train
2024-04-01,T07,SKU00448,2,13.0,21.0,3.090909090909091,0.7007163907085465,1.4019607843137254,11.0,0,0,10,-3.0,3.235294117647059,146,5.4034654853361745,8,0,50,192.0,0.0,0.0,0.0,0,0.0,0.0,0.0,12,46,192,800,4,3.0,8.0,8.0,10,1,4.9523809523809526,-1.7170868347338937,0.004772164246664748,0.547945205479452,0.8512308641283015,1.8505018785397858,1.0313489083674285,203,0.04878048780487805,0.9566922117269648,0.9052044609665427,576.0,3.0,1.4,43.0,0.0,0.0,2.0,0.8907657360809136,1,Organizacion,Contenedores,Centro,Mediano,Proveedor B,0,0,train
2024-04-01,T11,SKU00256,2,6.0,17.0,2.6666666666666665,0.5140083126317566,0.75,12.0,0,0,32,9.0,12.0,180,6.334310850439882,9,0,50,0.0,0.0,0.0,0.0,0,0.0,0.0,0.0,26,31,182,800,4,3.0,1.0,6.0,24,0,8.117647058823529,3.882352941176471,0.004381467176249318,1.6,0.8445747800586509,1.7595307917888563,0.937633975717354,212,0.07441860465116279,0.8702714522225344,0.4967741935483871,0.0,0.0,,0.0,0.0,0.0,2.0,0.8770906004343114,1,Bano,Alfombras de bano,AMBA,Grande,Proveedor I,0,0,train
2024-04-01,T11,SKU00378,0,3.0,4.0,0.75,1.005037815259212,1.3333333333333333,7.0,1,0,4,2.0,5.333333333333333,56,5.169230769230769,16,0,2,0.0,384.0,19.0,0.0,0,0.0,0.0,0.0,27,46,192,800,4,1.0,2.0,2.0,21,0,3.0,2.333333333333333,0.0012322876433201208,1.1428571428571428,0.8307692307692307,0.1846153846153846,0.937633975717354,212,0.07441860465116279,0.9745185091648992,0.22105263157894736,0.0,0.0,,19.0,0.0,0.0,1.0,0.9209965224324322,1,Muebles,Mesas auxiliares,AMBA,Grande,Proveedor B,0,0,train
2024-04-01,T12,SKU00188,1,2.0,3.0,0.7777777777777778,1.0714285714285714,0.8571428571428571,5.0,0,0,5,1.0,6.428571428571429,42,4.513432835820896,14,0,12,0.0,104.0,0.0,0.0,0,0.0,0.0,0.0,9,56,52,1200,4,1.0,0.0,2.0,8,1,4.8,1.628571428571429,0.0014336773604856044,1.6666666666666667,1.2895522388059701,1.2895522388059701,0.9363961274485977,198,0.0707070707070707,0.8893738949751939,0.725130890052356,104.0,1.0,6.1,0.0,2.0,0.0,2.0,0.9318768027274532,1,Bano,Cortinas de bano,Cuyo,Chico,Proveedor F,0,0,train
2024-04-01,T13,SKU00022,0,3.0,9.0,1.6666666666666667,0.7348469228349533,0.6,7.0,1,0,11,1.0,6.6,55,5.624999999999999,6,0,15,0.0,441.0,0.0,0.0,0,0.0,0.0,0.0,9,32,147,1200,4,2.0,1.0,4.0,8,1,5.0,1.5999999999999996,0.0025665829675443363,1.2000000000000002,1.0909090909090908,1.534090909090909,0.9342362001861383,211,0.02336448598130841,0.92517188438689,0.19664268585131894,0.0,0.0,,0.0,0.0,0.0,2.0,0.8721068162443191,1,Cocina y mesa,Cubiertos,Centro,Chico,Proveedor A,0,0,train
2024-04-01,T13,SKU00381,3,8.0,11.0,1.8571428571428572,0.5756395979652217,1.4358974358974357,6.0,0,0,11,0.0,5.9230769230769225,136,4.815173867228662,16,0,39,0.0,153.0,0.0,0.0,0,0.0,0.0,0.0,8,25,153,1200,4,2.0,3.0,3.0,6,1,8.8,-2.8769230769230782,0.0028599067352636886,1.2941176470588236,0.9323498419388829,1.380821917808219,0.9342362001861383,211,0.02336448598130841,0.9035446055570342,2.201570680628272,0.0,0.0,,0.0,0.0,0.0,2.0,0.8495053414672229,1,Bano,Cortinas de bano,Centro,Chico,Proveedor D,0,0,train
2024-04-01,T13,SKU00548,2,15.0,20.0,3.75,0.6444792745725306,1.3333333333333333,12.0,0,0,19,-4.0,5.066666666666666,169,5.05873282235022,10,0,32,306.0,153.0,0.0,0.0,0,0.0,0.0,0.0,12,25,153,1200,4,4.0,9.0,9.0,11,0,6.8999999999999995,-1.833333333333333,0.005774811676974756,1.124260355029586,0.9179554628327816,0.9578665699124678,0.9342362001861383,211,0.02336448598130841,0.9314850411970429,0.35964912280701755,306.0,2.0,0.4,0.0,0.0,0.0,1.0,0.9121642147553338,1,Muebles,Racks,Centro,Chico,Proveedor D,0,0,train
2024-04-01,T14,SKU00407,4,9.0,18.0,3.4166666666666665,0.6044559001828049,0.8780487804878049,11.0,0,0,20,8.0,5.853658536585366,328,5.712626995645864,17,0,125,0.0,0.0,0.0,0.0,0,0.0,0.0,0.0,27,11,36,1500,4,0.0,5.0,8.0,24,0,3.7894736842105265,2.064184852374839,0.00602506135434931,1.0365853658536586,0.9346879535558781,2.177068214804064,0.9493145450999158,204,0.05825242718446602,0.9651855393943334,0.06473214285714286,0.0,0.0,25.2,24.0,0.0,0.0,1.0,0.9379260962900446,1,Textil hogar,Sabanas,AMBA,Grande,Proveedor H,0,0,train
2024-04-01,T17,SKU00333,4,8.0,18.0,3.0,0.5860327153276884,0.8888888888888888,11.0,0,0,20,2.0,6.666666666666667,306,4.863576158940398,14,0,187,0.0,0.0,0.0,0.0,0,0.0,0.0,0.0,18,11,36,600,4,1.0,3.0,6.0,16,0,5.3999999999999995,1.2666666666666675,0.004308911436118315,0.9150326797385621,1.0225165562913907,2.9721854304635764,0.967590001377235,222,0.044642857142857144,0.9400411545712202,1.7405764966740576,180.0,2.0,9.1,0.0,0.0,0.0,2.0,0.8584748284011567,1,Cocina y mesa,Vajilla,Centro,Chico,Proveedor H,0,0,train
2024-04-01,T17,SKU00473,3,6.0,16.0,3.3333333333333335,0.48429893097698923,0.6,12.0,0,0,20,8.0,6.0,360,6.067415730337078,19,0,102,0.0,0.0,0.0,0.0,0,0.0,0.0,0.0,23,28,21,600,4,1.0,2.0,6.0,22,0,3.0,3.0,0.004787679373464795,1.0555555555555556,0.9325842696629214,1.7191011235955056,0.967590001377235,222,0.044642857142857144,0.9400411545712202,0.8603104212860311,0.0,0.0,,0.0,0.0,0.0,2.0,0.8584748284011567,1,Cocina y mesa,Vajilla,Centro,Chico,Proveedor G,0,0,train
2024-04-01,T19,SKU00587,1,4.0,5.0,2.0833333333333335,1.3178494878882305,0.6399999999999999,11.0,0,0,9,-4.0,4.319999999999999,339,5.380952380952381,19,0,80,0.0,0.0,0.0,0.0,0,0.0,0.0,0.0,21,31,182,800,4,2.0,1.0,6.0,19,0,5.571428571428571,-1.2514285714285718,0.002744511760624968,0.504424778761062,0.9576719576719577,1.2698412698412698,1.028862568823088,234,0.05106382978723404,1.1024794851118536,0.4864864864864865,546.0,3.0,3.4,0.0,0.0,0.0,2.0,0.880213596273668,1,Cocina y mesa,Manteleria,Cuyo,Mediano,Proveedor I,0,0,train
2024-04-01,T20,SKU00372,4,11.0,16.0,2.4285714285714284,0.622529720250492,1.5098039215686274,6.0,0,0,12,7.0,4.9411764705882355,122,4.784313725490196,14,2,37,0.0,0.0,0.0,0.0,0,0.0,0.0,0.0,8,11,36,450,4,3.0,4.0,4.0,6,1,3.3333333333333335,1.607843137254902,0.004276116978350411,1.377049180327869,0.9673202614379085,1.4509803921568627,0.980740005799309,215,0.06944444444444445,1.0072648274895466,1.378099173553719,36.0,1.0,8.0,0.0,0.0,0.0,1.0,0.87703838503451,1,Textil hogar,Acolchados,AMBA,Mediano,Proveedor H,0,0,train
2024-04-01,T21,SKU00074,5,17.0,39.0,6.25,0.4212535405839878,0.9066666666666667,12.0,0,0,16,-25.0,2.56,565,5.207373271889401,17,0,202,0.0,0.0,0.0,0.0,0,0.0,0.0,0.0,14,46,192,600,4,8.0,4.0,10.0,12,0,6.029411764705882,-3.469411764705882,0.009306393048862997,0.4814159292035398,1.0568356374807988,1.8617511520737327,0.9400697831758141,219,0.03619909502262444,0.9067505814390903,1.0,192.0,1.0,6.5,0.0,0.0,0.0,2.0,0.8978590701995046,1,Bano,Alfombras de bano,Cuyo,Grande,Proveedor B,0,0,train
2024-04-01,T22,SKU00068,3,7.0,14.0,2.6363636363636362,0.48790361809169636,0.885057471264368,10.0,0,0,21,0.0,7.9655172413793105,312,5.300840912991248,17,1,147,0.0,0.0,0.0,0.0,0,0.0,0.0,0.0,11,37,193,1500,4,2.0,2.0,5.0,10,1,7.636363636363637,0.3291536050156738,0.0037994995557892146,1.1442307692307694,0.9684228591041703,2.497511584005492,0.972322507012541,222,0.017937219730941704,0.9585216398346655,1.8639455782312926,386.0,2.0,3.5,34.0,0.0,0.0,1.0,0.9521435745444712,1,Muebles,Estanterias,AMBA,Mediano,Proveedor E,0,0,train
2024-04-01,T22,SKU00182,3,5.0,10.0,1.4166666666666667,0.7649115313770574,1.1764705882352942,9.0,0,0,5,-2.0,3.5294117647058822,111,4.826086956521739,15,0,60,0.0,155.0,0.0,0.0,0,0.0,0.0,0.0,22,52,155,1500,4,2.0,0.0,3.0,21,0,4.421052631578948,-0.8916408668730655,0.0020416851061281125,0.6756756756756757,1.1014492753623188,2.608695652173913,0.972322507012541,222,0.017937219730941704,0.9585216398346655,1.6763157894736842,155.0,1.0,11.0,0.0,1.0,0.0,1.0,0.9521435745444712,1,Muebles,Mesas auxiliares,AMBA,Mediano,Proveedor J,0,0,train
2024-04-01,T23,SKU00322,4,11.0,14.0,3.5,0.36885555678165877,1.0476190476190477,4.0,0,0,13,-11.0,3.7142857142857144,351,5.884325230511316,20,0,97,0.0,0.0,0.0,0.0,0,0.0,0.0,0.0,5,37,193,450,4,2.0,5.0,5.0,3,1,8.0,-4.285714285714286,0.005038160351734424,0.7407407407407407,1.0282201732327467,1.6261525565800503,0.9466943213306684,222,0.06306306306306306,0.9556130071451654,0.9199255121042831,0.0,0.0,,0.0,0.0,0.0,2.0,0.9100593452534214,1,Decoracion,Espejos,AMBA,Mediano,Proveedor E,0,0,train
2024-04-01,T23,SKU00737,12,20.0,43.0,7.0,0.34992710611188277,0.9523809523809524,12.0,0,0,40,11.0,5.714285714285714,608,5.96078431372549,24,0,225,0.0,0.0,0.0,0.0,0,0.0,0.0,0.0,24,52,155,450,4,5.0,3.0,12.0,23,0,4.0,1.7142857142857144,0.010076320703468849,1.5789473684210527,1.0392156862745099,2.2058823529411766,0.9466943213306684,222,0.06306306306306306,0.9118818213703604,1.0,0.0,0.0,13.9,0.0,1.0,0.0,2.0,0.8676543392927665,1,Cocina y mesa,Cubiertos,AMBA,Mediano,Proveedor J,0,0,train
2024-04-01,T24,SKU00191,3,15.0,33.0,6.9,0.4291095264000474,0.7246376811594203,10.0,0,0,37,-29.0,5.36231884057971,272,5.47008547008547,7,0,92,36.0,0.0,0.0,0.0,0,0.0,0.0,0.0,10,11,36,800,4,6.0,6.0,14.0,9,1,8.555555555555555,-3.1932367149758454,0.009373822868916741,0.9522058823529412,1.0055304172951232,1.8501759678230265,0.9428163871055388,233,0.06329113924050633,0.9224045714941551,1.694789081885856,36.0,1.0,1.3,46.0,0.0,0.0,2.0,0.931823000896801,1,Iluminacion,Lamparas de mesa,AMBA,Grande,Proveedor H,0,0,train
2024-04-01,T24,SKU00566,5,11.0,14.0,3.0,0.9211323729436766,1.222222222222222,11.0,0,0,22,1.0,7.333333333333333,382,5.173814898419865,22,0,196,0.0,0.0,0.0,0.0,0,0.0,0.0,0.0,19,32,147,800,4,3.0,3.0,5.0,16,0,7.2,0.13333333333333286,0.004075575160398583,1.2670157068062828,1.0248306997742664,2.654627539503386,0.9428163871055388,233,0.06329113924050633,0.9695218874763339,1.0335731414868106,0.0,0.0,15.5,0.0,0.0,0.0,2.0,0.8581287897403337,1,Cocina y mesa,Cubiertos,AMBA,Grande,Proveedor A,0,0,train
2024-04-01,T26,SKU00100,1,7.0,12.0,2.4166666666666665,0.7158051692464685,0.9655172413793105,10.0,0,0,17,0.0,7.03448275862069,210,5.163934426229509,13,0,82,384.0,192.0,0.0,0.0,0,0.0,0.0,0.0,15,46,192,1200,4,3.0,3.0,5.0,14,0,8.5,-1.4655172413793096,0.0036974475634709183,1.0523809523809524,0.9672131147540984,2.016393442622951,0.9776561350584484,222,0.06756756756756757,0.9480696280055516,0.09865470852017937,960.0,2.0,2.8,0.0,1.0,0.0,1.0,0.880317537001125,1,Textil hogar,Cortinas,NOA,Mediano,Proveedor B,0,0,train
2024-04-01,T26,SKU00540,4,11.0,14.0,2.75,1.0530625081782796,1.3333333333333333,11.0,0,0,14,-12.0,5.090909090909091,245,5.578747628083492,14,0,78,0.0,0.0,0.0,0.0,0,0.0,0.0,0.0,24,46,192,1200,4,3.0,4.0,7.0,23,0,9.75,-4.659090909090909,0.004207440330846217,0.8,0.9715370018975332,1.776091081593928,0.9776561350584484,222,0.06756756756756757,0.9789674952198851,0.684863523573201,576.0,1.0,11.8,0.0,0.0,0.0,2.0,0.9209199616938517,1,Iluminacion,Lamparas de mesa,NOA,Mediano,Proveedor B,0,0,train
2024-04-01,T27,SKU00439,0,1.0,3.0,0.4166666666666667,1.2358287613066494,0.7999999999999999,5.0,1,0,3,-1.0,7.199999999999999,31,6.763636363636363,9,1,8,0.0,0.0,0.0,0.0,0,0.0,0.0,0.0,26,46,192,1200,4,1.0,0.0,1.0,22,0,8.0,-0.8000000000000007,0.0006674443693786232,0.8709677419354839,1.0909090909090908,1.7454545454545451,0.9739348237972868,207,0.0761904761904762,0.9724909884272435,1.0,0.0,0.0,,25.0,0.0,0.0,2.0,0.9244983837170085,1,Cocina y mesa,Vajilla,AMBA,Chico,Proveedor B,0,0,train
2024-05-01,T01,SKU00719,7,26.0,50.0,8.333333333333334,0.22342784070030305,1.0399999999999998,6.0,0,0,35,7.0,4.199999999999999,478,5.865030674846626,13,0,101,0.0,0.0,0.0,0.0,0,0.0,1.0,5.0,6,10,35,800,5,12.0,7.0,12.0,5,1,3.5,0.6999999999999993,0.01255355572401111,0.9518828451882846,0.9693251533742331,1.2392638036809815,0.9420188215297938,216,0.06451612903225806,0.9326691858467882,0.09977827050997783,35.0,1.0,3.8,0.0,0.0,0.0,3.0,0.8524281617113963,1,Cocina y mesa,Vajilla,Cuyo,Grande,Proveedor C,0,0,train
2024-05-01,T04,SKU00488,4,9.0,20.0,3.6666666666666665,0.42463578772446703,0.8181818181818182,12.0,0,0,26,8.0,7.090909090909091,214,5.47547974413646,12,0,49,0.0,0.0,0.0,0.0,0,0.0,0.0,0.0,24,32,147,450,5,2.0,3.0,6.0,23,0,4.408163265306123,2.682745825602968,0.004776809632574796,1.457943925233645,0.8784648187633263,1.253731343283582,0.965349801201252,240,0.06198347107438017,0.9153352847853775,1.0,0.0,0.0,21.2,0.0,0.0,0.0,1.0,0.8706431394751342,1,Textil hogar,Cortinas,Centro,Grande,Proveedor A,0,0,train
2024-05-01,T04,SKU00794,3,11.0,22.0,4.0,0.5935256753272998,0.9166666666666666,12.0,0,0,13,-12.0,3.25,273,4.518620689655172,19,0,119,0.0,0.0,0.0,0.0,0,0.0,0.0,0.0,23,28,21,450,5,6.0,2.0,9.0,21,0,6.521739130434782,-3.2717391304347823,0.00521106505371796,0.9047619047619048,0.8827586206896553,1.9696551724137932,0.965349801201252,240,0.06198347107438017,0.9153352847853775,0.8147321428571429,42.0,2.0,6.1,0.0,1.0,0.0,1.0,0.8706431394751342,1,Textil hogar,Sabanas,Centro,Grande,Proveedor G,0,0,train
2024-05-01,T05,SKU00313,8,17.0,44.0,8.0,0.31079078025403056,0.7083333333333334,12.0,0,0,29,-3.0,3.625,733,6.0620261888352855,19,0,152,42.0,0.0,0.0,0.0,0,0.0,0.0,0.0,19,28,21,450,5,4.0,5.0,11.0,17,0,3.5887850467289724,0.03621495327102764,0.010836534425860848,0.7517053206002728,0.9565816678152997,1.2570640937284632,0.9468421954595917,228,0.03862660944206009,0.9272898151423864,0.15436241610738255,42.0,2.0,0.5,0.0,0.0,0.0,2.0,0.8774133266081487,1,Iluminacion,Apliques,AMBA,Mediano,Proveedor G,0,0,train
2024-05-01,T06,SKU00376,7,21.0,42.0,6.571428571428571,0.5615825150723932,1.065217391304348,7.0,0,0,47,5.0,7.1521739130434785,419,5.547919293820933,12,0,145,465.0,0.0,0.0,0.0,0,0.0,0.0,0.0,7,52,155,1500,5,11.0,3.0,11.0,6,1,6.72,0.43217391304347874,0.009796476269439884,1.3460620525059668,1.1254728877679698,1.919924337957125,0.9287485437179854,216,0.03211009174311927,0.7560878146834094,0.20987654320987653,465.0,1.0,1.8,0.0,0.0,0.0,2.0,0.9322702669396558,1,Organizacion,Percheros,Centro,Mediano,Proveedor J,0,0,train
2024-05-01,T06,SKU00506,2,4.0,11.0,1.5,0.9639984073082948,0.8888888888888888,8.0,0,0,5,-4.0,3.3333333333333335,188,6.1138211382113825,20,0,88,0.0,0.0,0.0,0.0,0,0.0,0.0,0.0,25,56,52,1500,5,2.0,0.0,4.0,22,0,5.684210526315789,-2.350877192982456,0.002236152191937365,0.5319148936170213,1.1382113821138211,2.861788617886179,0.9287485437179854,216,0.03211009174311927,0.9560508156403745,1.2015810276679841,52.0,1.0,7.5,0.0,0.0,0.0,2.0,0.9121311619857223,1,Bano,Accesorios de bano,Centro,Mediano,Proveedor F,0,0,train
2024-05-01,T10,SKU00722,4,15.0,21.0,3.0,0.8027729719194864,1.6666666666666667,10.0,0,0,17,-2.0,5.666666666666667,281,4.670360110803324,18,0,139,192.0,192.0,0.0,0.0,0,0.0,0.0,0.0,12,46,192,450,5,5.0,6.0,6.0,10,1,8.444444444444445,-2.7777777777777777,0.004736567721042817,1.0889679715302492,1.0526315789473686,2.3102493074792245,0.944682117696873,205,0.05339805825242718,0.9053672706374326,1.6699751861042185,192.0,1.0,2.6,0.0,0.0,0.0,2.0,0.8779007159734199,1,Iluminacion,Lamparas de mesa,AMBA,Mediano,Proveedor B,0,0,train
2024-05-01,T12,SKU00135,3,12.0,26.0,3.4166666666666665,0.4906788949466114,1.1707317073170733,12.0,0,0,19,-5.0,5.560975609756098,248,5.0698466780238505,15,0,82,0.0,0.0,0.0,0.0,0,0.0,1.0,5.0,14,37,193,1200,5,7.0,2.0,7.0,13,0,8.25,-2.689024390243902,0.005830009337494629,1.1491935483870968,0.8858603066439524,1.676320272572402,0.9453146847723,201,0.04950495049504951,0.9499898215376266,1.5012165450121655,193.0,1.0,11.2,0.0,0.0,0.0,3.0,0.8441753437178209,1,Cocina y mesa,Cristaleria,Cuyo,Chico,Proveedor E,0,0,train
2024-05-01,T13,SKU00453,2,8.0,13.0,3.25,0.49309377800850884,0.8205128205128205,11.0,0,0,11,7.0,3.3846153846153846,291,5.908629441624366,19,1,142,0.0,0.0,0.0,0.0,0,0.0,0.0,0.0,18,10,35,1200,5,4.0,2.0,6.0,17,0,1.090909090909091,2.2937062937062933,0.004769605652244764,0.718213058419244,1.0423011844331642,2.883248730964467,0.9622373659451744,218,0.04504504504504504,0.9896743447180302,1.8172043010752688,0.0,0.0,16.6,0.0,0.0,0.0,2.0,0.8629998468303622,1,Bano,Alfombras de bano,Centro,Chico,Proveedor C,0,0,train
2024-05-01,T13,SKU00540,3,10.0,17.0,2.5,0.5257029925382172,1.3333333333333335,12.0,0,0,21,3.0,8.4,240,5.748502994011976,14,0,54,0.0,0.0,0.0,0.0,0,0.0,0.0,0.0,25,46,192,1200,5,2.0,5.0,5.0,23,0,5.142857142857143,3.257142857142857,0.0036689274248036647,1.225,0.8782435129740518,1.2934131736526946,0.9622373659451744,218,0.04504504504504504,0.9447996288579319,0.684863523573201,0.0,0.0,12.8,0.0,0.0,0.0,2.0,0.9670258766967816,1,Iluminacion,Lamparas de mesa,Centro,Chico,Proveedor B,0,0,train
2024-05-01,T15,SKU00453,2,6.0,15.0,3.0,0.40201512610368484,0.6666666666666666,12.0,0,0,31,5.0,10.333333333333334,291,5.908629441624366,19,1,142,0.0,0.0,0.0,0.0,0,0.0,0.0,0.0,18,10,35,600,5,2.0,2.0,5.0,17,0,8.0,2.333333333333334,0.004110665481447854,2.0240549828178693,1.0423011844331642,2.883248730964467,0.9276401769800656,221,0.058823529411764705,1.006684973754564,1.8172043010752688,0.0,0.0,16.6,0.0,0.0,0.0,2.0,0.929529470358157,1,Bano,Alfombras de bano,NOA,Mediano,Proveedor C,0,0,train
2024-05-01,T15,SKU00794,2,10.0,23.0,3.6666666666666665,0.5113291999424138,0.9090909090909092,11.0,0,0,21,6.0,5.7272727272727275,273,4.518620689655172,19,0,119,0.0,0.0,0.0,0.0,0,0.0,0.0,0.0,23,28,21,600,5,2.0,6.0,6.0,20,0,3.673469387755102,2.0538033395176254,0.005024146699547377,1.4615384615384615,0.8827586206896553,1.9696551724137932,0.9276401769800656,221,0.058823529411764705,0.8601426612932042,0.8147321428571429,42.0,2.0,6.1,0.0,1.0,0.0,1.0,0.8937709902210101,1,Textil hogar,Sabanas,NOA,Mediano,Proveedor G,0,0,train
2024-05-01,T16,SKU00732,10,28.0,43.0,7.416666666666667,0.3833420698703815,1.2584269662921348,12.0,0,0,39,4.0,5.258426966292134,621,5.415697674418604,18,0,209,36.0,0.0,0.0,0.0,0,0.0,0.0,0.0,24,11,36,600,5,12.0,6.0,12.0,23,0,5.121951219512195,0.13647574677993912,0.012053573941250744,1.1304347826086956,1.0436046511627908,1.822674418604651,0.9464087045107887,197,0.03482587064676617,0.9244186046511629,0.12104283054003724,108.0,3.0,1.8,0.0,0.0,0.0,2.0,0.9286777776086265,1,Decoracion,Espejos,NOA,Grande,Proveedor H,0,0,train
2024-05-01,T17,SKU00448,4,11.0,22.0,3.5,0.5516041709505273,1.0476190476190477,11.0,0,0,13,4.0,3.7142857142857144,144,5.617021276595745,8,1,38,192.0,0.0,0.0,0.0,0,0.0,0.0,0.0,13,46,192,600,5,3.0,4.0,7.0,12,0,2.5714285714285716,1.1428571428571428,0.0047928031481336295,0.7222222222222222,0.8841607565011821,1.4822695035460993,0.9594735445120847,227,0.043478260869565216,0.8772298006295908,0.9052044609665427,576.0,3.0,2.4,0.0,0.0,0.0,2.0,0.9253374220088101,1,Organizacion,Contenedores,Centro,Chico,Proveedor B,0,0,train
2024-05-01,T17,SKU00464,2,7.0,14.0,3.111111111111111,0.6712480760433036,0.75,9.0,0,0,7,-15.0,2.25,365,6.117888071515039,19,0,116,104.0,0.0,0.0,0.0,0,0.0,0.0,0.0,10,56,52,600,5,2.0,3.0,7.0,8,1,6.285714285714286,-4.035714285714286,0.004260269465007671,0.3643835616438356,0.9777446689635907,1.944315113139026,0.9594735445120847,227,0.043478260869565216,0.968181341902134,1.7460732984293195,104.0,2.0,1.4,0.0,0.0,0.0,2.0,0.8154794008424795,1,Bano,Cortinas de bano,Centro,Chico,Proveedor F,0,0,train
2024-05-01,T17,SKU00493,0,5.0,8.0,1.3333333333333333,0.8660254037844386,1.2500000000000002,8.0,1,0,6,-2.0,4.5,137,5.186119873817034,16,0,57,0.0,0.0,0.0,0.0,0,0.0,0.0,0.0,17,56,52,600,5,2.0,3.0,3.0,15,0,6.0,-1.5,0.001825829770717573,0.7007299270072993,1.0977917981072556,2.1577287066246056,0.9594735445120847,227,0.043478260869565216,1.0785956693209213,0.5735567970204841,0.0,0.0,,0.0,0.0,0.0,2.0,0.8914392062549775,1,Decoracion,Espejos,Centro,Chico,Proveedor F,0,0,train
2024-05-01,T20,SKU00721,6,13.0,21.0,3.9166666666666665,0.5384129203284943,1.1063829787234043,11.0,0,0,22,-3.0,5.617021276595745,294,5.635782747603834,16,0,88,0.0,0.0,0.0,0.0,0,0.0,0.0,0.0,14,31,182,450,5,5.0,2.0,7.0,11,0,6.61764705882353,-1.000625782227785,0.006208437791333245,1.1972789115646258,1.1501597444089458,1.6869009584664538,0.9574203640762418,221,0.058823529411764705,1.0910808470440054,0.5893271461716937,0.0,0.0,13.1,0.0,1.0,0.0,1.0,0.899571932259319,1,Muebles,Sillas,AMBA,Mediano,Proveedor I,0,0,train
2024-05-01,T21,SKU00778,0,6.0,17.0,3.25,1.0506280301159927,0.6153846153846154,10.0,1,0,1,-18.0,0.3076923076923077,330,4.882860665844636,20,0,149,0.0,0.0,0.0,0.0,0,0.0,0.0,0.0,18,46,192,600,5,2.0,4.0,10.0,16,0,5.7,-5.392307692307693,0.004907501842968766,0.06060606060606061,1.0653514180024661,2.2046855733662145,0.937710352148801,216,0.055299539170506916,0.9861003546243834,0.21929824561403508,192.0,1.0,10.2,7.0,0.0,0.0,1.0,0.908133516422715,1,Muebles,Racks,Cuyo,Grande,Proveedor B,0,0,train
2024-05-01,T24,SKU00126,0,5.0,17.0,2.857142857142857,0.51234753829798,0.5833333333333334,6.0,1,0,15,4.0,5.25,264,4.787564766839378,16,0,85,52.0,0.0,0.0,0.0,0,0.0,0.0,0.0,8,56,52,800,5,2.0,3.0,4.0,6,1,2.933333333333333,2.316666666666667,0.003821701968914797,0.9090909090909091,1.075993091537133,1.5414507772020725,0.9456801522079665,238,0.04184100418410042,0.8390113376182725,0.6171003717472119,52.0,1.0,0.0,59.0,0.0,0.0,2.0,0.9134615917412501,1,Organizacion,Contenedores,AMBA,Grande,Proveedor F,0,0,train
2024-05-01,T25,SKU00463,-9,-4.0,4.0,2.5,1.631507947212695,-0.5333333333333333,11.0,1,0,26,11.0,10.4,331,5.198952879581152,19,0,79,155.0,0.0,0.0,0.0,0,0.0,0.0,0.0,25,52,155,1500,5,2.0,3.0,8.0,23,0,4.186046511627906,6.213953488372094,0.00359028794471972,1.4924471299093653,0.9424083769633508,1.2408376963350787,0.9684203349557325,219,0.04054054054054054,0.8713444228342214,1.4036281179138321,930.0,3.0,0.5,47.0,0.0,0.0,1.0,0.9585436579676782,1,Muebles,Estanterias,Centro,Grande,Proveedor J,0,0,train
2024-05-01,T25,SKU00569,4,9.0,16.0,3.2,0.5134898976610932,0.9375,5.0,0,0,17,6.0,5.3125,304,5.117845117845118,18,1,125,0.0,0.0,0.0,0.0,0,0.0,1.0,5.0,6,52,155,1500,5,1.0,4.0,5.0,4,1,3.142857142857143,2.169642857142857,0.004595568569241242,1.006578947368421,1.0381593714927049,2.1043771043771042,0.9684203349557325,219,0.04054054054054054,1.0233755194232992,0.7445255474452555,0.0,0.0,,0.0,0.0,0.0,3.0,0.879793387154165,1,Cocina y mesa,Cristaleria,Centro,Grande,Proveedor J,0,0,train
2024-05-01,T26,SKU00145,3,5.0,5.0,1.6666666666666667,0.692820323027551,1.0,3.0,0,0,14,,8.4,282,5.050746268656717,16,0,131,0.0,0.0,0.0,0.0,0,0.0,0.0,0.0,3,11,36,1200,5,1.0,1.0,3.0,2,1,,,0.0024898767915188975,0.7943262411347518,0.9850746268656717,2.346268656716418,0.9610924415262945,220,0.036036036036036036,0.9244444444444444,0.13920454545454544,0.0,0.0,,0.0,0.0,0.0,2.0,0.9288251613152629,1,Organizacion,Cajas,NOA,Mediano,Proveedor H,0,0,train
2024-05-01,T26,SKU00301,1,2.0,8.0,1.4166666666666667,1.3277117519938242,0.4705882352941176,9.0,0,0,10,-1.0,7.0588235294117645,97,5.938775510204082,11,0,19,0.0,0.0,0.0,0.0,0,0.0,0.0,0.0,17,11,36,1200,5,0.0,1.0,4.0,15,0,5.739130434782608,1.319693094629156,0.002116395272791063,1.134020618556701,0.8571428571428572,1.1632653061224492,0.9610924415262945,220,0.036036036036036036,0.991643431043343,0.36054421768707484,36.0,1.0,3.1,0.0,1.0,0.0,1.0,0.9353942894549305,1,Muebles,Estanterias,NOA,Mediano,Proveedor H,0,0,train
2024-06-01,T02,SKU00296,14,33.0,72.0,12.333333333333334,0.27730405037971556,0.8918918918918919,12.0,0,0,52,-74.0,4.216216216216216,717,7.15211970074813,8,0,126,0.0,0.0,0.0,0.0,0,0.0,1.0,25.0,27,32,147,450,6,14.0,5.0,18.0,24,0,9.882352941176471,-5.666136724960255,0.017247059025320206,0.5801952580195258,0.8711554447215295,1.256857855361596,0.9490543831230253,220,0.02252252252252252,0.960023158641952,1.4323725055432373,0.0,0.0,24.5,0.0,0.0,0.0,3.0,0.9245668900184388,0,Cocina y mesa,Vajilla,AMBA,Grande,Proveedor A,0,0,train
2024-06-01,T02,SKU00616,4,6.0,9.0,1.5833333333333333,0.6291820546709189,1.2631578947368423,12.0,0,0,8,0.0,5.052631578947369,109,4.557491289198607,14,0,53,0.0,0.0,0.0,0.0,0,0.0,1.0,25.0,22,10,35,450,6,1.0,1.0,4.0,20,0,5.647058823529411,-0.5944272445820422,0.0022141494694667826,1.0275229357798166,1.0452961672473868,2.21602787456446,0.9490543831230253,220,0.02252252252252252,0.960023158641952,1.2860310421286032,105.0,2.0,4.6,0.0,0.0,0.0,3.0,0.9245668900184388,0,Cocina y mesa,Vajilla,AMBA,Grande,Proveedor C,0,0,train
2024-06-01,T03,SKU00564,3,8.0,10.0,1.9166666666666667,0.5653693927569556,1.391304347826087,11.0,0,0,9,0.0,4.695652173913043,159,5.770690129227385,17,0,59,0.0,0.0,0.0,0.0,0,0.0,1.0,25.0,13,32,147,450,6,2.0,3.0,3.0,11,0,5.3999999999999995,-0.7043478260869565,0.0029752013356766846,0.9622641509433961,1.0646136926037941,2.141325268078086,0.9411984747123286,205,0.06310679611650485,0.9350851384027461,0.4059590316573557,294.0,1.0,5.2,0.0,0.0,0.0,2.0,0.9564253396891106,0,Decoracion,Espejos,Cuyo,Chico,Proveedor A,0,0,train
2024-06-01,T03,SKU00566,7,14.0,25.0,3.5,0.8571428571428571,1.3333333333333335,10.0,0,0,7,-6.0,2.0,329,4.450958286358512,22,0,165,0.0,147.0,0.0,0.0,0,0.0,1.0,25.0,21,32,147,450,6,4.0,3.0,7.0,20,0,4.105263157894737,-2.105263157894737,0.00543297635210525,0.46808510638297873,0.9334836527621194,2.2322435174746333,0.9411984747123286,205,0.06310679611650485,0.8701998916959008,1.0335731414868106,0.0,0.0,17.5,0.0,0.0,0.0,3.0,0.9187783087232402,0,Cocina y mesa,Cubiertos,Cuyo,Chico,Proveedor A,0,0,train
2024-06-01,T04,SKU00322,5,10.0,16.0,3.2,0.34232659844072877,1.0416666666666667,5.0,0,0,17,7.0,5.3125,375,6.224312361681948,19,0,186,0.0,0.0,0.0,0.0,0,0.0,1.0,25.0,7,37,193,450,6,2.0,3.0,5.0,4,1,3.3333333333333335,1.9791666666666665,0.004095229978575573,0.8613333333333334,1.0567499209611129,3.087258931394246,0.9687778418067838,247,0.05622489959839357,1.05044960043459,0.9199255121042831,0.0,0.0,,0.0,0.0,0.0,2.0,0.868435373117166,0,Decoracion,Espejos,Centro,Grande,Proveedor E,0,0,train
2024-06-01,T04,SKU00484,0,1.0,2.0,0.3333333333333333,1.549193338482967,1.0,2.0,1,0,4,0.0,12.0,33,5.49563838223632,11,2,14,0.0,0.0,0.0,0.0,0,0.0,1.0,25.0,7,37,193,450,6,1.0,0.0,1.0,5,1,12.0,0.0,0.0004265864561016221,1.3333333333333333,1.1102299762093577,2.3314829500396512,0.9687778418067838,247,0.05622489959839357,0.8768481888314869,1.5523114355231145,0.0,0.0,,0.0,0.0,0.0,3.0,0.8990698032377961,0,Cocina y mesa,Cristaleria,Centro,Grande,Proveedor E,0,0,train
2024-06-01,T04,SKU00623,3,3.0,8.0,1.6666666666666667,0.8612886750783281,0.6,10.0,0,0,6,1.0,3.5999999999999996,83,4.858536585365854,10,0,29,52.0,0.0,0.0,0.0,0,0.0,1.0,25.0,25,56,52,450,6,1.0,-1.0,4.0,22,0,3.1578947368421053,0.44210526315789433,0.002132932280508111,0.7228915662650601,1.0731707317073171,1.6975609756097563,0.9687778418067838,247,0.05622489959839357,0.8768481888314869,0.5790754257907542,52.0,1.0,2.7,0.0,1.0,0.0,3.0,0.8990698032377961,0,Cocina y mesa,Cristaleria,Centro,Grande,Proveedor F,0,0,train
2024-06-01,T06,SKU00187,3,5.0,5.0,0.75,1.2870763988845637,2.2222222222222223,6.0,0,0,3,0.0,4.0,24,3.945205479452055,8,0,16,0.0,0.0,0.0,0.0,0,0.0,0.0,0.0,22,31,182,1500,6,2.0,0.0,3.0,17,0,9.0,-5.0,0.0010941049163991224,1.0,1.3698630136986303,2.63013698630137,0.9754553165762841,220,0.03153153153153153,0.9391529802715064,0.22529644268774704,0.0,0.0,,0.0,0.0,0.0,1.0,0.9319643930951148,0,Bano,Accesorios de bano,Centro,Mediano,Proveedor I,0,0,train
2024-06-01,T06,SKU00222,0,2.0,2.0,0.25,2.8284271247461903,2.6666666666666665,1.0,2,0,3,0.0,12.0,36,4.16815988973122,13,1,17,0.0,0.0,0.0,0.0,0,0.0,1.0,25.0,8,11,36,1500,6,0.0,2.0,2.0,7,1,inf,,0.00036470163879970746,1.0833333333333333,1.2350103376981392,1.9682977257064096,0.9754553165762841,220,0.03153153153153153,1.0294089613045716,1.3165618448637317,36.0,1.0,7.7,0.0,0.0,0.0,2.0,0.8936527342001679,0,Decoracion,Velas,Centro,Mediano,Proveedor H,0,0,train
2024-06-01,T06,SKU00372,4,6.0,11.0,1.6,0.9860132971832694,1.25,7.0,0,0,4,4.0,2.5,154,5.25,16,3,102,0.0,0.0,0.0,0.0,0,0.0,1.0,35.0,10,11,36,1500,6,0.0,2.0,4.0,9,1,0.0,2.5,0.0023340904883181277,0.4155844155844156,0.9659090909090909,3.4772727272727275,0.9754553165762841,220,0.03153153153153153,1.0548408053007463,1.378099173553719,36.0,1.0,10.0,0.0,0.0,0.0,2.0,0.8711739284287542,0,Textil hogar,Acolchados,Centro,Mediano,Proveedor H,0,0,train
2024-06-01,T06,SKU00783,1,2.0,7.0,1.5,0.8761716542303613,0.4444444444444444,10.0,0,0,4,-8.0,2.6666666666666665,138,4.625698324022346,18,0,42,0.0,0.0,0.0,0.0,0,0.0,0.0,0.0,14,46,192,1500,6,1.0,0.0,4.0,12,0,6.0,-3.3333333333333335,0.002188209832798245,0.5217391304347826,1.0167597765363128,1.4078212290502792,0.9754553165762841,220,0.03153153153153153,1.0143037063691973,1.1096491228070176,192.0,1.0,8.4,0.0,1.0,0.0,1.0,0.9181571121835194,0,Muebles,Racks,Centro,Mediano,Proveedor B,0,0,train
2024-06-01,T08,SKU00454,0,10.0,20.0,3.3333333333333335,0.484298930976989,1.0,11.0,1,0,18,8.0,5.3999999999999995,232,6.298642533936651,11,1,42,0.0,0.0,0.0,0.0,0,0.0,0.0,0.0,28,56,52,600,6,4.0,6.0,6.0,22,0,3.0,2.3999999999999995,0.004769509824467586,0.853448275862069,1.0407239819004526,1.1402714932126696,0.9453168472094754,218,0.05909090909090909,0.8995956219334663,0.9375,52.0,1.0,9.0,0.0,0.0,0.0,1.0,0.8955489710660863,0,Organizacion,Cajas,Patagonia,Grande,Proveedor F,0,0,train
2024-06-01,T08,SKU00740,1,3.0,11.0,1.8333333333333333,0.8650488666531918,0.5454545454545455,10.0,0,0,7,0.0,3.8181818181818183,76,4.384615384615385,10,0,36,0.0,0.0,0.0,0.0,0,0.0,1.0,25.0,24,31,182,600,6,2.0,0.0,4.0,21,0,3.230769230769231,0.5874125874125875,0.002623230403457172,0.9210526315789475,1.2692307692307694,2.076923076923077,0.9453168472094754,218,0.05909090909090909,1.0230148095573046,1.570230607966457,0.0,0.0,,0.0,1.0,0.0,2.0,0.9560945550583101,0,Decoracion,Velas,Patagonia,Grande,Proveedor I,0,0,train
2024-06-01,T09,SKU00374,1,6.0,14.0,1.9166666666666667,0.5653693927569557,1.0434782608695652,11.0,0,0,10,-1.0,5.217391304347826,102,6.0,11,0,54,0.0,0.0,0.0,0.0,0,0.0,1.0,25.0,16,11,36,600,6,2.0,3.0,3.0,15,0,7.764705882352941,-2.547314578005115,0.002755810309375886,1.0784313725490196,1.3333333333333335,3.176470588235294,0.9408096760530198,228,0.039301310043668124,0.9899332778590916,1.2485207100591715,0.0,0.0,14.4,0.0,0.0,0.0,2.0,0.8828808625175145,0,Decoracion,Cuadros,NOA,Mediano,Proveedor H,0,0,train
2024-06-01,T11,SKU00375,12,13.0,62.0,12.555555555555555,0.7915779565951632,0.34513274336283184,8.0,0,0,61,-68.0,4.8584070796460175,615,5.286532951289399,9,0,135,35.0,0.0,0.0,0.0,0,0.0,1.0,25.0,10,10,35,800,6,13.0,-12.0,23.0,8,1,7.739999999999999,-2.881592920353982,0.01707074475857163,0.8926829268292683,0.8653295128939829,1.1604584527220632,0.9440272920027798,243,0.061224489795918366,0.9934335195229841,0.7061143984220908,35.0,1.0,1.0,0.0,0.0,0.0,2.0,0.8802766310087781,0,Decoracion,Cuadros,AMBA,Grande,Proveedor C,0,0,train
2024-06-01,T11,SKU00577,3,10.0,16.0,2.6666666666666665,0.45414755311462374,1.2500000000000002,6.0,0,0,19,4.0,7.125,287,5.815602836879433,15,0,84,0.0,0.0,0.0,0.0,0,0.0,0.0,0.0,6,11,36,800,6,2.0,5.0,5.0,5,1,7.5,-0.375,0.0036256449044753903,0.9930313588850175,1.0469436001350894,1.702127659574468,0.9440272920027798,243,0.061224489795918366,0.8740837020282716,0.2529002320185615,0.0,0.0,,56.0,0.0,0.0,1.0,0.9147279253444034,0,Muebles,Sillas,AMBA,Grande,Proveedor H,0,0,train
2024-06-01,T12,SKU00068,4,8.0,16.0,3.1818181818181817,0.4173776247388605,0.8380952380952381,11.0,0,0,18,0.0,5.6571428571428575,268,4.856005490734386,17,0,80,0.0,0.0,0.0,0.0,0,0.0,0.0,0.0,13,37,193,1200,6,2.0,2.0,6.0,10,1,5.333333333333333,0.32380952380952444,0.005149049813495812,1.1417910447761193,1.0932052161976664,1.4495538778311599,0.9655694364545955,198,0.039603960396039604,1.018533710471028,1.8639455782312926,386.0,2.0,5.5,0.0,1.0,0.0,1.0,0.8905696245339445,0,Muebles,Estanterias,Cuyo,Chico,Proveedor E,0,0,train
2024-06-01,T12,SKU00633,8,25.0,45.0,5.333333333333333,0.8770268732277458,1.5625000000000002,11.0,0,0,10,-13.0,1.875,741,5.564455569461828,20,0,197,0.0,441.0,0.0,0.0,0,0.0,0.0,0.0,22,32,147,1200,6,8.0,9.0,10.0,21,0,4.677966101694915,-2.8029661016949152,0.008630788258812028,0.2699055330634278,1.048811013767209,1.479349186483104,0.9655694364545955,198,0.039603960396039604,1.018533710471028,0.21577726218097448,147.0,1.0,4.0,0.0,0.0,0.0,1.0,0.8905696245339445,0,Muebles,Sillas,Cuyo,Chico,Proveedor A,0,0,train
2024-06-01,T16,SKU00651,3,15.0,40.0,6.25,0.35532315637254136,0.8,12.0,0,0,33,-2.0,5.28,481,5.419718309859155,14,0,159,0.0,0.0,0.0,0.0,0,0.0,0.0,0.0,27,25,153,600,6,5.0,7.0,9.0,25,0,5.384615384615385,-0.10461538461538478,0.010093489306144706,0.9604989604989606,0.987793427230047,1.791549295774648,0.9700516122492139,200,0.03940886699507389,0.9462993140561642,1.0,0.0,0.0,17.7,0.0,0.0,0.0,1.0,0.8830074885190041,0,Muebles,Mesas auxiliares,NOA,Grande,Proveedor D,0,0,train
2024-06-01,T17,SKU00365,0,2.0,2.0,0.6666666666666666,1.331438046897892,1.0,5.0,2,0,3,-1.0,4.5,50,4.3478260869565215,16,0,0,70.0,0.0,0.0,0.0,0,0.0,1.0,15.0,22,10,35,600,6,0.0,2.0,2.0,20,0,6.0,-1.5,0.000926297217098404,0.96,0.9565217391304348,0.0,0.9726120779533242,229,0.034334763948497854,0.9412267578542423,0.8138957816377171,140.0,2.0,0.2,0.0,0.0,0.0,2.0,0.8640797167730071,0,Iluminacion,Lamparas de mesa,Centro,Chico,Proveedor C,0,0,train
2024-06-01,T19,SKU00298,4,12.0,23.0,3.8181818181818183,0.559498479669815,1.0476190476190477,11.0,0,0,15,-7.0,3.9285714285714284,287,5.118491096279082,17,0,79,0.0,0.0,0.0,0.0,0,0.0,1.0,35.0,12,56,52,800,6,2.0,6.0,7.0,10,1,5.866666666666666,-1.9380952380952379,0.005016496994936296,0.8885017421602788,0.9690058637555058,1.4089226362580052,0.9801279604868391,240,0.0371900826446281,0.9487642529777233,1.1516709511568124,0.0,0.0,,0.0,0.0,0.0,2.0,0.9211360566316898,0,Textil hogar,Toallas,Cuyo,Mediano,Proveedor F,0,0,train
2024-06-01,T22,SKU00333,7,16.0,35.0,5.25,0.4383210409990352,1.0158730158730158,12.0,0,0,34,-1.0,6.476190476190476,247,5.218309859154929,12,0,117,0.0,0.0,0.0,0.0,0,0.0,1.0,25.0,20,11,36,1500,6,4.0,5.0,9.0,18,0,6.363636363636363,0.11255411255411296,0.006869407896972759,1.6518218623481782,1.0070422535211268,2.471830985915493,0.9438348373999398,240,0.025,0.9451393806024367,1.7405764966740576,180.0,2.0,11.1,59.0,0.0,0.0,3.0,0.8660197493189191,0,Cocina y mesa,Vajilla,AMBA,Mediano,Proveedor H,0,0,train
2024-06-01,T22,SKU00524,1,5.0,9.0,1.5833333333333333,1.0240128745098491,1.0526315789473686,10.0,0,0,11,5.0,6.947368421052632,97,5.339449541284403,12,0,17,155.0,0.0,0.0,0.0,0,0.0,1.0,25.0,16,52,155,1500,6,2.0,2.0,6.0,14,0,4.8,2.147368421052632,0.0020717261911505146,1.360824742268041,0.7522935779816513,0.9357798165137614,0.9438348373999398,240,0.025,0.9448350241039418,0.375,620.0,2.0,2.9,0.0,0.0,0.0,2.0,0.8596666903865281,0,Decoracion,Plantas artificiales,AMBA,Mediano,Proveedor J,0,0,train
2024-06-01,T23,SKU00617,1,4.0,7.0,1.25,0.6928203230275509,1.0666666666666667,10.0,0,0,2,-1.0,1.6,25,3.260869565217391,9,0,6,153.0,0.0,0.0,0.0,0,0.0,0.0,0.0,21,25,153,450,6,1.0,2.0,3.0,20,0,2.7692307692307696,-1.1692307692307695,0.001681448287458264,0.72,0.9565217391304347,0.7826086956521738,0.9685142135759601,229,0.04329004329004329,1.0989669414532834,1.178494623655914,153.0,1.0,2.9,0.0,0.0,0.0,1.0,0.9486950394364857,0,Bano,Alfombras de bano,AMBA,Mediano,Proveedor D,0,0,train
2024-06-01,T23,SKU00627,1,3.0,6.0,1.25,0.692820323027551,0.8,10.0,0,0,4,-1.0,3.2,134,5.0249999999999995,17,0,24,0.0,0.0,0.0,0.0,0,0.0,1.0,25.0,27,31,182,450,6,1.0,1.0,3.0,24,0,3.75,-0.5499999999999998,0.001681448287458264,0.5074626865671642,0.8875,0.8999999999999999,0.9685142135759601,229,0.04329004329004329,0.9459523631849234,1.4599627560521415,546.0,2.0,9.7,0.0,1.0,0.0,2.0,0.8988632874713115,0,Decoracion,Espejos,AMBA,Mediano,Proveedor I,0,0,train
2024-06-01,T24,SKU00203,2,9.0,22.0,2.5,0.8780142885563373,1.2,11.0,0,0,21,10.0,8.4,57,4.9208633093525185,4,0,17,0.0,155.0,0.0,0.0,0,0.0,1.0,25.0,29,52,155,800,6,2.0,5.0,5.0,27,0,4.714285714285714,3.685714285714286,0.003111271737934843,1.4736842105263157,1.1223021582733814,1.4676258992805757,0.9420930822466704,250,0.027450980392156862,0.9353232726324144,0.7007299270072993,0.0,0.0,20.7,0.0,0.0,0.0,3.0,0.861525322525379,0,Cocina y mesa,Cristaleria,AMBA,Grande,Proveedor J,0,0,train
2024-06-01,T26,SKU00271,3,6.0,13.0,2.6,0.4385290096535146,0.7692307692307692,5.0,0,0,10,-7.0,3.846153846153846,332,5.5241264559068215,19,0,92,0.0,0.0,0.0,0.0,0,0.0,0.0,0.0,7,28,21,1200,6,1.0,2.0,4.0,4,1,4.857142857142857,-1.010989010989011,0.0036066866023943293,0.572289156626506,0.9761508596783138,1.5307820299500832,0.9553095539162414,225,0.030837004405286344,0.8961056163899682,0.8359683794466403,0.0,0.0,,0.0,0.0,0.0,1.0,0.9163730928570705,0,Bano,Accesorios de bano,NOA,Mediano,Proveedor G,0,0,train
2024-06-01,T26,SKU00366,1,2.0,3.0,0.5833333333333334,1.146099297294037,1.1428571428571428,6.0,0,0,2,-1.0,3.4285714285714284,39,3.867768595041322,16,0,15,0.0,0.0,0.0,0.0,0,0.0,1.0,15.0,21,52,155,1200,6,0.0,1.0,2.0,20,0,5.142857142857142,-1.714285714285714,0.0008091925069474456,0.8205128205128205,1.024793388429752,1.487603305785124,0.9553095539162414,225,0.030837004405286344,0.9654740047467646,2.062034739454094,310.0,2.0,8.4,0.0,1.0,0.0,2.0,0.876275721793048,0,Iluminacion,Lamparas de mesa,NOA,Mediano,Proveedor J,0,0,train
2024-06-01,T26,SKU00556,9,21.0,44.0,7.416666666666667,0.34234899228207977,0.9438202247191011,12.0,0,0,37,8.0,4.98876404494382,330,7.160940325497287,7,0,46,0.0,0.0,0.0,0.0,0,0.0,0.0,0.0,16,25,153,1200,6,3.0,9.0,11.0,14,0,3.9545454545454546,1.0342185903983654,0.010288304731188951,0.7848484848484848,0.918625678119349,0.9981916817359855,0.9553095539162414,225,0.030837004405286344,0.8961056163899682,1.0287958115183247,0.0,0.0,,0.0,0.0,0.0,1.0,0.9163730928570705,0,Bano,Cortinas de bano,NOA,Mediano,Proveedor D,0,0,train
2024-06-01,T28,SKU00629,4,7.0,9.0,2.25,0.7590333900710813,1.0370370370370372,3.0,0,0,14,6.0,6.222222222222222,127,4.8106060606060606,13,1,47,0.0,0.0,0.0,0.0,0,0.0,1.0,15.0,5,46,192,1500,6,3.0,0.0,4.0,3,1,4.0,2.2222222222222223,0.0031291370319696263,1.4330708661417322,0.9722222222222223,1.7803030303030305,0.9883437262458137,221,0.05405405405405406,1.00264725347452,0.5583333333333333,0.0,0.0,,0.0,0.0,0.0,2.0,0.9533698743059699,0,Iluminacion,Guirnaldas,AMBA,Grande,Proveedor B,0,0,train
2024-07-01,T02,SKU00359,2,2.0,3.0,0.4166666666666667,1.6045390162116513,1.5999999999999999,4.0,0,0,5,2.0,12.0,56,6.109090909090909,18,3,16,0.0,0.0,0.0,0.0,0,0.0,0.0,0.0,23,11,36,450,7,0.0,0.0,2.0,19,0,9.0,3.0,0.0005875394032919299,1.6071428571428572,0.9454545454545454,1.7454545454545456,0.958394274649796,227,0.048034934497816595,0.9233958352963347,1.8129496402877698,72.0,2.0,3.4,5.0,1.0,0.0,3.0,0.9148056401032255,0,Cocina y mesa,Cubiertos,AMBA,Grande,Proveedor H,0,0,train
2024-07-01,T03,SKU00328,3,7.0,8.0,2.0,0.408248290463863,1.1666666666666667,4.0,0,0,5,5.0,2.5,157,4.7696202531645575,18,1,61,0.0,0.0,0.0,0.0,0,0.0,0.0,0.0,4,28,21,450,7,2.0,2.0,3.0,3,1,0.0,2.5,0.0028393625999711455,0.5732484076433122,0.9721518987341773,1.8531645569620254,0.9412487018904347,219,0.0502283105022831,0.7907834101382488,1.41635687732342,21.0,1.0,3.4,0.0,0.0,0.0,1.0,0.9250600484234156,0,Organizacion,Contenedores,Cuyo,Chico,Proveedor G,0,0,train
2024-07-01,T03,SKU00779,0,3.0,6.0,1.0,1.2649110640673518,1.0,3.0,1,0,6,-1.0,6.0,89,6.675,9,1,40,0.0,0.0,0.0,0.0,0,0.0,0.0,0.0,6,32,147,450,7,1.0,2.0,3.0,5,1,7.0,-1.0,0.0014196812999855727,0.6067415730337078,1.1749999999999998,3.0,0.9412487018904347,219,0.0502283105022831,0.9522947945569413,1.0,0.0,0.0,,0.0,1.0,0.0,3.0,0.9009521824977504,0,Cocina y mesa,Manteleria,Cuyo,Chico,Proveedor A,0,0,train
2024-07-01,T04,SKU00192,0,3.0,5.0,0.7777777777777778,0.8571428571428571,1.2857142857142856,6.0,1,0,3,0.0,3.857142857142857,26,3.7010676156583626,10,0,10,192.0,0.0,0.0,0.0,0,0.0,0.0,0.0,10,46,192,450,7,1.0,2.0,2.0,8,1,4.5,-0.6428571428571428,0.0009915010972504838,1.1538461538461537,1.0438908659549229,1.4234875444839856,0.9892348090281968,242,0.040160642570281124,1.053738643419202,0.7924528301886793,384.0,2.0,2.5,0.0,1.0,0.0,2.0,0.8755543395067394,0,Decoracion,Velas,Centro,Grande,Proveedor B,0,0,train
2024-07-01,T04,SKU00484,1,2.0,2.0,0.42857142857142855,1.2472191289246473,1.5555555555555556,3.0,0,0,3,1.0,7.0,38,6.894168466522678,10,0,20,0.0,0.0,0.0,0.0,0,0.0,0.0,0.0,8,37,193,450,7,0.0,1.0,1.0,6,1,8.0,-1.0,0.0005463373393012869,0.7894736842105263,1.3909287257019438,3.6285097192224622,0.9892348090281968,242,0.040160642570281124,0.948844440952566,1.5523114355231145,0.0,0.0,,0.0,0.0,0.0,3.0,0.9077523544642047,0,Cocina y mesa,Cristaleria,Centro,Grande,Proveedor E,0,0,train
2024-07-01,T05,SKU00690,0,2.0,4.0,0.5833333333333334,1.3593625047407298,1.1428571428571428,5.0,2,0,3,0.0,5.142857142857142,40,4.948453608247422,12,0,11,0.0,0.0,0.0,0.0,0,0.0,0.0,0.0,27,32,147,450,7,0.0,2.0,2.0,25,0,4.0,1.1428571428571423,0.0007363182104106926,0.8999999999999999,1.072164948453608,1.360824742268041,0.9534268941660738,239,0.03278688524590164,0.9812014631951645,1.1719077568134173,0.0,0.0,18.5,0.0,0.0,0.0,2.0,0.8758656008617677,0,Decoracion,Velas,AMBA,Mediano,Proveedor A,0,0,train
2024-07-01,T07,SKU00019,4,11.0,24.0,4.083333333333333,0.3970662166466761,0.8979591836734694,12.0,0,0,15,5.0,3.673469387755102,206,5.270788912579957,11,0,65,0.0,21.0,0.0,0.0,0,0.0,0.0,0.0,28,28,21,800,7,4.0,3.0,7.0,25,0,2.4,1.2734693877551022,0.005485540616044772,0.8009708737864077,0.9466950959488273,1.6631130063965884,0.9533645691068834,227,0.05217391304347826,0.843696192844844,1.8271604938271604,21.0,1.0,8.5,0.0,0.0,0.0,1.0,0.9177932455313936,0,Organizacion,Percheros,Centro,Mediano,Proveedor G,0,0,train
2024-07-01,T08,SKU00179,7,24.0,50.0,5.833333333333333,0.9212397873657016,1.3714285714285714,11.0,0,0,29,-14.0,4.9714285714285715,372,5.416280608868298,11,0,166,0.0,0.0,0.0,0.0,0,0.0,0.0,0.0,14,11,36,600,7,8.0,9.0,10.0,11,0,8.413043478260871,-3.4416149068322994,0.008248099991252015,0.85752688172043,1.0822854621663356,2.416942422236929,0.9737471189672378,217,0.01809954751131222,0.8675813329649714,0.3033419023136247,0.0,0.0,,0.0,0.0,0.0,1.0,0.879772429365578,0,Textil hogar,Toallas,Patagonia,Grande,Proveedor H,0,0,train
2024-07-01,T08,SKU00288,0,1.0,3.0,0.6,0.9128709291752768,0.5555555555555556,3.0,1,0,4,2.0,6.666666666666667,69,5.454545454545454,20,3,20,0.0,0.0,0.0,0.0,0,0.0,0.0,0.0,5,56,52,600,7,1.0,0.0,1.0,4,1,2.0,4.666666666666667,0.0008483759991002071,1.1594202898550725,0.8695652173913043,1.5810276679841897,0.9737471189672378,217,0.01809954751131222,0.9484965030179434,0.6020942408376964,0.0,0.0,,0.0,0.0,0.0,1.0,0.9050052777113949,0,Bano,Cortinas de bano,Patagonia,Grande,Proveedor F,0,0,train
2024-07-01,T08,SKU00681,12,40.0,79.0,11.8,0.22528137895341113,1.1299435028248588,10.0,0,0,83,-12.0,7.033898305084746,1257,4.898303800482772,20,0,462,0.0,0.0,0.0,0.0,0,0.0,0.0,0.0,10,32,147,600,7,12.0,16.0,16.0,9,1,8.525641025641026,-1.4917427205562799,0.016684727982304075,1.3206046141607,1.044347986101339,1.8003312297717111,0.9737471189672378,217,0.01809954751131222,1.0599100577097527,1.0837988826815643,0.0,0.0,,0.0,0.0,0.0,2.0,0.9466407332334013,0,Decoracion,Espejos,Patagonia,Grande,Proveedor A,0,0,train
2024-07-01,T10,SKU00004,5,19.0,39.0,6.0,0.20412414523193148,1.0555555555555556,9.0,0,0,28,-19.0,4.666666666666667,694,5.46875342015979,20,0,232,0.0,0.0,0.0,0.0,0,0.0,2.0,20.0,9,32,147,450,7,8.0,6.0,8.0,8,1,8.057142857142857,-3.39047619047619,0.008288514457208452,0.8069164265129682,1.0033927985115465,1.8281711721571632,0.9646909882139837,228,0.025974025974025976,0.930847865303668,0.06458333333333334,147.0,1.0,3.5,0.0,1.0,0.0,4.0,0.8920675751218649,0,Iluminacion,Guirnaldas,AMBA,Mediano,Proveedor A,0,0,train
2024-07-01,T13,SKU00624,3,7.0,7.0,2.3333333333333335,0.49487165930539345,1.0,3.0,0,0,4,,1.7142857142857142,83,4.834951456310679,10,0,42,0.0,0.0,0.0,0.0,0,0.0,2.0,20.0,3,11,36,1200,7,1.0,3.0,3.0,2,1,,,0.0031757480475016887,0.48192771084337344,0.8932038834951456,2.4466019417475726,0.9586222320530098,229,0.03463203463203463,0.9959291980591636,0.075,0.0,0.0,,0.0,0.0,0.0,4.0,0.9232091101086263,0,Iluminacion,Guirnaldas,Centro,Chico,Proveedor H,0,0,train
2024-07-01,T14,SKU00509,2,11.0,11.0,3.6666666666666665,0.4165977904505309,1.0,3.0,0,0,17,,4.636363636363637,192,5.788944723618091,10,0,65,192.0,0.0,0.0,0.0,0,0.0,0.0,0.0,4,46,192,1500,7,4.0,5.0,5.0,2,1,,,0.00583859624613417,0.8854166666666667,0.9949748743718594,1.9597989949748744,0.9400139956276015,216,0.03686635944700461,0.9471767974755139,1.7125,192.0,1.0,1.7,0.0,0.0,0.0,2.0,0.9341814685300852,0,Decoracion,Plantas artificiales,AMBA,Grande,Proveedor B,0,0,train
2024-07-01,T14,SKU00686,1,2.0,6.0,1.1666666666666667,0.8035173141952218,0.5714285714285714,9.0,0,0,3,-3.0,2.571428571428571,20,4.705882352941177,7,1,11,0.0,52.0,4.0,0.0,0,0.0,0.0,0.0,18,56,52,1500,7,1.0,0.0,3.0,16,0,5.538461538461539,-2.967032967032968,0.0018577351692245089,1.05,1.1764705882352942,2.588235294117647,0.9400139956276015,216,0.03686635944700461,0.9630226932381063,0.48654708520179374,0.0,0.0,,4.0,0.0,0.0,1.0,0.8777419872165227,0,Textil hogar,Cortinas,AMBA,Grande,Proveedor F,0,0,train
2024-07-01,T16,SKU00735,18,39.0,77.0,13.083333333333334,0.20730235843080796,0.9936305732484076,12.0,0,0,46,-37.0,3.5159235668789806,1101,5.616478590199413,15,0,316,0.0,0.0,0.0,0.0,0,0.0,2.0,20.0,14,46,192,600,7,8.0,13.0,18.0,12,0,6.384615384615385,-2.8686918177364045,0.020540948457494674,0.6267029972752043,0.9505333127222136,1.6119956716648631,0.9472386422437035,210,0.05188679245283019,1.0013233348037054,1.796420581655481,0.0,0.0,,0.0,0.0,0.0,4.0,0.9141015368802237,0,Iluminacion,Apliques,NOA,Grande,Proveedor B,0,0,train
2024-07-01,T17,SKU00093,5,10.0,22.0,3.9166666666666665,0.42803903601725685,0.8510638297872342,12.0,0,0,18,-10.0,4.595744680851064,253,5.9296875,14,0,74,0.0,0.0,0.0,0.0,0,0.0,0.0,0.0,13,28,21,600,7,4.0,1.0,7.0,12,0,6.511627906976744,-1.91588322612568,0.0055765504435892396,0.9960474308300394,1.0234375,1.734375,0.9610650764483583,232,0.02553191489361702,0.9851417266634483,1.6341463414634145,21.0,1.0,9.9,0.0,0.0,0.0,3.0,0.8171953283610346,0,Cocina y mesa,Vajilla,Centro,Chico,Proveedor G,0,0,train
2024-07-01,T18,SKU00378,0,0.0,2.0,0.5833333333333334,2.125906987495106,0.0,3.0,4,0,4,1.0,6.857142857142857,45,4.122137404580153,17,0,10,384.0,0.0,0.0,0.0,0,0.0,0.0,0.0,30,46,192,1200,7,0.0,0.0,4.0,27,0,4.0,2.8571428571428568,0.0008001127382104353,1.511111111111111,0.8854961832061069,0.9160305343511451,0.9651645659212736,236,0.05042016806722689,0.9965873595126176,0.22105263157894736,384.0,1.0,2.7,0.0,0.0,0.0,1.0,0.9265410467520341,0,Muebles,Mesas auxiliares,NOA,Mediano,Proveedor B,0,0,train
2024-07-01,T19,SKU00661,7,18.0,41.0,7.0,0.3011693009684171,0.8571428571428571,10.0,0,0,44,13.0,6.285714285714286,374,4.330779577753085,13,0,180,0.0,0.0,0.0,0.0,0,0.0,0.0,0.0,11,28,21,800,7,8.0,3.0,11.0,9,1,4.173076923076923,2.1126373626373622,0.00915699402936052,1.5294117647058822,1.0190069594713143,2.0843324171004154,0.9409901483504765,242,0.028688524590163935,0.8603640114950999,0.7443946188340808,0.0,0.0,,0.0,0.0,0.0,1.0,0.9452515706817958,0,Textil hogar,Cortinas,Cuyo,Mediano,Proveedor G,0,0,train
2024-07-01,T20,SKU00722,5,18.0,29.0,4.083333333333333,0.4723228392617505,1.469387755102041,12.0,0,0,21,6.0,5.142857142857143,259,4.716236722306525,16,0,91,192.0,192.0,0.0,0.0,0,0.0,2.0,20.0,14,46,192,450,7,4.0,9.0,9.0,11,0,4.354838709677419,0.7880184331797242,0.0060704760875049555,1.2972972972972974,1.0682852807283763,1.6570561456752657,0.9425343280354633,234,0.04583333333333333,1.0026337153068963,1.6699751861042185,384.0,2.0,0.6,0.0,0.0,0.0,4.0,0.901818080982293,0,Iluminacion,Lamparas de mesa,AMBA,Mediano,Proveedor B,0,0,train
2024-07-01,T21,SKU00239,2,6.0,13.0,2.8,0.6023386019368342,0.7142857142857143,9.0,0,0,8,-2.0,2.857142857142857,279,4.988891899214305,18,0,91,153.0,0.0,0.0,0.0,0,0.0,0.0,0.0,11,25,153,600,7,4.0,0.0,5.0,9,1,3.181818181818182,-0.3246753246753249,0.00424134693585143,0.5161290322580645,0.8642644269845571,1.6272013004605799,0.9310766368702427,225,0.03524229074889868,0.9415129183919402,0.52046783625731,459.0,2.0,1.1,0.0,0.0,0.0,1.0,0.9011118595030315,0,Muebles,Racks,Cuyo,Grande,Proveedor D,0,0,train
2024-07-01,T22,SKU00083,0,2.0,7.0,1.4,0.9583148474999099,0.4761904761904762,3.0,1,0,11,3.0,7.857142857142858,65,5.2,8,0,18,0.0,0.0,0.0,0.0,0,0.0,0.0,0.0,6,28,21,1500,7,2.0,0.0,3.0,4,1,3.2,4.6571428571428575,0.0017789956394253451,1.353846153846154,0.9333333333333332,1.44,0.9572690821669716,242,0.036885245901639344,0.9832560107596754,0.17801047120418848,0.0,0.0,,0.0,0.0,0.0,1.0,0.9099151859737937,0,Bano,Cortinas de bano,AMBA,Mediano,Proveedor G,0,0,train
2024-07-01,T23,SKU00662,1,10.0,21.0,3.75,0.5348463387372172,0.888888888888889,12.0,0,0,24,7.0,6.4,302,5.873581847649919,16,0,75,0.0,0.0,0.0,0.0,0,0.0,0.0,0.0,15,37,193,450,7,4.0,5.0,7.0,13,0,4.560975609756098,1.8390243902439023,0.004956962644148306,1.271523178807947,0.9854132901134521,1.4586709886547813,0.9698022026462598,233,0.04602510460251046,0.9826004172658956,0.49166666666666664,0.0,0.0,12.3,0.0,0.0,0.0,2.0,0.912262379117469,0,Decoracion,Plantas artificiales,AMBA,Mediano,Proveedor E,0,0,train
2024-07-01,T24,SKU00298,2,7.0,17.0,1.9166666666666667,1.72981695924556,1.2173913043478262,11.0,0,0,14,-12.0,7.304347826086956,287,5.978223133975067,15,0,89,0.0,0.0,0.0,0.0,0,0.0,0.0,0.0,13,56,52,800,7,2.0,3.0,5.0,12,0,13.0,-5.695652173913044,0.002333738790981868,0.7317073170731707,0.9651254536847089,1.8538740729051602,0.9651531904269358,256,0.03501945525291829,0.9263767748534113,1.1516709511568124,0.0,0.0,,0.0,0.0,0.0,1.0,0.8725854765859861,0,Textil hogar,Toallas,AMBA,Grande,Proveedor F,0,0,train
2024-07-01,T24,SKU00586,1,5.0,5.0,1.25,0.7659416862050705,1.3333333333333335,3.0,0,0,4,1.0,3.2,109,5.472803347280334,12,0,67,0.0,0.0,0.0,0.0,0,0.0,0.0,0.0,4,52,155,800,7,2.0,2.0,2.0,3,1,inf,,0.0015220035593360005,0.4403669724770642,1.0543933054393304,3.3640167364016733,0.9651531904269358,256,0.03501945525291829,0.9327227654593031,0.6460905349794238,0.0,0.0,,0.0,0.0,0.0,1.0,0.9554221182547517,0,Organizacion,Percheros,AMBA,Grande,Proveedor J,0,0,train
2024-08-01,T02,SKU00266,2,8.0,8.0,2.6666666666666665,0.4330127018922193,1.0,3.0,0,0,8,,3.0,88,5.387755102040817,11,0,23,0.0,0.0,0.0,0.0,0,0.0,0.0,0.0,3,37,193,450,8,4.0,2.0,4.0,2,1,,,0.0036245585021002042,1.0,0.9591836734693878,1.4081632653061225,0.9727408880011422,236,0.0625,1.0607427081991259,1.5235602094240839,0.0,0.0,,0.0,0.0,0.0,1.0,0.8702980142570726,1,Bano,Cortinas de bano,AMBA,Grande,Proveedor E,0,0,train
2024-08-01,T03,SKU00735,8,42.0,80.0,14.333333333333334,0.2564857601879924,0.9767441860465116,12.0,0,0,110,13.0,7.674418604651162,1172,5.541371158392435,16,0,325,0.0,0.0,0.0,0.0,0,0.0,0.0,0.0,15,46,192,450,8,13.0,21.0,21.0,13,0,6.796178343949045,0.8782402607021176,0.020240943232437678,1.5017064846416381,1.0354609929078014,1.5366430260047281,0.9734481535972352,223,0.053811659192825115,1.0282596530498043,1.796420581655481,0.0,0.0,,0.0,0.0,0.0,4.0,0.9381460556615933,1,Iluminacion,Apliques,Cuyo,Chico,Proveedor B,0,0,train
2024-08-01,T04,SKU00698,0,3.0,5.0,0.75,1.0050378152592119,1.3333333333333333,7.0,1,0,4,1.0,5.333333333333333,45,6.27906976744186,12,2,34,0.0,0.0,0.0,0.0,0,0.0,0.0,0.0,28,32,147,450,8,1.0,2.0,2.0,27,0,3.5999999999999996,1.7333333333333334,0.0009123203932307143,1.0666666666666667,1.069767441860465,4.7441860465116275,0.9698979469368305,252,0.05511811023622047,0.85341941618505,0.7649667405764967,294.0,1.0,3.5,0.0,0.0,0.0,3.0,0.9207848666834588,1,Cocina y mesa,Vajilla,Centro,Grande,Proveedor A,0,0,train
2024-08-01,T05,SKU00414,13,39.0,77.0,12.875,0.3063146910063944,1.0097087378640777,8.0,0,0,105,69.0,8.155339805825243,574,5.374172406874875,8,0,184,0.0,0.0,0.0,0.0,0,0.0,1.0,5.0,8,56,52,450,8,15.0,11.0,18.0,7,1,2.8125,5.342839805825243,0.016047387263052108,1.4634146341463414,1.0392563365210996,1.7227312245034443,0.9663746996468402,241,0.052845528455284556,0.9714536007061558,0.7789256198347108,0.0,0.0,,0.0,0.0,0.0,2.0,0.9174382490981338,1,Textil hogar,Acolchados,AMBA,Mediano,Proveedor F,0,0,train
2024-08-01,T05,SKU00506,0,3.0,10.0,1.8333333333333333,0.6509543361162056,0.5454545454545455,11.0,1,0,13,10.0,7.090909090909091,183,5.840425531914894,20,1,84,0.0,0.0,0.0,0.0,0,0.0,0.0,0.0,28,56,52,450,8,1.0,2.0,4.0,25,0,1.6363636363636365,5.454545454545454,0.0022850648529912387,1.4207650273224044,1.0638297872340428,2.6808510638297873,0.9663746996468402,241,0.052845528455284556,1.0405087216286781,1.2015810276679841,52.0,1.0,10.5,28.0,0.0,0.0,1.0,0.8817698082406463,1,Bano,Accesorios de bano,AMBA,Mediano,Proveedor F,0,0,train
2024-08-01,T06,SKU00093,6,10.0,21.0,3.3333333333333335,0.6438520439863917,1.0,11.0,0,0,23,1.0,6.8999999999999995,226,6.080717488789238,12,0,83,0.0,0.0,0.0,0.0,0,0.0,0.0,0.0,14,28,21,1500,8,3.0,1.0,8.0,13,0,6.368421052631579,0.5315789473684207,0.004730484970445476,1.2212389380530975,1.1300448430493275,2.2331838565022424,0.9740068554147235,227,0.026200873362445413,0.921179616206709,1.6341463414634145,21.0,1.0,10.9,0.0,0.0,0.0,3.0,0.8949538828279036,1,Cocina y mesa,Vajilla,Centro,Mediano,Proveedor G,0,0,train
2024-08-01,T06,SKU00503,1,6.0,6.0,0.6666666666666666,1.7320508075688772,3.0,5.0,0,0,4,1.0,6.0,56,4.571428571428571,17,0,35,36.0,0.0,0.0,0.0,0,0.0,0.0,0.0,14,11,36,1500,8,1.0,4.0,4.0,12,0,15.0,-9.0,0.0009460969940890951,1.2142857142857144,1.1428571428571428,2.857142857142857,0.9740068554147235,227,0.026200873362445413,1.0111559458817945,0.14617169373549885,72.0,2.0,2.3,0.0,0.0,0.0,1.0,0.8950117145067196,1,Muebles,Sillas,Centro,Mediano,Proveedor H,0,0,train
2024-08-01,T06,SKU00675,2,7.0,14.0,1.8333333333333333,0.7293359164598412,1.272727272727273,12.0,0,0,10,5.0,5.454545454545455,145,5.403726708074534,16,0,26,294.0,0.0,0.0,0.0,0,0.0,0.0,0.0,31,32,147,1500,8,1.0,4.0,5.0,26,0,2.7272727272727275,2.7272727272727275,0.0026017667337450115,1.103448275862069,1.0186335403726707,0.9689440993788819,0.9740068554147235,227,0.026200873362445413,0.8873967879502769,1.8236559139784947,588.0,4.0,0.2,0.0,2.0,0.0,1.0,0.9322325597175705,1,Bano,Alfombras de bano,Centro,Mediano,Proveedor A,0,0,train
2024-08-01,T09,SKU00301,2,3.0,6.0,1.4166666666666667,0.7649115313770576,0.7058823529411764,10.0,0,0,10,-2.0,7.0588235294117645,93,5.470588235294118,11,0,32,0.0,0.0,0.0,0.0,0,0.0,0.0,0.0,20,11,36,600,8,0.0,1.0,4.0,17,0,8.470588235294118,-1.4117647058823533,0.0019105860332220117,1.182795698924731,1.0196078431372548,1.8823529411764706,0.9269713883538325,245,0.028112449799196786,0.944156181588457,0.36054421768707484,36.0,1.0,6.1,0.0,1.0,0.0,1.0,0.8580744924808831,1,Muebles,Estanterias,NOA,Mediano,Proveedor H,0,0,train
2024-08-01,T11,SKU00515,1,4.0,7.0,1.3333333333333333,0.8048150549829902,1.0,10.0,0,0,7,-4.0,5.25,64,5.224489795918367,7,0,26,0.0,0.0,0.0,0.0,0,0.0,0.0,0.0,28,52,155,800,8,2.0,1.0,4.0,25,0,7.333333333333333,-2.083333333333333,0.001642261794392289,0.765625,0.8979591836734694,2.122448979591837,0.9948000819531291,252,0.03137254901960784,0.9926041261191125,1.0710059171597632,0.0,0.0,,0.0,0.0,0.0,2.0,0.8825819758580667,1,Decoracion,Cuadros,AMBA,Grande,Proveedor J,0,0,train
2024-08-01,T11,SKU00593,1,1.0,3.0,0.5833333333333334,1.1460992972940367,0.5714285714285714,6.0,0,0,2,-1.0,3.4285714285714284,45,5.454545454545454,14,3,17,0.0,0.0,0.0,0.0,0,0.0,0.0,0.0,15,31,182,800,8,0.0,0.0,2.0,12,0,4.285714285714286,-0.8571428571428572,0.0007184895350466265,0.6222222222222222,1.1313131313131315,2.0606060606060606,0.9948000819531291,252,0.03137254901960784,0.9847137328677464,1.6924731182795698,0.0,0.0,,0.0,0.0,0.0,1.0,0.9261667301204456,1,Bano,Alfombras de bano,AMBA,Grande,Proveedor I,0,0,train
2024-08-01,T13,SKU00619,3,11.0,23.0,3.1666666666666665,0.697515105995863,1.1578947368421053,9.0,0,0,18,3.0,5.684210526315789,228,4.653061224489796,15,0,110,0.0,0.0,0.0,0.0,0,0.0,0.0,0.0,19,31,182,1200,8,4.0,4.0,7.0,17,0,4.864864864864865,0.8193456614509245,0.004018817110766254,1.1842105263157896,0.9795918367346939,2.2448979591836733,0.9581706058826912,244,0.028225806451612902,1.0211483125672758,1.0,0.0,0.0,16.5,28.0,1.0,0.0,4.0,0.893937092245678,1,Iluminacion,Apliques,Centro,Chico,Proveedor I,0,0,train
2024-08-01,T14,SKU00239,3,3.0,13.0,1.8333333333333333,1.411554764077889,0.5454545454545455,9.0,0,0,23,5.0,12.545454545454547,332,6.568345323741007,16,1,97,153.0,306.0,0.0,0.0,0,0.0,0.0,0.0,12,25,153,1500,8,0.0,0.0,6.0,11,0,8.526315789473683,4.019138755980864,0.002640750110213124,1.108433734939759,0.9232613908872901,1.919064748201439,0.934825539015446,236,0.05508474576271186,0.906369204115439,0.52046783625731,459.0,2.0,2.2,0.0,0.0,0.0,1.0,0.9102994199660938,1,Muebles,Racks,AMBA,Grande,Proveedor D,0,0,train
2024-08-01,T14,SKU00295,6,27.0,27.0,9.0,0.2939723678960656,1.0,3.0,0,0,27,,3.0,692,5.255696202531646,19,1,298,0.0,0.0,0.0,0.0,0,0.0,0.0,0.0,3,56,52,1500,8,11.0,10.0,11.0,2,1,,,0.012963682359228065,0.7413294797687862,1.0,2.2632911392405064,0.934825539015446,236,0.05508474576271186,0.8736509450837756,0.4460431654676259,0.0,0.0,,0.0,0.0,0.0,3.0,0.8922881812878743,1,Cocina y mesa,Cubiertos,AMBA,Grande,Proveedor F,0,0,train
2024-08-01,T14,SKU00587,1,6.0,16.0,2.8333333333333335,0.9256744733304753,0.7058823529411764,11.0,0,0,22,4.0,7.764705882352941,318,5.538461538461538,18,0,101,0.0,0.0,0.0,0.0,0,0.0,0.0,0.0,25,31,182,1500,8,4.0,1.0,8.0,22,0,5.3999999999999995,2.3647058823529417,0.004081159261238465,1.2452830188679245,1.0972423802612483,1.7590711175616838,0.934825539015446,236,0.05508474576271186,0.8736509450837756,0.4864864864864865,546.0,3.0,7.4,0.0,0.0,0.0,3.0,0.8922881812878743,1,Cocina y mesa,Manteleria,AMBA,Grande,Proveedor I,0,0,train
2024-08-01,T15,SKU00757,0,1.0,5.0,0.5833333333333334,1.1460992972940367,0.5714285714285714,6.0,1,0,1,-2.0,1.7142857142857142,42,5.6,14,2,0,0.0,579.0,0.0,0.0,0,0.0,0.0,0.0,17,37,193,600,8,1.0,0.0,2.0,15,0,5.142857142857142,-3.428571428571428,0.0006909092493905515,0.3333333333333333,0.8444444444444444,0.0,0.9431898267394442,246,0.04048582995951417,0.9584285835238336,1.5395833333333333,579.0,2.0,5.9,0.0,1.0,0.0,4.0,0.8881527983555269,1,Iluminacion,Guirnaldas,NOA,Mediano,Proveedor E,0,0,train
2024-08-01,T16,SKU00251,1,11.0,21.0,2.8333333333333335,0.5988349809270339,1.2941176470588234,11.0,0,0,13,-5.0,4.588235294117647,262,4.84437596302003,17,0,100,0.0,153.0,0.0,0.0,0,0.0,1.0,5.0,17,25,153,600,8,6.0,4.0,6.0,15,0,7.7142857142857135,-3.126050420168067,0.0041528546619309815,0.8435114503816794,1.0169491525423728,1.8489984591679507,0.9771422733955248,225,0.05240174672489083,1.0274385864099984,0.3251121076233184,0.0,0.0,16.4,0.0,1.0,0.0,2.0,0.8996290940158991,1,Textil hogar,Cortinas,NOA,Grande,Proveedor D,0,0,train
2024-08-01,T18,SKU00457,6,11.0,20.0,3.9166666666666665,0.46773329490420157,0.9361702127659575,12.0,0,0,13,0.0,3.3191489361702127,368,5.647058823529411,20,0,116,0.0,0.0,0.0,0.0,0,0.0,0.0,0.0,15,28,21,1200,8,2.0,3.0,7.0,11,0,3.25,0.06914893617021267,0.005123159682899207,0.7065217391304348,1.0179028132992325,1.7800511508951404,0.9736183465458663,250,0.035856573705179286,0.9901525116427886,1.5395833333333333,0.0,0.0,,0.0,0.0,0.0,2.0,0.9131207711969348,1,Decoracion,Plantas artificiales,NOA,Mediano,Proveedor G,0,0,train
2024-08-01,T18,SKU00588,9,16.0,16.0,5.333333333333333,0.6584783595532963,1.0,3.0,0,0,11,,2.0625,258,4.552941176470588,16,0,147,0.0,0.0,0.0,0.0,0,0.0,0.0,0.0,4,56,52,1200,8,2.0,5.0,9.0,2,1,,,0.0069762174405436006,0.6821705426356589,1.0411764705882354,2.5941176470588236,0.9736183465458663,250,0.035856573705179286,1.0267264894838046,1.6333333333333333,0.0,0.0,,0.0,0.0,0.0,4.0,0.9080211912630295,1,Iluminacion,Guirnaldas,NOA,Mediano,Proveedor F,0,0,train
2024-08-01,T19,SKU00220,1,9.0,9.0,1.1666666666666667,1.7077798626782088,2.571428571428571,8.0,0,0,7,0.0,6.0,159,5.712574850299401,18,0,65,0.0,0.0,0.0,0.0,0,0.0,1.0,5.0,20,10,35,800,8,5.0,3.0,5.0,19,0,8.4,-2.4000000000000004,0.0015360394320415832,0.7924528301886792,1.1017964071856288,2.3353293413173652,0.9589274740031026,240,0.02459016393442623,0.986375703824722,1.572314049586777,35.0,1.0,11.9,0.0,1.0,0.0,2.0,0.953964504492012,1,Textil hogar,Acolchados,Cuyo,Mediano,Proveedor C,0,0,train
2024-08-01,T19,SKU00337,5,13.0,22.0,3.75,0.5584972622307042,1.1555555555555554,12.0,0,0,19,-4.0,5.066666666666666,378,5.868046571798188,20,1,116,0.0,0.0,0.0,0.0,0,0.0,0.0,0.0,18,46,192,800,8,7.0,1.0,7.0,17,0,6.731707317073171,-1.665040650406505,0.0049372696029908025,1.0052910052910053,0.8693402328589909,1.800776196636481,0.9589274740031026,240,0.02459016393442623,0.96188242775945,0.39219330855018586,192.0,1.0,6.1,0.0,1.0,0.0,1.0,0.9162570004875711,1,Organizacion,Contenedores,Cuyo,Mediano,Proveedor B,0,0,train
2024-08-01,T19,SKU00635,2,2.0,4.0,0.5833333333333334,1.3593625047407298,1.1428571428571428,5.0,0,0,4,-1.0,6.857142857142857,71,5.958041958041958,19,2,18,182.0,0.0,0.0,0.0,0,0.0,0.0,0.0,22,31,182,800,8,0.0,0.0,2.0,20,0,10.0,-3.1428571428571432,0.0007680197160207916,1.0704225352112675,0.6993006993006994,1.5104895104895106,0.9589274740031026,240,0.02459016393442623,0.96188242775945,1.1245353159851301,182.0,1.0,0.4,0.0,0.0,0.0,1.0,0.9162570004875711,1,Organizacion,Contenedores,Cuyo,Mediano,Proveedor I,0,0,train
2024-08-01,T19,SKU00737,9,27.0,45.0,6.666666666666667,0.4062019202317982,1.3499999999999999,12.0,0,0,37,3.0,5.55,487,5.02493551160791,24,0,128,0.0,0.0,0.0,0.0,0,0.0,0.0,0.0,28,52,155,800,8,11.0,7.0,11.0,27,0,6.181818181818182,-0.6318181818181818,0.00877736818309476,1.8234086242299794,1.0111779879621667,1.3207222699914014,0.9589274740031026,240,0.02459016393442623,0.9569697241879295,1.0,0.0,0.0,18.0,0.0,1.0,0.0,3.0,0.8704923783936084,1,Cocina y mesa,Cubiertos,Cuyo,Mediano,Proveedor J,0,0,train
2024-08-01,T22,SKU00288,3,4.0,6.0,1.0,1.0954451150103321,1.3333333333333333,4.0,0,0,1,-2.0,1.0,48,4.458204334365325,17,0,32,0.0,0.0,0.0,0.0,0,0.0,0.0,0.0,6,56,52,1500,8,1.0,0.0,3.0,5,1,4.5,-3.5,0.0012593284917029016,0.35416666666666663,0.9287925696594428,2.972136222910217,0.9793377903809564,243,0.04048582995951417,0.979271375464684,0.6020942408376964,0.0,0.0,,0.0,0.0,0.0,1.0,0.9237918626936463,1,Bano,Cortinas de bano,AMBA,Mediano,Proveedor F,0,0,train
2024-08-01,T22,SKU00508,2,11.0,21.0,3.5714285714285716,0.356277045756997,1.0266666666666666,7.0,0,0,27,10.0,7.56,361,6.6873966258683435,18,1,112,0.0,0.0,0.0,0.0,0,0.0,0.0,0.0,8,25,153,1500,8,6.0,3.0,6.0,6,1,4.857142857142857,2.702857142857143,0.004497601756081791,1.3462603878116342,0.9941559157569744,2.074760172014555,0.9793377903809564,243,0.04048582995951417,0.9508931498390917,1.7153284671532847,306.0,2.0,3.9,0.0,0.0,0.0,3.0,0.8738290008685308,1,Cocina y mesa,Cristaleria,AMBA,Mediano,Proveedor D,0,0,train
2024-08-01,T23,SKU00316,2,5.0,6.0,1.2,0.6972166887783964,1.388888888888889,4.0,0,0,3,-2.0,2.5,58,5.11764705882353,18,1,27,0.0,0.0,0.0,0.0,0,0.0,0.0,0.0,5,25,153,450,8,2.0,1.0,2.0,4,1,10.0,-7.5,0.0016024060755392066,0.9310344827586207,1.0588235294117647,2.382352941176471,0.9801383828714815,236,0.037815126050420166,1.0076230417823988,0.7055961070559611,0.0,0.0,,0.0,0.0,0.0,3.0,0.9407137968155491,1,Cocina y mesa,Cristaleria,AMBA,Mediano,Proveedor D,0,0,train
2024-08-01,T23,SKU00748,5,17.0,28.0,4.666666666666667,0.35779161854430935,1.2142857142857142,12.0,0,0,16,-9.0,3.4285714285714284,132,3.63302752293578,10,0,51,0.0,0.0,0.0,0.0,0,0.0,0.0,0.0,18,56,52,450,8,7.0,5.0,8.0,14,0,6.25,-2.8214285714285716,0.0062315791826524705,1.2121212121212122,1.0275229357798166,1.403669724770642,0.9801383828714815,236,0.037815126050420166,0.9527572883737268,0.19166666666666668,52.0,1.0,3.3,15.0,0.0,0.0,4.0,0.8695749946724964,1,Iluminacion,Guirnaldas,AMBA,Mediano,Proveedor F,0,0,train
2024-08-01,T24,SKU00126,4,16.0,21.0,3.6,0.5105203241514897,1.4814814814814814,9.0,0,0,12,-3.0,3.333333333333333,261,4.756899059261032,16,0,128,104.0,0.0,0.0,0.0,0,0.0,0.0,0.0,11,56,52,800,8,5.0,7.0,7.0,9,1,5.25,-1.916666666666667,0.0046219673318355975,0.735632183908046,0.9841860122609032,2.332885362396215,0.9710410996236084,246,0.02834008097165992,1.0935946598494533,0.6171003717472119,156.0,3.0,0.5,59.0,0.0,0.0,1.0,0.9678428520340844,1,Organizacion,Contenedores,AMBA,Grande,Proveedor F,0,0,train
2024-08-01,T24,SKU00749,0,1.0,1.0,0.36363636363636365,1.854049621773916,0.9166666666666666,5.0,1,0,4,-2.0,11.0,36,4.089500860585198,13,0,6,0.0,0.0,0.0,0.0,0,0.0,0.0,0.0,14,56,52,800,8,1.0,0.0,1.0,10,1,16.0,-5.0,0.00046686538705410075,1.4444444444444444,0.9466437177280552,0.6815834767641997,0.9710410996236084,246,0.02834008097165992,1.011002945026178,2.329842931937173,0.0,0.0,,0.0,0.0,0.0,1.0,0.8996075145059741,1,Bano,Cortinas de bano,AMBA,Grande,Proveedor F,0,0,train
2024-08-01,T24,SKU00769,2,5.0,17.0,3.0,0.4494665749754947,0.5555555555555556,11.0,0,0,23,6.0,7.666666666666667,115,4.5394736842105265,7,0,71,0.0,0.0,0.0,0.0,0,0.0,1.0,5.0,26,10,35,800,8,3.0,0.0,5.0,22,0,5.368421052631579,2.298245614035088,0.003851639443196331,1.4000000000000001,0.9736842105263159,2.8026315789473686,0.9710410996236084,246,0.02834008097165992,0.8901517631499691,1.3459821428571428,35.0,1.0,6.3,0.0,0.0,0.0,2.0,0.8683984494005353,1,Textil hogar,Sabanas,AMBA,Grande,Proveedor C,0,0,train
2024-08-01,T25,SKU00611,2,10.0,14.0,1.9166666666666667,0.7194544533404081,1.7391304347826086,11.0,0,0,10,1.0,5.217391304347826,120,4.962406015037594,14,0,40,0.0,0.0,0.0,11.0,0,0.0,0.0,0.0,14,46,192,1500,8,5.0,3.0,5.0,11,0,6.230769230769231,-1.0133779264214047,0.00253871104293432,1.1666666666666667,1.0476190476190474,1.6541353383458646,0.9576459568912243,233,0.04680851063829787,0.9489599450743536,1.5962877030162412,0.0,0.0,,0.0,0.0,0.0,1.0,0.9211748114134457,1,Muebles,Sillas,Centro,Grande,Proveedor B,0,0,train
2024-08-01,T26,SKU00098,2,4.0,6.0,0.75,1.005037815259212,1.7777777777777777,7.0,0,0,2,-2.0,2.6666666666666665,41,3.8740157480314963,16,2,35,441.0,0.0,0.0,0.0,0,0.0,0.0,0.0,21,32,147,1200,8,1.0,1.0,2.0,20,0,8.0,-5.333333333333334,0.001006141382464393,0.7804878048780488,1.1023622047244095,3.3070866141732287,0.9855713808673431,242,0.037037037037037035,0.9825667137556855,1.3478260869565217,735.0,2.0,2.9,0.0,1.0,0.0,1.0,0.8621649763342714,1,Bano,Accesorios de bano,NOA,Mediano,Proveedor A,0,0,train
2024-08-01,T26,SKU00538,0,1.0,2.0,0.16666666666666666,5.009082659620331,2.0,4.0,1,0,5,2.0,30.0,45,4.695652173913043,15,1,26,0.0,0.0,0.0,0.0,0,0.0,0.0,0.0,23,10,35,1200,8,1.0,0.0,1.0,20,0,9.0,21.0,0.0002235869738809762,1.6666666666666667,1.217391304347826,2.7130434782608694,0.9855713808673431,242,0.037037037037037035,0.9422159097739712,1.4020833333333333,175.0,4.0,3.3,0.0,1.0,0.0,2.0,0.9279977651518692,1,Decoracion,Plantas artificiales,NOA,Mediano,Proveedor C,0,0,train
2024-08-01,T27,SKU00311,3,10.0,24.0,3.0833333333333335,0.7505891171896129,1.0810810810810811,11.0,0,0,14,-2.0,4.54054054054054,299,4.868385345997287,23,0,135,0.0,0.0,0.0,0.0,0,0.0,0.0,0.0,31,32,147,1200,8,5.0,2.0,6.0,30,0,5.333333333333333,-0.7927927927927927,0.004357261378381173,1.0769230769230769,1.0040705563093624,2.198100407055631,0.9736712723366361,228,0.04721030042918455,1.043001780080225,2.0371229698375872,0.0,0.0,,0.0,0.0,0.0,1.0,0.8881987965314999,1,Muebles,Sillas,AMBA,Chico,Proveedor A,0,0,train
2024-08-01,T27,SKU00702,3,14.0,14.0,4.666666666666667,0.32732683535398854,1.0,3.0,0,0,14,,3.0,150,4.591836734693877,11,1,68,0.0,0.0,0.0,0.0,0,0.0,1.0,5.0,3,10,35,1200,8,6.0,5.0,6.0,2,1,,,0.006594773978090424,1.0266666666666666,0.9285714285714284,2.081632653061224,0.9736712723366361,228,0.04721030042918455,1.0836844117193802,1.3705357142857142,0.0,0.0,,0.0,0.0,0.0,2.0,0.8716284547998381,1,Textil hogar,Sabanas,AMBA,Chico,Proveedor C,0,0,train
2024-09-01,T01,SKU00222,2,5.0,9.0,1.3636363636363635,0.6779052703405953,1.2222222222222223,9.0,0,0,5,2.0,3.666666666666667,44,4.517266410867987,12,2,22,0.0,0.0,0.0,0.0,0,0.0,0.0,0.0,11,11,36,800,9,1.0,2.0,3.0,10,1,2.4,1.266666666666667,0.0018022746422437154,1.3636363636363638,1.3004251788862387,2.2586332054339935,0.9621743556725116,232,0.03829787234042553,0.9814816564171838,1.3165618448637317,36.0,1.0,10.7,40.0,0.0,0.0,2.0,0.9017801222971025,2,Decoracion,Velas,Cuyo,Grande,Proveedor H,0,0,train
2024-09-01,T02,SKU00311,1,3.0,11.0,2.3333333333333335,0.8035173141952215,0.42857142857142855,11.0,0,0,7,3.0,3.0,332,5.442622950819672,23,0,98,0.0,0.0,0.0,0.0,0,0.0,0.0,0.0,32,32,147,450,9,1.0,1.0,6.0,30,0,1.2972972972972971,1.7027027027027029,0.003141021522553365,0.48493975903614456,0.8688524590163934,1.6065573770491803,0.9391654352434561,242,0.06172839506172839,0.9863558982354742,2.0371229698375872,0.0,0.0,,0.0,0.0,0.0,1.0,0.9546663355673531,2,Muebles,Sillas,AMBA,Grande,Proveedor A,0,0,train
2024-09-01,T03,SKU00015,2,6.0,12.0,2.4,0.4750730937913075,0.8333333333333334,5.0,0,0,4,0.0,1.6666666666666667,115,5.511182108626198,12,0,42,193.0,0.0,0.0,0.0,0,0.0,0.0,0.0,5,37,193,450,9,1.0,3.0,4.0,4,1,1.3333333333333333,0.3333333333333335,0.00317116467133415,0.41739130434782606,0.8785942492012779,2.012779552715655,0.9302083035913506,226,0.056768558951965066,0.9617676344612854,0.15299334811529933,193.0,1.0,2.3,0.0,0.0,0.0,2.0,0.8789408075361825,2,Cocina y mesa,Vajilla,Cuyo,Chico,Proveedor E,0,0,train
2024-09-01,T03,SKU00711,3,3.0,6.0,1.4166666666666667,0.9256744733304751,0.7058823529411764,8.0,0,0,10,8.0,7.0588235294117645,117,5.420849420849422,14,2,60,0.0,0.0,0.0,0.0,0,0.0,0.0,0.0,23,56,52,450,9,0.0,0.0,4.0,21,0,1.4117647058823528,5.647058823529411,0.001871868035162519,1.1965811965811965,1.111969111969112,2.77992277992278,0.9302083035913506,226,0.056768558951965066,0.9617676344612854,2.1094890510948905,208.0,3.0,5.0,0.0,0.0,0.0,2.0,0.8789408075361825,2,Cocina y mesa,Cristaleria,Cuyo,Chico,Proveedor F,0,0,train
2024-09-01,T05,SKU00522,0,2.0,4.0,0.9166666666666666,0.8650488666531918,0.7272727272727273,8.0,1,0,11,0.0,12.0,84,6.0,8,0,9,0.0,0.0,0.0,0.0,0,0.0,0.0,0.0,17,31,182,450,9,1.0,1.0,2.0,15,0,12.0,0.0,0.0010967899664048183,1.0476190476190477,1.1666666666666665,0.6428571428571429,0.9723541593072534,252,0.043137254901960784,0.9719898154257609,1.695067264573991,0.0,0.0,,0.0,1.0,0.0,2.0,0.9004512979335096,2,Textil hogar,Cortinas,AMBA,Mediano,Proveedor I,0,0,train
2024-09-01,T06,SKU00596,1,2.0,5.0,0.9090909090909091,0.7707139547199078,0.7333333333333333,8.0,0,0,3,0.0,3.3000000000000003,41,3.0565909861064045,15,0,33,21.0,21.0,0.0,0.0,0,0.0,0.0,0.0,12,28,21,1500,9,1.0,0.0,2.0,10,1,3.0,0.30000000000000027,0.001341643644434407,1.0975609756097562,1.0437139952558454,2.46018298881735,0.9617348857853973,233,0.03829787234042553,0.9590074608097912,0.84375,42.0,2.0,2.7,0.0,0.0,0.0,2.0,0.8774731211662173,2,Textil hogar,Sabanas,Centro,Mediano,Proveedor G,0,0,train
2024-09-01,T07,SKU00107,0,2.0,3.0,0.5,1.348399724926484,1.3333333333333333,5.0,1,0,3,0.0,6.0,32,4.7407407407407405,11,0,12,0.0,0.0,0.0,0.0,0,0.0,0.0,0.0,21,37,193,800,9,2.0,0.0,2.0,18,0,6.0,0.0,0.0006100899367645742,1.03125,1.1358024691358024,1.7777777777777777,0.893985120672356,240,0.02040816326530612,0.80975483078957,1.6281179138321995,193.0,1.0,10.3,0.0,1.0,0.0,1.0,0.880979086008115,2,Muebles,Estanterias,Centro,Mediano,Proveedor E,0,0,train
2024-09-01,T08,SKU00313,4,19.0,44.0,5.333333333333333,1.1456439237389602,1.1875,11.0,0,0,37,11.0,6.9375,529,4.492569002123142,18,0,147,0.0,0.0,0.0,0.0,0,0.0,0.0,0.0,23,28,21,600,9,4.0,11.0,11.0,20,0,4.7272727272727275,2.2102272727272725,0.006717418068764114,1.2589792060491494,1.0162774239207362,1.2484076433121019,0.9437972386613582,241,0.040983606557377046,1.076698815270449,0.15436241610738255,42.0,2.0,4.5,0.0,0.0,0.0,4.0,0.8544120523863742,2,Iluminacion,Apliques,Patagonia,Grande,Proveedor G,0,0,train
2024-09-01,T10,SKU00433,3,6.0,15.0,2.4444444444444446,0.7406441244000146,0.8181818181818181,8.0,0,0,8,-1.0,3.2727272727272725,170,5.241328684162231,21,1,66,0.0,0.0,0.0,0.0,0,0.0,0.0,0.0,9,31,182,450,9,2.0,1.0,6.0,8,1,3.375,-0.10227272727272751,0.0032072542259219032,0.9882352941176471,0.9660488162965681,2.034868783262984,0.9582400921356669,233,0.029288702928870293,0.9479015265728394,1.0795454545454546,0.0,0.0,,0.0,1.0,0.0,1.0,0.9303188910984548,2,Organizacion,Cajas,AMBA,Mediano,Proveedor I,0,0,train
2024-09-01,T11,SKU00688,6,20.0,34.0,5.666666666666667,0.4895896427057367,1.1764705882352942,11.0,0,0,41,-2.0,7.235294117647059,298,5.101283880171184,9,0,90,0.0,0.0,0.0,0.0,0,0.0,0.0,0.0,15,37,193,800,9,8.0,6.0,10.0,13,0,7.276923076923077,-0.04162895927601795,0.0071724494654634785,1.2382550335570468,1.1126961483594866,1.5406562054208275,0.9927513877785626,254,0.054474708171206226,1.0449428234111233,1.9573991031390134,0.0,0.0,,0.0,0.0,0.0,2.0,0.9435450817764113,2,Textil hogar,Cortinas,AMBA,Grande,Proveedor E,0,0,train
2024-09-01,T12,SKU00591,3,5.0,6.0,0.9090909090909091,1.0382677881933928,1.8333333333333335,7.0,0,0,2,0.0,2.2,51,5.953833908198461,16,3,9,0.0,0.0,0.0,0.0,0,0.0,0.0,0.0,11,37,193,1200,9,1.0,1.0,3.0,10,1,3.2,-1.0,0.0012350489846402546,0.6274509803921569,0.8171928893605731,1.0506765720350224,0.9446478000518428,231,0.03896103896103896,1.0102576335877862,0.9137426900584795,0.0,0.0,,0.0,0.0,0.0,1.0,0.8802346480260443,2,Muebles,Racks,Cuyo,Chico,Proveedor E,0,0,train
2024-09-01,T16,SKU00701,1,7.0,9.0,1.3333333333333333,0.9770084209183945,1.7500000000000002,9.0,0,0,9,2.0,6.75,143,5.263803680981595,17,1,40,0.0,0.0,0.0,0.0,0,0.0,0.0,0.0,17,10,35,600,9,3.0,3.0,4.0,14,0,5.6,1.1500000000000004,0.0018711110278606202,1.0699300699300698,1.0920245398773005,1.4723926380368098,0.961751068320359,225,0.04405286343612335,0.9683381571345252,1.1036036036036037,35.0,1.0,7.6,0.0,0.0,0.0,2.0,0.8753825159823523,2,Cocina y mesa,Manteleria,NOA,Grande,Proveedor C,0,0,train
2024-09-01,T18,SKU00169,3,6.0,8.0,2.0833333333333335,0.7224201748919454,0.96,10.0,0,0,7,-1.0,3.36,100,6.9364161849710975,9,0,44,0.0,0.0,0.0,0.0,0,0.0,0.0,0.0,25,37,193,1200,9,0.0,3.0,5.0,22,0,3.6923076923076925,-0.33230769230769264,0.002649637047899657,0.63,0.8323699421965317,3.052023121387283,0.941998963269286,246,0.01606425702811245,0.9607656801520499,0.19888475836431227,386.0,1.0,9.2,0.0,0.0,0.0,1.0,0.8948999125152675,2,Organizacion,Contenedores,NOA,Mediano,Proveedor E,0,0,train
2024-09-01,T18,SKU00218,8,20.0,44.0,6.666666666666667,0.3580248848639131,1.0,12.0,0,0,13,5.0,1.95,290,4.206131194374245,10,0,134,155.0,0.0,0.0,0.0,0,0.0,0.0,0.0,13,52,155,1200,9,6.0,6.0,11.0,12,0,1.2121212121212122,0.7378787878787878,0.008478838553278903,0.4482758620689655,1.0636193824854412,1.9435226898143063,0.941998963269286,246,0.01606425702811245,1.0164124119592615,0.5950782997762863,155.0,1.0,1.5,58.0,0.0,0.0,4.0,0.8939504590334587,2,Iluminacion,Apliques,NOA,Mediano,Proveedor J,0,0,train
2024-09-01,T19,SKU00441,0,1.0,2.0,0.8333333333333334,1.2358287613066494,0.39999999999999997,6.0,2,0,3,0.0,3.5999999999999996,72,5.714972940469032,20,2,34,0.0,0.0,0.0,0.0,0,0.0,0.0,0.0,13,32,147,800,9,0.0,1.0,3.0,12,0,3.333333333333333,0.2666666666666666,0.0010620255079217449,0.8333333333333333,1.137702946482261,2.698737221888154,0.9553981469264016,253,0.03515625,0.9074272424029135,0.381294964028777,0.0,0.0,,0.0,1.0,0.0,2.0,0.8926442294481606,2,Cocina y mesa,Cubiertos,Cuyo,Mediano,Proveedor A,0,0,train
2024-09-01,T19,SKU00633,4,23.0,50.0,6.666666666666667,0.44924178547657584,1.15,12.0,0,0,34,-3.0,5.1,602,4.968363136176066,18,0,224,441.0,0.0,0.0,0.0,0,0.0,0.0,0.0,25,32,147,800,9,12.0,7.0,12.0,21,0,5.6923076923076925,-0.5923076923076929,0.008496204063373959,1.0166112956810631,1.0068775790921596,1.8486932599724897,0.9553981469264016,253,0.03515625,0.8881545152563267,0.21577726218097448,588.0,3.0,2.5,0.0,0.0,0.0,1.0,0.9236950970887209,2,Muebles,Sillas,Cuyo,Mediano,Proveedor A,0,0,train
2024-09-01,T22,SKU00609,1,3.0,3.0,1.0,1.0,1.0,2.0,0,0,4,,4.0,43,5.160000000000001,16,3,13,0.0,0.0,0.0,0.0,0,0.0,0.0,0.0,3,31,182,1500,9,0.0,2.0,2.0,2,1,,,0.0012619036964446044,1.4883720930232558,1.0000000000000002,1.5600000000000003,0.9872293251851623,245,0.03225806451612903,1.0025236893481262,1.3666666666666667,0.0,0.0,,0.0,0.0,0.0,4.0,0.9030484495517379,2,Iluminacion,Guirnaldas,AMBA,Mediano,Proveedor I,0,0,train
2024-09-01,T23,SKU00702,3,9.0,15.0,3.75,0.4554200340426488,0.8,4.0,0,0,29,9.0,7.733333333333333,241,7.1940298507462686,12,2,68,0.0,0.0,0.0,0.0,0,0.0,0.0,0.0,4,10,35,450,9,2.0,4.0,6.0,3,1,3.3333333333333335,4.4,0.004688356022435734,1.4439834024896265,0.9552238805970149,2.029850746268657,0.9855966216053789,251,0.03571428571428571,1.0036848569924548,1.3705357142857142,0.0,0.0,,0.0,0.0,0.0,2.0,0.9123628764827095,2,Textil hogar,Sabanas,AMBA,Mediano,Proveedor C,0,0,train
2024-09-01,T26,SKU00724,1,4.0,5.0,0.8333333333333334,1.3375690296545104,1.5999999999999999,6.0,0,0,3,-1.0,3.5999999999999996,57,3.8863636363636367,20,0,40,0.0,0.0,0.0,0.0,0,0.0,0.0,0.0,22,37,193,1200,9,3.0,0.0,3.0,20,0,6.857142857142857,-3.257142857142857,0.0010487294166422192,1.0526315789473684,1.2045454545454546,2.7272727272727275,0.9509878350111642,252,0.027559055118110236,0.7667770647980012,1.0,0.0,0.0,16.1,0.0,0.0,0.0,1.0,0.8965901787544446,2,Muebles,Estanterias,NOA,Mediano,Proveedor E,0,0,train
2024-09-01,T27,SKU00013,10,13.0,30.0,5.5,1.095033525623265,0.7878787878787878,10.0,0,0,19,-19.0,3.4545454545454546,549,6.588,14,0,215,441.0,0.0,0.0,0.0,0,0.0,0.0,0.0,31,32,147,1200,9,10.0,-7.0,11.0,30,0,5.846153846153846,-2.3916083916083912,0.007192349106794307,0.48451730418943534,1.06,2.58,0.95156958182618,239,0.05394190871369295,0.872555606633898,0.24737945492662475,441.0,1.0,1.3,0.0,0.0,0.0,2.0,0.9087691271240634,2,Decoracion,Velas,AMBA,Chico,Proveedor A,0,0,train
2024-09-01,T28,SKU00355,0,2.0,2.0,0.2727272727272727,2.3711225658371653,2.4444444444444446,2.0,1,0,1,-2.0,3.666666666666667,23,3.038430744595676,9,0,4,0.0,0.0,0.0,0.0,0,0.0,0.0,0.0,11,46,192,1500,9,2.0,0.0,2.0,10,1,24.0,-20.333333333333332,0.00033251136465347014,0.391304347826087,1.1889511609287429,0.5284227381905524,0.9704898363019283,244,0.032388663967611336,1.110981137063669,0.6770833333333334,0.0,0.0,,0.0,0.0,0.0,4.0,0.8628748018946629,2,Iluminacion,Guirnaldas,AMBA,Grande,Proveedor B,0,0,train
2024-10-01,T01,SKU00072,1,11.0,18.0,3.6666666666666665,0.7566385387270478,1.0,10.0,0,0,20,6.0,5.454545454545455,278,5.22884012539185,17,0,125,0.0,0.0,0.0,0.0,0,0.0,0.0,0.0,23,31,182,800,10,5.0,5.0,9.0,21,0,3.5744680851063833,1.8800773694390718,0.004740035141736331,1.2230215827338131,1.0344827586206897,2.3510971786833856,0.9497306774897158,236,0.04583333333333333,0.997476379846204,1.0356394129979036,910.0,2.0,3.9,0.0,1.0,0.0,2.0,0.9014925159015458,2,Decoracion,Velas,Cuyo,Grande,Proveedor I,0,0,train
2024-10-01,T02,SKU00749,0,0.0,3.0,0.4166666666666667,1.6045390162116515,0.0,4.0,3,0,3,-1.0,7.199999999999999,43,5.863636363636364,12,1,9,0.0,0.0,20.0,0.0,0,0.0,0.0,0.0,16,56,52,450,10,0.0,0.0,2.0,15,0,6.857142857142857,0.3428571428571425,0.000522313504232503,0.8372093023255813,0.6363636363636365,1.2272727272727273,0.9422535616354354,250,0.03557312252964427,0.818270375581773,2.329842931937173,0.0,0.0,,20.0,0.0,0.0,1.0,0.8725954171141782,2,Bano,Cortinas de bano,AMBA,Grande,Proveedor F,0,0,train
2024-10-01,T03,SKU00355,1,3.0,6.0,0.6363636363636364,0.7928249671720918,1.5714285714285714,7.0,0,0,3,0.0,4.714285714285714,21,2.8983688833124215,7,0,1,0.0,0.0,0.0,0.0,0,0.0,0.0,0.0,12,46,192,450,10,1.0,1.0,1.0,10,1,6.0,-1.2857142857142856,0.0008365436803606433,1.0,1.012128816394814,0.13801756587202008,0.966207950816543,228,0.05627705627705628,1.082307274823613,0.6770833333333334,0.0,0.0,,0.0,0.0,0.0,4.0,0.9119303434504197,2,Iluminacion,Guirnaldas,Cuyo,Chico,Proveedor B,0,0,train
2024-10-01,T03,SKU00733,3,5.0,7.0,1.4,0.9583148474999099,1.1904761904761907,3.0,0,0,1,-7.0,0.7142857142857143,157,5.024,19,2,50,0.0,192.0,0.0,0.0,0,0.0,0.0,0.0,5,46,192,450,10,0.0,2.0,3.0,4,1,8.0,-7.285714285714286,0.001840396096793415,0.12101910828025478,1.0453333333333332,1.6,0.966207950816543,228,0.05627705627705628,0.9955111887269426,1.293193717277487,0.0,0.0,,0.0,0.0,0.0,1.0,0.8698231391763143,2,Bano,Cortinas de bano,Cuyo,Chico,Proveedor B,0,0,train
2024-10-01,T05,SKU00201,3,9.0,13.0,2.0833333333333335,0.4781783615498984,1.44,11.0,0,0,6,-5.0,2.88,119,5.450381679389313,14,0,37,0.0,0.0,0.0,0.0,0,0.0,0.0,0.0,21,28,21,450,10,3.0,3.0,3.0,19,0,5.739130434782608,-2.8591304347826085,0.0025184379091235092,0.7058823529411765,1.1450381679389314,1.6946564885496185,0.9775568588053812,250,0.031496062992125984,0.9578272662877283,0.8329048843187661,84.0,2.0,8.1,0.0,1.0,0.0,2.0,0.9080388263069309,2,Textil hogar,Toallas,AMBA,Mediano,Proveedor G,0,0,train
2024-10-01,T05,SKU00477,0,5.0,9.0,1.8333333333333333,0.7293359164598417,0.9090909090909092,9.0,1,0,10,-2.0,5.454545454545455,128,4.923076923076923,16,0,75,0.0,0.0,0.0,0.0,0,0.0,0.0,0.0,31,37,193,450,10,2.0,3.0,4.0,30,0,7.578947368421053,-2.124401913875598,0.002216225360028688,1.25,1.064102564102564,2.8846153846153846,0.9775568588053812,250,0.031496062992125984,0.964678246421512,0.28074245939675174,193.0,1.0,6.4,0.0,0.0,0.0,1.0,0.8789361354423226,2,Muebles,Sillas,AMBA,Mediano,Proveedor E,0,0,train
2024-10-01,T07,SKU00101,4,14.0,25.0,4.583333333333333,0.31491832864888686,1.0181818181818183,12.0,0,0,21,13.0,4.581818181818182,196,4.6946107784431135,13,0,77,0.0,0.0,0.0,0.0,0,0.0,0.0,0.0,26,56,52,800,10,3.0,7.0,7.0,24,0,1.92,2.661818181818182,0.005540180458569087,1.3928571428571428,1.1177644710578842,1.844311377245509,0.9283327837485946,246,0.024096385542168676,0.9426026073098728,0.16115702479338842,0.0,0.0,23.9,0.0,0.0,0.0,2.0,0.9180167155640545,2,Textil hogar,Acolchados,Centro,Mediano,Proveedor F,0,0,train
2024-10-01,T07,SKU00740,1,2.0,10.0,2.0,0.7687061147858073,0.3333333333333333,11.0,0,0,6,-1.0,3.0,110,5.5,11,0,37,182.0,0.0,0.0,0.0,0,0.0,0.0,0.0,28,31,182,800,10,1.0,0.0,5.0,25,0,2.7096774193548385,0.2903225806451615,0.0024175332910119653,0.6,0.8666666666666666,1.85,0.9283327837485946,246,0.024096385542168676,0.8906054937640647,1.570230607966457,182.0,1.0,2.5,0.0,1.0,0.0,2.0,0.925365903783363,2,Decoracion,Velas,Centro,Mediano,Proveedor I,0,0,train
2024-10-01,T08,SKU00662,4,9.0,15.0,2.4166666666666665,0.670904986747832,1.2413793103448276,11.0,0,0,17,4.0,7.03448275862069,265,5.588752196836555,15,0,97,0.0,579.0,0.0,0.0,0,0.0,0.0,0.0,18,37,193,600,10,3.0,2.0,5.0,17,0,6.239999999999999,0.7944827586206911,0.00293396091512076,0.9622641509433961,0.8998242530755711,2.0456942003514937,0.9534361263482085,247,0.055776892430278883,0.9004057672743432,0.49166666666666664,0.0,0.0,15.3,0.0,0.0,0.0,2.0,0.9314857494871269,2,Decoracion,Plantas artificiales,Patagonia,Grande,Proveedor E,0,0,train
2024-10-01,T10,SKU00619,4,8.0,6.0,2.5,1.4820133725319877,1.0666666666666667,11.0,0,0,20,2.0,8.0,254,5.328671328671329,15,0,115,0.0,0.0,0.0,0.0,0,0.0,0.0,0.0,21,31,182,450,10,1.0,3.0,6.0,19,0,6.352941176470588,1.6470588235294121,0.0033463118404343313,1.1811023622047243,1.034965034965035,2.4125874125874125,0.9690919089897824,231,0.038135593220338986,0.9429356787302434,1.0,0.0,0.0,18.5,0.0,1.0,0.0,4.0,0.911058881395727,2,Iluminacion,Apliques,AMBA,Mediano,Proveedor I,0,0,train
2024-10-01,T11,SKU00633,7,25.0,42.0,7.583333333333333,0.29464263882962094,1.098901098901099,12.0,0,0,19,-21.0,2.5054945054945055,670,5.230969420949902,19,0,174,0.0,0.0,0.0,0.0,0,0.0,0.0,0.0,26,32,147,800,10,8.0,10.0,11.0,23,0,5.333333333333333,-2.8278388278388276,0.00905163566083507,0.5388059701492537,1.0357839947950551,1.3584905660377358,0.9779745254651694,263,0.03773584905660377,1.0317165583311898,0.21577726218097448,588.0,3.0,3.5,0.0,0.0,0.0,1.0,0.9452620313080718,2,Muebles,Sillas,AMBA,Grande,Proveedor A,0,0,train
2024-10-01,T14,SKU00789,0,1.0,3.0,0.5,2.0,0.6666666666666666,3.0,1,0,3,1.0,6.0,59,4.688741721854305,18,1,30,0.0,0.0,0.0,0.0,0,0.0,0.0,0.0,22,11,36,1500,10,1.0,0.0,3.0,21,0,4.0,2.0,0.0007195609369991692,0.9152542372881356,0.8741721854304635,2.3841059602649004,0.993953507641519,240,0.0371900826446281,1.0087874377975206,0.49327354260089684,36.0,1.0,6.4,0.0,0.0,0.0,2.0,0.8459847732026468,2,Textil hogar,Cortinas,AMBA,Grande,Proveedor H,0,0,train
2024-10-01,T17,SKU00254,0,2.0,3.0,0.4444444444444444,1.1858541225631425,1.5,4.0,1,0,2,-1.0,4.5,35,3.7860576923076925,11,1,20,0.0,0.0,0.0,0.0,0,0.0,0.0,0.0,10,32,147,600,10,1.0,1.0,1.0,8,1,9.0,-4.5,0.0005939989902017166,0.6285714285714286,1.0817307692307694,2.1634615384615388,0.9582688709429193,239,0.028925619834710745,0.9484010029472573,0.06578947368421052,147.0,1.0,3.8,0.0,1.0,0.0,1.0,0.9069232702559464,2,Muebles,Racks,Centro,Chico,Proveedor A,0,0,train
2024-10-01,T20,SKU00293,3,7.0,12.0,2.4,0.5624571314254607,0.9722222222222223,9.0,0,0,8,0.0,3.3333333333333335,56,5.350318471337579,6,0,16,182.0,0.0,0.0,0.0,0,0.0,0.0,0.0,10,31,182,450,10,3.0,1.0,5.0,9,1,3.294117647058824,0.039215686274509665,0.0030088240386081763,0.8571428571428571,1.0509554140127388,1.5286624203821655,0.9644952612649544,264,0.041044776119402986,1.0345275303849417,2.133676092544987,364.0,2.0,2.1,0.0,0.0,0.0,2.0,0.9170277221326858,2,Textil hogar,Toallas,AMBA,Mediano,Proveedor I,0,0,train
2024-10-01,T20,SKU00460,7,23.0,39.0,6.416666666666667,0.26958895984607256,1.1948051948051948,12.0,0,0,48,5.0,7.48051948051948,577,5.317972350230415,16,0,153,0.0,0.0,0.0,0.0,0,0.0,0.0,0.0,31,46,192,450,10,8.0,8.0,8.0,28,0,6.216867469879518,1.2636520106399622,0.008044425381001028,1.3310225303292895,1.0998463901689708,1.4101382488479262,0.9644952612649544,264,0.041044776119402986,0.9578457382994331,0.91875,0.0,0.0,,0.0,0.0,0.0,2.0,0.8842056018909479,2,Decoracion,Plantas artificiales,AMBA,Mediano,Proveedor B,0,0,train
2024-10-01,T21,SKU00523,3,4.0,7.0,1.1666666666666667,0.8427360687858643,1.1428571428571428,5.0,0,0,4,3.0,3.4285714285714284,38,5.816326530612245,12,1,12,52.0,0.0,0.0,0.0,0,0.0,0.0,0.0,6,56,52,600,10,1.0,0.0,3.0,5,1,1.0,2.4285714285714284,0.0014876587802044414,1.2631578947368423,0.9183673469387755,1.836734693877551,0.97377893298525,248,0.03187250996015936,0.9196195266151481,1.0301075268817204,104.0,2.0,0.9,0.0,1.0,0.0,1.0,0.8572257013777987,2,Bano,Alfombras de bano,Cuyo,Grande,Proveedor F,0,0,train
2024-10-01,T23,SKU00431,11,25.0,42.0,5.363636363636363,0.940639791560109,1.553672316384181,10.0,0,0,24,-33.0,4.474576271186441,266,5.433948248111923,7,0,104,0.0,0.0,0.0,0.0,0,0.0,0.0,0.0,12,31,182,450,10,9.0,5.0,11.0,10,1,13.411764705882353,-8.937188434695912,0.006723609324653057,0.631578947368421,1.0009904667574594,2.1245511947505262,0.9531191048862705,251,0.047058823529411764,1.136728717533662,1.0889328063241106,364.0,1.0,8.3,0.0,0.0,0.0,1.0,0.8787649802270405,2,Bano,Accesorios de bano,AMBA,Mediano,Proveedor I,0,1,train
2024-10-01,T24,SKU00355,0,1.0,3.0,0.6666666666666666,1.331438046897892,0.5,6.0,2,0,3,1.0,4.5,21,2.8983688833124215,7,0,1,0.0,0.0,0.0,0.0,0,0.0,0.0,0.0,12,46,192,800,10,0.0,1.0,3.0,11,0,2.571428571428571,1.9285714285714288,0.000734731422268278,1.0,1.012128816394814,0.13801756587202008,0.9731517687943344,272,0.03636363636363636,1.035033649915089,0.6770833333333334,0.0,0.0,,0.0,0.0,0.0,4.0,0.8814042953415784,2,Iluminacion,Guirnaldas,AMBA,Grande,Proveedor B,0,0,train
2024-10-01,T24,SKU00737,0,5.0,10.0,2.0,0.674199862463242,0.8333333333333334,10.0,1,0,11,1.0,5.5,646,6.032684824902724,25,0,174,0.0,0.0,0.0,0.0,0,0.0,0.0,0.0,30,52,155,800,10,3.0,2.0,5.0,29,0,6.0,-0.5,0.0022041942668048343,0.42569659442724456,1.0054474708171206,1.6249027237354086,0.9731517687943344,272,0.03636363636363636,0.8699061709630466,1.0,0.0,0.0,20.0,0.0,1.0,0.0,2.0,0.8215202033352327,2,Cocina y mesa,Cubiertos,AMBA,Grande,Proveedor J,0,0,train
2024-10-01,T25,SKU00047,0,2.0,4.0,0.6666666666666666,1.4770978917519928,1.0,5.0,1,0,4,1.0,6.0,54,4.764705882352941,16,0,14,52.0,0.0,0.0,0.0,0,0.0,0.0,0.0,22,56,52,1500,10,1.0,1.0,3.0,20,0,4.0,2.0,0.0008707599925363429,1.1851851851851851,0.8235294117647058,1.2352941176470587,0.9513052918459547,238,0.058091286307053944,1.0379829022833027,0.4884318766066838,52.0,1.0,0.4,0.0,0.0,0.0,2.0,0.9391351860949793,2,Textil hogar,Toallas,Centro,Grande,Proveedor F,0,0,train
2024-10-01,T26,SKU00697,7,16.0,36.0,4.666666666666667,0.4120179760835143,1.1428571428571428,12.0,0,0,10,-11.0,2.142857142857143,176,5.0769230769230775,11,0,48,63.0,0.0,0.0,0.0,0,0.0,0.0,0.0,20,28,21,1200,10,4.0,5.0,7.0,18,0,5.25,-3.107142857142857,0.005819959184701822,0.625,1.0096153846153846,1.3846153846153848,0.9640346678088232,256,0.046511627906976744,0.9369880791773282,0.22302158273381295,105.0,4.0,0.1,0.0,0.0,0.0,2.0,0.9282938245005107,2,Cocina y mesa,Cubiertos,NOA,Mediano,Proveedor G,0,0,train
2024-10-01,T27,SKU00457,1,7.0,13.0,2.9166666666666665,0.8705445803744315,0.8,10.0,0,0,15,11.0,5.142857142857143,325,5.43175487465181,18,0,151,0.0,21.0,0.0,0.0,0,0.0,0.0,0.0,17,28,21,1200,10,2.0,4.0,9.0,16,0,1.2,3.942857142857143,0.003711073319517216,0.8307692307692307,1.0974930362116992,2.5236768802228413,0.9521553831218458,243,0.05263157894736842,0.9425534199506067,1.5395833333333333,0.0,0.0,,0.0,0.0,0.0,2.0,0.9180061383358531,2,Decoracion,Plantas artificiales,AMBA,Chico,Proveedor G,0,0,train
2024-11-01,T02,SKU00275,5,21.0,32.0,7.166666666666667,0.4524708050159798,0.9767441860465116,12.0,0,0,46,31.0,6.4186046511627906,435,6.218997075706704,11,1,119,155.0,0.0,0.0,0.0,0,0.0,1.0,35.0,13,52,155,450,11,10.0,6.0,12.0,11,0,2.076923076923077,4.341681574239713,0.008604241034130503,1.1632183908045977,0.9054478501028917,1.701288855193328,0.9484675000413624,255,0.04263565891472868,0.9473903800687421,0.7592592592592593,930.0,4.0,1.1,0.0,0.0,0.0,1.0,0.9410094530676977,1,Organizacion,Percheros,AMBA,Grande,Proveedor J,0,0,train
2024-11-01,T03,SKU00034,1,2.0,3.0,0.5,1.044465935734187,1.3333333333333333,6.0,0,0,4,1.0,8.0,51,5.719626168224299,15,1,30,0.0,0.0,0.0,0.0,0,0.0,1.0,40.0,18,46,192,450,11,0.0,1.0,1.0,15,0,9.0,-1.0,0.0006249544304061162,1.1764705882352942,0.9719626168224299,3.3644859813084116,0.9782620017290404,240,0.03305785123966942,0.9650773208841847,1.173913043478261,192.0,1.0,11.3,0.0,1.0,0.0,2.0,0.8340202895468841,1,Bano,Accesorios de bano,Cuyo,Chico,Proveedor B,0,0,train
2024-11-01,T03,SKU00593,0,1.0,4.0,0.6666666666666666,1.4770978917519928,0.5,5.0,2,0,2,1.0,3.0,41,4.472727272727273,14,2,20,0.0,0.0,0.0,0.0,0,0.0,1.0,40.0,18,31,182,450,11,0.0,1.0,3.0,17,0,1.3333333333333333,1.6666666666666667,0.0008332725738748215,0.6829268292682927,1.2727272727272727,2.181818181818182,0.9782620017290404,240,0.03305785123966942,0.9650773208841847,1.6924731182795698,0.0,0.0,,0.0,0.0,0.0,2.0,0.8340202895468841,1,Bano,Alfombras de bano,Cuyo,Chico,Proveedor I,0,0,train
2024-11-01,T04,SKU00042,3,7.0,14.0,2.4166666666666665,0.44839641494517174,0.9655172413793105,11.0,0,0,5,-5.0,2.0689655172413794,168,5.014925373134329,19,0,77,0.0,0.0,0.0,0.0,0,0.0,1.0,25.0,15,32,147,450,11,4.0,0.0,4.0,14,0,3.75,-1.6810344827586206,0.002669494787651034,0.5654761904761905,1.1542288557213929,2.298507462686567,0.9713278965273694,281,0.038869257950530034,1.0262765831212837,1.3979166666666667,0.0,0.0,,18.0,0.0,0.0,2.0,0.9171329981075006,1,Decoracion,Plantas artificiales,Centro,Grande,Proveedor A,0,0,train
2024-11-01,T05,SKU00242,3,17.0,37.0,7.25,0.4408247748019132,0.7816091954022989,8.0,0,0,29,-5.0,4.0,158,4.809566950534517,5,0,64,104.0,52.0,35.0,0.0,0,0.0,1.0,30.0,8,56,52,450,11,8.0,6.0,14.0,7,1,4.146341463414634,-0.14634146341463428,0.00816806717770905,0.9177215189873418,0.9335024460953072,1.9481790179380323,0.9523778557549495,260,0.03409090909090909,0.9486216760139727,1.7366071428571428,208.0,2.0,2.2,35.0,0.0,0.0,3.0,0.8988221266211861,1,Textil hogar,Sabanas,AMBA,Mediano,Proveedor F,0,0,train
2024-11-01,T05,SKU00295,7,16.0,35.0,5.833333333333333,0.4257046978786097,0.9142857142857143,6.0,0,0,38,0.0,6.514285714285714,742,5.877227722772277,19,0,174,0.0,0.0,0.0,0.0,0,0.0,1.0,35.0,6,56,52,450,11,1.0,8.0,8.0,5,1,6.0,0.5142857142857142,0.006572008074018775,0.9730458221024259,0.9795379537953796,1.378217821782178,0.9523778557549495,260,0.03409090909090909,0.915073551307248,0.4460431654676259,0.0,0.0,,0.0,0.0,0.0,3.0,0.8983657257108256,1,Cocina y mesa,Cubiertos,AMBA,Mediano,Proveedor F,0,0,train
2024-11-01,T05,SKU00384,1,1.0,3.0,0.6666666666666666,1.4770978917519928,0.5,6.0,0,0,2,-2.0,3.0,30,3.75,10,0,16,384.0,0.0,0.0,0.0,0,0.0,1.0,20.0,28,46,192,450,11,0.0,0.0,2.0,24,0,4.8,-1.7999999999999998,0.0007510866370307171,0.6666666666666666,0.7916666666666666,2.0,0.9523778557549495,260,0.03409090909090909,1.0156993841900213,0.7770833333333333,384.0,1.0,2.9,0.0,0.0,0.0,4.0,0.8934682961564658,1,Iluminacion,Guirnaldas,AMBA,Mediano,Proveedor B,0,0,train
2024-11-01,T06,SKU00295,9,27.0,47.0,7.833333333333333,0.2045211036714539,1.148936170212766,6.0,0,0,64,25.0,8.170212765957448,742,5.877227722772277,19,0,174,0.0,0.0,0.0,0.0,0,0.0,1.0,35.0,6,56,52,1500,11,8.0,10.0,10.0,5,1,5.85,2.3202127659574483,0.010188643336672302,1.6388140161725067,0.9795379537953796,1.378217821782178,0.922180611791574,253,0.04296875,0.96622588444269,0.4460431654676259,0.0,0.0,,0.0,0.0,0.0,3.0,0.9570392268999023,1,Cocina y mesa,Cubiertos,Centro,Mediano,Proveedor F,0,0,train
2024-11-01,T06,SKU00361,3,6.0,9.0,1.8333333333333333,0.8000751279524595,1.090909090909091,10.0,0,0,11,4.0,6.0,75,5.232558139534884,9,0,30,0.0,0.0,0.0,0.0,0,0.0,1.0,20.0,33,32,147,1500,11,2.0,1.0,5.0,29,0,4.421052631578948,1.5789473684210522,0.0023845761000722407,1.3199999999999998,1.0930232558139534,2.0930232558139537,0.922180611791574,253,0.04296875,1.025147113676979,1.553349875930521,147.0,1.0,6.5,0.0,0.0,0.0,4.0,0.8863247776341151,1,Iluminacion,Lamparas de mesa,Centro,Mediano,Proveedor A,0,0,train
2024-11-01,T06,SKU00627,5,6.0,9.0,1.5833333333333333,0.9879658673374923,1.2631578947368423,9.0,0,0,6,1.0,3.7894736842105265,121,4.426829268292683,17,0,45,0.0,0.0,0.0,0.0,0,0.0,1.0,25.0,32,31,182,1500,11,1.0,0.0,5.0,29,0,3.5294117647058822,0.2600619195046443,0.0020594066318805715,0.8429752066115703,0.9512195121951219,1.646341463414634,0.922180611791574,253,0.04296875,0.8732814787176029,1.4599627560521415,0.0,0.0,14.7,0.0,1.0,0.0,2.0,0.8918597271760168,1,Decoracion,Espejos,Centro,Mediano,Proveedor I,0,0,train
2024-11-01,T06,SKU00724,0,0.0,3.0,0.6666666666666666,1.331438046897892,0.0,5.0,3,0,5,1.0,7.5,67,5.153846153846154,19,0,16,0.0,0.0,0.0,0.0,0,0.0,1.0,5.0,24,37,193,1500,11,0.0,0.0,2.0,21,0,4.8,2.7,0.0008671185818444511,1.4179104477611941,0.8974358974358974,1.2307692307692308,0.922180611791574,253,0.04296875,0.9060333585009266,1.0,0.0,0.0,18.1,0.0,0.0,0.0,1.0,0.9068182563348558,1,Muebles,Estanterias,Centro,Mediano,Proveedor E,0,0,train
2024-11-01,T07,SKU00702,2,13.0,18.0,4.5,0.46259244432580726,0.9629629629629629,4.0,0,0,19,-5.0,4.222222222222222,225,5.8619192357794185,12,1,114,0.0,35.0,0.0,0.0,0,0.0,1.0,30.0,6,10,35,800,11,4.0,7.0,7.0,3,1,4.8,-0.5777777777777775,0.005281065378099133,1.0133333333333334,1.0421189752496745,2.970039079461572,0.9603715187580276,259,0.034482758620689655,0.9487514555794464,1.3705357142857142,0.0,0.0,,0.0,0.0,0.0,3.0,0.9132450978225574,1,Textil hogar,Sabanas,Centro,Mediano,Proveedor C,0,0,train
2024-11-01,T08,SKU00232,2,2.0,3.0,0.4166666666666667,1.6045390162116513,1.5999999999999999,4.0,0,0,3,2.0,7.199999999999999,27,5.785714285714286,8,0,11,364.0,0.0,0.0,0.0,0,0.0,1.0,5.0,15,31,182,600,11,0.0,0.0,2.0,13,0,3.666666666666667,3.5333333333333323,0.0005221491133094317,0.8888888888888888,0.5714285714285714,2.357142857142857,0.9632606842332395,255,0.04230769230769231,1.0040719766358563,1.9206349206349207,364.0,2.0,0.4,0.0,0.0,0.0,1.0,0.9127519862114655,1,Muebles,Estanterias,Patagonia,Grande,Proveedor I,0,0,train
2024-11-01,T10,SKU00337,5,11.0,18.0,2.75,0.46838437405966143,1.3333333333333333,12.0,0,0,13,-5.0,4.7272727272727275,316,5.1945205479452055,19,0,143,0.0,0.0,0.0,0.0,0,0.0,1.0,35.0,21,46,192,450,11,4.0,2.0,5.0,20,0,6.967741935483871,-2.2404692082111435,0.003503955866427897,0.7816455696202531,0.9863013698630136,2.350684931506849,0.9564737710540149,242,0.036585365853658534,1.0157893516666205,0.39219330855018586,192.0,1.0,9.1,0.0,0.0,0.0,1.0,0.9423580676151108,1,Organizacion,Contenedores,AMBA,Mediano,Proveedor B,0,0,train
2024-11-01,T10,SKU00551,0,0.0,4.0,0.6363636363636364,1.4526541507298472,0.0,5.0,3,0,3,-1.0,4.714285714285714,33,3.913981071043489,10,1,4,0.0,0.0,0.0,0.0,0,0.0,1.0,25.0,11,37,193,450,11,0.0,0.0,3.0,10,1,4.571428571428571,0.14285714285714324,0.0008108327624791827,0.9090909090909092,0.6325625973403618,0.47442194800527143,0.9564737710540149,242,0.036585365853658534,0.9167730109747325,1.06875,0.0,0.0,,0.0,1.0,0.0,2.0,0.8599747370158674,1,Decoracion,Plantas artificiales,AMBA,Mediano,Proveedor E,0,0,train
2024-11-01,T10,SKU00702,5,8.0,18.0,3.0,0.7302967433402215,0.8888888888888888,5.0,0,0,22,10.0,7.333333333333333,225,5.8619192357794185,12,1,114,0.0,35.0,0.0,37.0,0,0.0,1.0,30.0,6,10,35,450,11,0.0,3.0,6.0,5,1,3.5999999999999996,3.7333333333333334,0.003822497308830433,1.1733333333333333,1.0421189752496745,2.970039079461572,0.9564737710540149,242,0.036585365853658534,0.8711192442216854,1.3705357142857142,0.0,0.0,,0.0,0.0,0.0,3.0,0.8902493540836415,1,Textil hogar,Sabanas,AMBA,Mediano,Proveedor C,0,0,train
2024-11-01,T11,SKU00211,5,15.0,29.0,4.083333333333333,0.5057692226019388,1.2244897959183674,11.0,0,0,11,1.0,2.6938775510204085,128,4.571428571428571,8,0,31,0.0,0.0,0.0,0.0,0,0.0,1.0,25.0,16,56,52,800,11,5.0,5.0,7.0,14,0,2.7906976744186047,-0.09682012339819623,0.004964162770858036,0.6875,0.9404761904761905,1.1071428571428572,0.9778387564147298,267,0.05166051660516605,0.9345100179616708,1.0148975791433892,156.0,2.0,9.7,0.0,1.0,0.0,2.0,0.9534032368719132,1,Decoracion,Espejos,AMBA,Grande,Proveedor F,0,0,train
2024-11-01,T12,SKU00135,1,7.0,18.0,3.6666666666666665,0.49792959773196915,0.6363636363636365,12.0,0,0,17,-19.0,4.636363636363637,246,5.262032085561497,15,0,78,193.0,0.0,0.0,0.0,0,0.0,1.0,35.0,20,37,193,1200,11,1.0,5.0,7.0,19,0,10.046511627906977,-5.41014799154334,0.004726674600262562,1.0365853658536586,0.9910873440285205,1.6684491978609626,0.9410379431431829,239,0.04564315352697095,0.8891830808069453,1.5012165450121655,193.0,1.0,1.0,0.0,0.0,0.0,3.0,0.8147119801593106,1,Cocina y mesa,Cristaleria,Cuyo,Chico,Proveedor E,0,0,train
2024-11-01,T14,SKU00794,2,9.0,15.0,3.1666666666666665,0.5686336657127494,0.9473684210526316,12.0,0,0,26,8.0,8.210526315789474,357,5.812754409769336,20,0,79,0.0,0.0,0.0,0.0,0,0.0,1.0,30.0,29,28,21,1500,11,5.0,2.0,6.0,26,0,5.684210526315789,2.526315789473685,0.004405791130868409,1.4565826330532212,1.0094979647218454,1.2862957937584805,0.9887522832643628,243,0.028455284552845527,0.9517713535082325,0.8147321428571429,0.0,0.0,12.2,0.0,0.0,0.0,3.0,0.8760999328670778,1,Textil hogar,Sabanas,AMBA,Grande,Proveedor G,0,0,train
2024-11-01,T16,SKU00274,4,12.0,29.0,4.25,0.5998846486579746,0.9411764705882353,7.0,0,0,10,-11.0,2.3529411764705883,248,5.341538461538462,14,0,66,576.0,0.0,0.0,0.0,0,0.0,1.0,35.0,8,46,192,600,11,2.0,6.0,8.0,7,1,4.7727272727272725,-2.419786096256684,0.005615222156605643,0.564516129032258,0.9692307692307692,1.4215384615384614,0.9746264025543755,247,0.04838709677419355,1.0366818991522615,1.2012012012012012,576.0,1.0,2.4,0.0,0.0,0.0,3.0,0.9059301487399745,1,Cocina y mesa,Manteleria,NOA,Grande,Proveedor B,0,0,train
2024-11-01,T17,SKU00500,3,6.0,11.0,2.0,0.5640760748177661,1.0,11.0,0,0,12,6.0,6.0,148,5.3981762917933125,17,0,47,63.0,0.0,8.0,0.0,0,0.0,1.0,35.0,33,28,21,600,11,0.0,3.0,4.0,28,0,2.7692307692307696,3.2307692307692304,0.0024611532660555957,1.3783783783783785,1.0334346504559269,1.7142857142857142,0.9426217008992931,259,0.03435114503816794,1.016548463356974,0.6221590909090909,63.0,1.0,1.0,8.0,0.0,0.0,1.0,0.9472682614399576,1,Organizacion,Cajas,Centro,Chico,Proveedor G,0,0,train
2024-11-01,T17,SKU00635,2,3.0,3.0,0.5,1.5954480704349312,2.0,4.0,0,0,3,-2.0,6.0,54,5.023255813953488,17,2,19,0.0,0.0,0.0,0.0,0,0.0,1.0,35.0,25,31,182,600,11,0.0,1.0,2.0,23,0,20.0,-14.0,0.0006152883165138989,0.9444444444444445,0.9302325581395349,1.7674418604651163,0.9426217008992931,259,0.03435114503816794,1.016548463356974,1.1245353159851301,182.0,1.0,3.4,0.0,0.0,0.0,1.0,0.9472682614399576,1,Organizacion,Contenedores,Centro,Chico,Proveedor I,0,0,train
2024-11-01,T18,SKU00065,1,4.0,12.0,2.5833333333333335,0.8163034598528783,0.5161290322580645,10.0,0,0,10,-4.0,3.8709677419354835,298,5.561430793157076,17,0,69,0.0,182.0,0.0,0.0,0,0.0,1.0,5.0,22,31,182,1200,11,3.0,0.0,7.0,20,0,4.421052631578948,-0.5500848896434642,0.003011820037254713,0.5704697986577181,0.989113530326594,1.2877138413685847,0.9373561199817247,274,0.05776173285198556,0.8638917799964827,1.2792397660818713,0.0,0.0,19.3,0.0,0.0,0.0,1.0,0.9101339238099837,1,Muebles,Racks,NOA,Mediano,Proveedor I,0,1,train
2024-11-01,T19,SKU00366,1,2.0,5.0,0.6666666666666666,0.9770084209183948,1.0,7.0,0,0,3,-4.0,4.5,43,4.372881355932204,15,1,29,0.0,0.0,0.0,0.0,0,0.0,1.0,20.0,26,52,155,800,11,1.0,0.0,2.0,23,0,10.5,-6.0,0.0007600102042062698,1.0465116279069768,0.9830508474576272,2.9491525423728815,0.9146722807622458,267,0.026119402985074626,0.8613200758814679,2.062034739454094,0.0,0.0,13.4,0.0,1.0,0.0,4.0,0.911885997084119,1,Iluminacion,Lamparas de mesa,Cuyo,Mediano,Proveedor J,0,0,train
2024-11-01,T20,SKU00528,3,7.0,16.0,2.3333333333333335,0.7385489458759964,1.0,9.0,0,0,10,3.0,4.285714285714286,149,4.247030878859857,20,0,50,0.0,0.0,0.0,0.0,0,0.0,1.0,30.0,17,46,192,450,11,0.0,4.0,5.0,14,0,3.36,0.9257142857142857,0.00281078721728024,1.342281879194631,0.8931116389548692,1.4251781472684084,0.9837755260480839,272,0.036231884057971016,0.9159671617009502,1.4663677130044843,384.0,1.0,10.1,0.0,0.0,0.0,3.0,0.9069336708792743,1,Textil hogar,Cortinas,AMBA,Mediano,Proveedor B,0,0,train
2024-11-01,T21,SKU00093,2,7.0,15.0,3.0,0.5685352436149612,0.7777777777777778,12.0,0,0,31,10.0,10.333333333333334,243,5.7176470588235295,14,0,88,42.0,0.0,0.0,0.0,0,0.0,1.0,35.0,17,28,21,600,11,1.0,4.0,6.0,15,0,6.3,4.033333333333334,0.0035404039662231155,1.7860082304526748,0.9725490196078432,2.070588235294118,0.9858058154839031,268,0.05904059040590406,0.9928723083861631,1.6341463414634145,42.0,2.0,0.5,0.0,0.0,0.0,3.0,0.962561836836856,1,Cocina y mesa,Vajilla,Cuyo,Grande,Proveedor G,0,0,train
2024-11-01,T21,SKU00589,1,4.0,14.0,2.75,0.9447549859466604,0.4848484848484848,11.0,0,0,22,16.0,8.0,193,4.804979253112033,12,0,107,0.0,0.0,0.0,0.0,0,0.0,1.0,40.0,24,37,193,600,11,5.0,-2.0,8.0,22,0,1.6744186046511627,6.325581395348838,0.0032453703023711893,1.367875647668394,1.004149377593361,2.663900414937759,0.9858058154839031,268,0.05904059040590406,0.9701418510068446,1.0158102766798418,193.0,1.0,7.2,0.0,0.0,0.0,2.0,0.8678614936859822,1,Bano,Accesorios de bano,Cuyo,Grande,Proveedor E,0,0,train
2024-11-01,T22,SKU00777,0,1.0,8.0,1.3333333333333333,0.7385489458759962,0.25,9.0,2,0,8,1.0,6.0,168,5.67887323943662,18,0,34,0.0,0.0,0.0,0.0,0,0.0,1.0,5.0,31,52,155,1500,11,0.0,1.0,3.0,27,0,3.5,2.5,0.0015673168968041407,0.8571428571428571,0.9126760563380282,1.1492957746478873,0.9529286732569175,264,0.03759398496240601,0.9540817643566355,1.2868421052631578,155.0,1.0,3.0,0.0,1.0,0.0,1.0,0.8747357463933657,1,Muebles,Mesas auxiliares,AMBA,Mediano,Proveedor J,0,0,train
2024-11-01,T23,SKU00208,1,1.0,1.0,0.25,1.809068067466582,1.3333333333333333,3.0,0,0,5,1.0,20.0,23,6.7317073170731705,6,1,9,0.0,0.0,0.0,0.0,0,0.0,1.0,25.0,29,25,153,450,11,0.0,0.0,1.0,27,0,8.0,12.0,0.00029512123712437783,1.3043478260869565,0.8780487804878048,2.6341463414634143,0.973113092544782,268,0.07749077490774908,0.9021037277810744,1.4067085953878407,0.0,0.0,16.7,0.0,1.0,0.0,2.0,0.905122638257696,1,Decoracion,Velas,AMBA,Mediano,Proveedor D,0,0,train
2024-11-01,T23,SKU00231,0,0.0,1.0,0.3333333333333333,1.954016841836789,0.0,3.0,3,0,5,4.0,15.0,38,4.9565217391304355,12,2,14,0.0,0.0,0.0,0.0,0,0.0,1.0,30.0,29,28,21,450,11,0.0,0.0,2.0,28,0,2.4,12.6,0.0003934949828325038,1.5789473684210527,0.8695652173913044,1.8260869565217392,0.973113092544782,268,0.07749077490774908,1.020698864179605,1.0,0.0,0.0,,4.0,0.0,0.0,3.0,0.9030124685782247,1,Textil hogar,Toallas,AMBA,Mediano,Proveedor G,0,0,train
2024-11-01,T23,SKU00708,2,7.0,12.0,1.75,0.9157455877300879,1.3333333333333335,9.0,0,0,8,-2.0,4.571428571428571,149,5.022471910112359,18,1,23,546.0,0.0,0.0,0.0,0,0.0,1.0,5.0,34,31,182,450,11,3.0,2.0,5.0,32,0,6.666666666666667,-2.095238095238096,0.002065848659870645,0.9664429530201342,0.8426966292134831,0.7752808988764045,0.973113092544782,268,0.07749077490774908,1.027103416948468,1.7006960556844548,546.0,1.0,1.9,0.0,0.0,0.0,1.0,0.8877143624509447,1,Muebles,Sillas,AMBA,Mediano,Proveedor I,0,0,train
2024-11-01,T23,SKU00773,7,17.0,35.0,5.166666666666667,0.5337887879622384,1.096774193548387,11.0,0,0,42,11.0,8.129032258064516,537,5.374478732276897,15,0,167,0.0,0.0,0.0,0.0,0,0.0,1.0,20.0,26,10,35,450,11,3.0,7.0,9.0,23,0,6.2,1.9290322580645158,0.0060991722339038094,1.1731843575418994,1.0108423686405337,1.67139282735613,0.973113092544782,268,0.07749077490774908,0.9880090856267497,1.1,35.0,1.0,8.7,0.0,0.0,0.0,4.0,0.9129841583375392,1,Iluminacion,Guirnaldas,AMBA,Mediano,Proveedor C,0,0,train
2024-11-01,T24,SKU00296,11,7.0,34.0,10.166666666666666,1.0408105046356038,0.2295081967213115,11.0,0,0,44,-52.0,4.327868852459017,514,5.9193857965451055,7,1,184,0.0,0.0,0.0,0.0,0,0.0,1.0,35.0,32,32,147,800,11,-20.0,16.0,19.0,27,0,7.68,-3.352131147540983,0.01065019835059106,0.5992217898832685,1.0633397312859885,2.1190019193857967,0.9529308622545247,285,0.03832752613240418,0.8718293971029583,1.4323725055432373,0.0,0.0,29.5,0.0,0.0,0.0,3.0,0.8142375704736364,1,Cocina y mesa,Vajilla,AMBA,Grande,Proveedor A,0,0,train
2024-11-01,T24,SKU00633,4,11.0,28.0,5.416666666666667,0.30950514912017046,0.6769230769230768,12.0,0,0,51,1.0,9.415384615384616,698,5.428386260531432,19,0,230,0.0,0.0,0.0,0.0,0,0.0,1.0,5.0,27,32,147,800,11,3.0,4.0,8.0,26,0,8.450704225352112,0.9646803900325036,0.005674286006462451,1.3882521489971347,1.0239792611795202,1.7887232663642254,0.9529308622545247,285,0.03832752613240418,0.9538346237934754,0.21577726218097448,588.0,3.0,4.5,0.0,0.0,0.0,1.0,0.979952242283956,1,Muebles,Sillas,AMBA,Grande,Proveedor A,0,0,train
2024-11-01,T27,SKU00640,14,33.0,33.0,11.0,0.24052284646041733,1.0,3.0,0,0,122,,11.090909090909092,712,7.00327868852459,9,1,189,0.0,0.0,0.0,0.0,0,0.0,1.0,25.0,3,37,193,1200,11,10.0,9.0,14.0,2,1,,,0.014012810977602664,1.5421348314606742,1.0,1.859016393442623,0.9864169666960907,252,0.0392156862745098,1.005315346233575,1.7534516765285997,0.0,0.0,,0.0,0.0,0.0,2.0,0.928424343564571,1,Decoracion,Cuadros,AMBA,Chico,Proveedor E,0,0,train
2024-12-01,T02,SKU00625,0,6.0,6.0,2.0,0.8660254037844386,1.0,2.0,1,0,7,,3.5,125,5.319148936170213,16,2,59,0.0,0.0,0.0,0.0,0,0.0,2.0,30.0,3,46,192,450,12,3.0,3.0,3.0,2,1,,,0.0023897313966048917,0.896,0.9929078014184397,2.5106382978723403,0.9889505096283242,265,0.040740740740740744,0.9684461202619566,0.9507829977628636,0.0,0.0,,0.0,0.0,0.0,7.0,0.9551976358728005,0,Iluminacion,Apliques,AMBA,Grande,Proveedor B,0,0,train
2024-12-01,T05,SKU00215,3,3.0,5.0,0.8333333333333334,1.6045390162116515,1.2,5.0,0,0,3,0.0,3.5999999999999996,37,4.396039603960396,11,1,14,0.0,0.0,0.0,0.0,0,0.0,1.0,30.0,27,52,155,450,12,0.0,0.0,4.0,25,0,4.0,-0.40000000000000036,0.0009304207592257562,0.8918918918918919,1.1485148514851484,1.6633663366336635,0.9326537690478981,266,0.03717472118959108,0.9957100648029118,0.88268156424581,465.0,2.0,5.2,0.0,0.0,0.0,3.0,0.9067428199009013,0,Decoracion,Espejos,AMBA,Mediano,Proveedor J,0,0,train
2024-12-01,T06,SKU00625,1,5.0,5.0,1.6666666666666667,0.3464101615137755,1.0,3.0,0,0,8,,4.8,125,5.319148936170213,16,2,59,0.0,0.0,0.0,0.0,0,0.0,2.0,30.0,3,46,192,1500,12,2.0,2.0,2.0,2,1,,,0.0020841044406987707,1.024,0.9929078014184397,2.5106382978723403,0.9415983863077045,260,0.03816793893129771,0.8340048348106366,0.9507829977628636,0.0,0.0,,0.0,0.0,0.0,7.0,0.8808089782613886,0,Iluminacion,Apliques,Centro,Mediano,Proveedor B,0,0,train
2024-12-01,T06,SKU00675,2,3.0,9.0,1.9166666666666667,0.753065568508207,0.5217391304347826,11.0,0,0,4,-6.0,2.0869565217391304,111,3.952522255192878,16,0,29,0.0,0.0,0.0,0.0,0,0.0,1.0,25.0,35,32,147,1500,12,1.0,0.0,5.0,30,0,5.0,-2.9130434782608696,0.002396720106803586,0.5765765765765766,0.9970326409495548,1.032640949554896,0.9415983863077045,260,0.03816793893129771,0.9511549947178852,1.8236559139784947,588.0,4.0,4.2,0.0,0.0,0.0,3.0,0.8584561216949488,0,Bano,Alfombras de bano,Centro,Mediano,Proveedor A,0,0,train
2024-12-01,T07,SKU00703,0,1.0,3.0,1.0,0.9534625892455924,0.3333333333333333,8.0,2,0,10,-1.0,10.0,64,5.296551724137931,9,0,29,0.0,0.0,0.0,0.0,0,0.0,1.0,25.0,31,56,52,800,12,0.0,1.0,3.0,30,0,7.764705882352941,2.235294117647059,0.0011468764352763469,1.40625,1.0206896551724138,2.4,0.955348070585197,269,0.025925925925925925,0.9818658208646487,0.796875,0.0,0.0,25.3,0.0,1.0,0.0,4.0,0.913877480033791,0,Textil hogar,Sabanas,Centro,Mediano,Proveedor F,0,0,train
2024-12-01,T08,SKU00640,14,-7.0,7.0,1.75,8.086269541762803,-1.3333333333333335,2.0,0,0,101,35.0,57.714285714285715,579,5.436619718309859,9,1,224,0.0,0.0,13.0,0.0,0,0.0,1.0,30.0,4,37,193,600,12,-11.0,-10.0,14.0,3,1,4.714285714285714,53.0,0.0020686457777366126,1.5699481865284974,0.9890453834115805,2.103286384976526,0.9862515012713793,255,0.04980842911877394,0.9664251464363272,1.7534516765285997,0.0,0.0,,13.0,0.0,0.0,3.0,0.8937438510387106,0,Decoracion,Cuadros,Patagonia,Grande,Proveedor E,0,1,train
2024-12-01,T09,SKU00209,3,9.0,22.0,3.4166666666666665,0.6419442103958266,0.8780487804878049,12.0,0,0,17,1.0,4.975609756097561,308,5.435294117647059,18,0,135,0.0,0.0,0.0,0.0,0,0.0,1.0,25.0,33,25,153,600,12,2.0,4.0,8.0,32,0,4.682926829268293,0.29268292682926766,0.0038668675592349114,0.9935064935064936,1.0647058823529412,2.3823529411764706,0.979732200130055,269,0.047619047619047616,0.9969050333930608,0.34408602150537637,153.0,1.0,11.2,0.0,0.0,0.0,3.0,0.8345060862757823,0,Bano,Alfombras de bano,NOA,Mediano,Proveedor D,0,0,train
2024-12-01,T10,SKU00365,0,2.0,4.0,0.5833333333333334,0.8827348295047494,1.1428571428571428,7.0,1,0,1,-1.0,1.7142857142857142,44,4.15748031496063,17,1,12,70.0,0.0,0.0,0.0,0,0.0,2.0,30.0,28,10,35,450,12,1.0,1.0,1.0,26,0,3.0,-1.2857142857142858,0.0007484670658521876,0.38636363636363635,1.0708661417322836,1.1338582677165354,0.9687302309458313,251,0.019762845849802372,0.9304741277283929,0.8138957816377171,140.0,3.0,1.1,0.0,0.0,0.0,7.0,0.9402448081852871,0,Iluminacion,Lamparas de mesa,AMBA,Mediano,Proveedor C,0,0,train
2024-12-01,T13,SKU00164,2,4.0,9.0,1.5,0.6030226891555274,0.8888888888888888,11.0,0,0,11,5.0,7.333333333333333,156,5.6555891238670695,18,0,42,0.0,156.0,0.0,0.0,0,0.0,2.0,30.0,25,56,52,1200,12,1.0,1.0,3.0,23,0,4.5,2.833333333333333,0.0017301813407307532,1.2692307692307694,0.9667673716012085,1.5226586102719033,0.9562135543105296,272,0.05454545454545454,0.906697442925668,1.053903345724907,156.0,1.0,9.5,0.0,0.0,0.0,3.0,0.9346193080158349,0,Organizacion,Contenedores,Centro,Chico,Proveedor F,0,0,train
2024-12-01,T15,SKU00136,25,55.0,99.0,15.714285714285714,0.28391206491810206,1.1666666666666667,7.0,0,0,60,-6.0,3.8181818181818183,1285,5.419763004619401,18,0,275,182.0,0.0,0.0,0.0,0,0.0,1.0,15.0,7,31,182,600,12,16.0,14.0,25.0,6,1,4.8,-0.9818181818181815,0.016138704533293934,0.8404669260700389,0.985539264912633,1.1598714601325566,0.9657302982392585,279,0.02120141342756184,1.010398516103648,1.6666666666666667,364.0,2.0,1.9,0.0,0.0,0.0,4.0,0.8786108176878674,0,Cocina y mesa,Cristaleria,NOA,Mediano,Proveedor I,0,0,train
2024-12-01,T19,SKU00547,3,9.0,13.0,2.6,0.6435846357954427,1.1538461538461537,5.0,0,0,11,-13.0,4.230769230769231,124,3.7070254110612852,10,0,84,0.0,0.0,0.0,0.0,0,0.0,2.0,30.0,5,32,147,800,12,5.0,1.0,5.0,4,1,12.0,-7.769230769230769,0.002792981846431804,0.8870967741935484,1.0363726955655206,2.5112107623318383,0.9560591705093483,283,0.02464788732394366,0.8775565672351702,1.6934156378600822,294.0,1.0,4.0,0.0,0.0,0.0,3.0,0.8975968694999412,0,Organizacion,Percheros,Cuyo,Mediano,Proveedor A,0,0,train
2024-12-01,T19,SKU00625,1,4.0,4.0,1.3333333333333333,0.4330127018922193,1.0,3.0,0,0,10,,7.5,125,5.319148936170213,16,2,59,0.0,0.0,0.0,0.0,0,0.0,2.0,30.0,3,46,192,800,12,1.0,2.0,2.0,2,1,,,0.0014322983827855405,1.28,0.9929078014184397,2.5106382978723403,0.9560591705093483,283,0.02464788732394366,0.932901434521055,0.9507829977628636,0.0,0.0,,0.0,0.0,0.0,7.0,0.8996381720295902,0,Iluminacion,Apliques,Cuyo,Mediano,Proveedor B,0,0,train
2024-12-01,T20,SKU00136,11,35.0,82.0,14.285714285714286,0.20493901531919198,0.8166666666666665,7.0,0,0,12,-90.0,0.84,1285,5.419763004619401,18,0,275,182.0,0.0,0.0,0.0,0,0.0,1.0,15.0,7,31,182,450,12,10.0,14.0,18.0,6,1,6.276923076923077,-5.436923076923077,0.018193467681372106,0.1680933852140078,0.985539264912633,1.1598714601325566,0.9657699094195026,268,0.025925925925925925,0.9245965138799226,1.6666666666666667,364.0,2.0,1.9,0.0,0.0,0.0,4.0,0.8352612637554983,0,Cocina y mesa,Cristaleria,AMBA,Mediano,Proveedor I,0,0,train
2024-12-01,T22,SKU00047,0,0.0,2.0,0.3333333333333333,1.477097891751993,0.0,4.0,4,0,2,-3.0,6.0,45,5.3999999999999995,14,2,0,52.0,0.0,0.0,0.0,0,0.0,1.0,25.0,24,56,52,1500,12,0.0,0.0,1.0,20,0,12.0,-6.0,0.0003785490044591352,0.6222222222222222,0.48,0.0,0.9520507462147252,274,0.05434782608695652,0.974316050133429,0.4884318766066838,52.0,1.0,2.4,0.0,0.0,0.0,4.0,0.8723446071910644,0,Textil hogar,Toallas,AMBA,Mediano,Proveedor F,0,0,train
2024-12-01,T22,SKU00288,0,2.0,8.0,1.0,1.0540925533894598,0.6666666666666666,6.0,1,0,2,0.0,2.0,60,4.924760601915184,19,1,24,0.0,0.0,0.0,0.0,0,0.0,1.0,25.0,10,56,52,1500,12,2.0,0.0,3.0,9,1,1.75,0.25,0.0011356470133774058,0.6333333333333333,0.9575923392612858,1.9699042407660738,0.9520507462147252,274,0.05434782608695652,1.0036097925294452,0.6020942408376964,0.0,0.0,,0.0,0.0,0.0,3.0,0.9158384140024768,0,Bano,Cortinas de bano,AMBA,Mediano,Proveedor F,0,0,train
2024-12-01,T24,SKU00684,0,2.0,6.0,0.7,1.5133570078162575,0.9523809523809524,8.0,1,0,8,-2.0,11.428571428571429,122,5.245147001346246,15,0,38,0.0,0.0,0.0,0.0,0,0.0,1.0,20.0,11,32,147,800,12,1.0,1.0,2.0,9,1,14.0,-2.571428571428571,0.0007232718456593644,0.9836065573770493,1.1034872106657403,1.6337343118947323,0.987782692071932,287,0.041379310344827586,0.9728972144539539,0.4895591647331787,0.0,0.0,,0.0,0.0,0.0,2.0,0.9715603735254488,0,Muebles,Sillas,AMBA,Grande,Proveedor A,0,0,train
2024-12-01,T25,SKU00228,11,16.0,39.0,7.0,0.4911083221088063,0.7619047619047619,12.0,0,0,22,-17.0,3.142857142857143,399,4.925925925925926,12,0,142,0.0,0.0,0.0,0.0,0,0.0,1.0,30.0,32,52,155,1500,12,3.0,2.0,12.0,27,0,4.9787234042553195,-1.8358662613981767,0.008211786562954279,0.6616541353383458,0.9588477366255145,1.7530864197530864,0.9760294886254229,265,0.045112781954887216,0.9064606252538903,1.0,0.0,0.0,21.4,0.0,0.0,0.0,3.0,0.8793861464730813,0,Decoracion,Plantas artificiales,Centro,Grande,Proveedor J,0,0,train
2024-12-01,T25,SKU00410,5,7.0,18.0,2.6666666666666665,0.5838742081211422,0.8750000000000001,12.0,0,0,9,-8.0,3.375,194,4.963752665245202,12,0,62,0.0,0.0,0.0,0.0,0,0.0,1.0,30.0,26,28,21,1500,12,1.0,1.0,5.0,25,0,6.0,-2.625,0.0031282996430302018,0.556701030927835,0.9381663113006395,1.5863539445628998,0.9760294886254229,265,0.045112781954887216,0.9064606252538903,1.4161735700197238,21.0,1.0,11.0,0.0,0.0,0.0,3.0,0.8793861464730813,0,Decoracion,Cuadros,Centro,Grande,Proveedor G,0,0,train
2024-12-01,T26,SKU00500,4,7.0,11.0,2.3333333333333335,0.5874380715791502,1.0,10.0,0,0,10,-1.0,4.285714285714286,151,4.93732970027248,18,0,60,63.0,0.0,0.0,0.0,0,0.0,2.0,30.0,34,28,21,1200,12,3.0,0.0,4.0,30,0,5.0769230769230775,-0.791208791208792,0.0028118820885849804,1.1920529801324502,1.013623978201635,1.9618528610354224,0.941578802234742,267,0.06691449814126393,0.9518485503195492,0.6221590909090909,63.0,1.0,2.0,0.0,0.0,0.0,3.0,0.9061993172817613,0,Organizacion,Cajas,NOA,Mediano,Proveedor G,0,0,train
2024-12-01,T28,SKU00453,2,7.0,25.0,4.416666666666667,0.47746051425357033,0.5283018867924528,12.0,0,0,11,-7.0,2.490566037735849,291,5.127753303964758,20,0,147,35.0,0.0,0.0,0.0,0,0.0,1.0,25.0,25,10,35,1500,12,3.0,2.0,9.0,24,0,3.9272727272727277,-1.4367066895368787,0.004893911487237036,0.7560137457044673,1.080763582966226,2.590308370044053,0.9558824852052414,271,0.04363636363636364,0.8733911594008731,1.8172043010752688,35.0,1.0,2.3,28.0,0.0,0.0,3.0,0.8915424262985351,0,Bano,Alfombras de bano,AMBA,Grande,Proveedor C,0,0,train
2025-01-01,T02,SKU00687,2,11.0,11.0,3.6666666666666665,0.5677270907634907,1.0,3.0,0,0,12,,3.272727272727273,310,5.552238805970149,17,3,110,0.0,0.0,0.0,38.0,0,0.0,0.0,0.0,3,52,155,450,1,3.0,6.0,6.0,2,1,,,0.0040166695739176665,0.6580645161290323,0.919402985074627,1.9701492537313434,0.9610794835046635,270,0.04363636363636364,0.9402234581205495,0.4083333333333333,0.0,0.0,,0.0,0.0,0.0,3.0,0.9086921517692865,0,Decoracion,Plantas artificiales,AMBA,Grande,Proveedor J,0,0,embargo
2025-01-01,T04,SKU00004,6,19.0,42.0,7.333333333333333,0.4042412264924165,0.8636363636363636,12.0,0,0,21,-18.0,2.8636363636363638,680,5.298701298701299,20,0,220,0.0,0.0,0.0,0.0,0,0.0,0.0,0.0,15,32,147,450,1,9.0,4.0,13.0,13,0,4.988372093023256,-2.124735729386892,0.00743376695754949,0.6176470588235294,0.9038961038961039,1.7142857142857142,0.9670655014775745,298,0.026578073089700997,0.9109171998483762,0.06458333333333334,147.0,1.0,9.6,0.0,1.0,0.0,7.0,0.9121929082716462,0,Iluminacion,Guirnaldas,Centro,Grande,Proveedor A,0,0,embargo
2025-01-01,T05,SKU00264,0,0.0,2.0,0.3333333333333333,2.4494897427831783,0.0,1.0,3,0,4,4.0,12.0,47,4.171597633136095,16,0,17,182.0,0.0,0.0,0.0,0,0.0,0.0,0.0,6,31,182,450,1,0.0,0.0,2.0,5,1,0.0,12.0,0.000351567899613515,1.3617021276595744,0.8579881656804734,1.5088757396449706,0.9123186994970715,273,0.04659498207885305,1.004757373929591,1.3542600896860986,182.0,1.0,0.9,0.0,0.0,0.0,4.0,0.9309134979719822,0,Textil hogar,Cortinas,AMBA,Mediano,Proveedor I,0,1,embargo
2025-01-01,T06,SKU00777,0,1.0,6.0,1.4166666666666667,0.7649115313770576,0.2352941176470588,10.0,1,0,13,11.0,9.176470588235293,175,6.213017751479289,18,0,49,0.0,0.0,0.0,0.0,0,0.0,0.0,0.0,33,52,155,1500,1,1.0,0.0,4.0,31,0,1.0434782608695652,8.132992327365729,0.0017160699925824873,1.3371428571428572,0.8757396449704142,1.7396449704142012,0.9149681419275097,258,0.04633204633204633,0.9825401471376564,1.2868421052631578,155.0,1.0,5.1,0.0,1.0,0.0,2.0,0.8948731102764161,0,Muebles,Mesas auxiliares,Centro,Mediano,Proveedor J,0,0,embargo
2025-01-01,T07,SKU00264,1,3.0,4.0,0.8,1.0458250331675945,1.25,3.0,0,0,2,-2.0,2.5,47,4.171597633136095,16,0,17,182.0,0.0,0.0,0.0,0,0.0,0.0,0.0,6,31,182,800,1,2.0,0.0,2.0,4,1,8.0,-5.5,0.0008687712011749096,0.6808510638297872,0.8579881656804734,1.5088757396449706,0.9321191012605801,279,0.021352313167259787,0.972029034633502,1.3542600896860986,182.0,1.0,0.9,0.0,0.0,0.0,4.0,0.9236663900265302,0,Textil hogar,Cortinas,Centro,Mediano,Proveedor I,0,0,embargo
2025-01-01,T07,SKU00271,3,-1.0,12.0,2.75,1.1616201541034117,-0.1212121212121212,11.0,0,0,21,7.0,7.636363636363637,327,5.2600536193029495,20,0,104,0.0,0.0,0.0,0.0,0,0.0,0.0,0.0,14,28,21,800,1,-6.0,2.0,6.0,11,0,3.7058823529411766,3.93048128342246,0.0029864010040387516,1.2844036697247705,0.96514745308311,1.6729222520107239,0.9321191012605801,279,0.021352313167259787,0.875722166717345,0.8359683794466403,21.0,1.0,5.7,0.0,1.0,0.0,3.0,0.8643066542369355,0,Bano,Accesorios de bano,Centro,Mediano,Proveedor G,0,0,embargo
2025-01-01,T07,SKU00708,1,3.0,7.0,1.5,0.7247430753394787,0.6666666666666666,11.0,0,0,12,4.0,8.0,152,5.094972067039106,18,0,44,182.0,0.0,0.0,0.0,0,0.0,0.0,0.0,36,31,182,800,1,1.0,1.0,4.0,33,0,5.052631578947369,2.947368421052631,0.0016289460022029555,1.4210526315789473,0.9050279329608939,1.4748603351955307,0.9321191012605801,279,0.021352313167259787,0.941093128439867,1.7006960556844548,728.0,2.0,0.4,0.0,0.0,0.0,2.0,0.8981546252690769,0,Muebles,Sillas,Centro,Mediano,Proveedor I,0,0,embargo
2025-01-01,T09,SKU00337,2,8.0,21.0,3.75,0.5348463387372172,0.711111111111111,12.0,0,0,25,9.0,6.666666666666667,291,5.331297709923664,16,0,143,0.0,0.0,0.0,0.0,0,0.0,0.0,0.0,23,46,192,600,1,5.0,1.0,8.0,19,0,4.173913043478261,2.492753623188406,0.004144422540204487,1.3745704467353952,1.0137404580152671,2.619847328244275,0.944928339166623,283,0.04225352112676056,0.9272520052469734,0.39219330855018586,192.0,1.0,11.1,4.0,0.0,0.0,3.0,0.8822879609141591,0,Organizacion,Contenedores,NOA,Mediano,Proveedor B,0,0,embargo
2025-01-01,T09,SKU00378,0,0.0,3.0,0.25,3.861229196653691,0.0,2.0,4,0,4,1.0,16.0,51,5.142857142857143,16,3,6,192.0,192.0,0.0,0.0,0,0.0,0.0,0.0,36,46,192,600,1,0.0,0.0,3.0,34,0,7.199999999999999,8.8,0.00027629483601363246,1.2549019607843137,0.8739495798319328,0.6050420168067228,0.944928339166623,283,0.04225352112676056,0.9899536628832037,0.22105263157894736,576.0,2.0,1.0,0.0,1.0,0.0,2.0,0.8739348632848499,0,Muebles,Mesas auxiliares,NOA,Mediano,Proveedor B,0,0,embargo
2025-01-01,T10,SKU00168,1,8.0,14.0,2.0833333333333335,0.8047133877124429,1.2799999999999998,10.0,0,0,12,3.0,5.76,58,6.327272727272726,6,0,28,0.0,0.0,0.0,0.0,0,0.0,0.0,0.0,28,10,35,450,1,5.0,2.0,5.0,26,0,5.3999999999999995,0.3600000000000003,0.0025999709073385225,1.2413793103448276,1.2363636363636363,3.0545454545454542,0.9405654754387838,248,0.024,0.9506288151104317,0.38011695906432746,105.0,1.0,3.4,0.0,0.0,0.0,2.0,0.8840912580551156,0,Muebles,Racks,AMBA,Mediano,Proveedor C,0,0,embargo
2025-01-01,T10,SKU00697,1,7.0,15.0,2.75,0.49338220021815854,0.8484848484848485,12.0,0,0,8,-10.0,2.909090909090909,206,4.9738430583501,12,0,79,0.0,0.0,0.0,0.0,0,0.0,0.0,0.0,23,28,21,450,1,5.0,1.0,5.0,23,0,6.171428571428572,-3.2623376623376625,0.0034319615976868495,0.4660194174757281,1.0140845070422535,1.9074446680080481,0.9405654754387838,248,0.024,0.9265468035195186,0.22302158273381295,105.0,4.0,3.1,0.0,0.0,0.0,4.0,0.9317644940545821,0,Cocina y mesa,Cubiertos,AMBA,Mediano,Proveedor G,0,0,embargo
2025-01-01,T13,SKU00409,0,0.0,3.0,0.4444444444444444,1.1858541225631425,0.0,4.0,3,0,3,-1.0,6.75,27,6.883852691218131,8,0,12,0.0,0.0,0.0,0.0,0,0.0,0.0,0.0,10,25,153,1200,1,0.0,0.0,1.0,8,1,6.0,0.75,0.0005152309934862172,0.8888888888888888,1.274787535410765,3.059490084985836,0.9579432246392494,274,0.046762589928057555,1.0322897013225052,1.0,306.0,1.0,4.8,0.0,0.0,0.0,4.0,0.923659210733487,0,Textil hogar,Acolchados,Centro,Chico,Proveedor D,0,0,embargo
2025-01-01,T15,SKU00294,3,7.0,8.0,1.4166666666666667,1.0623826101352138,1.6470588235294117,9.0,0,0,9,-1.0,6.352941176470588,41,4.241379310344827,6,0,27,0.0,0.0,0.0,0.0,0,0.0,0.0,0.0,16,31,182,600,1,1.0,3.0,5.0,15,0,9.230769230769232,-2.877828054298644,0.0014040760251927066,1.3170731707317074,1.0689655172413794,2.793103448275862,0.9620398553790968,287,0.031141868512110725,0.9255950535731396,1.491769547325103,0.0,0.0,,0.0,1.0,0.0,3.0,0.9427229227652738,0,Organizacion,Percheros,NOA,Mediano,Proveedor I,0,0,embargo
2025-01-01,T18,SKU00624,0,2.0,7.0,1.1111111111111112,0.7035623639735145,0.6,7.0,1,0,9,-2.0,8.1,96,6.218223878678833,10,0,27,0.0,0.0,0.0,0.0,0,0.0,0.0,0.0,9,11,36,1200,1,1.0,1.0,2.0,8,1,8.25,-0.15000000000000036,0.001224588837339972,0.9375,0.9715974810435677,1.7488754658784218,0.9584856829859961,285,0.041811846689895474,0.9373919992527516,0.075,0.0,0.0,,0.0,0.0,0.0,7.0,0.9001858455332822,0,Iluminacion,Guirnaldas,NOA,Mediano,Proveedor H,0,0,embargo
2025-01-01,T19,SKU00459,1,4.0,9.0,1.8,0.4648111258522642,0.7407407407407407,5.0,0,0,20,8.0,11.11111111111111,293,5.780993094376849,17,1,86,193.0,386.0,0.0,0.0,0,0.0,0.0,0.0,5,37,193,800,1,1.0,2.0,3.0,4,1,4.8,6.311111111111111,0.0018618735090990784,1.1604095563139933,0.973364024991779,1.696810259782966,0.9619679797011905,294,0.03741496598639456,0.9319937448680199,0.7649667405764967,193.0,1.0,1.4,0.0,0.0,0.0,4.0,0.8981145366706504,0,Cocina y mesa,Vajilla,Cuyo,Mediano,Proveedor E,0,0,embargo
2025-01-01,T19,SKU00696,6,2.0,9.0,2.0,1.5954480704349314,0.3333333333333333,9.0,0,0,18,-12.0,9.0,284,5.25115562403698,17,0,141,0.0,0.0,31.0,0.0,0,0.0,0.0,0.0,23,10,35,800,1,-6.0,2.0,6.0,21,0,12.857142857142856,-3.857142857142856,0.0020687483434434204,1.0774647887323943,1.0292758089368257,2.6070878274268106,0.9619679797011905,294,0.03741496598639456,0.997177572682477,0.33727810650887574,35.0,1.0,8.5,31.0,0.0,0.0,3.0,0.8991314226461871,0,Decoracion,Cuadros,Cuyo,Mediano,Proveedor C,0,0,embargo
2025-01-01,T20,SKU00664,16,39.0,73.0,8.428571428571429,1.205774671988638,1.542372881355932,6.0,0,0,107,31.0,12.694915254237287,1025,5.6444211354398846,14,1,499,193.0,0.0,0.0,0.0,0,0.0,0.0,0.0,7,37,193,450,1,14.0,9.0,16.0,6,1,15.2,-2.505084745762712,0.009970075690899489,1.4614634146341465,1.0829946243608233,2.7478694113019535,0.9250202429149798,274,0.035842293906810034,0.9154900342569822,1.84375,193.0,1.0,1.3,0.0,0.0,0.0,4.0,0.8777694980080132,0,Textil hogar,Sabanas,AMBA,Mediano,Proveedor E,0,0,embargo
2025-01-01,T21,SKU00215,0,1.0,5.0,1.0,0.8528028654224418,0.3333333333333333,8.0,2,0,4,1.0,4.0,34,4.163265306122449,10,0,8,0.0,0.0,0.0,0.0,0,0.0,0.0,0.0,28,52,155,600,1,0.0,1.0,2.0,24,0,2.4,1.6,0.0011583868819121108,1.1764705882352942,1.0612244897959184,0.979591836734694,0.9502633721285682,269,0.04428044280442804,1.0066931631345235,0.88268156424581,465.0,2.0,6.2,0.0,0.0,0.0,3.0,0.868741751158501,0,Decoracion,Espejos,Cuyo,Grande,Proveedor J,0,0,embargo
2025-01-01,T21,SKU00243,5,8.0,18.0,3.0,0.8164965809277259,0.8888888888888888,4.0,0,0,21,6.0,7.0,336,5.661331086773378,19,1,114,35.0,0.0,0.0,0.0,0,0.0,0.0,0.0,6,10,35,600,1,0.0,3.0,5.0,5,1,4.5,2.5,0.003475160645736332,1.1874999999999998,1.0109519797809603,1.9208087615838247,0.9502633721285682,269,0.04428044280442804,0.9659127933382011,1.2882882882882882,35.0,1.0,2.4,0.0,0.0,0.0,4.0,0.9399485152773459,0,Cocina y mesa,Manteleria,Cuyo,Grande,Proveedor C,0,0,embargo
2025-01-01,T21,SKU00562,1,7.0,21.0,3.3333333333333335,0.48429893097698906,0.7000000000000001,12.0,0,0,15,-2.0,4.5,202,4.530841121495327,13,0,85,0.0,0.0,0.0,0.0,0,0.0,0.0,0.0,21,10,35,600,1,3.0,3.0,6.0,19,0,4.857142857142857,-0.35714285714285676,0.0038612896063737025,0.9653465346534653,1.0990654205607475,1.9065420560747663,0.9502633721285682,269,0.04428044280442804,0.9329233003051208,0.541501976284585,140.0,3.0,3.5,0.0,1.0,0.0,3.0,0.9291516005853618,0,Bano,Accesorios de bano,Cuyo,Grande,Proveedor C,0,0,embargo
2025-01-01,T21,SKU00583,1,11.0,19.0,2.1666666666666665,0.8540634764068267,1.6923076923076923,10.0,0,0,4,-7.0,1.8461538461538463,112,3.9881305637982196,16,0,38,0.0,0.0,0.0,0.0,0,0.0,0.0,0.0,33,25,153,600,1,4.0,6.0,6.0,31,0,6.6,-4.753846153846153,0.0025098382441429063,0.5714285714285714,1.1275964391691395,1.3531157270029674,0.9502633721285682,269,0.04428044280442804,0.9659127933382011,0.7672672672672672,459.0,2.0,3.1,0.0,0.0,0.0,4.0,0.9399485152773459,0,Cocina y mesa,Manteleria,Cuyo,Grande,Proveedor D,0,0,embargo
2025-01-01,T21,SKU00668,14,24.0,45.0,5.75,0.8620226238055294,1.391304347826087,11.0,0,0,17,-2.0,2.9565217391304346,656,5.248,19,0,211,0.0,0.0,0.0,0.0,0,0.0,0.0,0.0,26,11,36,600,1,5.0,5.0,14.0,21,0,3.737704918032787,-0.7811831789023524,0.006660724570994637,0.4923780487804878,1.0666666666666667,1.688,0.9502633721285682,269,0.04428044280442804,1.0066931631345235,1.054003724394786,36.0,1.0,7.2,0.0,1.0,0.0,3.0,0.868741751158501,0,Decoracion,Espejos,Cuyo,Grande,Proveedor H,0,0,embargo
2025-01-01,T23,SKU00425,0,0.0,3.0,0.75,1.1547005383792515,0.0,6.0,3,0,5,2.0,6.666666666666667,55,5.641025641025641,16,1,11,21.0,0.0,0.0,0.0,0,0.0,0.0,0.0,28,28,21,450,1,0.0,0.0,2.0,26,0,3.5999999999999996,3.0666666666666673,0.0008439882622707937,1.4545454545454546,0.6495726495726496,1.1282051282051282,0.9749002193963524,278,0.02867383512544803,0.8983513687709895,1.0,21.0,1.0,0.2,0.0,0.0,0.0,7.0,0.8831315869415886,0,Iluminacion,Lamparas de mesa,AMBA,Mediano,Proveedor G,0,0,embargo
2025-01-01,T23,SKU00653,6,16.0,16.0,5.333333333333333,0.10825317547305485,1.0,3.0,0,0,15,,2.8125,289,5.05539358600583,16,0,99,0.0,0.0,0.0,0.0,0,0.0,0.0,0.0,3,56,52,450,1,5.0,5.0,6.0,2,1,,,0.0060016943094811995,0.8304498269896193,0.9562682215743439,1.7317784256559765,0.9749002193963524,278,0.02867383512544803,0.9464166394176773,0.20170454545454544,0.0,0.0,,0.0,0.0,0.0,3.0,0.86459896706112,0,Organizacion,Cajas,AMBA,Mediano,Proveedor F,0,0,embargo
2025-01-01,T23,SKU00696,2,6.0,16.0,2.9166666666666665,0.4251813974990213,0.6857142857142857,12.0,0,0,10,-5.0,3.428571428571429,284,5.25115562403698,17,0,141,0.0,0.0,0.0,0.0,0,0.0,0.0,0.0,23,10,35,450,1,1.0,3.0,6.0,22,0,5.294117647058823,-1.8655462184873945,0.0032821765754975306,0.5985915492957746,1.0292758089368257,2.6070878274268106,0.9749002193963524,278,0.02867383512544803,0.9361965085740769,0.33727810650887574,35.0,1.0,8.5,0.0,0.0,0.0,3.0,0.8852304739179606,0,Decoracion,Cuadros,AMBA,Mediano,Proveedor C,0,0,embargo
2025-01-01,T25,SKU00145,1,5.0,13.0,2.375,0.5000989217538614,0.7017543859649124,8.0,0,0,14,-8.0,5.894736842105263,384,5.615838863714422,20,0,87,36.0,0.0,0.0,0.0,0,0.0,0.0,0.0,11,11,36,1500,1,2.0,2.0,4.0,7,1,7.857142857142858,-1.9624060150375948,0.002614781085213386,0.7291666666666667,1.0237206261979415,1.2723384925602987,0.9677442416431858,273,0.02877697841726619,1.0099033655448184,0.13920454545454544,108.0,3.0,1.0,0.0,1.0,0.0,3.0,0.8945982857787369,0,Organizacion,Cajas,Centro,Grande,Proveedor H,0,0,embargo
2025-01-01,T26,SKU00549,1,8.0,13.0,1.6666666666666667,0.8984835709531518,1.5999999999999999,9.0,0,0,9,0.0,5.3999999999999995,50,5.76923076923077,5,0,17,0.0,0.0,23.0,0.0,0,0.0,0.0,0.0,32,10,35,1200,1,4.0,3.0,4.0,29,0,6.352941176470588,-0.9529411764705884,0.0018522074744990722,0.9,1.2307692307692308,1.9615384615384617,0.960184354780319,280,0.04240282685512368,1.0022924407468878,0.2869318181818182,0.0,0.0,,23.0,0.0,0.0,3.0,0.9155435798767323,0,Organizacion,Cajas,NOA,Mediano,Proveedor C,0,0,embargo
2025-01-01,T27,SKU00076,6,22.0,34.0,5.166666666666667,0.8079165580032791,1.4193548387096773,11.0,0,0,40,3.0,7.741935483870967,538,5.02803738317757,17,0,144,0.0,0.0,0.0,0.0,0,0.0,0.0,0.0,33,31,182,1200,1,8.0,8.0,8.0,32,0,7.525423728813559,0.21651175505740827,0.005775205392385326,1.2639405204460965,1.115264797507788,1.3457943925233644,0.9571937195508324,276,0.050359712230215826,0.9213861228851806,1.8050314465408805,0.0,0.0,12.5,56.0,0.0,0.0,3.0,0.8888963975725992,0,Decoracion,Velas,AMBA,Chico,Proveedor I,0,0,embargo
2025-01-01,T27,SKU00560,6,4.0,13.0,2.9166666666666665,1.3031715273457296,0.45714285714285713,10.0,0,0,21,-4.0,7.2,227,4.672384219554031,15,0,95,0.0,0.0,0.0,0.0,0,0.0,0.0,0.0,26,28,21,1200,1,-6.0,4.0,9.0,24,0,7.317073170731708,-0.11707317073170742,0.003260196592475587,1.3876651982378856,0.8439108061749571,1.955403087478559,0.9571937195508324,276,0.050359712230215826,0.9687341335405383,0.17355371900826447,21.0,1.0,7.1,0.0,0.0,0.0,4.0,0.8864248086182808,0,Textil hogar,Acolchados,AMBA,Chico,Proveedor G,0,0,embargo
2025-01-01,T27,SKU00698,0,4.0,5.0,0.6666666666666666,1.4770978917519928,2.0,5.0,1,0,2,1.0,3.0,37,4.188679245283018,13,1,18,0.0,0.0,0.0,0.0,0,0.0,0.0,0.0,33,32,147,1200,1,3.0,1.0,3.0,32,0,2.4,0.6000000000000001,0.0007451877925658485,0.7027027027027026,1.3584905660377358,2.0377358490566038,0.9571937195508324,276,0.050359712230215826,1.0225454984456586,0.7649667405764967,294.0,1.0,8.5,0.0,0.0,0.0,4.0,0.9190656603581431,0,Cocina y mesa,Vajilla,AMBA,Chico,Proveedor A,0,0,embargo
2025-01-01,T28,SKU00508,3,10.0,8.0,1.75,1.6367758705650022,1.9047619047619049,11.0,0,0,21,0.0,12.0,260,4.596839003482454,18,0,97,0.0,0.0,0.0,0.0,0,0.0,0.0,0.0,13,25,153,1500,1,3.0,4.0,4.0,11,0,17.18181818181818,-5.18181818181818,0.0019133296760114802,1.4538461538461538,1.1138494508438253,1.7149745512992232,0.9315182194067321,278,0.06028368794326241,0.9830196446660592,1.7153284671532847,306.0,2.0,8.9,0.0,0.0,0.0,4.0,0.8951993870042639,0,Cocina y mesa,Cristaleria,AMBA,Grande,Proveedor D,0,1,embargo
2025-01-01,T28,SKU00728,7,20.0,40.0,6.666666666666667,0.38729833462074165,1.0,6.0,0,0,39,4.0,5.85,164,4.23590185105467,6,0,81,0.0,0.0,0.0,0.0,0,0.0,0.0,0.0,6,56,52,1500,1,7.0,6.0,11.0,5,1,5.25,0.5999999999999996,0.007288874956234211,1.426829268292683,1.0417563495479982,2.0921222557038313,0.9315182194067321,278,0.06028368794326241,0.8541485623279728,0.11647727272727272,0.0,0.0,,0.0,0.0,0.0,3.0,0.9194834947590252,0,Organizacion,Cajas,AMBA,Grande,Proveedor F,0,0,embargo
2025-02-01,T03,SKU00603,1,8.0,11.0,2.75,0.4575657233497425,0.9696969696969696,4.0,0,0,5,-5.0,1.8181818181818181,79,3.776892430278885,10,0,35,0.0,0.0,0.0,0.0,0,0.0,0.0,0.0,4,52,155,450,2,3.0,4.0,4.0,3,1,3.3333333333333335,-1.5151515151515154,0.0031980623844934373,0.6329113924050632,1.0039840637450201,1.6733067729083668,0.967171593855894,256,0.0311284046692607,0.9748118892040403,1.2147651006711409,0.0,0.0,,0.0,0.0,0.0,7.0,0.9050212364443434,0,Iluminacion,Apliques,Cuyo,Chico,Proveedor J,0,0,embargo
2025-02-01,T03,SKU00659,5,12.0,28.0,3.25,0.5585657495864577,1.2307692307692308,12.0,0,0,14,5.0,4.3076923076923075,149,5.385542168674698,8,0,74,0.0,155.0,0.0,0.0,0,0.0,0.0,0.0,28,52,155,450,2,4.0,3.0,7.0,25,0,2.918918918918919,1.3887733887733886,0.0037795282725831534,0.7516778523489933,1.072289156626506,2.674698795180723,0.967171593855894,256,0.0311284046692607,0.9964747577130842,0.7139917695473251,155.0,1.0,7.3,0.0,0.0,0.0,3.0,0.92218891977712,0,Organizacion,Percheros,Cuyo,Chico,Proveedor J,0,0,embargo
2025-02-01,T04,SKU00365,0,2.0,6.0,0.6666666666666666,1.477097891751993,1.0,5.0,1,0,4,3.0,6.0,59,5.283582089552239,18,1,22,0.0,35.0,0.0,0.0,0,0.0,0.0,0.0,30,10,35,450,2,1.0,1.0,3.0,27,0,1.2,4.8,0.0006825911336730627,1.2203389830508475,1.0149253731343284,1.9701492537313434,0.9863441881575757,296,0.036303630363036306,0.9551620403530618,0.8138957816377171,140.0,3.0,3.0,0.0,0.0,0.0,7.0,0.9025156610027556,0,Iluminacion,Lamparas de mesa,Centro,Grande,Proveedor C,0,0,embargo
2025-02-01,T05,SKU00340,10,38.0,78.0,14.0,0.2153652461269739,0.9047619047619048,12.0,0,0,30,-58.0,2.142857142857143,1051,4.628256880733945,17,0,436,0.0,21.0,0.0,0.0,0,0.0,0.0,0.0,28,28,21,450,2,18.0,10.0,19.0,25,0,6.068965517241379,-3.926108374384236,0.014604321777373959,0.48525214081826834,0.9702752293577982,1.92,0.9513672472117892,279,0.0528169014084507,0.9245569620253165,0.4270833333333333,21.0,1.0,4.2,0.0,1.0,0.0,7.0,0.913924399369521,0,Iluminacion,Guirnaldas,AMBA,Mediano,Proveedor G,0,0,embargo
2025-02-01,T05,SKU00396,0,2.0,2.0,0.5,2.0,1.3333333333333333,1.0,2,0,4,0.0,8.0,59,5.539906103286385,18,2,24,156.0,0.0,0.0,0.0,0,0.0,0.0,0.0,5,56,52,450,2,0.0,2.0,2.0,3,1,inf,,0.0005215829206204985,1.2203389830508475,0.9702660406885759,2.2535211267605635,0.9513672472117892,279,0.0528169014084507,1.0206157312951063,0.11607142857142858,260.0,4.0,1.6,0.0,1.0,0.0,4.0,0.9388175901131774,0,Textil hogar,Sabanas,AMBA,Mediano,Proveedor F,0,0,embargo
2025-02-01,T08,SKU00070,4,12.0,18.0,3.5833333333333335,0.5763416722673256,1.1162790697674418,11.0,0,0,21,9.0,5.8604651162790695,164,5.451523545706371,9,0,53,441.0,0.0,0.0,0.0,0,0.0,0.0,0.0,33,32,147,600,2,6.0,2.0,7.0,29,0,3.5121951219512195,2.34826999432785,0.003915162106749006,1.152439024390244,1.0193905817174516,1.7617728531855954,0.99099126441526,274,0.04727272727272727,1.024188853014344,0.7262569832402235,441.0,1.0,1.9,0.0,0.0,0.0,3.0,0.8622895211070158,0,Decoracion,Espejos,Patagonia,Grande,Proveedor A,0,0,embargo
2025-02-01,T08,SKU00481,0,3.0,9.0,1.4166666666666667,0.7649115313770574,0.7058823529411764,10.0,1,0,8,4.0,5.647058823529411,139,5.712328767123288,16,0,34,0.0,0.0,0.0,0.0,0,0.0,0.0,0.0,26,46,192,600,2,3.0,0.0,3.0,24,0,2.5263157894736845,3.1207430340557267,0.001547854786389142,0.920863309352518,1.0136986301369864,1.3972602739726028,0.99099126441526,274,0.04727272727272727,1.024188853014344,1.1132075471698113,576.0,2.0,9.6,0.0,0.0,0.0,3.0,0.8622895211070158,0,Decoracion,Velas,Patagonia,Grande,Proveedor B,0,0,embargo
2025-02-01,T09,SKU00121,3,7.0,18.0,2.6666666666666665,0.8359806435340691,0.8750000000000001,11.0,0,0,17,-10.0,6.375,254,5.452593917710196,14,0,76,0.0,0.0,0.0,0.0,0,0.0,0.0,0.0,36,31,182,600,2,2.0,2.0,5.0,33,0,9.818181818181818,-3.4431818181818183,0.002845163084193733,0.937007874015748,0.9731663685152058,1.6314847942754918,0.9833594909744591,288,0.04844290657439446,1.0632189328574717,1.2353801169590644,728.0,2.0,4.7,0.0,0.0,0.0,2.0,0.9049918434178962,0,Muebles,Racks,NOA,Mediano,Proveedor I,0,0,embargo
2025-02-01,T09,SKU00476,1,9.0,19.0,3.9166666666666665,0.5704783007126704,0.7659574468085106,12.0,0,0,10,-7.0,2.5531914893617023,131,4.9125,8,0,45,0.0,0.0,0.0,0.0,0,0.0,0.0,0.0,29,46,192,600,2,3.0,5.0,9.0,27,0,3.7777777777777777,-1.2245862884160754,0.004178833279909546,0.6106870229007634,0.975,1.6875,0.9833594909744591,288,0.04844290657439446,1.0028420134058031,0.3039832285115304,0.0,0.0,,0.0,0.0,0.0,3.0,0.9135656213378119,0,Decoracion,Velas,NOA,Mediano,Proveedor B,0,0,embargo
2025-02-01,T11,SKU00410,5,11.0,24.0,3.3333333333333335,0.7273863547599096,1.0999999999999999,11.0,0,0,13,-2.0,3.9,230,5.575757575757576,13,1,103,0.0,0.0,0.0,0.0,0,0.0,0.0,0.0,28,28,21,800,2,1.0,5.0,8.0,23,0,4.285714285714286,-0.3857142857142857,0.0036347222181246372,0.7347826086956522,0.9696969696969697,2.496969696969697,0.9853731933335891,290,0.051194539249146756,1.0094638472329673,1.4161735700197238,0.0,0.0,12.9,0.0,1.0,0.0,3.0,0.8770060206866008,0,Decoracion,Cuadros,AMBA,Grande,Proveedor G,0,0,embargo
2025-02-01,T13,SKU00284,3,5.0,8.0,1.0,1.7580981459830651,1.6666666666666667,7.0,0,0,6,-6.0,6.0,123,6.024489795918367,15,1,62,0.0,0.0,0.0,0.0,0,0.0,0.0,0.0,16,31,182,1200,2,1.0,1.0,5.0,14,0,10.285714285714285,-4.285714285714285,0.0010746297818990012,0.7317073170731708,1.1918367346938774,3.036734693877551,0.9639429143634041,288,0.034129692832764506,1.0886120721099113,1.7969151670951158,364.0,2.0,7.2,0.0,0.0,0.0,4.0,0.9434872223994369,0,Textil hogar,Toallas,Centro,Chico,Proveedor I,0,0,embargo
2025-02-01,T13,SKU00477,2,3.0,9.0,1.4166666666666667,0.7032034728674982,0.7058823529411764,10.0,0,0,6,-4.0,4.235294117647059,160,5.303867403314917,19,1,43,0.0,0.0,0.0,0.0,0,0.0,0.0,0.0,35,37,193,1200,2,0.0,1.0,3.0,32,0,6.315789473684211,-2.0804953560371517,0.001522392191023585,0.7125,0.87292817679558,1.425414364640884,0.9639429143634041,288,0.034129692832764506,0.9775125939860472,0.28074245939675174,193.0,1.0,10.3,0.0,0.0,0.0,2.0,0.8869329054030978,0,Muebles,Sillas,Centro,Chico,Proveedor E,0,0,embargo
2025-02-01,T14,SKU00022,2,7.0,13.0,1.9166666666666667,0.4697408542844452,1.2173913043478262,11.0,0,0,9,2.0,4.695652173913043,62,8.454545454545453,5,0,15,147.0,0.0,0.0,0.0,0,0.0,0.0,0.0,19,32,147,1500,2,2.0,3.0,3.0,17,0,4.0,0.695652173913043,0.0023244071810138325,0.7258064516129032,1.1818181818181817,2.0454545454545454,0.968166121483153,265,0.04119850187265917,0.9957883651527434,0.19664268585131894,588.0,2.0,2.3,0.0,0.0,0.0,4.0,0.9008192563860334,0,Cocina y mesa,Cubiertos,AMBA,Grande,Proveedor A,0,0,embargo
2025-02-01,T14,SKU00334,9,29.0,59.0,11.8,0.28361356831663576,0.8192090395480225,5.0,0,0,132,93.0,11.1864406779661,989,6.048929663608563,13,0,238,193.0,0.0,0.0,0.0,0,0.0,0.0,0.0,6,37,193,1500,2,9.0,11.0,17.0,4,1,2.6,8.5864406779661,0.014310263340502553,1.7350859453993932,1.0682976554536188,1.45565749235474,0.968166121483153,265,0.04119850187265917,1.036228023441662,0.618421052631579,965.0,3.0,2.2,0.0,1.0,0.0,2.0,0.8922212708060518,0,Muebles,Mesas auxiliares,AMBA,Grande,Proveedor E,0,0,embargo
2025-02-01,T14,SKU00457,4,9.0,19.0,3.0,0.40201512610368484,1.0,12.0,0,0,15,4.0,5.0,347,5.37984496124031,20,0,110,0.0,0.0,0.0,0.0,0,0.0,0.0,0.0,21,28,21,1500,2,3.0,2.0,5.0,20,0,3.5675675675675675,1.4324324324324325,0.003638202544195564,0.8645533141210374,0.9509043927648579,1.7054263565891472,0.968166121483153,265,0.04119850187265917,0.9385910685833195,1.5395833333333333,21.0,1.0,3.0,0.0,0.0,0.0,3.0,0.9033892344833085,0,Decoracion,Plantas artificiales,AMBA,Grande,Proveedor G,0,0,embargo
2025-02-01,T14,SKU00529,15,37.0,66.0,11.833333333333334,0.3096262656408095,1.0422535211267605,12.0,0,0,97,43.0,8.197183098591548,1165,5.391438488237562,17,0,295,0.0,0.0,0.0,0.0,0,0.0,0.0,0.0,22,11,36,1500,2,8.0,14.0,17.0,19,0,5.184,3.013183098591548,0.014350687813215838,1.415450643776824,0.9749325106054761,1.365214037794061,0.968166121483153,265,0.04119850187265917,0.9644426219905102,0.4731404958677686,0.0,0.0,14.6,0.0,0.0,0.0,4.0,0.8904839366274278,0,Textil hogar,Acolchados,AMBA,Grande,Proveedor H,0,0,embargo
2025-02-01,T16,SKU00049,-7,0.0,23.0,5.5,0.8856481536938059,0.0,11.0,1,0,38,-2.0,6.909090909090909,330,5.070422535211268,10,0,119,0.0,0.0,0.0,0.0,0,0.0,0.0,0.0,23,25,153,600,2,4.0,3.0,11.0,23,0,5.783132530120482,1.1259583789704273,0.006657497142638557,1.1515151515151516,0.8911651728553137,1.82842509603073,0.9510133797090351,258,0.026615969581749048,0.88915235667938,0.4519519519519519,153.0,1.0,10.7,0.0,0.0,0.0,4.0,0.9117541750741273,0,Cocina y mesa,Manteleria,NOA,Grande,Proveedor D,0,0,embargo
2025-02-01,T17,SKU00260,0,2.0,8.0,1.25,0.6030226891555273,0.5333333333333333,11.0,1,0,8,6.0,6.4,114,6.107142857142857,13,1,51,0.0,0.0,0.0,0.0,0,0.0,0.0,0.0,23,10,35,600,2,1.0,1.0,3.0,20,0,1.1428571428571428,5.257142857142858,0.0014918927576679627,0.9122807017543859,1.0357142857142856,2.7321428571428568,0.9762946206179148,265,0.040740740740740744,0.9627351710548202,0.8583333333333333,0.0,0.0,16.9,0.0,1.0,0.0,3.0,0.9297474961491345,0,Decoracion,Plantas artificiales,Centro,Chico,Proveedor C,0,0,embargo
2025-02-01,T17,SKU00533,5,15.0,23.0,3.25,0.49309377800850895,1.5384615384615385,12.0,0,0,22,2.0,6.769230769230769,276,5.110394164679478,17,0,201,0.0,0.0,0.0,0.0,0,0.0,0.0,0.0,14,32,147,600,2,4.0,6.0,6.0,13,0,7.586206896551724,-0.816976127320955,0.003878921169936703,1.355072463768116,1.1788469631084304,3.7217000981904897,0.9762946206179148,265,0.040740740740740744,1.018071822919354,0.9380165289256198,147.0,1.0,11.0,0.0,1.0,0.0,4.0,0.8713689728113663,0,Textil hogar,Acolchados,Centro,Chico,Proveedor A,0,0,embargo
2025-02-01,T19,SKU00600,9,14.0,29.0,4.833333333333333,0.6412478376728249,0.9655172413793105,12.0,0,0,16,-4.0,3.3103448275862073,111,3.9292035398230087,7,0,45,153.0,0.0,0.0,0.0,0,0.0,0.0,0.0,20,25,153,800,2,1.0,4.0,10.0,18,0,4.705882352941177,-1.3955375253549693,0.00492142434351439,1.009009009009009,0.967551622418879,1.592920353982301,0.9622233113009171,292,0.04391891891891892,0.9916660503462423,0.8975791433891993,306.0,2.0,1.0,0.0,0.0,0.0,3.0,0.906234243979553,0,Decoracion,Espejos,Cuyo,Mediano,Proveedor D,0,0,embargo
2025-02-01,T20,SKU00650,4,18.0,40.0,6.0,0.3827069981913663,1.0,12.0,0,0,48,29.0,8.0,525,5.660377358490566,15,0,183,192.0,0.0,0.0,0.0,0,0.0,0.0,0.0,28,46,192,450,2,10.0,4.0,10.0,25,0,3.0,5.0,0.00700954874007028,1.3714285714285714,0.9056603773584906,1.9730458221024259,0.9556351448962482,284,0.017421602787456445,1.0341660276847329,0.39920948616600793,384.0,2.0,2.8,0.0,0.0,0.0,2.0,0.893385488079676,0,Bano,Accesorios de bano,AMBA,Mediano,Proveedor B,0,0,embargo
2025-02-01,T22,SKU00344,15,39.0,74.0,11.857142857142858,0.1849570914003125,1.0963855421686746,7.0,0,0,100,25.0,8.433734939759036,1103,5.131369073992024,17,0,389,0.0,0.0,0.0,0.0,0,0.0,0.0,0.0,7,25,153,1500,2,11.0,13.0,15.0,6,1,6.818181818181818,1.6155531215772179,0.01254860494125945,1.5412511332728922,1.0172795746566237,1.8097031457687194,0.9690647566886664,289,0.04067796610169491,0.9782944335534663,1.1381381381381381,0.0,0.0,,0.0,0.0,0.0,4.0,0.9525159442038829,0,Cocina y mesa,Manteleria,AMBA,Mediano,Proveedor D,0,0,embargo
2025-02-01,T23,SKU00457,3,8.0,20.0,3.4166666666666665,0.29157217167676736,0.7804878048780488,12.0,0,0,12,-2.0,3.5121951219512195,347,5.37984496124031,20,0,110,0.0,0.0,0.0,0.0,0,0.0,0.0,0.0,21,28,21,450,2,2.0,3.0,5.0,16,0,4.0,-0.4878048780487805,0.0038890078554180947,0.6916426512968299,0.9509043927648579,1.7054263565891472,0.988377118376989,275,0.039711191335740074,0.9920707867168189,1.5395833333333333,21.0,1.0,3.0,0.0,0.0,0.0,3.0,0.9016626813791818,0,Decoracion,Plantas artificiales,AMBA,Mediano,Proveedor G,0,0,embargo
2025-02-01,T24,SKU00530,12,43.0,87.0,13.583333333333334,0.1732468570093154,1.0552147239263803,12.0,0,0,69,6.0,5.079754601226994,1042,5.4176776429809355,14,0,331,0.0,0.0,0.0,0.0,0,0.0,0.0,0.0,33,28,21,800,2,16.0,15.0,17.0,31,0,4.609756097560976,0.4699985036660177,0.014013231157911284,0.927063339731286,0.972270363951473,1.7209705372616984,0.9927901436291995,289,0.03741496598639456,0.9903863595138763,1.5166666666666666,0.0,0.0,,0.0,0.0,0.0,7.0,0.8873422431279699,0,Iluminacion,Guirnaldas,AMBA,Grande,Proveedor G,0,0,embargo
2025-02-01,T25,SKU00277,4,12.0,20.0,3.1666666666666665,0.5843592206994076,1.2631578947368423,11.0,0,0,18,-6.0,5.684210526315789,195,5.835411471321696,10,0,76,0.0,0.0,0.0,0.0,0,0.0,0.0,0.0,24,11,36,1500,2,4.0,4.0,6.0,23,0,8.727272727272727,-3.0430622009569372,0.003477741897194178,0.9230769230769231,1.1271820448877805,2.2743142144638404,0.9990271197308327,280,0.03202846975088968,0.9600407444347772,0.19473684210526315,72.0,1.0,3.5,34.0,1.0,0.0,2.0,0.9040952139756012,0,Muebles,Mesas auxiliares,Centro,Grande,Proveedor H,0,0,embargo
2025-02-01,T26,SKU00215,1,1.0,2.0,0.4166666666666667,1.2358287613066494,0.7999999999999999,5.0,0,0,4,2.0,9.6,28,4.363636363636363,9,0,13,0.0,0.0,0.0,0.0,0,0.0,0.0,0.0,29,52,155,1200,2,0.0,0.0,1.0,24,0,4.8,4.8,0.00046461231059304807,1.2857142857142856,0.8311688311688311,2.0259740259740258,0.9912968258813273,284,0.04195804195804196,0.9811537250312581,0.88268156424581,465.0,2.0,7.2,0.0,1.0,0.0,3.0,0.8981288465143905,0,Decoracion,Espejos,NOA,Mediano,Proveedor J,0,0,embargo
2025-02-01,T26,SKU00324,2,5.0,9.0,1.3333333333333333,0.6657190234489458,1.2500000000000002,10.0,0,0,13,5.0,9.75,144,5.592233009708738,16,1,45,192.0,192.0,0.0,0.0,0,0.0,0.0,0.0,22,46,192,1200,2,2.0,1.0,3.0,21,0,6.4,3.3499999999999996,0.0014867593938977536,1.4444444444444444,0.9320388349514563,1.7475728155339805,0.9912968258813273,284,0.04195804195804196,0.9811537250312581,1.6436058700209644,192.0,1.0,0.5,0.0,0.0,0.0,3.0,0.8981288465143905,0,Decoracion,Velas,NOA,Mediano,Proveedor B,0,0,embargo
2025-02-01,T28,SKU00122,0,7.0,11.0,2.5,0.7722458393307382,0.9333333333333333,9.0,1,0,8,-1.0,3.2,95,4.505928853754941,12,0,42,0.0,0.0,0.0,0.0,0,0.0,0.0,0.0,37,31,182,1500,2,2.0,5.0,5.0,35,0,4.0,-0.7999999999999998,0.0026174956202272962,1.0105263157894737,1.0118577075098814,1.992094861660079,0.9297344443047356,288,0.041379310344827586,0.9848924487752616,1.1198347107438016,182.0,1.0,9.0,0.0,0.0,0.0,4.0,0.9043607270704268,0,Textil hogar,Acolchados,AMBA,Grande,Proveedor I,0,0,embargo
2025-03-01,T01,SKU00034,1,3.0,4.0,0.5,1.348399724926484,2.0,5.0,0,0,3,0.0,6.0,42,4.032,14,0,22,384.0,0.0,0.0,0.0,0,0.0,0.0,0.0,22,46,192,800,3,0.0,2.0,2.0,21,0,6.0,0.0,0.0006143013884053494,1.0,1.056,2.112,0.9714152621983257,263,0.03018867924528302,1.0125161712673598,1.173913043478261,384.0,1.0,2.0,0.0,1.0,0.0,2.0,0.8859845497280807,1,Bano,Accesorios de bano,Cuyo,Grande,Proveedor B,0,0,embargo
2025-03-01,T01,SKU00661,8,25.0,31.0,5.666666666666667,0.7032034728674976,1.4705882352941178,11.0,0,0,23,-1.0,4.0588235294117645,489,5.489242282507016,14,0,166,0.0,0.0,0.0,0.0,0,0.0,0.0,0.0,19,28,21,800,3,11.0,6.0,11.0,18,0,4.363636363636363,-0.3048128342245988,0.006962082401927293,0.6584867075664621,0.8681010289990645,1.8634237605238542,0.9714152621983257,263,0.03018867924528302,1.0865582621276078,0.7443946188340808,0.0,0.0,,0.0,0.0,0.0,4.0,0.9151182729716449,1,Textil hogar,Cortinas,Cuyo,Grande,Proveedor G,0,0,embargo
2025-03-01,T02,SKU00069,12,37.0,37.0,12.333333333333334,0.12385339716096865,1.0,3.0,0,0,104,,8.432432432432432,978,5.70817120622568,13,0,399,0.0,0.0,0.0,0.0,0,0.0,0.0,0.0,3,31,182,450,3,14.0,11.0,14.0,2,1,,,0.012471668067729022,1.3824130879345604,0.9708171206225681,2.328793774319066,0.9316673118703519,284,0.04529616724738676,0.8617800808090031,1.8769574944071588,0.0,0.0,,0.0,1.0,0.0,7.0,0.9168136162779826,1,Iluminacion,Apliques,AMBA,Grande,Proveedor I,0,0,embargo
2025-03-01,T02,SKU00122,0,4.0,9.0,1.75,0.7753148860571066,0.7619047619047619,9.0,1,0,6,-2.0,3.4285714285714284,90,5.046728971962617,10,0,25,0.0,0.0,0.0,0.0,0,0.0,0.0,0.0,38,31,182,450,3,3.0,1.0,4.0,34,0,5.052631578947369,-1.6240601503759406,0.0017696285771777666,0.6666666666666666,0.8598130841121496,1.4018691588785048,0.9316673118703519,284,0.04529616724738676,1.0121097059990776,1.1198347107438016,182.0,1.0,10.0,41.0,0.0,0.0,4.0,0.8994107208362296,1,Textil hogar,Acolchados,AMBA,Grande,Proveedor I,0,0,embargo
2025-03-01,T05,SKU00004,9,20.0,36.0,6.75,0.37438897303481855,0.9876543209876544,12.0,0,0,45,23.0,6.666666666666667,648,5.499292786421499,18,0,200,0.0,0.0,0.0,0.0,0,0.0,0.0,0.0,17,32,147,450,3,5.0,6.0,12.0,14,0,3.259259259259259,3.407407407407408,0.0070538813085603905,1.25,0.975954738330976,1.6973125884016973,0.9676880135891737,281,0.03914590747330961,0.961670200619801,0.06458333333333334,147.0,1.0,11.5,0.0,0.0,0.0,7.0,0.9155364028468039,1,Iluminacion,Guirnaldas,AMBA,Mediano,Proveedor A,0,0,embargo
2025-03-01,T05,SKU00426,1,4.0,8.0,1.8333333333333333,0.607985922570232,0.7272727272727273,11.0,0,0,3,-7.0,1.6363636363636365,113,3.53125,17,0,53,0.0,0.0,0.0,0.0,0,0.0,0.0,0.0,23,28,21,450,3,2.0,1.0,4.0,20,0,5.714285714285714,-4.077922077922078,0.0019158689973867728,0.45132743362831856,1.0416666666666667,1.65625,0.9676880135891737,281,0.03914590747330961,1.0535851495581412,1.6457399103139014,0.0,0.0,17.4,0.0,0.0,0.0,4.0,0.9339850051528743,1,Textil hogar,Cortinas,AMBA,Mediano,Proveedor G,0,0,embargo
2025-03-01,T06,SKU00799,0,3.0,9.0,0.8333333333333334,1.4320995394556522,1.2,5.0,1,0,3,1.0,3.5999999999999996,42,4.32112236944661,12,0,14,0.0,21.0,0.0,0.0,0,0.0,0.0,0.0,14,28,21,1500,3,3.0,0.0,3.0,12,0,2.2222222222222223,1.3777777777777773,0.0009605728107745166,0.8571428571428571,0.96024941543258,1.44037412314887,0.9213814400949163,275,0.03225806451612903,0.9846828062695604,1.404096834264432,0.0,0.0,,10.0,0.0,0.0,3.0,0.8962743960660392,1,Decoracion,Espejos,Centro,Mediano,Proveedor G,0,0,embargo
2025-03-01,T07,SKU00526,14,38.0,78.0,13.571428571428571,0.27192416519294826,0.9333333333333333,7.0,0,0,73,31.0,5.378947368421053,1124,5.160472234368168,17,0,506,0.0,0.0,0.0,0.0,0,0.0,0.0,0.0,7,31,182,800,3,16.0,8.0,18.0,6,1,2.9473684210526314,2.4315789473684215,0.014417959949114796,1.1040925266903914,1.0085264538696983,2.3231307389593354,0.9518888926405052,286,0.017482517482517484,0.9382665495183535,0.9811320754716981,0.0,0.0,,0.0,0.0,0.0,3.0,0.9395980465674685,1,Decoracion,Velas,Centro,Mediano,Proveedor I,0,0,embargo
2025-03-01,T12,SKU00710,3,11.0,22.0,3.0,0.5,1.222222222222222,9.0,0,0,21,5.0,7.0,368,5.844951468549098,19,0,101,0.0,0.0,0.0,0.0,0,0.0,0.0,0.0,9,10,35,1200,3,4.0,4.0,6.0,8,1,6.0,1.0,0.0036335286609865767,1.0842391304347827,0.9741585780915164,1.604185049792008,0.9564254886530222,262,0.049429657794676805,1.0088165169661982,1.8968824940047961,70.0,2.0,5.4,0.0,0.0,0.0,4.0,0.9065363212196105,1,Cocina y mesa,Cubiertos,Cuyo,Chico,Proveedor C,0,0,embargo
2025-03-01,T14,SKU00065,1,-1.0,12.0,2.8333333333333335,1.1041971458477855,-0.1176470588235294,11.0,0,0,18,-4.0,6.352941176470588,307,5.482142857142857,17,0,151,0.0,0.0,0.0,0.0,0,0.0,0.0,0.0,26,31,182,1500,3,-4.0,2.0,9.0,25,0,6.439024390243903,-0.08608321377331496,0.003418716213298641,0.996742671009772,0.9285714285714286,2.6964285714285716,0.9399458577034028,269,0.04814814814814815,0.8888763314779758,1.2792397660818713,182.0,1.0,3.0,0.0,0.0,0.0,2.0,0.9110512001037363,1,Muebles,Racks,AMBA,Grande,Proveedor I,0,0,embargo
2025-03-01,T14,SKU00098,0,1.0,3.0,0.5,2.0,0.6666666666666666,3.0,2,0,4,1.0,8.0,49,5.6,15,1,25,0.0,0.0,0.0,0.0,0,0.0,0.0,0.0,28,32,147,1500,3,0.0,1.0,3.0,25,0,5.142857142857142,2.8571428571428577,0.0006033028611703484,1.2244897959183674,0.8380952380952381,2.857142857142857,0.9399458577034028,269,0.04814814814814815,0.769852822254569,1.3478260869565217,441.0,1.0,9.9,0.0,1.0,0.0,2.0,0.9691326443070174,1,Bano,Accesorios de bano,AMBA,Grande,Proveedor A,0,0,embargo
2025-03-01,T14,SKU00599,4,8.0,14.0,2.3333333333333335,0.4791574237499549,1.1428571428571428,9.0,0,0,9,2.0,3.8571428571428568,161,4.769529183565509,19,0,89,72.0,0.0,0.0,0.0,0,0.0,0.0,0.0,9,11,36,1500,3,2.0,2.0,4.0,8,1,3.230769230769231,0.6263736263736259,0.0028154133521282924,1.0621118012422361,1.0763533768294835,2.6365720331511198,0.9399458577034028,269,0.04814814814814815,0.9863908859957827,1.544987146529563,180.0,4.0,2.8,0.0,1.0,0.0,4.0,0.9186948107049913,1,Textil hogar,Toallas,AMBA,Grande,Proveedor H,0,0,embargo
2025-03-01,T15,SKU00384,0,3.0,6.0,1.0,0.8528028654224415,1.0,9.0,1,0,4,1.0,4.0,31,4.227272727272727,11,0,20,0.0,0.0,0.0,0.0,0,0.0,0.0,0.0,32,46,192,600,3,2.0,1.0,3.0,31,0,2.571428571428571,1.4285714285714288,0.0009916733070380113,1.4193548387096773,1.4999999999999998,2.727272727272727,0.9685342632071244,298,0.043478260869565216,0.8611679163826402,0.7770833333333333,384.0,1.0,6.9,0.0,0.0,0.0,7.0,0.9335666923594185,1,Iluminacion,Guirnaldas,NOA,Mediano,Proveedor B,0,0,embargo
2025-03-01,T15,SKU00547,2,10.0,23.0,3.75,0.5285499781147279,0.888888888888889,8.0,0,0,28,22.0,7.466666666666667,182,5.2590299277605785,10,0,62,0.0,0.0,22.0,0.0,0,0.0,0.0,0.0,8,32,147,600,3,3.0,5.0,8.0,7,1,1.5,5.966666666666667,0.003718774901392543,1.5384615384615385,1.1943584451324392,1.7915376676986585,0.9685342632071244,298,0.043478260869565216,1.013583098721219,1.6934156378600822,294.0,1.0,7.0,22.0,0.0,0.0,3.0,0.9422709641314125,1,Organizacion,Percheros,NOA,Mediano,Proveedor A,0,0,embargo
2025-03-01,T17,SKU00302,5,2.0,11.0,2.75,1.0530625081782796,0.2424242424242424,11.0,0,0,23,-2.0,8.363636363636363,261,5.185430463576159,15,1,80,0.0,0.0,0.0,0.0,0,0.0,0.0,0.0,19,25,153,600,3,-5.0,2.0,6.0,16,0,6.818181818181818,1.545454545454545,0.0029829345854536803,1.3218390804597702,0.9867549668874172,1.5894039735099337,0.9523696603739387,277,0.05054151624548736,0.9712973950533478,1.2297297297297298,459.0,1.0,3.6,0.0,0.0,0.0,4.0,0.8240132155331149,1,Cocina y mesa,Manteleria,Centro,Chico,Proveedor D,0,0,embargo
2025-03-01,T17,SKU00347,1,1.0,1.0,0.25,2.0,1.3333333333333333,1.0,0,0,2,-2.0,8.0,29,3.4939759036144573,12,1,3,0.0,0.0,0.0,0.0,0,0.0,0.0,0.0,5,28,21,600,3,0.0,0.0,1.0,3,1,inf,,0.00027117587140488,0.8275862068965518,1.1244979919678715,0.36144578313253006,0.9523696603739387,277,0.05054151624548736,0.8384771122413707,1.1973684210526316,0.0,0.0,,0.0,1.0,0.0,2.0,0.8966905782135377,1,Muebles,Mesas auxiliares,Centro,Chico,Proveedor G,0,1,embargo
2025-03-01,T20,SKU00035,0,1.0,1.0,0.3333333333333333,1.7320508075688776,1.0,1.0,2,0,3,,9.0,54,4.628571428571429,19,2,0,182.0,0.0,0.0,0.0,0,0.0,0.0,0.0,3,31,182,450,3,0.0,1.0,1.0,2,1,,,0.0003705309961810044,1.0555555555555556,0.8857142857142858,0.0,0.9785723609140327,289,0.010273972602739725,0.887226198368811,1.3265306122448979,182.0,1.0,0.1,0.0,0.0,0.0,2.0,0.9344172904766576,1,Muebles,Estanterias,AMBA,Mediano,Proveedor I,0,0,embargo
2025-03-01,T22,SKU00472,0,0.0,2.0,0.6666666666666666,1.7320508075688772,0.0,5.0,4,0,3,0.0,4.5,48,5.3831775700934585,15,0,9,0.0,0.0,0.0,0.0,0,0.0,0.0,0.0,13,52,155,1500,3,0.0,0.0,4.0,11,0,3.375,1.125,0.0006902261364584541,0.9375,0.5981308411214953,1.0093457943925235,0.971148173997045,290,0.023809523809523808,0.9952891249516235,1.620545073375262,0.0,0.0,,0.0,0.0,0.0,3.0,0.8801167839447706,1,Decoracion,Velas,AMBA,Mediano,Proveedor J,0,0,embargo
2025-03-01,T24,SKU00098,2,2.0,3.0,0.8333333333333334,1.0018165319240666,0.7999999999999999,7.0,0,0,3,0.0,3.5999999999999996,49,5.6,15,1,25,0.0,0.0,0.0,0.0,0,0.0,0.0,0.0,28,32,147,800,3,0.0,0.0,2.0,26,0,6.0,-2.4000000000000004,0.0008231644608472337,0.9183673469387755,0.8380952380952381,2.857142857142857,0.9370904222284907,298,0.023178807947019868,0.8986500100745516,1.3478260869565217,441.0,1.0,9.9,0.0,1.0,0.0,2.0,0.9177597086650999,1,Bano,Accesorios de bano,AMBA,Grande,Proveedor A,0,0,embargo
2025-03-01,T24,SKU00314,13,40.0,77.0,12.3,0.2169714786043154,1.084010840108401,10.0,0,0,55,-55.0,4.471544715447155,1226,6.196526598059724,15,0,375,182.0,0.0,15.0,0.0,0,0.0,0.0,0.0,10,31,182,800,3,16.0,11.0,16.0,9,1,9.27710843373494,-4.805563718287785,0.012149907442105168,0.6729200652528549,1.068134274923835,1.895348673957909,0.9370904222284907,298,0.023178807947019868,0.9330280007605757,1.0,546.0,2.0,0.2,15.0,0.0,0.0,3.0,0.9068654064633468,1,Organizacion,Cajas,AMBA,Grande,Proveedor I,0,0,embargo
2025-03-01,T26,SKU00794,4,14.0,25.0,4.25,0.5225340534890315,1.0980392156862746,12.0,0,0,11,4.0,2.588235294117647,323,5.046875,20,0,99,0.0,21.0,0.0,0.0,0,0.0,0.0,0.0,33,28,21,1200,3,2.0,8.0,9.0,32,0,1.7872340425531916,0.8010012515644556,0.004409452779836034,0.6811145510835914,1.0625,1.546875,0.9507126032760203,288,0.03793103448275862,0.9858176589505963,0.8147321428571429,0.0,0.0,16.1,0.0,0.0,0.0,4.0,0.9130595119140676,1,Textil hogar,Sabanas,NOA,Mediano,Proveedor G,0,0,embargo
2025-03-01,T27,SKU00413,0,1.0,4.0,0.7272727272727273,1.854049621773916,0.4583333333333333,5.0,2,0,2,-1.0,2.75,40,3.559550561797753,17,1,35,36.0,0.0,0.0,0.0,0,0.0,0.0,0.0,11,11,36,1200,3,0.0,1.0,4.0,10,1,3.4285714285714284,-0.6785714285714284,0.0007817055465653386,0.85,1.364494382022472,3.114606741573034,0.9558955991916482,290,0.041237113402061855,0.9049368586882612,1.6182495344506518,36.0,1.0,0.4,0.0,0.0,0.0,3.0,0.8888846955341794,1,Decoracion,Espejos,AMBA,Chico,Proveedor H,0,0,embargo
2025-03-01,T27,SKU00718,4,8.0,12.0,1.6666666666666667,0.7816067367347155,1.5999999999999999,10.0,0,0,9,0.0,5.3999999999999995,131,5.402061855670103,15,1,56,0.0,147.0,0.0,0.0,0,0.0,0.0,0.0,23,32,147,1200,3,1.0,3.0,4.0,21,0,6.352941176470588,-0.9529411764705884,0.0017914085442122343,1.0305343511450382,1.0859106529209621,2.3092783505154637,0.9558955991916482,290,0.041237113402061855,0.9705353199530438,1.5408921933085502,147.0,1.0,10.4,0.0,0.0,0.0,3.0,0.9039853442499834,1,Organizacion,Contenedores,AMBA,Chico,Proveedor A,0,0,embargo
2025-03-01,T28,SKU00311,4,9.0,24.0,4.25,0.47192324006225056,0.7058823529411765,12.0,0,0,16,-5.0,3.764705882352941,261,4.267029972752043,22,0,127,0.0,0.0,0.0,0.0,0,1.0,0.0,0.0,38,32,147,1500,3,2.0,3.0,8.0,35,0,4.666666666666667,-0.9019607843137258,0.004471070398390551,1.3486590038314177,0.9809264305177111,2.076294277929155,0.9387494475679612,289,0.0410958904109589,0.8085237801111796,2.0371229698375872,0.0,0.0,,0.0,1.0,0.0,2.0,0.9482228861343609,1,Muebles,Sillas,AMBA,Grande,Proveedor A,0,0,embargo
2025-03-01,T28,SKU00723,11,37.0,77.0,13.1,0.09822014791663505,0.9414758269720103,10.0,0,0,45,-33.0,3.435114503816794,1297,5.302315785996267,18,0,375,0.0,0.0,0.0,0.0,0,0.0,0.0,0.0,11,25,153,1500,3,13.0,13.0,15.0,9,1,5.808510638297872,-2.3733961344810783,0.013781416992686169,0.6245181187355435,0.9334583175038405,1.5330519813019277,0.9387494475679612,289,0.0410958904109589,0.927012791572611,1.6954732510288066,918.0,3.0,6.6,0.0,1.0,0.0,3.0,0.9098421851949188,1,Organizacion,Percheros,AMBA,Grande,Proveedor D,0,0,embargo
2025-04-01,T02,SKU00077,1,1.0,14.0,2.5,0.8090398349558905,0.13333333333333333,10.0,0,0,28,15.0,11.2,255,4.085447263017357,16,0,102,0.0,0.0,0.0,0.0,0,0.0,0.0,0.0,36,10,35,450,4,0.0,0.0,7.0,35,0,4.457142857142857,6.742857142857142,0.0027184068268805953,1.7568627450980392,0.9933244325767691,1.6341789052069426,0.9659405591515715,279,0.03914590747330961,0.9214991992712634,0.7023060796645703,0.0,0.0,,53.0,0.0,0.0,3.0,0.9158420472570051,1,Decoracion,Velas,AMBA,Grande,Proveedor C,0,0,validacion
2025-04-01,T02,SKU00114,0,1.0,2.0,0.16666666666666666,2.335496832484569,2.0,2.0,2,0,2,0.0,12.0,58,4.405063291139241,18,0,32,0.0,0.0,0.0,0.0,0,0.0,0.0,0.0,34,46,192,450,4,0.0,1.0,1.0,26,0,24.0,-12.0,0.00018122712179203967,0.6206896551724138,0.708860759493671,2.430379746835443,0.9659405591515715,279,0.03914590747330961,0.9512384568913437,0.6897233201581028,0.0,0.0,20.8,0.0,0.0,0.0,2.0,0.935783125092357,1,Bano,Accesorios de bano,AMBA,Grande,Proveedor B,0,0,validacion
2025-04-01,T02,SKU00681,12,45.0,95.0,15.666666666666666,0.2330734287256026,0.9574468085106383,12.0,0,0,107,49.0,6.829787234042554,1239,5.9187898089171975,16,0,257,147.0,0.0,0.0,0.0,0,0.0,0.0,0.0,19,32,147,450,4,17.0,16.0,24.0,18,0,3.7021276595744683,3.1276595744680855,0.01703534944845173,1.3817594834543987,0.9840764331210191,1.2277070063694266,0.9659405591515715,279,0.03914590747330961,0.9214991992712634,1.0837988826815643,147.0,1.0,2.6,0.0,0.0,0.0,3.0,0.9158420472570051,1,Decoracion,Espejos,AMBA,Grande,Proveedor A,0,0,validacion
2025-04-01,T03,SKU00795,1,2.0,2.0,0.5,1.1547005383792515,1.3333333333333333,2.0,0,0,3,1.0,6.0,45,5.454545454545454,14,2,17,0.0,0.0,0.0,0.0,0,0.0,0.0,0.0,5,46,192,450,4,1.0,0.0,1.0,3,1,inf,,0.0005462413608834985,0.9333333333333333,1.1717171717171717,2.0606060606060606,1.0007141731385691,266,0.03333333333333333,0.9826505321475434,1.0,0.0,0.0,,0.0,1.0,0.0,7.0,0.9195814351593814,1,Iluminacion,Guirnaldas,Cuyo,Chico,Proveedor B,0,0,validacion
2025-04-01,T04,SKU00209,3,9.0,24.0,3.8333333333333335,0.5868467178803939,0.7826086956521738,12.0,0,0,21,-1.0,5.478260869565217,344,5.375,19,0,158,0.0,0.0,0.0,0.0,0,0.0,0.0,0.0,37,25,153,450,4,2.0,4.0,8.0,34,0,5.279999999999999,0.1982608695652175,0.003790123599904052,1.1598837209302326,1.03125,2.46875,0.9788406166708725,312,0.03184713375796178,0.9818036923894276,0.34408602150537637,0.0,0.0,15.1,0.0,0.0,0.0,2.0,0.8974910002924714,1,Bano,Alfombras de bano,Centro,Grande,Proveedor D,0,0,validacion
2025-04-01,T04,SKU00735,13,38.0,90.0,12.75,0.8401680504168059,0.9934640522875816,11.0,0,0,54,-9.0,4.235294117647059,1027,5.648029330889092,14,0,282,0.0,0.0,0.0,0.0,0,0.0,0.0,0.0,23,46,192,450,4,13.0,12.0,24.0,22,0,4.666666666666667,-0.4313725490196081,0.012606280669246087,0.7361246348588121,1.0100824931255727,1.5508707607699357,0.9788406166708725,312,0.03184713375796178,0.938200282981914,1.796420581655481,192.0,1.0,3.6,0.0,0.0,0.0,7.0,0.8993986199630742,1,Iluminacion,Apliques,Centro,Grande,Proveedor B,0,0,validacion
2025-04-01,T05,SKU00154,16,16.0,28.0,7.0,1.9201757289196144,0.7619047619047619,3.0,0,0,72,-15.0,10.285714285714286,709,7.5828877005347595,9,1,175,155.0,0.0,0.0,0.0,0,0.0,0.0,0.0,4,52,155,450,4,-13.0,13.0,16.0,3,1,7.25,3.0357142857142865,0.007092580694188346,0.9139633286318759,0.9055258467023174,1.8716577540106951,0.9723590389794403,294,0.050505050505050504,0.9381287726358148,0.7791666666666667,155.0,1.0,0.6,0.0,0.0,0.0,7.0,0.9257719749857636,1,Iluminacion,Guirnaldas,AMBA,Mediano,Proveedor J,0,0,validacion
2025-04-01,T05,SKU00289,0,1.0,2.0,0.5,1.0444659357341868,0.6666666666666666,6.0,2,0,4,3.0,8.0,57,4.684931506849315,20,0,29,0.0,0.0,0.0,0.0,0,0.0,0.0,0.0,38,37,193,450,4,0.0,1.0,1.0,34,0,2.0,6.0,0.000506612906727739,1.4035087719298245,1.0684931506849316,2.3835616438356166,0.9723590389794403,294,0.050505050505050504,1.039428176158635,1.863109048723898,0.0,0.0,23.3,0.0,0.0,0.0,2.0,0.9435096959342137,1,Muebles,Sillas,AMBA,Mediano,Proveedor E,0,0,validacion
2025-04-01,T06,SKU00271,0,7.0,18.0,3.1666666666666665,0.5186037858311665,0.736842105263158,11.0,1,0,20,13.0,6.315789473684211,248,4.363636363636363,18,0,133,0.0,0.0,0.0,0.0,0,0.0,0.0,0.0,17,28,21,1500,4,3.0,4.0,6.0,15,0,2.048780487804878,4.2670089858793325,0.003700976605847762,1.4516129032258063,1.0557184750733137,2.3401759530791786,0.9229066925529841,277,0.0425531914893617,0.9423902277979531,0.8359683794466403,21.0,1.0,8.6,0.0,1.0,0.0,2.0,0.8862523623227477,1,Bano,Accesorios de bano,Centro,Mediano,Proveedor G,0,0,validacion
2025-04-01,T06,SKU00278,7,19.0,39.0,6.75,0.3524273160438928,0.9382716049382716,12.0,0,0,33,16.0,4.888888888888889,227,5.9475982532751095,7,1,58,0.0,0.0,0.0,0.0,0,0.0,0.0,0.0,23,28,21,1500,4,7.0,5.0,10.0,20,0,3.1875,1.7013888888888893,0.007888923817728126,1.0176211453744493,0.8034934497816595,1.519650655021834,0.9229066925529841,277,0.0425531914893617,0.8574310692669805,0.3526315789473684,0.0,0.0,16.3,0.0,0.0,0.0,2.0,0.9162722398320913,1,Muebles,Mesas auxiliares,Centro,Mediano,Proveedor G,0,0,validacion
2025-04-01,T07,SKU00723,18,48.0,85.0,14.75,0.3372838769852949,1.0847457627118644,12.0,0,0,50,-13.0,3.389830508474576,1230,4.778329762437313,19,0,470,0.0,0.0,0.0,0.0,0,0.0,0.0,0.0,12,25,153,800,4,13.0,17.0,27.0,11,0,4.395348837209302,-1.005518328734726,0.015516509407379546,0.7723577235772356,0.9401266687071786,1.8258658441833633,0.9355490869805341,291,0.023890784982935155,0.9817614753542614,1.6954732510288066,918.0,3.0,7.6,0.0,1.0,0.0,3.0,0.9161082112919683,1,Organizacion,Percheros,Centro,Mediano,Proveedor D,0,0,validacion
2025-04-01,T12,SKU00076,6,27.0,51.0,5.75,0.8652064670492348,1.565217391304348,11.0,0,0,32,-15.0,5.565217391304348,626,5.841368584758942,17,0,208,182.0,0.0,0.0,0.0,0,0.0,0.0,0.0,36,31,182,1200,4,9.0,12.0,12.0,32,0,10.254545454545456,-4.689328063241108,0.006929371234879688,0.8690095846645368,1.073094867807154,1.9409020217729394,0.9500268388690123,261,0.04924242424242424,0.9771544219139524,1.8050314465408805,182.0,1.0,1.4,23.0,0.0,0.0,3.0,0.9222391858442733,1,Decoracion,Velas,Cuyo,Chico,Proveedor I,0,0,validacion
2025-04-01,T12,SKU00473,2,2.0,15.0,3.1666666666666665,0.997099798444681,0.21052631578947367,11.0,0,0,18,9.0,5.684210526315789,363,5.6498054474708175,19,0,144,0.0,0.0,0.0,0.0,0,0.0,0.0,0.0,35,28,21,1200,4,5.0,-5.0,7.0,29,0,2.4545454545454546,3.229665071770335,0.003816175462687364,0.9421487603305786,0.9079118028534371,2.2412451361867705,0.9500268388690123,261,0.04924242424242424,0.9809776401895584,0.8603104212860311,63.0,1.0,7.9,0.0,0.0,0.0,4.0,0.8668134366223641,1,Cocina y mesa,Vajilla,Cuyo,Chico,Proveedor G,0,0,validacion
2025-04-01,T13,SKU00237,0,1.0,1.0,0.3333333333333333,1.7320508075688776,1.0,1.0,2,0,3,,9.0,25,3.5714285714285716,9,1,10,0.0,0.0,0.0,0.0,0,0.0,0.0,0.0,3,28,21,1200,4,0.0,1.0,1.0,2,1,,,0.0003737073728905553,1.08,1.0,1.4285714285714286,0.9608016557016178,289,0.03767123287671233,0.9422321929332585,0.5118279569892473,0.0,0.0,,0.0,0.0,0.0,2.0,0.9184037526149297,1,Bano,Alfombras de bano,Centro,Chico,Proveedor G,0,0,validacion
2025-04-01,T14,SKU00264,0,1.0,8.0,1.125,1.2055134949871444,0.2962962962962963,5.0,2,0,1,-1.0,0.8888888888888888,46,4.633093525179856,15,1,20,0.0,0.0,0.0,0.0,0,0.0,0.0,0.0,9,31,182,1500,4,0.0,1.0,4.0,7,1,1.25,-0.36111111111111116,0.0013000871769214576,0.32608695652173914,0.9400479616306955,2.014388489208633,0.939914877537291,281,0.042105263157894736,1.008783269988334,1.3542600896860986,182.0,1.0,3.8,0.0,0.0,0.0,4.0,0.9159954502353499,1,Textil hogar,Cortinas,AMBA,Grande,Proveedor I,0,0,validacion
2025-04-01,T15,SKU00344,7,35.0,76.0,13.666666666666666,0.25869760287312715,0.8536585365853658,9.0,0,0,80,28.0,5.853658536585366,1206,6.026651860077735,16,0,489,0.0,153.0,0.0,0.0,0,0.0,0.0,0.0,9,25,153,600,4,14.0,14.0,18.0,8,1,3.5454545454545454,2.3082039911308203,0.013504180489196816,1.0613598673300166,0.994447529150472,2.4436424208772904,0.973289105989673,294,0.0436241610738255,0.9791607563394154,1.1381381381381381,0.0,0.0,,0.0,0.0,0.0,4.0,0.8277748013930847,1,Cocina y mesa,Manteleria,NOA,Mediano,Proveedor D,0,0,validacion
2025-04-01,T15,SKU00667,0,0.0,4.0,0.9166666666666666,0.7293359164598417,0.0,9.0,3,0,2,-1.0,2.181818181818182,47,5.696969696969697,13,0,1,0.0,0.0,0.0,0.0,0,0.0,0.0,0.0,26,56,52,600,4,0.0,0.0,2.0,22,0,2.571428571428571,-0.3896103896103891,0.0009057682035436889,0.5531914893617021,0.8888888888888888,0.12121212121212122,0.973289105989673,294,0.0436241610738255,0.9574216128735148,1.3229166666666667,0.0,0.0,18.7,0.0,0.0,0.0,7.0,0.8991663452151815,1,Iluminacion,Guirnaldas,NOA,Mediano,Proveedor F,0,0,validacion
2025-04-01,T17,SKU00352,3,7.0,12.0,1.8181818181818181,0.7304108432930059,1.2833333333333334,10.0,0,0,12,3.0,6.6000000000000005,133,6.254512635379061,14,1,54,182.0,0.0,0.0,0.0,0,0.0,0.0,0.0,11,31,182,600,4,2.0,2.0,5.0,10,1,5.538461538461538,1.0615384615384622,0.001967219411084766,1.263157894736842,1.0816074482234468,2.539426182785484,0.9791834618674423,282,0.03125,0.9718407433065731,0.3202979515828678,182.0,1.0,1.6,0.0,1.0,0.0,3.0,0.9692318144823407,1,Decoracion,Espejos,Centro,Chico,Proveedor I,0,0,validacion
2025-04-01,T17,SKU00775,4,7.0,11.0,1.9166666666666667,0.7194544533404081,1.2173913043478262,10.0,0,0,5,-6.0,2.608695652173913,103,4.904761904761905,13,0,43,0.0,0.0,0.0,0.0,0,0.0,0.0,0.0,13,52,155,600,4,2.0,1.0,4.0,12,0,6.875,-4.266304347826087,0.002073777129185191,0.6310679611650485,1.1746031746031746,2.0476190476190474,0.9791834618674423,282,0.03125,1.047550796728775,1.345707656612529,0.0,0.0,,0.0,1.0,0.0,2.0,0.9237063819967771,1,Muebles,Sillas,Centro,Chico,Proveedor J,0,0,validacion
2025-04-01,T18,SKU00284,1,3.0,12.0,1.1666666666666667,1.4543135251085109,0.8571428571428571,6.0,0,0,7,-2.0,6.0,112,5.169230769230769,15,0,40,0.0,0.0,0.0,0.0,0,0.0,0.0,0.0,18,31,182,1200,4,2.0,0.0,5.0,16,0,7.7142857142857135,-1.7142857142857135,0.0012101264911469369,0.9375,1.1076923076923075,1.846153846153846,0.9494306699112826,300,0.033112582781456956,0.9703542528657142,1.7969151670951158,182.0,1.0,9.2,0.0,0.0,0.0,4.0,0.9001504721379762,1,Textil hogar,Toallas,NOA,Mediano,Proveedor I,0,0,validacion
2025-04-01,T18,SKU00517,1,2.0,9.0,1.6666666666666667,0.9341987329938274,0.39999999999999997,10.0,0,0,12,4.0,7.199999999999999,156,4.751269035532995,20,0,91,0.0,0.0,0.0,0.0,0,0.0,0.0,0.0,13,28,21,1200,4,0.0,1.0,5.0,11,0,4.0,3.1999999999999993,0.00172875213020991,1.5384615384615385,1.0761421319796953,2.7715736040609134,0.9494306699112826,300,0.033112582781456956,0.9872843028811584,1.21875,21.0,1.0,3.6,0.0,1.0,0.0,3.0,0.90920103052922,1,Decoracion,Plantas artificiales,NOA,Mediano,Proveedor G,0,0,validacion
2025-04-01,T18,SKU00684,1,2.0,8.0,1.3333333333333333,1.252270664905083,0.5,7.0,0,0,10,-1.0,7.5,146,5.27710843373494,16,0,67,0.0,0.0,0.0,0.0,0,0.0,0.0,0.0,15,32,147,1200,4,0.0,1.0,5.0,12,0,7.333333333333333,0.16666666666666696,0.0013830017041679278,1.095890410958904,0.9879518072289156,2.4216867469879517,0.9494306699112826,300,0.033112582781456956,0.8727371716346808,0.4895591647331787,0.0,0.0,,0.0,0.0,0.0,2.0,0.903298658653234,1,Muebles,Sillas,NOA,Mediano,Proveedor A,0,0,validacion
2025-04-01,T19,SKU00523,0,1.0,1.0,0.5,1.348399724926484,0.6666666666666666,5.0,2,0,2,1.0,4.0,35,6.042375098090504,11,1,8,0.0,0.0,0.0,0.0,0,0.0,0.0,0.0,12,56,52,800,4,0.0,1.0,2.0,11,0,1.7999999999999998,2.2,0.0004885110380937101,0.6285714285714286,1.093382160606853,1.3811143081349724,0.9610640489430257,302,0.04262295081967213,1.0501806503412283,1.0301075268817204,104.0,2.0,6.8,0.0,1.0,0.0,2.0,0.8553527720174132,1,Bano,Alfombras de bano,Cuyo,Mediano,Proveedor F,0,0,validacion
2025-04-01,T19,SKU00761,3,7.0,12.0,2.0,0.31622776601683794,1.1666666666666667,6.0,0,0,10,1.0,5.0,142,5.827633378932968,15,1,25,0.0,193.0,0.0,0.0,0,0.0,0.0,0.0,6,37,193,800,4,2.0,2.0,3.0,5,1,5.3999999999999995,-0.39999999999999947,0.0019540441523748404,1.056338028169014,1.06703146374829,1.0259917920656634,0.9610640489430257,302,0.04262295081967213,0.9603650974750731,0.6141141141141141,0.0,0.0,,0.0,1.0,0.0,4.0,0.8579085913150275,1,Cocina y mesa,Manteleria,Cuyo,Mediano,Proveedor E,0,0,validacion
2025-04-01,T21,SKU00330,6,21.0,27.0,6.75,0.2222222222222222,1.037037037037037,4.0,0,0,49,8.0,7.2592592592592595,640,5.300207039337474,21,0,204,0.0,0.0,0.0,0.0,0,0.0,0.0,0.0,4,52,155,600,4,9.0,6.0,9.0,3,1,6.833333333333333,0.4259259259259265,0.00718955629628918,1.6078125,0.9882677708764664,1.68944099378882,0.9781346961124293,288,0.034482758620689655,0.9252541583737957,0.5182481751824818,0.0,0.0,,0.0,1.0,0.0,4.0,0.8453790403732716,1,Cocina y mesa,Cristaleria,Cuyo,Grande,Proveedor J,0,0,validacion
2025-04-01,T21,SKU00359,1,3.0,6.0,0.9166666666666666,0.8650488666531919,1.090909090909091,8.0,0,0,1,-5.0,1.090909090909091,48,4.5,16,1,25,0.0,36.0,0.0,0.0,0,0.0,0.0,0.0,32,11,36,600,4,0.0,2.0,2.0,30,0,7.199999999999999,-6.1090909090909085,0.0009763594970269258,0.3333333333333333,1.0625000000000002,2.34375,0.9781346961124293,288,0.034482758620689655,0.9252541583737957,1.8129496402877698,0.0,0.0,12.4,0.0,0.0,0.0,4.0,0.8453790403732716,1,Cocina y mesa,Cubiertos,Cuyo,Grande,Proveedor H,0,0,validacion
2025-04-01,T23,SKU00182,1,6.0,10.0,1.5833333333333333,0.6843945280742094,1.2631578947368423,11.0,0,0,13,2.0,8.210526315789474,125,5.016722408026755,14,0,64,0.0,155.0,0.0,0.0,0,0.0,0.0,0.0,34,52,155,450,4,1.0,4.0,4.0,33,0,8.25,-0.03947368421052566,0.0016333086904302848,1.456,1.137123745819398,2.568561872909699,0.9827360499473166,293,0.027210884353741496,0.9426208970182912,1.6763157894736842,310.0,2.0,5.6,0.0,0.0,0.0,2.0,0.9483023471204172,1,Muebles,Mesas auxiliares,AMBA,Mediano,Proveedor J,0,0,validacion
2025-04-01,T23,SKU00356,6,12.0,19.0,3.1666666666666665,0.5439162392742658,1.2631578947368423,6.0,0,0,12,-6.0,3.7894736842105265,316,5.791839406502291,16,1,100,21.0,0.0,0.0,0.0,0,0.0,0.0,0.0,8,28,21,450,4,3.0,3.0,6.0,5,1,7.7142857142857135,-3.924812030075187,0.0032666173808605695,0.6075949367088608,1.0936068077678376,1.8328605716779403,0.9827360499473166,293,0.027210884353741496,1.0431387132763108,1.7849462365591398,63.0,2.0,2.8,0.0,1.0,0.0,2.0,0.9120429488018231,1,Bano,Alfombras de bano,AMBA,Mediano,Proveedor G,0,0,validacion
2025-04-01,T23,SKU00419,1,1.0,2.0,0.8,1.6457014715109581,0.41666666666666663,4.0,0,0,2,-2.0,2.5,52,4.017167381974249,18,0,46,0.0,0.0,0.0,0.0,0,0.0,0.0,0.0,10,25,153,450,4,0.0,0.0,4.0,9,1,4.0,-1.5,0.0008252507067437229,0.6923076923076923,0.9785407725321887,3.5536480686695278,0.9827360499473166,293,0.027210884353741496,0.9049864972804381,1.5426136363636365,306.0,2.0,9.0,0.0,0.0,0.0,3.0,0.9196656346959858,1,Organizacion,Cajas,AMBA,Mediano,Proveedor D,0,0,validacion
2025-04-01,T24,SKU00316,1,3.0,4.0,0.6666666666666666,0.9770084209183946,1.5,7.0,0,0,5,0.0,7.5,69,5.52,20,1,35,306.0,0.0,0.0,0.0,0,0.0,0.0,0.0,13,25,153,800,4,1.0,1.0,2.0,13,0,7.857142857142858,-0.35714285714285765,0.0006618276133174757,1.4492753623188406,0.96,2.8,0.9685847120901258,309,0.05825242718446602,0.9987711915677391,0.7055961070559611,306.0,2.0,0.5,0.0,1.0,0.0,4.0,0.84504935598189,1,Cocina y mesa,Cristaleria,AMBA,Grande,Proveedor D,0,0,validacion
2025-04-01,T24,SKU00322,7,11.0,20.0,4.0,0.7905694150420948,0.9166666666666666,11.0,0,0,25,3.0,6.25,371,5.912350597609562,20,1,170,0.0,0.0,0.0,0.0,0,0.0,0.0,0.0,17,37,193,800,4,2.0,2.0,10.0,15,0,5.739130434782608,0.5108695652173916,0.0039709656799048546,1.3477088948787062,0.9083665338645418,2.7091633466135456,0.9685847120901258,309,0.05825242718446602,0.993738209322717,0.9199255121042831,579.0,2.0,4.7,0.0,0.0,0.0,3.0,0.9124018940037752,1,Decoracion,Espejos,AMBA,Grande,Proveedor E,0,0,validacion
2025-04-01,T24,SKU00517,0,4.0,13.0,1.8333333333333333,0.8957701755265605,0.7272727272727273,10.0,1,0,7,-6.0,3.8181818181818183,156,4.751269035532995,20,0,91,0.0,0.0,0.0,0.0,0,0.0,0.0,0.0,13,28,21,800,4,3.0,1.0,6.0,12,0,6.842105263157895,-3.0239234449760763,0.0018200259366230583,0.8974358974358975,1.0761421319796953,2.7715736040609134,0.9685847120901258,309,0.05825242718446602,0.993738209322717,1.21875,21.0,1.0,3.6,0.0,1.0,0.0,3.0,0.9124018940037752,1,Decoracion,Plantas artificiales,AMBA,Grande,Proveedor G,0,0,validacion
2025-04-01,T24,SKU00628,10,18.0,38.0,6.5,0.5060154549685467,0.9230769230769231,12.0,0,0,9,-39.0,1.3846153846153846,410,5.125,13,0,127,0.0,0.0,0.0,0.0,0,0.0,0.0,0.0,20,32,147,800,4,7.0,1.0,11.0,17,0,6.9397590361445785,-5.555143651529194,0.006452819229845389,0.28536585365853656,0.9625,1.5875,0.9685847120901258,309,0.05825242718446602,0.9647660639958217,0.9234338747099768,147.0,1.0,8.0,48.0,0.0,0.0,2.0,0.8893085338019572,1,Muebles,Sillas,AMBA,Grande,Proveedor A,0,0,validacion
2025-04-01,T27,SKU00707,3,3.0,5.0,1.0,1.224744871391589,1.0,3.0,0,0,6,-1.0,6.0,73,5.051903114186851,9,0,35,52.0,156.0,0.0,0.0,0,0.0,0.0,0.0,5,56,52,1200,4,0.0,0.0,3.0,4,1,7.0,-1.0,0.0010690866798664675,0.7397260273972603,1.0841983852364476,2.4221453287197234,0.9450726250019572,290,0.05782312925170068,0.799453045245521,1.1442687747035574,52.0,1.0,1.2,0.0,1.0,0.0,2.0,0.9255551480532579,1,Bano,Accesorios de bano,AMBA,Chico,Proveedor F,0,1,validacion
2025-04-01,T28,SKU00491,3,9.0,17.0,3.1666666666666665,0.5008177649044795,0.9473684210526316,11.0,0,0,11,-5.0,3.473684210526316,250,6.170531039640987,13,1,70,156.0,0.0,0.0,0.0,0,0.0,0.0,0.0,13,56,52,1500,4,2.0,4.0,5.0,11,0,4.9655172413793105,-1.4918330308529946,0.0032596941272068705,0.5720000000000001,0.8803290949887808,1.7277486910994764,0.9384487829379781,295,0.05704697986577181,0.9661911276138363,2.0067114093959733,156.0,1.0,0.0,0.0,0.0,0.0,7.0,0.9311712772507885,1,Iluminacion,Apliques,AMBA,Grande,Proveedor F,0,0,validacion
2025-04-01,T28,SKU00566,-5,3.0,7.0,2.0,1.398050590839063,0.5,9.0,1,0,24,1.0,12.0,371,5.350961538461539,22,0,201,147.0,0.0,0.0,0.0,0,0.0,0.0,0.0,31,32,147,1500,4,3.0,5.0,5.0,29,0,8.903225806451612,3.096774193548388,0.0020587541856043395,1.4231805929919137,0.9711538461538461,2.8990384615384617,0.9384487829379781,295,0.05704697986577181,0.9554326133309959,1.0335731414868106,294.0,2.0,0.9,0.0,1.0,0.0,4.0,0.9121827020320163,1,Cocina y mesa,Cubiertos,AMBA,Grande,Proveedor A,0,0,validacion
2025-04-01,T28,SKU00664,15,38.0,73.0,11.9,0.20373217418451742,1.0644257703081232,10.0,0,0,81,-2.0,6.80672268907563,933,4.713377583811622,15,0,344,193.0,0.0,0.0,0.0,0,0.0,0.0,0.0,10,37,193,1500,4,9.0,14.0,15.0,9,1,7.172839506172839,-0.36611681709720933,0.01224958740434582,1.3022508038585208,1.0171061309832867,1.7378369655211126,0.9384487829379781,295,0.05704697986577181,0.9777376654632972,1.84375,386.0,2.0,1.5,14.0,1.0,0.0,4.0,0.8700050172705532,1,Textil hogar,Sabanas,AMBA,Grande,Proveedor E,0,0,validacion
2025-05-01,T01,SKU00573,5,11.0,23.0,3.0,0.5270462766947299,1.222222222222222,8.0,0,0,18,-5.0,6.0,172,4.252747252747253,12,0,58,0.0,0.0,0.0,0.0,0,0.0,0.0,0.0,9,56,52,800,5,3.0,3.0,5.0,8,1,8.625,-2.625,0.003630915120285852,1.255813953488372,0.956043956043956,1.434065934065934,0.9742955572767037,270,0.04779411764705882,0.850065760631302,2.0,104.0,1.0,3.6,0.0,0.0,0.0,2.0,0.8769633595191476,1,Muebles,Sillas,Cuyo,Grande,Proveedor F,0,0,validacion
2025-05-01,T02,SKU00764,0,0.0,6.0,0.5833333333333334,1.7077798626782088,0.0,4.0,3,0,1,-2.0,1.7142857142857142,44,4.436974789915966,14,0,24,0.0,0.0,0.0,0.0,0,0.0,0.0,0.0,34,28,21,450,5,0.0,0.0,3.0,30,0,4.0,-2.2857142857142856,0.000622416605412969,0.3181818181818182,0.8739495798319326,2.4201680672268906,0.9659905716009278,279,0.035211267605633804,0.9383304750352057,1.0285285285285286,42.0,2.0,7.5,0.0,0.0,0.0,3.0,0.9245708465724606,1,Cocina y mesa,Manteleria,AMBA,Grande,Proveedor G,0,0,validacion
2025-05-01,T05,SKU00687,3,13.0,24.0,4.8,0.2716334335501104,0.9027777777777778,5.0,0,0,9,-7.0,1.875,263,4.69124267391489,17,1,117,0.0,0.0,0.0,0.0,0,0.0,0.0,0.0,7,52,155,450,5,4.0,6.0,6.0,4,1,2.909090909090909,-1.0340909090909092,0.004788771264262822,0.5817490494296578,0.9751125456553129,2.0869786800305783,0.9730517166134042,299,0.03333333333333333,0.9717537846096359,0.4083333333333333,0.0,0.0,,0.0,0.0,0.0,3.0,0.9357528569657134,1,Decoracion,Plantas artificiales,AMBA,Mediano,Proveedor J,0,0,validacion
2025-05-01,T05,SKU00723,13,41.0,85.0,12.833333333333334,0.3218531416557792,1.0649350649350648,12.0,0,0,66,6.0,5.142857142857142,1213,4.930286981155315,18,0,301,0.0,0.0,0.0,0.0,0,0.0,0.0,0.0,13,25,153,450,5,19.0,9.0,19.0,12,0,4.6875,0.45535714285714235,0.012803312060702687,0.9793899422918385,0.9511023525064664,1.2234265303608818,0.9730517166134042,299,0.03333333333333333,0.9956527273948341,1.6954732510288066,918.0,3.0,8.6,0.0,1.0,0.0,3.0,0.897997905683821,1,Organizacion,Percheros,AMBA,Mediano,Proveedor D,0,0,validacion
2025-05-01,T06,SKU00012,0,3.0,14.0,2.0,1.4433756729740645,0.5,4.0,1,0,11,1.0,5.5,162,4.644368600682594,18,0,68,0.0,0.0,0.0,0.0,0,0.0,0.0,0.0,7,28,21,1500,5,2.0,1.0,8.0,6,1,3.6363636363636362,1.8636363636363638,0.002446852565966708,1.2222222222222223,0.7453924914675768,1.9494880546075086,0.9518256481610495,275,0.04285714285714286,0.8815523070514497,0.6646090534979424,21.0,1.0,3.9,0.0,1.0,0.0,3.0,0.9185572626564694,1,Organizacion,Percheros,Centro,Mediano,Proveedor G,0,0,validacion
2025-05-01,T06,SKU00667,1,1.0,1.0,0.5833333333333334,1.3593625047407298,0.5714285714285714,5.0,0,0,4,2.0,6.857142857142857,51,5.513513513513513,14,0,33,0.0,0.0,0.0,0.0,0,0.0,0.0,0.0,27,56,52,1500,5,0.0,0.0,2.0,24,0,4.0,2.8571428571428568,0.00071366533174029,1.0980392156862746,0.9369369369369369,3.5675675675675675,0.9518256481610495,275,0.04285714285714286,0.9492381325257885,1.3229166666666667,0.0,0.0,19.7,0.0,0.0,0.0,7.0,0.9287596939739623,1,Iluminacion,Guirnaldas,Centro,Mediano,Proveedor F,0,0,validacion
2025-05-01,T08,SKU00574,0,2.0,4.0,1.0,1.1547005383792515,0.6666666666666666,2.0,2,0,10,0.0,10.0,147,5.011363636363637,17,2,40,0.0,0.0,0.0,0.0,0,0.0,0.0,0.0,4,28,21,600,5,0.0,2.0,2.0,3,1,5.0,5.0,0.0011042756941390568,1.1564625850340138,0.9772727272727274,1.3636363636363638,1.0225592927727665,277,0.04659498207885305,1.0506359837576507,0.11261261261261261,0.0,0.0,,0.0,0.0,0.0,3.0,0.9246341095652749,1,Cocina y mesa,Manteleria,Patagonia,Grande,Proveedor G,0,0,validacion
2025-05-01,T09,SKU00543,4,11.0,11.0,2.0,0.8944271909999159,1.8333333333333333,8.0,0,0,12,0.0,6.0,120,4.523990860624524,15,0,61,192.0,0.0,0.0,0.0,0,0.0,0.0,0.0,11,46,192,600,5,2.0,5.0,5.0,10,1,8.727272727272727,-2.7272727272727266,0.002051951002341423,1.5,1.0430312261995431,2.2996953541507996,0.9907503422971836,303,0.045454545454545456,1.094414366829526,1.0315985130111525,576.0,2.0,2.6,0.0,0.0,0.0,3.0,0.9169009191600351,1,Organizacion,Contenedores,NOA,Mediano,Proveedor B,0,0,validacion
2025-05-01,T10,SKU00016,0,0.0,0.0,0.16666666666666666,2.3354968324845693,0.0,2.0,6,0,3,2.0,18.0,256,6.467368421052631,11,2,71,0.0,0.0,0.0,0.0,0,0.0,0.0,0.0,15,10,35,450,5,0.0,0.0,1.0,14,0,4.0,14.0,0.00018440945028979825,0.12890625,1.0863157894736841,1.7936842105263158,0.9799518188399879,278,0.0498220640569395,0.8580962974733832,0.8654292343387471,0.0,0.0,,0.0,0.0,0.0,2.0,0.9442492016292717,1,Muebles,Sillas,AMBA,Mediano,Proveedor C,0,0,validacion
2025-05-01,T11,SKU00138,0,2.0,6.0,0.9166666666666666,0.982185422594749,0.7272727272727273,7.0,1,0,7,-3.0,7.636363636363637,123,5.252669039145907,14,0,59,768.0,0.0,0.0,0.0,0,0.0,0.0,0.0,23,46,192,800,5,2.0,0.0,2.0,22,0,8.571428571428571,-0.9350649350649345,0.0009756630246521363,0.7967479674796747,1.1103202846975089,2.5195729537366547,0.961116775920959,309,0.054838709677419356,0.9655499635673496,0.7634961439588689,1344.0,5.0,0.2,0.0,1.0,0.0,4.0,0.9051682024092899,1,Textil hogar,Toallas,AMBA,Grande,Proveedor B,0,0,validacion
2025-05-01,T11,SKU00207,0,0.0,-3.0,0.08333333333333333,15.736466046618078,0.0,2.0,8,0,5,2.0,60.0,47,4.947368421052632,15,3,14,0.0,0.0,0.0,0.0,0,0.0,0.0,0.0,31,31,182,800,5,0.0,0.0,3.0,29,0,18.0,42.0,8.869663860473967e-05,1.5957446808510638,0.7719298245614035,1.4736842105263157,0.961116775920959,309,0.054838709677419356,1.0295905840312152,1.7865707434052758,728.0,2.0,5.7,0.0,0.0,0.0,3.0,0.8974196202946715,1,Cocina y mesa,Cubiertos,AMBA,Grande,Proveedor I,0,1,validacion
2025-05-01,T11,SKU00503,0,4.0,6.0,1.0,1.1281521496355322,1.3333333333333333,6.0,1,0,2,0.0,2.0,56,4.51006711409396,18,1,18,0.0,0.0,0.0,0.0,0,0.0,0.0,0.0,23,11,36,800,5,2.0,2.0,3.0,22,0,2.181818181818182,-0.1818181818181821,0.001064359663256876,0.6428571428571428,1.0201342281879195,1.4496644295302015,0.961116775920959,309,0.054838709677419356,1.0052552801612686,0.14617169373549885,72.0,2.0,5.2,0.0,0.0,0.0,2.0,0.9388680257059672,1,Muebles,Sillas,AMBA,Grande,Proveedor H,0,0,validacion
2025-05-01,T12,SKU00068,5,11.0,19.0,3.5,0.4639109376491364,1.0476190476190477,12.0,0,0,22,18.0,6.285714285714286,337,5.363395225464191,19,0,72,0.0,0.0,3.0,0.0,0,0.0,0.0,0.0,24,37,193,1200,5,1.0,5.0,7.0,20,0,1.2972972972972971,4.988416988416988,0.003989725900649163,1.2403560830860534,0.9442970822281168,1.1458885941644563,0.9579141900510991,270,0.02909090909090909,0.8803477407937874,1.8639455782312926,0.0,0.0,16.5,23.0,0.0,0.0,2.0,0.9085027909882762,1,Muebles,Estanterias,Cuyo,Chico,Proveedor E,0,0,validacion
2025-05-01,T12,SKU00187,1,1.0,2.0,0.4166666666666667,1.903107506637022,0.7999999999999999,5.0,0,0,2,-1.0,4.8,25,5.084745762711865,7,0,0,364.0,0.0,0.0,0.0,0,0.0,1.0,10.0,33,31,182,1200,5,-1.0,1.0,2.0,30,0,5.142857142857142,-0.3428571428571425,0.00047496736912490037,0.5599999999999999,0.4067796610169492,0.0,0.9579141900510991,270,0.02909090909090909,0.9122564092121608,0.22529644268774704,364.0,1.0,0.9,0.0,0.0,0.0,3.0,0.8515813199597869,1,Bano,Accesorios de bano,Cuyo,Chico,Proveedor I,0,0,validacion
2025-05-01,T13,SKU00154,12,29.0,31.0,6.2,2.098014521485045,1.5591397849462365,4.0,0,0,54,-45.0,8.709677419354838,551,6.482352941176471,8,1,189,155.0,0.0,0.0,0.0,0,0.0,0.0,0.0,5,52,155,1200,5,9.0,8.0,18.0,4,1,99.0,-90.29032258064517,0.0066650580307271185,0.7840290381125227,1.0,2.223529411764706,0.9560416573107502,292,0.037162162162162164,0.9395354957562998,0.7791666666666667,155.0,1.0,1.6,0.0,0.0,0.0,7.0,0.9090017265724465,1,Iluminacion,Guirnaldas,Centro,Chico,Proveedor J,0,1,validacion
2025-05-01,T13,SKU00546,5,14.0,33.0,6.333333333333333,0.5357997197768198,0.736842105263158,12.0,0,0,44,12.0,6.947368421052632,589,5.088552915766739,18,0,280,147.0,0.0,0.0,0.0,0,0.0,0.0,0.0,25,32,147,1200,5,1.0,8.0,12.0,23,0,4.860759493670886,2.0866089273817456,0.006808392612033078,1.3446519524617997,0.9676025917926566,2.4190064794816415,0.9560416573107502,292,0.037162162162162164,0.9395354957562998,1.3520833333333333,294.0,2.0,0.2,0.0,0.0,0.0,7.0,0.9090017265724465,1,Iluminacion,Guirnaldas,Centro,Chico,Proveedor A,0,0,validacion
2025-05-01,T14,SKU00602,3,7.0,26.0,3.75,0.6240953048172606,0.6222222222222222,12.0,0,0,21,7.0,5.6,112,5.883008356545961,6,0,26,0.0,52.0,0.0,0.0,0,0.0,0.0,0.0,13,56,52,1500,5,2.0,2.0,9.0,11,0,3.3157894736842106,2.284210526315789,0.00449483580336704,1.125,1.0505372065260643,1.3656983684838837,0.9277341098149572,283,0.0528169014084507,0.8687800192122959,1.1637426900584795,156.0,3.0,4.6,0.0,1.0,0.0,2.0,0.9479912950822065,1,Muebles,Racks,AMBA,Grande,Proveedor F,0,0,validacion
2025-05-01,T15,SKU00136,16,46.0,98.0,15.25,0.262481304981064,1.005464480874317,12.0,0,0,65,22.0,4.262295081967213,1473,5.9390323368901194,19,0,343,0.0,0.0,0.0,0.0,0,0.0,0.0,0.0,12,31,182,600,5,17.0,13.0,25.0,11,0,2.8248175182481754,1.437477563719038,0.014655062104868785,0.8384249830278343,0.9676631098802639,1.3829518612038771,0.9939815893203898,298,0.03594771241830065,0.9483025609400559,1.6666666666666667,364.0,2.0,6.9,0.0,0.0,0.0,3.0,0.8246662311485675,1,Cocina y mesa,Cristaleria,NOA,Mediano,Proveedor I,0,0,validacion
2025-05-01,T15,SKU00393,1,7.0,11.0,3.142857142857143,1.1535070491317747,0.7424242424242424,7.0,0,0,17,0.0,5.409090909090909,220,5.116845719348765,13,1,87,0.0,0.0,0.0,0.0,0,0.0,0.0,0.0,7,56,52,600,5,4.0,2.0,11.0,6,1,4.533333333333333,0.875757575757576,0.0030202469911673373,1.0045454545454546,1.0078635507808174,2.023479898106103,0.9939815893203898,298,0.03594771241830065,1.0161488582633635,1.7712082262210798,52.0,1.0,5.4,0.0,0.0,0.0,4.0,0.8995385506208039,1,Textil hogar,Toallas,NOA,Mediano,Proveedor F,0,0,validacion
2025-05-01,T15,SKU00759,3,10.0,15.0,2.4166666666666665,0.5131499624988188,1.3793103448275863,11.0,0,0,21,-5.0,8.689655172413794,252,5.090909090909091,15,0,62,0.0,0.0,0.0,0.0,0,0.0,0.0,0.0,25,31,182,600,5,4.0,3.0,4.0,21,0,12.479999999999999,-3.790344827586205,0.0023223868909354904,1.25,0.9629629629629629,1.2525252525252526,0.9939815893203898,298,0.03594771241830065,1.0161488582633635,1.6681614349775784,0.0,0.0,,0.0,1.0,0.0,4.0,0.8995385506208039,1,Textil hogar,Cortinas,NOA,Mediano,Proveedor I,0,0,validacion
2025-05-01,T16,SKU00248,1,2.0,3.0,0.4166666666666667,1.2358287613066494,1.5999999999999999,5.0,0,0,2,0.0,4.8,41,4.472727272727273,13,1,17,0.0,0.0,0.0,0.0,0,0.0,0.0,0.0,27,11,36,600,5,1.0,0.0,1.0,25,0,6.0,-1.2000000000000002,0.0004906081251246962,0.6341463414634146,1.2363636363636366,1.8545454545454547,0.9827861962497914,273,0.029197080291970802,1.0170089779621485,0.43458980044345896,0.0,0.0,14.8,0.0,0.0,0.0,3.0,0.9307098273001099,1,Cocina y mesa,Vajilla,NOA,Grande,Proveedor H,0,0,validacion
2025-05-01,T16,SKU00431,8,20.0,41.0,7.333333333333333,0.30950385638138855,0.9090909090909092,12.0,0,0,40,-1.0,5.454545454545455,263,4.923556942277691,8,0,82,0.0,0.0,0.0,0.0,0,0.0,1.0,10.0,19,31,182,600,5,7.0,5.0,13.0,17,0,5.125,0.32954545454545503,0.008634703002194653,1.2167300380228137,0.9547581903276131,1.5351014040561624,0.9827861962497914,273,0.029197080291970802,0.9864279526422177,1.0889328063241106,364.0,2.0,3.1,0.0,1.0,0.0,3.0,0.9154950376621666,1,Bano,Accesorios de bano,NOA,Grande,Proveedor I,0,0,validacion
2025-05-01,T16,SKU00766,1,1.0,1.0,0.3333333333333333,1.7320508075688776,1.0,1.0,0,0,2,,6.0,15,5.625,6,2,1,216.0,0.0,0.0,0.0,0,0.0,0.0,0.0,3,11,36,600,5,0.0,0.0,1.0,2,1,,,0.00039248650009975696,0.8,1.0,0.375,0.9827861962497914,273,0.029197080291970802,0.926738263676212,1.9176136363636365,216.0,4.0,0.2,0.0,0.0,0.0,3.0,0.8638910813771256,1,Organizacion,Cajas,NOA,Grande,Proveedor H,0,0,validacion
2025-05-01,T19,SKU00441,0,2.0,2.0,0.3333333333333333,1.4770978917519928,2.0,4.0,1,0,4,-1.0,12.0,56,4.666666666666667,19,0,17,147.0,0.0,0.0,0.0,0,0.0,0.0,0.0,21,32,147,800,5,1.0,1.0,1.0,20,0,30.0,-18.0,0.0003357279504855047,1.3571428571428572,0.8888888888888888,1.4166666666666667,0.9746182402594202,299,0.02631578947368421,0.9662735361059384,0.381294964028777,147.0,1.0,2.2,0.0,0.0,0.0,3.0,0.8736705362587546,1,Cocina y mesa,Cubiertos,Cuyo,Mediano,Proveedor A,0,0,validacion
2025-05-01,T19,SKU00773,4,11.0,37.0,6.166666666666667,0.4681218398834804,0.5945945945945945,11.0,0,0,21,-41.0,3.4054054054054053,423,4.589511754068716,14,0,130,0.0,0.0,0.0,0.0,0,0.0,0.0,0.0,32,10,35,800,5,0.0,7.0,10.0,30,0,9.417721518987342,-6.012316113581937,0.006210967083981838,0.6950354609929078,0.9547920433996383,1.4104882459312837,0.9746182402594202,299,0.02631578947368421,0.9194743918954997,1.1,0.0,0.0,14.7,0.0,0.0,0.0,7.0,0.94068349185612,1,Iluminacion,Guirnaldas,Cuyo,Mediano,Proveedor C,0,0,validacion
2025-05-01,T21,SKU00241,2,4.0,6.0,1.3,0.8148845426702924,1.0256410256410255,9.0,0,0,4,-6.0,3.0769230769230766,132,5.539014886602057,17,0,47,306.0,153.0,0.0,0.0,0,0.0,0.0,0.0,10,25,153,600,5,1.0,1.0,4.0,9,1,7.777777777777777,-4.7008547008547,0.0013623570273669082,0.5151515151515151,1.0490558497352382,1.972224997502248,0.9812463820188835,295,0.04666666666666667,1.0311284190951027,1.2982005141388175,459.0,3.0,0.2,0.0,1.0,0.0,4.0,0.9119996161763004,1,Textil hogar,Toallas,Cuyo,Grande,Proveedor D,0,0,validacion
2025-05-01,T21,SKU00246,1,5.0,8.0,1.25,0.6030226891555273,1.3333333333333335,10.0,0,0,1,-2.0,0.8,30,4.235294117647059,10,0,4,0.0,0.0,0.0,0.0,0,0.0,0.0,0.0,18,31,182,600,5,2.0,2.0,2.0,17,0,3.0,-2.2,0.0013099586801604887,0.3333333333333333,0.8470588235294116,0.5647058823529412,0.9812463820188835,295,0.04666666666666667,0.962337904076441,0.18120805369127516,182.0,1.0,6.5,0.0,0.0,0.0,7.0,0.895270934584375,1,Iluminacion,Apliques,Cuyo,Grande,Proveedor I,0,0,validacion
2025-05-01,T21,SKU00525,0,-3.0,0.0,0.4166666666666667,3.4641016151377544,-2.4,5.0,3,0,3,1.0,7.199999999999999,52,4.333333333333333,17,0,13,0.0,0.0,0.0,0.0,0,0.0,0.0,0.0,17,25,153,600,5,0.0,-3.0,3.0,14,0,2.4,4.799999999999999,0.00043665289338682957,0.9807692307692308,0.7777777777777778,1.0833333333333333,0.9812463820188835,295,0.04666666666666667,0.9386317408344497,1.705761316872428,153.0,1.0,9.5,8.0,1.0,0.0,3.0,0.9083796355789955,1,Organizacion,Percheros,Cuyo,Grande,Proveedor D,0,1,validacion
2025-05-01,T23,SKU00040,6,22.0,44.0,6.916666666666667,0.21759643822046576,1.0602409638554215,12.0,0,0,48,12.0,6.9397590361445785,460,4.854881266490765,14,0,132,0.0,0.0,0.0,0.0,0,0.0,0.0,0.0,32,46,192,450,5,8.0,8.0,10.0,30,0,5.468354430379747,1.4714046057648318,0.007335110929923581,1.4608695652173915,1.051890941072999,1.3931398416886545,0.9802536196953295,294,0.02364864864864865,0.8967085912168158,0.08390022675736962,0.0,0.0,15.5,0.0,0.0,0.0,2.0,0.9245866437280378,1,Muebles,Estanterias,AMBA,Mediano,Proveedor B,0,0,validacion
2025-05-01,T24,SKU00405,6,18.0,35.0,6.333333333333333,0.23644304498767135,0.9473684210526316,12.0,0,0,67,40.0,10.578947368421053,380,5.461077844311378,11,0,162,0.0,0.0,0.0,0.0,0,0.0,0.0,0.0,26,32,147,800,5,5.0,7.0,9.0,22,0,3.811764705882353,6.7671826625386995,0.005972195003120638,1.9394736842105262,0.9245508982035928,2.3281437125748505,0.9781826763006013,313,0.040880503144654086,1.0009273717333926,1.9074550128534704,294.0,2.0,5.6,0.0,0.0,0.0,4.0,0.9018327287448954,1,Textil hogar,Toallas,AMBA,Grande,Proveedor A,0,0,validacion
2025-05-01,T25,SKU00271,1,4.0,12.0,2.0,1.224744871391589,0.6666666666666666,10.0,0,0,12,-4.0,6.0,281,4.544474393530997,19,0,105,0.0,0.0,0.0,0.0,0,0.0,1.0,10.0,18,28,21,1500,5,2.0,1.0,6.0,17,0,6.0,0.0,0.0022255728029865066,0.8113879003558719,0.9380053908355794,1.6981132075471697,0.9710915997031124,282,0.028070175438596492,0.9089349044731724,0.8359683794466403,21.0,1.0,9.6,0.0,1.0,0.0,3.0,0.8742542061611627,1,Bano,Accesorios de bano,Centro,Grande,Proveedor G,0,0,validacion
2025-05-01,T26,SKU00463,-5,0.0,7.0,2.3333333333333335,1.0862609696792977,0.0,11.0,1,0,17,-4.0,7.285714285714286,303,4.8158940397351,18,0,134,155.0,0.0,0.0,0.0,0,0.0,0.0,0.0,37,52,155,1200,5,2.0,3.0,5.0,35,0,5.8604651162790695,1.425249169435216,0.0023583032729880427,1.00990099009901,0.9589403973509935,2.1298013245033114,0.9719578489386431,296,0.036544850498338874,0.8974059359663473,1.4036281179138321,620.0,2.0,0.7,0.0,0.0,0.0,2.0,0.8885772448053364,1,Muebles,Estanterias,NOA,Mediano,Proveedor J,0,0,validacion
2025-05-01,T26,SKU00691,0,4.0,5.0,0.8333333333333334,1.17983049630021,1.5999999999999999,3.0,1,0,1,0.0,1.2,52,4.642857142857143,19,0,12,0.0,0.0,0.0,0.0,0,0.0,0.0,0.0,6,46,192,1200,5,2.0,2.0,2.0,5,1,3.0,-1.8,0.0008422511689243009,0.36538461538461536,0.8928571428571429,1.0714285714285714,0.9719578489386431,296,0.036544850498338874,0.965017897360449,1.0,0.0,0.0,,0.0,0.0,0.0,3.0,0.9098790168042722,1,Organizacion,Percheros,NOA,Mediano,Proveedor B,0,0,validacion
2025-05-01,T27,SKU00543,2,5.0,12.0,1.8181818181818181,0.5399073994677236,0.9166666666666667,10.0,0,0,4,-6.0,2.2,120,4.523990860624524,15,0,61,192.0,0.0,0.0,0.0,0,0.0,0.0,0.0,11,46,192,1200,5,1.0,2.0,3.0,10,1,5.333333333333333,-3.133333333333333,0.001930416379705548,0.5,1.0430312261995431,2.2996953541507996,0.9622803916768873,294,0.0436241610738255,0.9934559533052725,1.0315985130111525,576.0,2.0,2.6,0.0,0.0,0.0,3.0,0.9205341267593571,1,Organizacion,Contenedores,AMBA,Chico,Proveedor B,0,0,validacion
2025-05-01,T28,SKU00399,4,13.0,14.0,3.5,0.4948716593053935,1.238095238095238,4.0,0,0,20,-6.0,5.714285714285714,324,4.835820895522388,20,0,96,0.0,620.0,0.0,0.0,0,0.0,0.0,0.0,4,52,155,1500,5,5.0,4.0,5.0,3,1,26.0,-20.285714285714285,0.0036867097722660626,1.234567901234568,1.009950248756219,1.4328358208955223,0.9743447255274593,298,0.04950495049504951,0.9706004228779073,1.117117117117117,0.0,0.0,,0.0,0.0,0.0,3.0,0.9119530106553312,1,Cocina y mesa,Manteleria,AMBA,Grande,Proveedor J,0,0,validacion
2025-06-01,T01,SKU00685,2,3.0,5.0,1.0,1.0,1.0,3.0,0,0,8,-2.0,8.0,130,5.2774018944519625,16,0,65,70.0,0.0,0.0,0.0,0,0.0,1.0,15.0,6,10,35,800,6,1.0,0.0,2.0,4,1,10.0,-2.0,0.0011330840766370326,0.9846153846153847,1.0825439783491204,2.6387009472259813,1.0046678812848355,284,0.04482758620689655,1.023077086170811,1.6375321336760926,70.0,1.0,1.2,0.0,1.0,0.0,4.0,0.8788537600658075,0,Textil hogar,Toallas,Cuyo,Grande,Proveedor C,0,0,validacion
2025-06-01,T02,SKU00071,1,5.0,9.0,1.5,0.7784989441615225,1.1111111111111112,10.0,0,0,7,-2.0,4.666666666666667,121,4.699029126213592,15,0,48,0.0,35.0,0.0,0.0,0,0.0,0.0,0.0,33,10,35,450,6,3.0,1.0,3.0,31,0,5.3999999999999995,-0.7333333333333325,0.001531294195496404,0.8677685950413223,1.13915857605178,1.8640776699029127,1.0055498550426387,284,0.034722222222222224,1.0095493799574966,1.5454545454545454,0.0,0.0,16.6,0.0,1.0,0.0,3.0,0.858345325172962,0,Organizacion,Cajas,AMBA,Grande,Proveedor C,0,0,validacion
2025-06-01,T02,SKU00453,1,8.0,20.0,3.5,0.6030226891555274,0.7619047619047619,12.0,0,0,10,-10.0,2.857142857142857,334,5.77521613832853,20,0,150,0.0,0.0,0.0,0.0,0,0.0,0.0,0.0,31,10,35,450,6,3.0,4.0,8.0,29,0,5.1063829787234045,-2.2492401215805473,0.00357301978949161,0.5988023952095809,1.0028818443804035,2.593659942363112,1.0055498550426387,284,0.034722222222222224,1.026678535782687,1.8172043010752688,35.0,1.0,8.2,0.0,0.0,0.0,3.0,0.9175819314376487,0,Bano,Alfombras de bano,AMBA,Grande,Proveedor C,0,0,validacion
2025-06-01,T02,SKU00739,11,35.0,78.0,15.083333333333334,0.270354104792452,0.7734806629834253,12.0,0,0,92,24.0,6.099447513812154,974,4.6344171292624905,16,0,355,0.0,192.0,0.0,0.0,0,0.0,0.0,0.0,35,46,192,450,6,9.0,15.0,22.0,32,0,4.25,1.8494475138121542,0.015398013854713842,1.51129363449692,0.9865186360031721,1.6891356066613799,1.0055498550426387,284,0.034722222222222224,1.0095493799574966,0.7301136363636364,0.0,0.0,15.5,0.0,0.0,0.0,3.0,0.858345325172962,0,Organizacion,Cajas,AMBA,Grande,Proveedor B,0,0,validacion
2025-06-01,T03,SKU00253,0,0.0,4.0,1.0,1.2792042981336627,0.0,6.0,4,0,5,5.0,5.0,16,4.465116279069767,5,0,0,0.0,0.0,0.0,0.0,0,0.0,1.0,15.0,23,52,155,450,6,0.0,0.0,4.0,21,0,0.0,5.0,0.0011546021433447725,1.5625,1.1162790697674418,0.0,1.0129709470944803,273,0.040145985401459854,0.953239463705146,1.1071428571428572,310.0,2.0,8.9,0.0,0.0,0.0,4.0,0.8810222755302666,0,Textil hogar,Sabanas,Cuyo,Chico,Proveedor J,0,0,validacion
2025-06-01,T03,SKU00339,1,3.0,3.0,1.0,0.0,1.0,3.0,0,0,3,,3.0,36,4.319999999999999,11,1,23,0.0,0.0,0.0,0.0,0,0.0,1.0,20.0,3,25,153,450,6,1.0,1.0,1.0,2,1,,,0.0011546021433447725,0.9166666666666666,0.96,2.76,1.0129709470944803,273,0.040145985401459854,1.0212683179872908,0.1606714628297362,0.0,0.0,,0.0,0.0,0.0,3.0,0.9227367793784627,0,Cocina y mesa,Cubiertos,Cuyo,Chico,Proveedor D,0,0,validacion
2025-06-01,T03,SKU00429,16,39.0,50.0,12.5,0.2487301080823684,1.04,4.0,0,0,70,34.0,5.6,659,5.972809667673716,9,0,240,0.0,42.0,0.0,0.0,0,0.0,2.0,25.0,3,28,21,450,6,14.0,9.0,16.0,3,1,3.272727272727273,2.3272727272727267,0.014432526791809655,0.9559939301972685,1.0030211480362539,2.175226586102719,1.0129709470944803,273,0.040145985401459854,1.0203680660161112,0.4276729559748428,0.0,0.0,,0.0,0.0,0.0,4.0,0.9189294776348368,0,Decoracion,Velas,Cuyo,Chico,Proveedor G,0,0,validacion
2025-06-01,T05,SKU00287,1,7.0,11.0,1.4166666666666667,1.0188534162169867,1.6470588235294117,8.0,0,0,13,2.0,9.176470588235293,72,6.171428571428572,8,0,15,0.0,0.0,0.0,0.0,0,0.0,0.0,0.0,20,56,52,450,6,4.0,2.0,4.0,18,0,11.0,-1.8235294117647065,0.0014361647795563864,1.4444444444444444,0.9714285714285715,1.2857142857142858,0.9742266022261322,294,0.016778523489932886,0.9849978568366909,0.7354988399071926,52.0,1.0,4.7,0.0,0.0,0.0,2.0,0.8631671209096049,0,Muebles,Sillas,AMBA,Mediano,Proveedor F,0,0,validacion
2025-06-01,T06,SKU00179,8,24.0,35.0,6.75,0.4100009276737716,1.1851851851851851,12.0,0,0,44,-8.0,6.518518518518518,405,5.704225352112676,11,0,178,0.0,0.0,0.0,0.0,0,0.0,1.0,15.0,25,11,36,1500,6,11.0,5.0,11.0,22,0,8.103896103896103,-1.5853775853775849,0.007733915287277484,1.1950617283950618,1.051643192488263,2.507042253521127,0.9357082693249301,297,0.03,0.9282719678378284,0.3033419023136247,0.0,0.0,,0.0,0.0,0.0,4.0,0.9293773375799987,0,Textil hogar,Toallas,Centro,Mediano,Proveedor H,0,0,validacion
2025-06-01,T09,SKU00071,6,7.0,15.0,1.5,1.2870763988845637,1.5555555555555556,7.0,0,0,9,-1.0,6.0,121,4.699029126213592,15,0,48,0.0,35.0,0.0,0.0,0,0.0,0.0,0.0,33,10,35,600,6,0.0,1.0,6.0,28,0,7.0588235294117645,-1.0588235294117645,0.0016466696759244775,1.115702479338843,1.13915857605178,1.8640776699029127,1.0066640618818306,296,0.046511627906976744,1.0730902724181577,1.5454545454545454,0.0,0.0,16.6,0.0,1.0,0.0,3.0,0.9256882362683747,0,Organizacion,Cajas,NOA,Mediano,Proveedor C,0,0,validacion
2025-06-01,T09,SKU00775,1,2.0,8.0,1.4166666666666667,0.7032034728674976,0.4705882352941176,10.0,0,0,11,2.0,7.764705882352941,112,6.251162790697674,11,0,23,0.0,155.0,0.0,0.0,0,0.0,0.0,0.0,15,52,155,600,6,1.0,0.0,3.0,13,0,5.5,2.264705882352941,0.0015551880272620068,1.0803571428571428,0.911627906976744,1.283720930232558,1.0066640618818306,296,0.046511627906976744,1.0005067183868883,1.345707656612529,0.0,0.0,,0.0,1.0,0.0,2.0,0.8764129563990396,0,Muebles,Sillas,NOA,Mediano,Proveedor J,0,0,validacion
2025-06-01,T10,SKU00337,3,9.0,16.0,3.1666666666666665,0.4431975570108867,0.9473684210526316,12.0,0,0,19,1.0,6.0,357,5.727272727272727,19,0,91,0.0,0.0,0.0,0.0,0,0.0,0.0,0.0,28,46,192,450,6,3.0,3.0,6.0,27,0,5.837837837837838,0.16216216216216228,0.003531674956192022,1.011204481792717,1.0481283422459893,1.459893048128342,0.9821773930799287,276,0.03597122302158273,0.9183291214508696,0.39219330855018586,0.0,0.0,16.0,0.0,0.0,0.0,3.0,0.8750080544273069,0,Organizacion,Contenedores,AMBA,Mediano,Proveedor B,0,0,validacion
2025-06-01,T11,SKU00731,7,14.0,23.0,3.5833333333333335,0.45247080501597986,1.302325581395349,12.0,0,0,17,5.0,4.7441860465116275,198,5.462068965517242,10,0,69,193.0,193.0,0.0,0.0,0,0.0,1.0,20.0,36,37,193,800,6,3.0,4.0,7.0,33,0,3.5121951219512195,1.231990924560408,0.003851842165910278,0.8585858585858586,1.0390804597701149,1.903448275862069,0.9720974694060078,305,0.05825242718446602,0.9959993717258138,1.464720194647202,579.0,3.0,1.0,0.0,0.0,0.0,3.0,0.8975974496268464,0,Cocina y mesa,Cristaleria,AMBA,Grande,Proveedor E,0,0,validacion
2025-06-01,T12,SKU00200,0,3.0,7.0,0.8333333333333334,0.8612886750783282,1.2,8.0,1,0,3,0.0,3.5999999999999996,53,4.892307692307692,16,0,15,0.0,0.0,0.0,0.0,0,0.0,0.0,0.0,18,28,21,1200,6,2.0,1.0,2.0,16,0,4.0,-0.40000000000000036,0.0009531570355924929,0.9056603773584906,0.7999999999999999,1.3846153846153846,0.9790829069606086,278,0.03180212014134275,0.8997555012224938,1.41834451901566,42.0,1.0,6.6,0.0,1.0,0.0,6.0,0.9061844432469413,0,Iluminacion,Apliques,Cuyo,Chico,Proveedor G,0,0,validacion
2025-06-01,T12,SKU00559,2,11.0,15.0,3.75,0.4554200340426488,0.9777777777777777,4.0,0,0,10,-4.0,2.6666666666666665,343,6.0887573964497035,17,1,158,0.0,0.0,0.0,0.0,0,0.0,2.0,25.0,4,25,153,1200,6,3.0,6.0,6.0,3,1,3.5,-0.8333333333333335,0.004289206660166218,0.4956268221574344,1.0059171597633134,2.8047337278106506,0.9790829069606086,278,0.03180212014134275,1.014533596360562,1.0166666666666666,0.0,0.0,,0.0,0.0,0.0,4.0,0.9170543018261098,0,Decoracion,Plantas artificiales,Cuyo,Chico,Proveedor D,0,0,validacion
2025-06-01,T13,SKU00596,0,1.0,1.0,0.4166666666666667,1.6045390162116513,0.7999999999999999,4.0,1,0,3,2.0,7.199999999999999,43,4.195121951219512,14,0,26,0.0,0.0,0.0,0.0,0,0.0,1.0,15.0,21,28,21,1200,6,1.0,0.0,2.0,20,0,2.0,5.199999999999999,0.000432974157215803,0.9767441860465116,0.9430894308943089,2.5365853658536586,0.9362633175634524,302,0.033003300330033,0.9640883275254993,0.84375,42.0,2.0,8.8,0.0,0.0,0.0,4.0,0.9031459988409076,0,Textil hogar,Sabanas,Centro,Chico,Proveedor G,0,0,validacion
2025-06-01,T13,SKU00776,1,10.0,11.0,1.4166666666666667,1.257628499685475,2.3529411764705883,8.0,0,0,8,-2.0,5.647058823529411,109,4.3892617449664435,15,0,36,105.0,0.0,0.0,0.0,0,0.0,2.0,25.0,33,10,35,1200,6,3.0,6.0,6.0,29,0,6.315789473684211,-0.6687306501547994,0.00147211213453373,1.1009174311926606,1.1140939597315438,1.4496644295302015,0.9362633175634524,302,0.033003300330033,0.9508934163949958,0.15976331360946747,140.0,2.0,1.0,0.0,0.0,0.0,4.0,0.9093287809694979,0,Decoracion,Cuadros,Centro,Chico,Proveedor C,0,0,validacion
2025-06-01,T15,SKU00491,3,11.0,23.0,4.0,0.4395245364957663,0.9166666666666666,12.0,0,0,7,-13.0,1.75,212,4.755140186915888,14,0,129,156.0,0.0,0.0,0.0,0,0.0,0.0,0.0,15,56,52,600,6,4.0,4.0,8.0,12,0,4.761904761904762,-3.011904761904762,0.003839703594828991,0.46226415094339623,0.9644859813084111,2.8934579439252337,1.0021626382503668,314,0.04777070063694268,1.0398851635394237,2.0067114093959733,156.0,1.0,2.0,0.0,0.0,0.0,6.0,0.9074706489194181,0,Iluminacion,Apliques,NOA,Mediano,Proveedor F,0,0,validacion
2025-06-01,T15,SKU00637,0,2.0,2.0,0.4166666666666667,1.6045390162116515,1.5999999999999999,4.0,2,0,3,-1.0,7.199999999999999,50,5.2631578947368425,15,1,13,0.0,0.0,0.0,0.0,0,0.0,0.0,0.0,34,25,153,600,6,0.0,2.0,2.0,33,0,9.6,-2.4000000000000004,0.00039996912446135324,0.8999999999999999,1.087719298245614,1.368421052631579,1.0021626382503668,314,0.04777070063694268,1.0398851635394237,1.250620347394541,0.0,0.0,14.9,0.0,0.0,0.0,6.0,0.9074706489194181,0,Iluminacion,Lamparas de mesa,NOA,Mediano,Proveedor D,0,0,validacion
2025-06-01,T16,SKU00688,8,18.0,38.0,6.083333333333333,0.37392264935351444,0.9863013698630138,12.0,0,0,52,8.0,8.547945205479452,465,5.568862275449102,12,0,175,0.0,0.0,0.0,0.0,0,0.0,1.0,15.0,24,37,193,600,6,3.0,7.0,10.0,20,0,6.6835443037974684,1.864400901681984,0.006871731949071024,1.3419354838709678,0.9660678642714572,2.095808383233533,0.9616659396124602,283,0.031578947368421054,0.8886741135872226,1.9573991031390134,0.0,0.0,,0.0,0.0,0.0,4.0,0.9024572336653236,0,Textil hogar,Cortinas,NOA,Grande,Proveedor E,0,0,validacion
2025-06-01,T17,SKU00760,6,15.0,25.0,3.9166666666666665,0.4416670193222891,1.2765957446808511,12.0,0,0,20,4.0,5.1063829787234045,287,6.194244604316546,15,0,95,0.0,0.0,0.0,0.0,0,0.0,1.0,20.0,20,25,153,600,6,7.0,2.0,7.0,17,0,4.8,0.3063829787234047,0.004127836162202024,1.0452961672473868,0.9136690647482014,2.0503597122302155,1.0145694328884634,287,0.040955631399317405,1.0174983764525294,1.6474820143884892,153.0,1.0,6.6,0.0,0.0,0.0,3.0,0.8015965625512768,0,Cocina y mesa,Cubiertos,Centro,Chico,Proveedor D,0,0,validacion
2025-06-01,T18,SKU00627,2,4.0,8.0,1.8333333333333333,0.561740346048477,0.7272727272727273,12.0,0,0,7,0.0,3.8181818181818183,145,5.087719298245614,18,0,54,0.0,0.0,0.0,0.0,0,0.0,2.0,25.0,39,31,182,1200,6,1.0,1.0,4.0,37,0,4.2,-0.38181818181818183,0.0019280364382952653,0.8689655172413794,1.0175438596491229,1.894736842105263,0.9626160108288725,298,0.02,0.8915884345222438,1.4599627560521415,0.0,0.0,21.6,0.0,0.0,0.0,4.0,0.9488705101135727,0,Decoracion,Espejos,NOA,Mediano,Proveedor I,0,0,validacion
2025-06-01,T18,SKU00768,1,1.0,5.0,0.3333333333333333,3.908033683673578,1.0,5.0,0,0,2,-1.0,6.0,33,3.7714285714285714,13,0,12,0.0,0.0,0.0,0.0,0,0.0,1.0,15.0,20,11,36,1200,6,0.0,0.0,2.0,20,0,12.0,-6.0,0.0003505520796900482,0.787878787878788,0.8761904761904762,1.3714285714285714,0.9626160108288725,298,0.02,1.0457812234734878,0.703125,36.0,1.0,7.0,67.0,1.0,0.0,4.0,0.9007966054095573,0,Textil hogar,Sabanas,NOA,Mediano,Proveedor H,0,1,validacion
2025-06-01,T20,SKU00379,2,4.0,4.0,0.75,1.1547005383792515,1.7777777777777777,6.0,0,0,4,1.0,5.333333333333333,17,4.090411957710535,7,0,11,384.0,0.0,0.0,0.0,0,0.0,0.0,0.0,12,46,192,450,6,0.0,2.0,2.0,11,0,5.3999999999999995,-0.06666666666666643,0.0008209331882004536,1.647058823529412,1.2030623405030987,2.6467371491068175,0.9811063746982311,300,0.019543973941368076,0.9446350273757866,1.5863874345549738,576.0,3.0,0.4,0.0,1.0,0.0,3.0,0.9294347003637231,0,Bano,Cortinas de bano,AMBA,Mediano,Proveedor B,0,0,validacion
2025-06-01,T24,SKU00310,3,9.0,20.0,3.2222222222222223,0.3016009600782052,0.9310344827586207,9.0,0,0,17,1.0,5.275862068965517,290,5.517970401691332,16,0,66,0.0,0.0,0.0,0.0,0,0.0,0.0,0.0,9,32,147,800,6,4.0,2.0,5.0,8,1,4.8,0.4758620689655171,0.003076884601291458,0.9379310344827586,1.0718816067653276,1.255813953488372,0.9778127063966233,314,0.03773584905660377,0.902389920768931,1.2607709750566893,147.0,1.0,4.6,0.0,1.0,0.0,2.0,0.8903996741793632,0,Muebles,Estanterias,AMBA,Grande,Proveedor A,0,0,validacion
2025-06-01,T24,SKU00322,4,18.0,25.0,4.166666666666667,0.7438474917004767,1.44,11.0,0,0,22,1.0,5.279999999999999,347,5.848314606741573,19,0,107,0.0,0.0,0.0,0.0,0,0.0,2.0,25.0,19,37,193,800,6,7.0,7.0,10.0,17,0,5.8604651162790695,-0.5804651162790702,0.003978730087876885,1.2046109510086456,1.146067415730337,1.8033707865168538,0.9778127063966233,314,0.03773584905660377,1.0031088575434624,0.9199255121042831,579.0,2.0,6.7,0.0,0.0,0.0,4.0,0.8573285801091686,0,Decoracion,Espejos,AMBA,Grande,Proveedor E,0,0,validacion
2025-06-01,T26,SKU00724,2,4.0,7.0,1.0833333333333333,0.8310799729647877,1.2307692307692308,9.0,0,0,5,3.0,4.615384615384616,58,4.549019607843137,17,1,48,0.0,0.0,0.0,0.0,0,0.0,0.0,0.0,31,37,193,1200,6,1.0,1.0,3.0,29,0,2.4,2.215384615384616,0.001102536722953926,1.4655172413793105,1.0196078431372548,3.764705882352941,0.9451284031229654,312,0.05714285714285714,0.9059262676676593,1.0,0.0,0.0,25.1,0.0,0.0,0.0,2.0,0.8807833057088185,0,Muebles,Estanterias,NOA,Mediano,Proveedor E,0,0,validacion
2025-06-01,T27,SKU00583,0,4.0,7.0,1.4166666666666667,1.0188534162169864,0.9411764705882352,9.0,1,0,9,1.0,6.352941176470588,121,4.386706948640484,16,2,42,0.0,0.0,0.0,0.0,0,0.0,1.0,20.0,38,25,153,1200,6,3.0,1.0,5.0,36,0,6.0,0.35294117647058787,0.0014799644024655974,1.1900826446280992,0.8096676737160121,1.5226586102719033,0.9687672865080686,303,0.05245901639344262,0.9889048974337779,0.7672672672672672,153.0,1.0,8.0,0.0,0.0,0.0,3.0,0.9052369949105266,0,Cocina y mesa,Manteleria,AMBA,Chico,Proveedor D,0,0,validacion
2025-07-01,T01,SKU00681,14,39.0,85.0,13.0,0.25406856118300636,1.0,12.0,0,0,79,15.0,6.076923076923077,1278,5.590958804228946,18,0,413,294.0,0.0,0.0,0.0,0,0.0,0.0,0.0,22,32,147,800,7,10.0,15.0,19.0,20,0,4.7407407407407405,1.3361823361823362,0.014440753219365084,1.1126760563380282,0.994531534815895,1.8067808968282901,0.9875253547704277,295,0.050505050505050504,1.0075786489286298,1.0837988826815643,441.0,3.0,0.7,0.0,0.0,0.0,4.0,0.9136446129749108,0,Decoracion,Espejos,Cuyo,Grande,Proveedor A,0,0,validacion
2025-07-01,T02,SKU00316,1,3.0,5.0,0.6666666666666666,0.9770084209183945,1.5,7.0,0,0,1,-1.0,1.5,64,5.12,18,0,19,0.0,0.0,0.0,0.0,0,0.0,0.0,0.0,16,25,153,450,7,1.0,1.0,2.0,16,0,2.6666666666666665,-1.1666666666666665,0.0006746372182166651,0.28125,1.04,1.52,0.9967764899151228,290,0.030716723549488054,0.9531068233783946,0.7055961070559611,306.0,2.0,3.5,0.0,1.0,0.0,3.0,0.921538039935042,0,Cocina y mesa,Cristaleria,AMBA,Grande,Proveedor D,0,0,validacion
2025-07-01,T02,SKU00538,0,1.0,3.0,0.3333333333333333,1.4770978917519928,1.0,4.0,2,0,4,2.0,12.0,45,4.7368421052631575,14,0,14,0.0,0.0,0.0,0.0,0,1.0,0.0,0.0,34,10,35,450,7,0.0,1.0,1.0,31,0,6.0,6.0,0.00033731860910833254,1.2444444444444445,0.9473684210526315,1.4736842105263157,0.9967764899151228,290,0.030716723549488054,0.9968723592645835,1.4020833333333333,35.0,1.0,8.5,0.0,1.0,0.0,4.0,0.8853937982720113,0,Decoracion,Plantas artificiales,AMBA,Grande,Proveedor C,0,0,validacion
2025-07-01,T03,SKU00607,4,12.0,24.0,5.5,0.5171731519722981,0.7272727272727273,12.0,0,0,48,3.0,8.727272727272727,470,5.720081135902636,12,0,110,0.0,0.0,0.0,0.0,0,0.0,0.0,0.0,16,25,153,450,7,5.0,3.0,11.0,12,0,7.627118644067796,1.1001540832049308,0.005807719017022796,1.225531914893617,1.0182555780933062,1.3387423935091276,0.972176965152543,288,0.05136986301369863,0.9695697796432319,2.050359712230216,459.0,1.0,4.2,0.0,1.0,0.0,3.0,0.93941546656634,0,Cocina y mesa,Cubiertos,Cuyo,Chico,Proveedor D,0,0,validacion
2025-07-01,T03,SKU00640,11,34.0,62.0,12.272727272727273,0.3458711987798415,0.9234567901234568,11.0,0,0,89,20.0,7.2518518518518515,665,5.8681177634569615,9,0,194,0.0,1544.0,0.0,0.0,0,0.0,0.0,0.0,11,37,193,450,7,17.0,6.0,17.0,10,1,5.465346534653466,1.7865053171983858,0.012959373013191363,1.2045112781954888,1.070674118244779,1.7119020242265421,0.972176965152543,288,0.05136986301369863,1.0104447109166639,1.7534516765285997,0.0,0.0,,0.0,0.0,0.0,4.0,0.9356313787449768,0,Decoracion,Cuadros,Cuyo,Chico,Proveedor E,0,0,validacion
2025-07-01,T04,SKU00080,-2,1.0,15.0,2.9166666666666665,0.8199733015247254,0.11428571428571428,10.0,1,0,24,6.0,8.22857142857143,120,5.313653136531365,8,0,31,0.0,182.0,0.0,0.0,0,0.0,1.0,20.0,23,31,182,450,7,3.0,0.0,6.0,20,0,5.023255813953488,3.205315614617941,0.00281291045530113,1.6,0.9151291512915131,1.3726937269372694,0.9554251283605668,329,0.02710843373493976,0.947187141216992,0.5890052356020943,182.0,1.0,3.3,0.0,0.0,0.0,4.0,0.8971498745551258,0,Bano,Cortinas de bano,Centro,Grande,Proveedor I,0,0,validacion
2025-07-01,T04,SKU00175,1,6.0,11.0,1.9166666666666667,0.7530655685082075,1.0434782608695652,10.0,0,0,9,-3.0,4.695652173913043,73,5.152941176470589,9,0,26,0.0,0.0,0.0,0.0,0,0.0,0.0,0.0,24,37,193,450,7,2.0,3.0,5.0,19,0,5.76,-1.0643478260869568,0.0018484840134836002,1.1095890410958904,0.9411764705882354,1.835294117647059,0.9554251283605668,329,0.02710843373493976,1.0488314830425733,0.9576023391812866,193.0,1.0,5.5,0.0,0.0,0.0,2.0,0.9312814075832802,0,Muebles,Racks,Centro,Grande,Proveedor E,0,0,validacion
2025-07-01,T04,SKU00355,1,2.0,3.0,0.9166666666666666,1.1821360030372712,0.7272727272727273,7.0,0,0,4,1.0,4.363636363636364,32,5.1891891891891895,9,0,6,192.0,192.0,0.0,0.0,0,0.0,0.0,0.0,21,46,192,450,7,1.0,0.0,3.0,17,0,3.0,1.3636363636363642,0.0008840575716660696,1.125,0.9189189189189191,0.972972972972973,0.9554251283605668,329,0.02710843373493976,0.9956371157325695,0.6770833333333334,576.0,3.0,1.0,26.0,0.0,0.0,4.0,0.9328953246790258,0,Iluminacion,Guirnaldas,Centro,Grande,Proveedor B,0,0,validacion
2025-07-01,T05,SKU00097,2,11.0,21.0,3.0,0.6513389472789296,1.222222222222222,10.0,0,0,17,-12.0,5.666666666666667,275,5.08545811151583,17,0,109,0.0,0.0,0.0,0.0,0,0.0,0.0,0.0,13,25,153,450,7,6.0,3.0,6.0,12,0,10.357142857142858,-4.690476190476191,0.0029165736824678257,1.050909090909091,1.1588680302605772,2.0156906696553656,0.9968200719190035,305,0.06774193548387097,0.9724934460927338,1.1415270018621975,153.0,1.0,10.6,0.0,1.0,0.0,4.0,0.9118806439160223,0,Decoracion,Espejos,AMBA,Mediano,Proveedor D,0,0,validacion
2025-07-01,T06,SKU00365,0,0.0,-1.0,0.16666666666666666,3.4641016151377557,0.0,3.0,8,0,3,-1.0,18.0,44,4.47457627118644,16,2,9,0.0,0.0,0.0,0.0,0,0.0,0.0,0.0,35,10,35,1500,7,0.0,0.0,1.0,32,0,9.6,8.4,0.00018958144888894397,1.0909090909090908,1.0169491525423728,0.9152542372881355,0.9778611133691729,292,0.07167235494880546,0.9985651017226537,0.8138957816377171,105.0,3.0,4.8,0.0,0.0,0.0,4.0,0.9167388896390698,0,Iluminacion,Lamparas de mesa,Centro,Mediano,Proveedor C,0,1,validacion
2025-07-01,T08,SKU00179,6,15.0,39.0,5.75,0.4457124224193028,0.8695652173913043,11.0,0,0,58,23.0,10.08695652173913,362,5.159144893111638,11,0,153,0.0,0.0,0.0,0.0,0,0.0,0.0,0.0,26,11,36,600,7,5.0,4.0,9.0,23,0,5.384615384615385,4.702341137123746,0.006262919801581082,1.7624309392265194,1.0736342042755342,2.180522565320665,0.9679387936820385,285,0.027777777777777776,0.8556541289748065,0.3033419023136247,0.0,0.0,,0.0,0.0,0.0,4.0,0.8509494104128656,0,Textil hogar,Toallas,Patagonia,Grande,Proveedor H,0,0,validacion
2025-07-01,T10,SKU00540,1,6.0,12.0,3.3333333333333335,0.6687845148272552,0.6,12.0,0,0,20,8.0,6.0,267,5.611208406304728,14,0,79,0.0,0.0,0.0,0.0,0,0.0,0.0,0.0,39,46,192,450,7,2.0,3.0,8.0,34,0,3.3488372093023253,2.6511627906976747,0.003590646691790313,1.048689138576779,1.0157618213660244,1.6602451838879158,0.9978407156485279,287,0.034482758620689655,1.0419651280617772,0.684863523573201,0.0,0.0,26.8,0.0,0.0,0.0,4.0,0.9610825024525977,0,Iluminacion,Lamparas de mesa,AMBA,Mediano,Proveedor B,0,0,validacion
2025-07-01,T10,SKU00588,3,14.0,22.0,2.4166666666666665,1.240856734312265,1.931034482758621,9.0,0,0,23,6.0,9.517241379310345,279,6.131868131868132,15,0,123,0.0,0.0,0.0,0.0,0,0.0,0.0,0.0,15,56,52,450,7,6.0,5.0,8.0,14,0,7.846153846153847,1.6710875331564985,0.0026032188515479767,1.2365591397849462,1.1062271062271063,2.7032967032967035,0.9978407156485279,287,0.034482758620689655,1.0419651280617772,1.6333333333333333,0.0,0.0,,0.0,1.0,0.0,4.0,0.9610825024525977,0,Iluminacion,Guirnaldas,AMBA,Mediano,Proveedor F,0,0,validacion
2025-07-01,T10,SKU00652,3,9.0,9.0,3.0,0.3333333333333333,1.0,3.0,0,0,8,,2.6666666666666665,198,4.991596638655462,12,0,70,155.0,0.0,0.0,0.0,0,0.0,0.0,0.0,3,52,155,450,7,4.0,2.0,4.0,2,1,,,0.0032315820226112815,0.48484848484848486,0.9327731092436975,1.7647058823529413,0.9978407156485279,287,0.034482758620689655,1.0208891900651131,1.1066066066066067,155.0,1.0,1.4,0.0,1.0,0.0,3.0,0.8601932710832285,0,Cocina y mesa,Manteleria,AMBA,Mediano,Proveedor J,0,0,validacion
2025-07-01,T10,SKU00701,0,3.0,9.0,1.4166666666666667,0.8220001079162225,0.7058823529411764,9.0,1,0,11,4.0,7.764705882352941,171,5.684210526315789,18,0,55,0.0,0.0,0.0,0.0,0,0.0,0.0,0.0,27,10,35,450,7,1.0,2.0,4.0,24,0,3.652173913043478,4.1125319693094635,0.0015260248440108828,1.1578947368421053,1.0858725761772854,1.8282548476454294,0.9978407156485279,287,0.034482758620689655,1.0208891900651131,1.1036036036036037,0.0,0.0,17.6,0.0,1.0,0.0,3.0,0.8601932710832285,0,Cocina y mesa,Manteleria,AMBA,Mediano,Proveedor C,0,0,validacion
2025-07-01,T11,SKU00067,1,5.0,20.0,3.5833333333333335,0.5763416722673256,0.46511627906976744,12.0,0,0,13,-15.0,3.627906976744186,191,6.161290322580645,10,0,60,0.0,0.0,0.0,0.0,0,0.0,0.0,0.0,34,28,21,800,7,2.0,2.0,7.0,32,0,7.0,-3.372093023255814,0.003981841072949229,0.6806282722513088,1.021505376344086,1.935483870967742,0.9526786269418992,312,0.041666666666666664,0.9237797140681837,1.1383928571428572,0.0,0.0,,0.0,0.0,0.0,4.0,0.8735466135020685,0,Textil hogar,Sabanas,AMBA,Grande,Proveedor G,0,0,validacion
2025-07-01,T11,SKU00373,11,21.0,35.0,6.555555555555555,0.4254203524749537,1.0677966101694916,9.0,0,0,18,-24.0,2.745762711864407,724,6.087870506621821,19,1,191,0.0,0.0,0.0,0.0,0,0.0,0.0,0.0,10,28,21,800,7,7.0,3.0,11.0,8,1,6.631578947368421,-3.8858162355040142,0.007284608474542775,0.47237569060773477,1.0118421974633873,1.6060542358629388,0.9526786269418992,312,0.041666666666666664,0.9337511190689346,2.0568181818181817,21.0,1.0,5.2,0.0,1.0,0.0,3.0,0.9511495805441383,0,Organizacion,Cajas,AMBA,Grande,Proveedor G,0,0,validacion
2025-07-01,T11,SKU00415,0,0.0,5.0,1.25,1.085440840479949,0.0,7.0,3,0,8,-4.0,6.4,156,5.018766756032171,19,0,53,576.0,0.0,0.0,0.0,0,0.0,0.0,0.0,20,46,192,800,7,0.0,0.0,4.0,18,0,7.199999999999999,-0.7999999999999989,0.0013890143277729868,0.9743589743589742,0.96514745308311,1.7050938337801609,0.9526786269418992,312,0.041666666666666664,0.9399268317937763,0.6682134570765661,768.0,2.0,0.1,0.0,0.0,0.0,2.0,0.9069083146473714,0,Muebles,Sillas,AMBA,Grande,Proveedor B,0,1,validacion
2025-07-01,T11,SKU00507,7,33.0,80.0,12.25,0.2894010741378915,0.8979591836734694,12.0,0,0,109,47.0,8.89795918367347,892,5.753995015393637,11,0,335,52.0,52.0,0.0,0.0,0,0.0,0.0,0.0,14,56,52,800,7,10.0,16.0,17.0,13,0,4.871428571428572,4.026530612244898,0.01361234041217527,1.344170403587444,0.9697502809949665,2.160973464301422,0.9526786269418992,312,0.041666666666666664,0.9399268317937763,1.7157894736842105,52.0,1.0,1.0,18.0,0.0,0.0,2.0,0.9069083146473714,0,Muebles,Mesas auxiliares,AMBA,Grande,Proveedor F,0,0,validacion
2025-07-01,T12,SKU00325,1,5.0,15.0,2.0833333333333335,0.7782497846274853,0.7999999999999999,11.0,0,0,9,0.0,4.319999999999999,135,5.934065934065934,13,1,60,0.0,0.0,0.0,0.0,0,0.0,0.0,0.0,25,46,192,1200,7,3.0,1.0,6.0,22,0,4.5,-0.1800000000000006,0.0022768961162894234,0.8666666666666666,1.2014652014652014,2.6373626373626373,0.982526212101212,292,0.061016949152542375,1.0309791638925718,0.3401360544217687,192.0,1.0,8.3,0.0,1.0,0.0,2.0,0.9159763128423095,0,Muebles,Estanterias,Cuyo,Chico,Proveedor B,0,0,validacion
2025-07-01,T12,SKU00550,2,2.0,3.0,0.6666666666666666,1.1677484162422846,1.0,6.0,0,0,3,0.0,4.5,17,4.0,6,0,9,0.0,0.0,0.0,40.0,0,0.0,0.0,0.0,13,52,155,1200,7,0.0,0.0,2.0,12,0,5.0,-0.5,0.0007286067572126154,1.0588235294117647,0.8627450980392156,2.1176470588235294,0.982526212101212,292,0.061016949152542375,1.0309791638925718,0.7552631578947369,465.0,2.0,9.4,0.0,1.0,0.0,2.0,0.9159763128423095,0,Muebles,Mesas auxiliares,Cuyo,Chico,Proveedor J,0,0,validacion
2025-07-01,T17,SKU00650,12,19.0,47.0,5.666666666666667,0.835663095427489,1.1176470588235292,11.0,0,0,31,-19.0,5.470588235294118,591,5.664536741214058,16,0,241,0.0,0.0,0.0,0.0,0,0.0,1.0,20.0,33,46,192,600,7,2.0,5.0,12.0,29,0,9.836065573770492,-4.365477338476374,0.005979025905991047,0.8392554991539763,1.038338658146965,2.3099041533546325,1.0188963558621211,298,0.04666666666666667,0.9891750653228817,0.39920948616600793,192.0,1.0,7.8,0.0,0.0,0.0,4.0,0.8217986246599451,0,Bano,Accesorios de bano,Centro,Chico,Proveedor B,0,0,validacion
2025-07-01,T17,SKU00737,7,15.0,34.0,6.083333333333333,0.3321741274789632,0.8219178082191781,12.0,0,0,19,-29.0,3.1232876712328768,653,5.569296375266524,25,1,210,0.0,0.0,0.0,0.0,0,0.0,0.0,0.0,39,52,155,600,7,4.0,4.0,9.0,36,0,7.578947368421053,-4.455659697188176,0.006418660163784506,0.7274119448698315,1.0035536602700783,1.791044776119403,1.0188963558621211,298,0.04666666666666667,0.9614244738856043,1.0,0.0,0.0,28.9,0.0,0.0,0.0,3.0,0.8218607712915211,0,Cocina y mesa,Cubiertos,Centro,Chico,Proveedor J,0,0,validacion
2025-07-01,T18,SKU00119,3,9.0,21.0,3.5833333333333335,0.3460778816852499,0.8372093023255813,12.0,0,0,11,3.0,3.069767441860465,168,5.912023460410557,9,1,61,192.0,0.0,0.0,0.0,0,0.0,0.0,0.0,18,46,192,1200,7,2.0,4.0,6.0,17,0,2.4615384615384617,0.6082289803220031,0.00366625943984295,0.5892857142857143,0.9384164222873901,2.1466275659824046,0.9542505965284254,312,0.025396825396825397,0.9911968686170501,1.646694214876033,1152.0,4.0,2.9,0.0,1.0,0.0,4.0,0.8944618314839888,0,Textil hogar,Acolchados,NOA,Mediano,Proveedor B,0,0,validacion
2025-07-01,T19,SKU00035,0,2.0,7.0,1.0,1.0,0.6666666666666666,4.0,2,0,3,0.0,3.0,59,5.827845719661336,17,1,17,182.0,0.0,0.0,0.0,0,0.0,0.0,0.0,7,31,182,800,7,0.0,2.0,2.0,6,1,2.4,0.6000000000000001,0.001009972862626712,0.864406779661017,0.8560677328316086,1.6792097836312325,1.0055963135553296,301,0.03571428571428571,1.004364050344697,1.3265306122448979,364.0,2.0,2.5,0.0,0.0,0.0,2.0,0.8985035282883342,0,Muebles,Estanterias,Cuyo,Mediano,Proveedor I,0,0,validacion
2025-07-01,T19,SKU00122,1,6.0,11.0,1.5,0.6030226891555271,1.3333333333333333,11.0,0,0,10,1.0,6.666666666666667,103,5.469026548672566,12,0,50,0.0,0.0,0.0,0.0,0,0.0,0.0,0.0,42,31,182,800,7,2.0,3.0,3.0,36,0,8.307692307692308,-1.6410256410256414,0.001514959293940068,1.1650485436893203,0.9911504424778762,2.6548672566371683,1.0055963135553296,301,0.03571428571428571,1.0079053619906373,1.1198347107438016,0.0,0.0,14.0,0.0,0.0,0.0,4.0,0.9099981352994906,0,Textil hogar,Acolchados,Cuyo,Mediano,Proveedor I,0,0,validacion
2025-07-01,T19,SKU00484,0,0.0,1.0,0.3333333333333333,1.477097891751993,0.0,4.0,4,0,3,3.0,9.0,25,3.5294117647058827,11,0,10,0.0,0.0,0.0,0.0,0,0.0,0.0,0.0,20,37,193,800,7,0.0,0.0,1.0,18,0,0.0,9.0,0.00033665762087557065,1.3199999999999998,1.035294117647059,1.411764705882353,1.0055963135553296,301,0.03571428571428571,1.0236971246285143,1.5523114355231145,193.0,1.0,4.2,0.0,0.0,0.0,3.0,0.8748485253772176,0,Cocina y mesa,Cristaleria,Cuyo,Mediano,Proveedor E,0,0,validacion
2025-07-01,T19,SKU00637,0,1.0,3.0,0.6666666666666666,1.7320508075688772,0.5,5.0,1,0,3,2.0,4.5,54,5.538461538461538,16,2,20,0.0,0.0,0.0,0.0,0,0.0,0.0,0.0,35,25,153,800,7,1.0,0.0,4.0,29,0,1.090909090909091,3.409090909090909,0.0006733152417511413,0.8888888888888888,0.9914529914529914,2.051282051282051,1.0055963135553296,301,0.03571428571428571,1.019084240283917,1.250620347394541,0.0,0.0,15.9,0.0,0.0,0.0,4.0,0.9258605021783279,0,Iluminacion,Lamparas de mesa,Cuyo,Mediano,Proveedor D,0,0,validacion
2025-07-01,T20,SKU00396,1,1.0,7.0,1.0,0.816496580927726,0.3333333333333333,7.0,0,0,4,2.0,4.0,60,5.86478414336139,18,3,16,104.0,0.0,0.0,0.0,0,0.0,0.0,0.0,10,56,52,450,7,0.0,0.0,2.0,9,1,1.5555555555555554,2.4444444444444446,0.001016567930244957,1.2,0.9448818897637794,1.563942438229704,0.9352424958253603,314,0.025236593059936908,0.9966598804260828,0.11607142857142858,364.0,5.0,2.6,0.0,1.0,0.0,4.0,0.9352471551619199,0,Textil hogar,Sabanas,AMBA,Mediano,Proveedor F,0,0,validacion
2025-07-01,T23,SKU00536,0,2.0,6.0,1.0,0.8660254037844386,0.6666666666666666,6.0,1,0,8,1.0,8.0,85,5.144586415601883,10,0,39,0.0,0.0,0.0,0.0,0,0.0,1.0,20.0,10,56,52,450,7,2.0,0.0,2.0,8,1,6.0,2.0,0.0009985465240368557,0.9411764705882353,1.109616677874916,2.3604572965702757,0.9672587329503675,311,0.03481012658227848,0.9902026812376897,0.2905759162303665,0.0,0.0,,0.0,1.0,0.0,4.0,0.9247203201881294,0,Bano,Cortinas de bano,AMBA,Mediano,Proveedor F,0,0,validacion
2025-07-01,T24,SKU00007,2,10.0,20.0,3.0,0.5318160234783106,1.1111111111111112,12.0,0,0,13,3.0,4.333333333333333,96,4.143884892086331,7,0,70,36.0,0.0,0.0,0.0,0,0.0,0.0,0.0,21,11,36,800,7,4.0,4.0,5.0,13,0,2.972972972972973,1.3603603603603602,0.002757165347563967,0.9479166666666667,1.2374100719424461,3.0215827338129495,0.9702158506372315,320,0.037037037037037035,1.0020979883993584,1.8053691275167785,72.0,2.0,2.8,0.0,1.0,0.0,4.0,0.9068086954821445,0,Iluminacion,Apliques,AMBA,Grande,Proveedor H,0,0,validacion
2025-07-01,T24,SKU00579,1,5.0,7.0,2.0,0.6030226891555273,0.8333333333333334,11.0,0,0,10,-2.0,5.0,67,4.345945945945946,9,0,15,384.0,0.0,0.0,0.0,0,0.0,0.0,0.0,15,46,192,800,7,1.0,3.0,4.0,13,0,5.739130434782609,-0.7391304347826093,0.0018381102317093112,1.3432835820895521,0.8432432432432432,0.9729729729729729,0.9702158506372315,320,0.037037037037037035,0.9405744784926595,0.6728624535315985,576.0,2.0,1.1,0.0,0.0,0.0,3.0,0.9428094587111348,0,Organizacion,Contenedores,AMBA,Grande,Proveedor B,0,0,validacion
2025-07-01,T27,SKU00234,3,5.0,5.0,1.25,1.0066445913694335,1.3333333333333335,3.0,0,0,3,0.0,2.4,45,3.8297872340425534,16,1,7,0.0,0.0,0.0,0.0,0,0.0,0.0,0.0,4,31,182,1200,7,1.0,1.0,3.0,3,1,inf,,0.001286895555556711,1.0666666666666667,1.1631205673758864,0.5957446808510638,0.9420075466675125,310,0.05128205128205128,1.021640196897929,1.9164733178654292,0.0,0.0,,0.0,0.0,0.0,2.0,0.8842060131768036,0,Muebles,Sillas,AMBA,Chico,Proveedor I,1,0,validacion
2025-07-01,T27,SKU00396,1,1.0,4.0,0.6,1.405456737852613,0.5555555555555556,4.0,0,0,5,0.0,8.333333333333334,60,5.86478414336139,18,3,16,104.0,0.0,0.0,0.0,0,0.0,0.0,0.0,10,56,52,1200,7,0.0,0.0,2.0,9,1,7.0,1.333333333333334,0.0006177098666672213,1.5,0.9448818897637794,1.563942438229704,0.9420075466675125,310,0.05128205128205128,0.8932752492980476,0.11607142857142858,364.0,5.0,2.6,0.0,1.0,0.0,4.0,0.9293180201035315,0,Textil hogar,Sabanas,AMBA,Chico,Proveedor F,0,0,validacion
2025-07-01,T28,SKU00083,1,4.0,10.0,1.5,0.6666666666666666,0.8888888888888888,10.0,0,0,2,-3.0,1.3333333333333333,57,4.590604026845638,8,0,27,21.0,0.0,0.0,0.0,0,0.0,1.0,20.0,18,28,21,1500,7,1.0,2.0,3.0,16,0,3.5294117647058822,-2.196078431372549,0.0015122303539255488,0.2807017543859649,1.0469798657718121,2.174496644295302,0.9537132765423795,318,0.046583850931677016,1.005202319315628,0.17801047120418848,63.0,3.0,1.2,0.0,1.0,0.0,4.0,0.908522472516148,0,Bano,Cortinas de bano,AMBA,Grande,Proveedor G,0,0,validacion
2025-07-01,T28,SKU00799,0,2.0,3.0,0.75,1.1547005383792515,0.8888888888888888,6.0,1,0,4,1.0,5.333333333333333,51,5.186440677966101,14,0,16,42.0,0.0,0.0,0.0,0,0.0,0.0,0.0,18,28,21,1500,7,1.0,1.0,2.0,16,0,5.142857142857142,0.1904761904761907,0.0007561151769627744,1.0980392156862746,0.6440677966101694,1.6271186440677965,0.9537132765423795,318,0.046583850931677016,0.941990201325703,1.404096834264432,63.0,3.0,0.3,0.0,0.0,0.0,4.0,0.8819305558244533,0,Decoracion,Espejos,AMBA,Grande,Proveedor G,0,0,validacion
2025-08-01,T01,SKU00207,1,5.0,7.0,0.8333333333333334,1.2358287613066492,2.0,8.0,0,0,5,3.0,6.0,66,6.0,17,2,15,0.0,0.0,0.0,0.0,0,0.0,0.0,0.0,34,31,182,800,8,1.0,3.0,3.0,31,0,3.4285714285714284,2.5714285714285716,0.0009298339268303619,1.2878787878787878,1.3333333333333333,1.3636363636363635,1.0250489209377909,290,0.05423728813559322,1.016492427455775,1.7865707434052758,728.0,2.0,8.8,0.0,0.0,0.0,3.0,0.9133576039451599,1,Cocina y mesa,Cubiertos,Cuyo,Grande,Proveedor I,0,0,validacion
2025-08-01,T01,SKU00220,2,-1.0,6.0,1.8333333333333333,1.467913774370186,-0.18181818181818182,10.0,0,0,12,6.0,6.545454545454546,152,5.364705882352942,18,0,34,0.0,0.0,0.0,0.0,0,0.0,0.0,0.0,32,10,35,800,8,-5.0,2.0,5.0,31,0,2.6666666666666665,3.8787878787878793,0.002045634639026796,1.4210526315789473,0.8470588235294118,1.2,1.0250489209377909,290,0.05423728813559322,1.0048111049767332,1.572314049586777,0.0,0.0,23.9,0.0,0.0,0.0,3.0,0.9236810340260537,1,Textil hogar,Acolchados,Cuyo,Grande,Proveedor C,0,0,validacion
2025-08-01,T01,SKU00650,7,21.0,43.0,7.166666666666667,0.29046502318132084,0.9767441860465116,12.0,0,0,46,19.0,6.4186046511627906,477,5.119856887298748,14,0,237,0.0,0.0,0.0,0.0,0,0.0,0.0,0.0,34,46,192,800,8,7.0,7.0,10.0,32,0,3.6,2.8186046511627905,0.007996571770741112,1.350104821802935,1.0805008944543828,2.5438282647584973,1.0250489209377909,290,0.05423728813559322,0.9138335139494442,0.39920948616600793,192.0,1.0,8.8,0.0,0.0,0.0,4.0,0.8950612741751699,1,Bano,Accesorios de bano,Cuyo,Grande,Proveedor B,0,0,validacion
2025-08-01,T02,SKU00343,1,4.0,12.0,1.6666666666666667,0.7816067367347155,0.7999999999999999,9.0,0,0,16,10.0,9.6,150,5.9405940594059405,17,0,55,0.0,0.0,0.0,0.0,0,0.0,0.0,0.0,33,28,21,450,8,2.0,1.0,4.0,27,0,4.0,5.6,0.0016983914798978275,1.8133333333333332,1.0693069306930694,2.1782178217821784,1.0088445390593095,288,0.02768166089965398,1.0088307662861014,0.2830188679245283,42.0,1.0,5.7,0.0,0.0,0.0,4.0,0.8627900591608504,1,Decoracion,Velas,AMBA,Grande,Proveedor G,0,0,validacion
2025-08-01,T05,SKU00426,3,9.0,13.0,1.8333333333333333,0.607985922570232,1.6363636363636365,11.0,0,0,3,-2.0,1.6363636363636365,149,4.885245901639344,17,1,21,0.0,21.0,0.0,0.0,0,0.0,0.0,0.0,28,28,21,450,8,4.0,2.0,4.0,25,0,3.3333333333333335,-1.696969696969697,0.0018426257641938654,0.3422818791946308,0.8415300546448088,0.6885245901639344,1.0057386443836336,297,0.03367003367003367,1.028157781731182,1.6457399103139014,0.0,0.0,22.4,0.0,0.0,0.0,3.0,0.8956229507161996,1,Textil hogar,Cortinas,AMBA,Mediano,Proveedor G,0,0,validacion
2025-08-01,T07,SKU00511,0,1.0,4.0,0.8333333333333334,1.2358287613066494,0.39999999999999997,6.0,1,0,2,-5.0,2.4,48,4.721311475409835,17,1,16,0.0,0.0,0.0,0.0,0,0.0,0.0,0.0,23,46,192,800,8,1.0,0.0,3.0,19,0,7.636363636363637,-5.236363636363636,0.000887081921362607,0.7083333333333333,0.983606557377049,1.5737704918032784,1.0020477383712008,298,0.016556291390728478,1.0258569864398215,0.23094170403587444,0.0,0.0,16.2,22.0,0.0,0.0,3.0,0.8719815307957586,1,Textil hogar,Cortinas,Centro,Mediano,Proveedor B,0,0,validacion
2025-08-01,T09,SKU00058,2,6.0,11.0,1.9166666666666667,0.519759088641194,1.0434782608695652,11.0,0,0,10,0.0,5.217391304347826,283,5.3649289099526065,20,1,100,0.0,0.0,0.0,0.0,0,0.0,0.0,0.0,13,37,193,600,8,2.0,2.0,4.0,12,0,5.555555555555555,-0.3381642512077292,0.002037295350652734,0.7067137809187279,1.1374407582938388,1.8957345971563981,0.9927828821789497,308,0.04516129032258064,0.9895360927372077,1.1304347826086956,0.0,0.0,,0.0,2.0,0.0,4.0,0.8519611215752799,1,Bano,Accesorios de bano,NOA,Mediano,Proveedor E,0,0,validacion
2025-08-01,T09,SKU00333,2,6.0,16.0,2.75,0.5617403460484767,0.7272727272727273,11.0,0,0,14,-4.0,5.090909090909091,332,5.221494102228047,14,0,124,0.0,0.0,0.0,0.0,0,0.0,0.0,0.0,34,11,36,600,8,4.0,0.0,5.0,31,0,8.307692307692308,-3.2167832167832175,0.0029230759378930534,0.5903614457831325,1.0851900393184797,1.9501965923984272,0.9927828821789497,308,0.04516129032258064,1.012541288460038,1.7405764966740576,36.0,1.0,7.0,0.0,0.0,0.0,3.0,0.9229141435560433,1,Cocina y mesa,Vajilla,NOA,Mediano,Proveedor H,0,0,validacion
2025-08-01,T10,SKU00571,0,3.0,11.0,2.1666666666666665,0.6477502756312957,0.46153846153846156,10.0,1,0,12,7.0,5.538461538461539,117,4.7593220338983055,14,0,25,0.0,0.0,0.0,0.0,0,0.0,0.0,0.0,20,11,36,450,8,1.0,2.0,4.0,19,0,2.0689655172413794,3.4694960212201598,0.002387717637719546,1.435897435897436,0.840677966101695,1.0169491525423728,0.9918211725911961,283,0.04225352112676056,1.014793371475462,0.7901785714285714,36.0,1.0,8.6,0.0,0.0,0.0,3.0,0.9063347936924585,1,Textil hogar,Sabanas,AMBA,Mediano,Proveedor H,0,0,validacion
2025-08-01,T11,SKU00453,4,11.0,18.0,3.3333333333333335,0.46709936649691375,1.0999999999999999,12.0,0,0,22,-2.0,6.6,286,5.153153153153153,20,0,74,0.0,0.0,0.0,0.0,0,0.0,0.0,0.0,33,10,35,800,8,2.0,5.0,6.0,32,0,8.727272727272727,-2.127272727272727,0.00340191806325712,1.5384615384615383,0.918918918918919,1.3333333333333333,0.9841748957002848,315,0.03134796238244514,1.0446771213341546,1.8172043010752688,35.0,1.0,10.2,0.0,0.0,0.0,4.0,0.9176009393648755,1,Bano,Alfombras de bano,AMBA,Grande,Proveedor C,0,0,validacion
2025-08-01,T14,SKU00117,0,7.0,9.0,1.3333333333333333,1.0280166252635132,1.7500000000000002,9.0,1,0,11,3.0,8.25,106,6.266009852216748,12,0,36,0.0,52.0,0.0,0.0,0,0.0,0.0,0.0,16,56,52,1500,8,2.0,5.0,5.0,14,0,6.857142857142857,1.3928571428571432,0.0015456151554591514,1.2452830188679245,1.1231527093596059,2.12807881773399,1.0096731003036907,285,0.027874564459930314,1.0353678165919866,0.9282511210762332,52.0,1.0,8.7,0.0,0.0,0.0,3.0,0.9613810583541132,1,Textil hogar,Cortinas,AMBA,Grande,Proveedor F,0,0,validacion
2025-08-01,T15,SKU00002,4,14.0,32.0,5.583333333333333,0.3537717030373469,0.8358208955223881,12.0,0,0,27,27.0,4.835820895522389,447,5.207766990291263,14,0,162,0.0,0.0,0.0,0.0,0,0.0,0.0,0.0,20,10,35,600,8,5.0,5.0,10.0,19,0,0.0,4.835820895522389,0.005405814535609026,0.8456375838926175,0.9359223300970874,1.887378640776699,1.0279115997561044,311,0.0380952380952381,0.9734172248535635,1.0620347394540943,0.0,0.0,,0.0,0.0,0.0,4.0,0.8923386056121877,1,Iluminacion,Lamparas de mesa,NOA,Mediano,Proveedor C,0,1,validacion
2025-08-01,T15,SKU00373,4,15.0,35.0,4.2727272727272725,1.2120191803086056,1.1702127659574468,10.0,0,0,50,9.0,11.702127659574469,647,5.127193263319672,20,0,196,0.0,0.0,0.0,0.0,0,0.0,0.0,0.0,11,28,21,600,8,2.0,9.0,9.0,10,1,10.25,1.4521276595744688,0.0041368784234511406,1.5455950540958268,1.0592501280737705,1.5532146516393441,1.0279115997561044,311,0.0380952380952381,0.9934401995657598,2.0568181818181817,21.0,1.0,6.2,0.0,1.0,0.0,3.0,0.8746997389528869,1,Organizacion,Cajas,NOA,Mediano,Proveedor G,0,0,validacion
2025-08-01,T15,SKU00520,1,3.0,5.0,0.5833333333333334,0.8827348295047497,1.7142857142857142,7.0,0,0,3,1.0,5.142857142857142,21,5.6,7,0,6,0.0,0.0,0.0,0.0,0,0.0,0.0,0.0,33,46,192,600,8,1.0,1.0,1.0,31,0,3.4285714285714284,1.714285714285714,0.0005647865932725849,1.0,1.0666666666666667,1.6,1.0279115997561044,311,0.0380952380952381,1.071332956539846,1.2795698924731183,0.0,0.0,,0.0,0.0,0.0,4.0,0.9400851141808705,1,Bano,Alfombras de bano,NOA,Mediano,Proveedor B,0,0,validacion
2025-08-01,T16,SKU00298,5,9.0,21.0,3.5,0.4639109376491363,0.8571428571428571,12.0,0,0,12,-8.0,3.4285714285714284,281,4.988165680473373,15,0,130,52.0,0.0,0.0,0.0,0,0.0,0.0,0.0,26,56,52,600,8,3.0,1.0,7.0,24,0,4.8979591836734695,-1.4693877551020411,0.0039303835174412695,0.6405693950177935,1.136094674556213,2.307692307692308,0.9732378233664094,285,0.020689655172413793,0.846614606806021,1.1516709511568124,52.0,1.0,1.4,0.0,1.0,0.0,3.0,0.8869011347552822,1,Textil hogar,Toallas,NOA,Grande,Proveedor F,0,0,validacion
2025-08-01,T17,SKU00074,5,14.0,25.0,5.333333333333333,0.4403317447726721,0.8750000000000001,12.0,0,0,32,4.0,6.0,555,5.731497418244406,16,0,158,0.0,0.0,0.0,0.0,0,0.0,0.0,0.0,30,46,192,600,8,5.0,4.0,10.0,26,0,4.602739726027398,1.397260273972602,0.005672971170301259,0.9225225225225225,0.9018932874354562,1.6316695352839932,1.028226024617103,283,0.037800687285223365,1.0097161364069347,1.0,0.0,0.0,22.5,0.0,0.0,0.0,4.0,0.8304967656566298,1,Bano,Alfombras de bano,Centro,Chico,Proveedor B,0,0,validacion
2025-08-01,T18,SKU00396,0,0.0,2.0,0.36363636363636365,1.3874436925511606,0.0,4.0,3,0,2,-1.0,5.5,52,5.34357483911148,16,1,4,0.0,0.0,0.0,0.0,0,0.0,0.0,0.0,11,56,52,1200,8,0.0,0.0,1.0,10,1,6.0,-0.5,0.00038013205138827204,0.6153846153846154,0.9248494913846793,0.4110442183931908,0.9505835498382723,302,0.01948051948051948,0.9975215215426811,0.11607142857142858,364.0,5.0,3.6,0.0,1.0,0.0,3.0,0.8945333485649818,1,Textil hogar,Sabanas,NOA,Mediano,Proveedor F,0,0,validacion
2025-08-01,T19,SKU00340,17,54.0,96.0,14.333333333333334,0.2272112606786961,1.255813953488372,12.0,0,0,92,52.0,6.4186046511627906,1173,5.009252669039146,18,0,275,0.0,0.0,0.0,0.0,0,0.0,0.0,0.0,34,28,21,800,8,16.0,21.0,21.0,32,0,2.9813664596273295,3.437238191535461,0.013708536610611593,1.4117647058823528,1.0163701067615658,1.1743772241992882,1.0099684647073843,304,0.03194888178913738,1.0300317077948935,0.4270833333333333,42.0,2.0,5.4,58.0,1.0,0.0,4.0,0.9250981550061101,1,Iluminacion,Guirnaldas,Cuyo,Mediano,Proveedor G,0,0,validacion
2025-08-01,T19,SKU00347,0,0.0,2.0,0.6,1.6101529717988265,0.0,4.0,3,0,4,0.0,6.666666666666667,40,4.147465437788019,14,0,5,0.0,21.0,0.0,0.0,0,0.0,0.0,0.0,10,28,21,800,8,0.0,0.0,3.0,9,1,4.666666666666667,2.0,0.000573845718583741,1.4,0.8294930875576038,0.5184331797235023,1.0099684647073843,304,0.03194888178913738,0.9262705571967962,1.1973684210526316,63.0,1.0,4.0,0.0,1.0,0.0,2.0,0.9075140475585147,1,Muebles,Mesas auxiliares,Cuyo,Mediano,Proveedor G,0,0,validacion
2025-08-01,T20,SKU00048,6,16.0,22.0,3.4166666666666665,0.5781147342317619,1.5609756097560976,12.0,0,0,29,3.0,8.487804878048781,97,4.637450199203187,6,0,35,0.0,0.0,0.0,0.0,0,0.0,0.0,0.0,40,56,52,450,8,3.0,7.0,7.0,38,0,8.210526315789474,0.2772785622593066,0.003512170071653313,1.7938144329896906,1.051792828685259,1.6733067729083664,0.9669603846054291,313,0.018808777429467086,0.9987545699248724,0.6205533596837944,0.0,0.0,25.7,0.0,0.0,0.0,4.0,0.9430320524605211,1,Bano,Accesorios de bano,AMBA,Mediano,Proveedor F,0,0,validacion
2025-08-01,T20,SKU00074,5,20.0,37.0,6.75,0.2614148005896522,0.9876543209876544,12.0,0,0,29,6.0,4.296296296296297,555,5.731497418244406,16,0,158,0.0,0.0,0.0,0.0,0,0.0,0.0,0.0,30,46,192,450,8,9.0,6.0,9.0,29,0,3.1724137931034484,1.1238825031928483,0.006938677458632155,0.836036036036036,0.9018932874354562,1.6316695352839932,0.9669603846054291,313,0.018808777429467086,0.9987545699248724,1.0,0.0,0.0,22.5,0.0,0.0,0.0,4.0,0.9430320524605211,1,Bano,Alfombras de bano,AMBA,Mediano,Proveedor B,0,0,validacion
2025-08-01,T20,SKU00524,1,2.0,5.0,1.5,0.9639984073082951,0.4444444444444444,9.0,0,0,12,2.0,8.0,117,4.943661971830986,14,0,60,155.0,0.0,0.0,0.0,0,0.0,0.0,0.0,30,52,155,450,8,0.0,1.0,5.0,29,0,5.454545454545455,2.545454545454545,0.001541928324140479,1.435897435897436,1.0845070422535212,2.535211267605634,0.9669603846054291,313,0.018808777429467086,0.9988246369644819,0.375,310.0,2.0,2.5,0.0,1.0,0.0,4.0,0.8978485124769023,1,Decoracion,Plantas artificiales,AMBA,Mediano,Proveedor J,0,0,validacion
2025-08-01,T21,SKU00693,3,13.0,20.0,3.5,0.6271530632545265,1.238095238095238,10.0,0,0,19,14.0,5.428571428571429,181,5.950684931506849,10,1,52,21.0,0.0,0.0,0.0,0,0.0,0.0,0.0,21,28,21,600,8,4.0,6.0,7.0,17,0,1.5789473684210527,3.849624060150376,0.0036098709543688425,1.0497237569060773,1.095890410958904,1.7095890410958903,0.9853228719258192,303,0.049342105263157895,0.93154115057008,0.24607329842931938,21.0,1.0,2.8,49.0,1.0,0.0,4.0,0.9117397830531648,1,Bano,Cortinas de bano,Cuyo,Grande,Proveedor G,0,0,validacion
2025-08-01,T22,SKU00227,4,9.0,16.0,3.2,0.2614562582918986,0.9375,5.0,0,0,7,0.0,2.1875,96,4.705882352941177,13,0,17,441.0,588.0,0.0,0.0,0,0.0,0.0,0.0,5,32,147,1500,8,2.0,3.0,4.0,4,1,2.0,0.1875,0.003383383795733696,0.9479166666666666,0.8986928104575164,0.8333333333333334,0.9494620776777684,306,0.03225806451612903,0.9465685394603003,0.8691099476439791,735.0,3.0,0.9,0.0,0.0,0.0,4.0,0.8553800807763913,1,Bano,Cortinas de bano,AMBA,Mediano,Proveedor A,1,0,validacion
2025-08-01,T24,SKU00050,12,33.0,33.0,11.0,0.09090909090909091,1.0,3.0,0,0,85,,7.7272727272727275,817,4.926633165829146,11,0,195,52.0,156.0,6.0,0.0,0,0.0,0.0,0.0,3,56,52,800,8,11.0,10.0,12.0,2,1,,,0.010421914594440142,1.1444308445532436,0.9487437185929648,1.1758793969849246,0.9701855040642459,321,0.027607361963190184,0.8990932534730887,1.1152416356877324,52.0,1.0,1.1,6.0,1.0,0.0,3.0,0.9324055440880178,1,Organizacion,Contenedores,AMBA,Grande,Proveedor F,0,0,validacion
2025-08-01,T25,SKU00669,1,4.0,10.0,2.0,0.5773502691896257,0.6666666666666666,7.0,0,0,13,-5.0,6.5,323,5.383974282652696,19,0,186,0.0,0.0,0.0,0.0,0,0.0,0.0,0.0,7,37,193,1500,8,1.0,2.0,4.0,6,1,7.2,-0.7000000000000002,0.0021503839020957827,0.7647058823529411,1.016787712822955,3.1003690915585187,0.9612216042368148,291,0.02711864406779661,0.9289769829667154,0.17105263157894737,579.0,2.0,3.7,0.0,1.0,0.0,2.0,0.9410975202744525,1,Muebles,Mesas auxiliares,Centro,Grande,Proveedor E,0,1,validacion
2025-08-01,T26,SKU00588,2,7.0,15.0,3.3333333333333335,0.6310164959664828,0.7000000000000001,11.0,0,0,10,-8.0,3.0,204,4.601503759398496,14,0,94,0.0,0.0,0.0,0.0,0,0.0,0.0,0.0,16,56,52,1200,8,3.0,2.0,7.0,14,0,4.595744680851064,-1.5957446808510642,0.0035209927187471028,0.6862745098039216,1.0451127819548873,2.1203007518796992,0.971089791830451,297,0.013377926421404682,1.02620537863677,1.6333333333333333,0.0,0.0,,0.0,1.0,0.0,4.0,0.8827887407086479,1,Iluminacion,Guirnaldas,NOA,Mediano,Proveedor F,0,0,validacion
2025-09-01,T01,SKU00546,8,16.0,37.0,5.416666666666667,0.4553430334445766,0.9846153846153846,12.0,0,0,48,14.0,8.86153846153846,618,5.966210780370073,16,0,185,441.0,0.0,0.0,34.0,0,0.0,0.0,0.0,29,32,147,800,9,7.0,1.0,9.0,26,0,5.368421052631579,3.4931174089068815,0.006101887252972623,1.2427184466019416,1.0168946098149638,1.7860016090104587,1.0198600479429936,286,0.03103448275862069,1.0460543282042465,1.3520833333333333,735.0,3.0,2.4,0.0,1.0,0.0,4.0,0.8985021159104073,2,Iluminacion,Guirnaldas,Cuyo,Grande,Proveedor A,0,0,validacion
2025-09-01,T03,SKU00506,3,6.0,10.0,1.8333333333333333,0.5617403460484769,1.090909090909091,11.0,0,0,7,-5.0,3.8181818181818183,173,5.897727272727273,20,0,38,52.0,0.0,0.0,0.0,0,0.0,0.0,0.0,41,56,52,450,9,2.0,1.0,3.0,37,0,7.199999999999999,-3.381818181818181,0.002077176550565086,0.8092485549132947,1.1363636363636365,1.2954545454545454,0.9845816849678509,274,0.050724637681159424,1.079308817013735,1.2015810276679841,104.0,2.0,2.0,0.0,0.0,0.0,4.0,0.8754866921127203,2,Bano,Accesorios de bano,Cuyo,Chico,Proveedor F,0,0,validacion
2025-09-01,T04,SKU00425,0,2.0,6.0,1.0,0.7385489458759965,0.6666666666666666,9.0,1,0,2,0.0,2.0,49,4.9,17,2,16,21.0,0.0,0.0,0.0,0,0.0,0.0,0.0,36,28,21,450,9,2.0,0.0,2.0,31,0,2.0,0.0,0.0010231552735570982,0.6938775510204082,1.2333333333333334,1.6,0.999622702265285,311,0.015772870662460567,0.9817090435471998,1.0,105.0,3.0,2.9,0.0,1.0,0.0,4.0,0.9290628177983057,2,Iluminacion,Lamparas de mesa,Centro,Grande,Proveedor G,0,0,validacion
2025-09-01,T05,SKU00142,0,1.0,2.0,0.4166666666666667,1.2358287613066494,0.7999999999999999,5.0,2,0,2,-2.0,4.8,50,4.0540540540540535,18,1,27,306.0,0.0,0.0,0.0,0,0.0,0.0,0.0,18,25,153,450,9,0.0,1.0,1.0,16,0,9.6,-4.8,0.00044385594995241713,0.72,1.1081081081081081,2.189189189189189,1.0102161420917015,295,0.04040404040404041,0.9325744308231173,0.6150537634408603,765.0,5.0,0.4,0.0,0.0,0.0,4.0,0.9035944931888934,2,Bano,Alfombras de bano,AMBA,Mediano,Proveedor D,0,0,validacion
2025-09-01,T06,SKU00118,0,3.0,3.0,0.75,1.407052941362897,1.3333333333333333,5.0,2,0,4,-1.0,5.333333333333333,51,5.719626168224299,15,0,18,0.0,0.0,0.0,0.0,0,0.0,0.0,0.0,16,52,155,1500,9,0.0,3.0,3.0,13,0,6.875,-1.541666666666667,0.0008892535441501553,1.1764705882352942,1.2710280373831777,2.018691588785047,1.0169108307103776,285,0.0313588850174216,1.03759189901512,0.5612903225806452,155.0,1.0,9.3,0.0,1.0,0.0,4.0,0.9041814864645166,2,Bano,Alfombras de bano,Centro,Mediano,Proveedor J,0,0,validacion
2025-09-01,T06,SKU00309,4,10.0,17.0,1.9166666666666667,0.7530655685082074,1.7391304347826086,10.0,0,0,8,-3.0,4.173913043478261,53,5.482758620689656,6,0,20,0.0,0.0,0.0,0.0,0,0.0,0.0,0.0,39,28,21,1500,9,3.0,3.0,4.0,36,0,7.333333333333333,-3.1594202898550723,0.002272536835050397,0.9056603773584905,1.1724137931034484,2.0689655172413794,1.0169108307103776,285,0.0313588850174216,1.037215265133217,1.1535087719298245,21.0,1.0,7.2,0.0,0.0,0.0,2.0,0.8808995710750804,2,Muebles,Racks,Centro,Mediano,Proveedor G,0,0,validacion
2025-09-01,T07,SKU00207,0,1.0,4.0,0.6666666666666666,0.9770084209183946,0.5,7.0,1,0,2,1.0,3.0,47,4.372093023255814,16,0,5,0.0,0.0,0.0,0.0,0,0.0,0.0,0.0,35,31,182,800,9,1.0,0.0,2.0,32,0,1.3333333333333333,1.6666666666666667,0.0007148350475578055,0.6808510638297872,1.0232558139534884,0.46511627906976744,1.0207844479125463,287,0.02422145328719723,1.0110605793586704,1.7865707434052758,728.0,2.0,9.8,0.0,0.0,0.0,3.0,0.9128392246455904,2,Cocina y mesa,Cubiertos,Centro,Mediano,Proveedor I,0,0,validacion
2025-09-01,T07,SKU00328,3,6.0,10.0,1.5833333333333333,0.5686336657127495,1.2631578947368423,10.0,0,0,6,-1.0,3.7894736842105265,140,4.352331606217617,17,0,67,0.0,21.0,0.0,0.0,0,0.0,0.0,0.0,18,28,21,800,9,2.0,1.0,3.0,15,0,4.941176470588235,-1.151702786377708,0.001697733237949788,0.7285714285714286,0.9844559585492229,2.0829015544041454,1.0207844479125463,287,0.02422145328719723,0.9980956024450551,1.41635687732342,42.0,2.0,6.2,0.0,0.0,0.0,3.0,0.9021389737987889,2,Organizacion,Contenedores,Centro,Mediano,Proveedor G,0,0,validacion
2025-09-01,T08,SKU00739,12,45.0,86.0,13.666666666666666,0.2541101216471519,1.0975609756097562,12.0,0,0,68,18.0,4.975609756097561,899,4.5138075313807535,14,0,234,192.0,0.0,0.0,0.0,0,0.0,0.0,0.0,38,46,192,600,9,16.0,17.0,19.0,34,0,3.8461538461538463,1.1294559099437147,0.014944677591776688,1.0589543937708565,0.99581589958159,1.1748953974895398,1.0359213101421794,273,0.01824817518248175,1.015973441669083,0.7301136363636364,192.0,1.0,3.0,0.0,0.0,0.0,3.0,0.9229742077027713,2,Organizacion,Cajas,Patagonia,Grande,Proveedor B,0,0,validacion
2025-09-01,T09,SKU00760,2,13.0,29.0,4.083333333333333,0.5949314520687522,1.0612244897959184,11.0,0,0,17,-4.0,4.163265306122449,232,5.2727272727272725,14,0,86,0.0,0.0,0.0,0.0,0,0.0,0.0,0.0,23,25,153,600,9,5.0,6.0,8.0,19,0,6.0,-1.8367346938775508,0.004213625881096012,1.0258620689655171,1.0227272727272727,1.9545454545454546,1.0209013563341196,307,0.019543973941368076,1.0399960781292676,1.6474820143884892,153.0,1.0,9.6,0.0,0.0,0.0,3.0,0.9057007516752036,2,Cocina y mesa,Cubiertos,NOA,Mediano,Proveedor D,0,0,validacion
2025-09-01,T10,SKU00304,10,27.0,44.0,7.0,0.39678004275966494,1.2857142857142858,8.0,0,0,35,21.0,5.0,464,5.257790368271955,13,0,173,108.0,0.0,0.0,0.0,0,0.0,0.0,0.0,10,11,36,450,9,6.0,11.0,11.0,7,1,2.413793103448276,2.586206896551724,0.008063380397283965,0.980603448275862,1.072710103871577,1.9603399433427762,0.976820939556686,278,0.03571428571428571,1.0119230144843883,2.258522727272727,144.0,3.0,0.6,0.0,0.0,0.0,3.0,0.9640127575771164,2,Organizacion,Cajas,AMBA,Mediano,Proveedor H,0,0,validacion
2025-09-01,T13,SKU00523,0,0.0,1.0,0.25,1.809068067466582,0.0,3.0,5,0,2,0.0,8.0,39,5.777777777777778,12,0,0,0.0,52.0,0.0,0.0,0,0.0,0.0,0.0,17,56,52,1200,9,0.0,0.0,1.0,14,0,8.0,0.0,0.00026748330516267096,0.6153846153846154,0.8888888888888888,0.0,1.0267792474177728,297,0.026402640264026403,1.032468222214354,1.0301075268817204,52.0,1.0,11.9,0.0,0.0,0.0,4.0,0.9155783232151541,2,Bano,Alfombras de bano,Centro,Chico,Proveedor F,0,0,validacion
2025-09-01,T14,SKU00363,7,14.0,23.0,3.75,0.546799688176483,1.2444444444444445,12.0,0,0,17,2.0,4.533333333333333,173,4.316008316008316,12,0,112,0.0,0.0,0.0,0.0,0,0.0,0.0,0.0,21,32,147,1500,9,6.0,1.0,7.0,18,0,4.186046511627906,0.3472868217054268,0.004433623474430468,1.1791907514450868,0.9563409563409564,2.794178794178794,1.0400295421352894,281,0.03484320557491289,1.0099321596844488,1.711751662971175,588.0,2.0,6.8,0.0,0.0,0.0,3.0,0.9336421223907189,2,Cocina y mesa,Vajilla,AMBA,Grande,Proveedor A,0,0,validacion
2025-09-01,T14,SKU00688,8,19.0,43.0,7.166666666666667,0.24411052894479568,0.883720930232558,12.0,0,0,35,-2.0,4.883720930232558,462,6.16,11,0,150,0.0,0.0,0.0,0.0,0,0.0,0.0,0.0,27,37,193,1500,9,4.0,7.0,10.0,25,0,4.826086956521739,0.05763397371081869,0.008473147084467118,0.8333333333333334,0.9333333333333333,2.0,1.0400295421352894,281,0.03484320557491289,1.078941839013048,1.9573991031390134,0.0,0.0,,0.0,0.0,0.0,3.0,0.9556247404278133,2,Textil hogar,Cortinas,AMBA,Grande,Proveedor E,0,0,validacion
2025-09-01,T15,SKU00139,5,16.0,23.0,3.5,0.4714045207910317,1.5238095238095237,10.0,0,0,19,0.0,5.428571428571429,225,6.106252912634666,12,1,67,0.0,0.0,0.0,0.0,0,0.0,0.0,0.0,11,31,182,600,9,4.0,7.0,7.0,9,1,7.0,-1.5714285714285712,0.0035341675722166633,1.0133333333333334,1.130787576413827,1.818306422873434,1.0084158139391546,302,0.03594771241830065,0.9522880474589835,2.3552631578947367,910.0,4.0,5.4,0.0,0.0,0.0,2.0,0.885526115728908,2,Muebles,Mesas auxiliares,NOA,Mediano,Proveedor I,0,0,validacion
2025-09-01,T15,SKU00252,1,3.0,10.0,1.9166666666666667,0.6075652971554687,0.5217391304347826,11.0,0,0,7,1.0,3.652173913043478,109,5.317073170731708,12,0,21,0.0,0.0,0.0,0.0,0,0.0,0.0,0.0,41,10,35,600,9,1.0,1.0,4.0,39,0,3.1304347826086953,0.5217391304347827,0.001935377480023411,0.7706422018348623,1.056910569105691,1.024390243902439,1.0084158139391546,302,0.03594771241830065,0.9979944768408381,0.2638580931263858,0.0,0.0,,0.0,0.0,0.0,3.0,0.8814231103758944,2,Cocina y mesa,Vajilla,NOA,Mediano,Proveedor C,0,0,validacion
2025-09-01,T15,SKU00569,2,10.0,19.0,3.0,0.34815531191139565,1.1111111111111112,12.0,0,0,11,-6.0,3.6666666666666665,270,5.09433962264151,16,0,79,310.0,0.0,0.0,0.0,0,0.0,0.0,0.0,22,52,155,600,9,4.0,4.0,4.0,20,0,4.975609756097561,-1.3089430894308944,0.003029286490471426,0.6518518518518519,0.9937106918238994,1.490566037735849,1.0084158139391546,302,0.03594771241830065,0.9979944768408381,0.7445255474452555,930.0,3.0,0.1,0.0,1.0,0.0,3.0,0.8814231103758944,2,Cocina y mesa,Cristaleria,NOA,Mediano,Proveedor J,0,0,validacion
2025-09-01,T16,SKU00076,6,22.0,37.0,6.0,0.4204374825912611,1.222222222222222,12.0,0,0,17,-15.0,2.8333333333333335,623,5.57910447761194,17,0,199,0.0,0.0,0.0,0.0,0,0.0,0.0,0.0,41,31,182,600,9,10.0,6.0,10.0,38,0,5.333333333333333,-2.4999999999999996,0.006979996551968995,0.463884430176565,1.0388059701492536,1.7820895522388058,0.9942617310693612,276,0.017857142857142856,0.9647175425169898,1.8050314465408805,182.0,1.0,6.4,0.0,0.0,0.0,4.0,0.924323040670685,2,Decoracion,Velas,NOA,Grande,Proveedor I,0,0,validacion
2025-09-01,T16,SKU00152,6,20.0,36.0,6.333333333333333,0.30359219290364226,1.0526315789473686,12.0,0,0,28,0.0,4.421052631578948,523,4.861347792408986,16,0,217,0.0,0.0,0.0,0.0,0,0.0,0.0,0.0,20,46,192,600,9,9.0,5.0,9.0,18,0,6.109090909090909,-1.6880382775119616,0.007367774138189494,0.8565965583173997,0.9326103795507359,2.0170410534469405,0.9942617310693612,276,0.017857142857142856,1.0355488021648185,0.1897810218978102,0.0,0.0,15.4,0.0,0.0,0.0,3.0,0.9157081515427761,2,Cocina y mesa,Cristaleria,NOA,Grande,Proveedor B,0,0,validacion
2025-09-01,T16,SKU00794,2,8.0,15.0,3.3333333333333335,0.6809084840390545,0.7999999999999999,11.0,0,0,16,-2.0,4.8,316,4.722291407222913,19,0,99,0.0,0.0,0.0,0.0,0,0.0,0.0,0.0,39,28,21,600,9,2.0,4.0,8.0,35,0,4.909090909090909,-0.10909090909090935,0.0038777758622049975,0.9620253164556962,1.0062266500622663,1.4794520547945205,0.9942617310693612,276,0.017857142857142856,0.9802697091934041,0.8147321428571429,21.0,1.0,5.1,0.0,0.0,0.0,3.0,0.879613538103474,2,Textil hogar,Sabanas,NOA,Grande,Proveedor G,0,0,validacion
2025-09-01,T18,SKU00431,8,21.0,39.0,7.166666666666667,0.32497678685059955,0.9767441860465116,12.0,0,0,67,2.0,9.348837209302324,285,6.392523364485981,7,0,84,0.0,0.0,0.0,0.0,0,0.0,0.0,0.0,23,31,182,1200,9,9.0,4.0,11.0,21,0,8.297872340425533,1.0509648688767914,0.007978681425901942,1.6456140350877193,1.0766355140186916,1.8841121495327102,0.9607816842632618,293,0.033783783783783786,0.9195358533311758,1.0889328063241106,364.0,2.0,7.1,0.0,1.0,0.0,4.0,0.9164216880558402,2,Bano,Accesorios de bano,NOA,Mediano,Proveedor I,0,0,validacion
2025-09-01,T19,SKU00327,6,13.0,33.0,6.0,0.293016357663844,0.7222222222222222,12.0,0,0,17,-25.0,2.8333333333333335,268,5.794594594594595,8,0,63,0.0,0.0,0.0,0.0,0,0.0,0.0,0.0,36,32,147,800,9,3.0,4.0,9.0,33,0,6.379746835443038,-3.5464135021097047,0.005968327172844111,0.5074626865671642,0.9945945945945946,1.3621621621621622,1.014615619383499,302,0.022727272727272728,1.0185802710702256,0.5740740740740741,0.0,0.0,16.2,0.0,0.0,0.0,3.0,0.940807619387418,2,Organizacion,Percheros,Cuyo,Mediano,Proveedor A,0,0,validacion
2025-09-01,T22,SKU00649,19,46.0,84.0,13.0,0.3408687442504598,1.1794871794871795,12.0,0,0,66,-25.0,5.076923076923077,642,5.546436285097192,9,0,175,0.0,0.0,0.0,0.0,0,0.0,0.0,0.0,24,25,153,1500,9,13.0,14.0,19.0,22,0,7.137254901960785,-2.060331825037708,0.013341512889650405,0.9252336448598132,0.9359251259899207,1.511879049676026,0.992403304945534,308,0.028938906752411574,1.0225432402668913,0.6416666666666667,153.0,1.0,3.8,0.0,1.0,0.0,4.0,0.8940449815557929,2,Iluminacion,Guirnaldas,AMBA,Mediano,Proveedor D,0,0,validacion
2025-09-01,T23,SKU00341,4,21.0,21.0,7.0,0.42857142857142855,1.0,3.0,0,0,49,,7.0,502,5.139931740614334,14,0,199,0.0,35.0,0.0,0.0,0,0.0,0.0,0.0,3,10,35,450,9,10.0,7.0,10.0,2,1,,,0.0070329041983545745,1.3665338645418328,0.9761092150170647,2.037542662116041,0.9959931945669764,300,0.019801980198019802,1.0114695236295443,1.7074340527577938,0.0,0.0,,0.0,1.0,0.0,3.0,0.8999267832704111,2,Cocina y mesa,Cubiertos,AMBA,Mediano,Proveedor C,0,0,validacion
2025-09-01,T24,SKU00735,16,38.0,75.0,12.0,0.19462473604038075,1.0555555555555556,12.0,0,0,23,-56.0,1.9166666666666667,857,4.685193621867882,14,0,457,0.0,0.0,0.0,0.0,0,0.0,0.0,0.0,28,46,192,800,9,9.0,13.0,16.0,25,0,6.723404255319149,-4.806737588652482,0.011015728011661095,0.3757292882147024,1.0223234624145787,2.4984054669703872,0.9791758232587641,318,0.018575851393188854,0.9831884793503776,1.796420581655481,192.0,1.0,8.6,0.0,1.0,0.0,4.0,0.9113033033689477,2,Iluminacion,Apliques,AMBA,Grande,Proveedor B,0,0,validacion
2025-09-01,T26,SKU00152,5,14.0,34.0,6.416666666666667,0.4380722158359645,0.7272727272727273,12.0,0,0,40,-4.0,6.233766233766233,523,4.861347792408986,16,0,217,0.0,0.0,0.0,0.0,0,0.0,0.0,0.0,20,46,192,1200,9,6.0,3.0,12.0,18,0,7.333333333333333,-1.0995670995670999,0.0069376133549154595,1.2237093690248566,0.9326103795507359,2.0170410534469405,0.9763114066735573,303,0.022653721682847898,0.9590767156032864,0.1897810218978102,0.0,0.0,15.4,0.0,0.0,0.0,3.0,0.9737153942782234,2,Cocina y mesa,Cristaleria,NOA,Mediano,Proveedor B,0,0,validacion
2025-09-01,T27,SKU00439,0,0.0,1.0,0.3333333333333333,1.9540168418367891,0.0,3.0,4,0,2,-2.0,6.0,29,4.7027027027027035,9,0,19,0.0,0.0,0.0,0.0,0,0.0,0.0,0.0,43,46,192,1200,9,0.0,0.0,2.0,38,0,8.0,-2.0,0.0003625715220395417,0.6206896551724138,1.0810810810810811,3.0810810810810816,1.016650547798875,293,0.03389830508474576,0.9633378624532007,1.0,384.0,2.0,4.0,0.0,0.0,0.0,3.0,0.9045136604432228,2,Cocina y mesa,Vajilla,AMBA,Chico,Proveedor B,0,0,validacion
2025-09-01,T28,SKU00673,5,12.0,24.0,4.75,0.422247109529382,0.8421052631578947,12.0,0,0,54,13.0,11.368421052631579,648,5.647058823529412,18,0,203,0.0,0.0,0.0,0.0,0,0.0,0.0,0.0,38,31,182,1500,9,3.0,4.0,8.0,35,0,6.1499999999999995,5.218421052631579,0.005134032482474124,1.5,1.037037037037037,1.7690631808278867,0.9940207452032357,296,0.026755852842809364,0.9568791500523436,1.2588454376163873,546.0,2.0,9.6,0.0,0.0,0.0,4.0,0.9148097035352168,2,Decoracion,Espejos,AMBA,Grande,Proveedor I,0,0,validacion
2025-09-01,T28,SKU00724,1,3.0,4.0,0.5,1.3483997249264843,2.0,5.0,0,0,1,-2.0,2.0,53,3.9018404907975457,18,0,29,0.0,0.0,0.0,0.0,0,0.0,0.0,0.0,34,37,193,1500,9,1.0,1.0,2.0,30,0,12.0,-10.0,0.0005404244718393814,0.33962264150943394,1.2269938650306749,2.1349693251533743,0.9940207452032357,296,0.026755852842809364,1.0614268615962443,1.0,0.0,0.0,28.1,0.0,0.0,0.0,2.0,0.9043910230530938,2,Muebles,Estanterias,AMBA,Grande,Proveedor E,0,0,validacion
2025-10-01,T01,SKU00396,1,2.0,3.0,0.4,1.2909944487358054,1.6666666666666665,4.0,0,0,3,-1.0,7.5,61,5.365138592750533,19,2,21,0.0,0.0,0.0,0.0,0,0.0,0.0,0.0,13,56,52,800,10,1.0,0.0,1.0,9,1,14.0,-6.5,0.00045465184116774015,0.9344262295081966,1.0261194029850746,1.8470149253731345,1.0108425935296088,285,0.031578947368421054,1.0070612141224282,0.11607142857142858,364.0,5.0,5.6,0.0,1.0,0.0,3.0,0.8976732822613304,2,Textil hogar,Sabanas,Cuyo,Grande,Proveedor F,0,0,embargo
2025-10-01,T04,SKU00089,2,9.0,14.0,2.5,0.5257029925382166,1.2,11.0,0,0,24,5.0,9.6,140,5.833333333333333,7,0,44,0.0,0.0,0.0,0.0,0,0.0,0.0,0.0,14,10,35,450,10,3.0,4.0,4.0,13,0,7.464285714285714,2.1357142857142852,0.002511777718472922,1.2,1.1666666666666667,1.8333333333333333,0.9755744658548828,311,0.015772870662460567,0.9206576125804146,0.7020833333333333,0.0,0.0,13.6,0.0,1.0,0.0,4.0,0.9148037440674113,2,Iluminacion,Guirnaldas,Centro,Grande,Proveedor C,0,0,embargo
2025-10-01,T04,SKU00438,2,3.0,5.0,0.6666666666666666,1.1677484162422846,1.5,6.0,0,0,4,2.0,6.0,45,3.8848920863309355,15,0,25,104.0,0.0,0.0,0.0,0,0.0,0.0,0.0,14,56,52,450,10,0.0,1.0,2.0,13,0,3.142857142857143,2.857142857142857,0.0006698073915927792,1.3333333333333333,0.8920863309352519,2.1582733812949644,0.9755744658548828,311,0.015772870662460567,1.013295660769106,0.04354354354354354,156.0,2.0,0.4,0.0,1.0,0.0,3.0,0.9067812053420887,2,Cocina y mesa,Manteleria,Centro,Grande,Proveedor F,0,0,embargo
2025-10-01,T04,SKU00780,1,6.0,14.0,2.25,0.5058579404262188,0.8888888888888888,12.0,0,0,16,2.0,7.111111111111111,298,5.251101321585903,18,0,79,0.0,193.0,0.0,0.0,0,0.0,0.0,0.0,16,37,193,450,10,4.0,1.0,4.0,13,0,4.967741935483871,2.1433691756272397,0.0022605999466256297,0.9664429530201342,1.0337738619676946,1.3920704845814977,0.9755744658548828,311,0.015772870662460567,0.9526213058770536,1.172514619883041,386.0,2.0,9.2,0.0,0.0,0.0,2.0,0.8792695581737827,2,Muebles,Racks,Centro,Grande,Proveedor E,0,0,embargo
2025-10-01,T05,SKU00068,7,14.0,19.0,2.75,0.6416545105382371,1.696969696969697,12.0,0,0,14,7.0,5.090909090909091,304,5.673405909797823,17,0,64,193.0,0.0,0.0,0.0,0,0.0,0.0,0.0,29,37,193,450,10,5.0,2.0,7.0,27,0,3.5,1.5909090909090908,0.0027956500814288556,0.7828947368421052,0.9331259720062208,1.1944012441679626,0.9993178291071145,293,0.030405405405405407,0.9995595037075103,1.8639455782312926,193.0,1.0,2.1,0.0,0.0,0.0,2.0,0.9496151690936746,2,Muebles,Estanterias,AMBA,Mediano,Proveedor E,0,0,embargo
2025-10-01,T08,SKU00189,1,7.0,13.0,2.4166666666666665,0.48186213222675106,0.9655172413793105,11.0,0,0,13,0.0,5.379310344827586,158,5.609467455621301,9,0,49,0.0,0.0,0.0,0.0,0,0.0,0.0,0.0,34,46,192,600,10,3.0,3.0,4.0,32,0,5.379310344827586,0.0,0.0026545356619173234,0.740506329113924,1.1005917159763312,1.7396449704142012,1.0178771227765737,277,0.017921146953405017,0.9964303835779841,0.5,192.0,1.0,8.1,0.0,0.0,0.0,3.0,0.9173939871579294,2,Textil hogar,Cortinas,Patagonia,Grande,Proveedor B,0,0,embargo
2025-10-01,T08,SKU00687,2,10.0,22.0,3.8333333333333335,0.6075652971554687,0.8695652173913043,11.0,0,0,8,-12.0,2.0869565217391304,249,5.231258952729587,14,0,133,0.0,465.0,0.0,0.0,0,0.0,0.0,0.0,12,52,155,600,10,0.0,8.0,8.0,11,0,5.0,-2.9130434782608696,0.004210642774075755,0.44979919678714864,1.0784657010982015,2.7942065892089762,1.0178771227765737,277,0.017921146953405017,1.0231854838709677,0.4083333333333333,0.0,0.0,,0.0,1.0,0.0,4.0,0.8780179890639781,2,Decoracion,Plantas artificiales,Patagonia,Grande,Proveedor J,0,0,embargo
2025-10-01,T09,SKU00075,1,2.0,2.0,0.5,1.348399724926484,1.3333333333333333,5.0,0,0,5,3.0,10.0,33,5.6571428571428575,10,0,8,193.0,0.0,0.0,0.0,0,0.0,0.0,0.0,33,37,193,600,10,1.0,0.0,2.0,31,0,4.8,5.2,0.0005269729147328167,1.5151515151515151,1.142857142857143,1.3714285714285714,1.010382735181054,292,0.020066889632107024,0.9832997176280758,0.275092936802974,193.0,1.0,2.7,0.0,0.0,0.0,3.0,0.9863315295529993,2,Organizacion,Contenedores,NOA,Mediano,Proveedor E,0,0,embargo
2025-10-01,T10,SKU00703,3,5.0,8.0,1.4166666666666667,0.5597375019520652,1.1764705882352942,11.0,0,0,8,5.0,5.647058823529411,71,5.2592592592592595,9,0,17,0.0,0.0,0.0,0.0,0,0.0,0.0,0.0,41,56,52,450,10,0.0,2.0,3.0,38,0,2.1176470588235294,3.529411764705882,0.0015735960914229276,1.0140845070422535,1.0617283950617284,1.2592592592592593,0.9619300342392391,283,0.027874564459930314,1.0155153859775783,0.796875,0.0,0.0,35.3,0.0,0.0,0.0,3.0,0.9358655523542142,2,Textil hogar,Sabanas,AMBA,Mediano,Proveedor F,0,0,embargo
2025-10-01,T11,SKU00546,4,14.0,31.0,4.583333333333333,0.4103836324344551,1.0181818181818183,12.0,0,0,19,-2.0,4.1454545454545455,617,5.092159559834938,19,0,178,0.0,0.0,0.0,0.0,0,0.0,0.0,0.0,30,32,147,800,10,7.0,3.0,8.0,27,0,4.271186440677966,-0.12573189522342076,0.005101935301999031,0.5850891410048622,1.0068775790921596,1.469050894085282,0.9992372195115192,293,0.04391891891891892,1.0331753554502372,1.3520833333333333,735.0,3.0,3.4,0.0,1.0,0.0,4.0,0.9021766270857157,2,Iluminacion,Guirnaldas,AMBA,Grande,Proveedor A,0,0,embargo
2025-10-01,T11,SKU00593,1,1.0,3.0,0.25,1.8090680674665816,1.3333333333333333,3.0,0,0,4,1.0,16.0,39,4.293577981651376,13,1,9,0.0,0.0,0.0,0.0,0,0.0,0.0,0.0,29,31,182,800,10,0.0,0.0,1.0,24,0,12.0,4.0,0.00027828738010903805,1.3333333333333333,0.8073394495412843,0.9908256880733944,0.9992372195115192,293,0.04391891891891892,0.96496266513498,1.6924731182795698,182.0,1.0,8.5,0.0,1.0,0.0,4.0,0.8765025221433537,2,Bano,Alfombras de bano,AMBA,Grande,Proveedor I,0,0,embargo
2025-10-01,T12,SKU00182,1,7.0,13.0,2.0,0.47673129462279595,1.1666666666666667,12.0,0,0,6,2.0,3.0,102,5.037037037037037,12,0,61,0.0,0.0,0.0,0.0,0,0.0,0.0,0.0,40,52,155,1200,10,2.0,4.0,4.0,37,0,2.181818181818182,0.8181818181818179,0.002380451648621635,0.7058823529411765,1.0205761316872428,3.0123456790123457,0.9454360464442262,268,0.022222222222222223,0.9757502448015668,1.6763157894736842,310.0,2.0,5.3,0.0,0.0,0.0,2.0,0.9181111450992417,2,Muebles,Mesas auxiliares,Cuyo,Chico,Proveedor J,0,0,embargo
2025-10-01,T12,SKU00393,2,8.0,17.0,3.4166666666666665,0.5361820697682311,0.7804878048780488,12.0,0,0,15,0.0,4.390243902439025,202,4.589012804626187,14,0,87,0.0,52.0,0.0,0.0,0,0.0,0.0,0.0,12,56,52,1200,10,4.0,2.0,7.0,11,0,4.090909090909091,0.2993348115299339,0.004066604899728626,1.0396039603960396,0.9238606636376153,1.976456009913259,0.9454360464442262,268,0.022222222222222223,0.8858556615046554,1.7712082262210798,52.0,1.0,10.4,0.0,0.0,0.0,3.0,0.8630498207226264,2,Textil hogar,Toallas,Cuyo,Chico,Proveedor F,0,0,embargo
2025-10-01,T12,SKU00719,8,19.0,39.0,7.0,0.2921356332260258,0.9047619047619048,12.0,0,0,38,-5.0,5.428571428571429,461,5.024523160762943,15,0,110,105.0,35.0,0.0,0.0,0,0.0,0.0,0.0,23,10,35,1200,10,8.0,3.0,10.0,17,0,5.931034482758621,-0.5024630541871922,0.008331580770175723,1.2364425162689805,0.966394187102634,1.1989100817438691,0.9454360464442262,268,0.022222222222222223,0.8801220148766801,0.09977827050997783,105.0,1.0,0.1,0.0,0.0,0.0,3.0,0.8280478845785125,2,Cocina y mesa,Vajilla,Cuyo,Chico,Proveedor C,0,0,embargo
2025-10-01,T13,SKU00284,0,1.0,7.0,1.4166666666666667,0.8220001079162221,0.2352941176470588,9.0,2,0,16,9.0,11.294117647058822,130,6.290322580645161,14,0,45,0.0,0.0,0.0,0.0,0,0.0,0.0,0.0,24,31,182,1200,10,0.0,1.0,3.0,21,0,4.941176470588235,6.352941176470588,0.001523293000268894,1.723076923076923,1.161290322580645,2.1774193548387095,1.0100328646488808,291,0.02711864406779661,0.9429522752497226,1.7969151670951158,0.0,0.0,15.2,0.0,0.0,0.0,3.0,0.8880633587057808,2,Textil hogar,Toallas,Centro,Chico,Proveedor I,0,0,embargo
2025-10-01,T14,SKU00222,0,2.0,5.0,0.6666666666666666,1.331438046897892,1.0,5.0,2,0,3,0.0,4.5,41,4.315789473684211,13,0,34,0.0,0.0,0.0,0.0,0,0.0,0.0,0.0,24,11,36,1500,10,0.0,2.0,2.0,22,0,4.5,0.0,0.0008038305133801894,0.951219512195122,0.9824561403508772,3.5789473684210527,1.026893480843192,273,0.021739130434782608,1.0193399593440102,1.3165618448637317,252.0,3.0,3.4,0.0,1.0,0.0,4.0,0.9159907905234485,2,Decoracion,Velas,AMBA,Grande,Proveedor H,0,0,embargo
2025-10-01,T15,SKU00042,2,5.0,9.0,1.5833333333333333,0.6843945280742094,1.0526315789473686,10.0,0,0,12,1.0,7.578947368421053,179,5.188405797101449,20,1,65,0.0,0.0,0.0,0.0,0,0.0,0.0,0.0,26,32,147,600,10,1.0,2.0,4.0,24,0,6.6,0.9789473684210535,0.0015967271785885322,1.340782122905028,0.8695652173913043,1.8840579710144927,0.9667762874990777,297,0.023178807947019868,1.0598744655689982,1.3979166666666667,294.0,2.0,4.4,0.0,1.0,0.0,4.0,0.9144992603975135,2,Decoracion,Plantas artificiales,NOA,Mediano,Proveedor A,0,0,embargo
2025-10-01,T16,SKU00552,0,2.0,6.0,0.8571428571428571,0.8050764858994134,0.7777777777777778,5.0,1,0,5,1.0,5.833333333333334,90,5.842349304482226,26,2,32,0.0,192.0,0.0,0.0,0,0.0,0.0,0.0,7,46,192,600,10,1.0,1.0,2.0,6,1,4.0,1.833333333333334,0.001020845089593335,1.4444444444444444,1.0386398763523956,2.0772797527047913,1.002016169051947,265,0.01858736059479554,1.0451547437848807,0.6031390134529148,576.0,3.0,4.4,0.0,1.0,0.0,3.0,0.9102255681162958,2,Textil hogar,Cortinas,NOA,Grande,Proveedor B,0,0,embargo
2025-10-01,T16,SKU00734,1,5.0,11.0,1.5833333333333333,0.5686336657127493,1.0526315789473686,12.0,0,0,8,-1.0,5.052631578947369,132,4.33972602739726,18,0,60,310.0,0.0,0.0,0.0,0,0.0,0.0,0.0,38,52,155,600,10,2.0,2.0,4.0,37,0,5.684210526315789,-0.6315789473684204,0.0018857277349432437,1.090909090909091,0.8547945205479451,1.9726027397260273,1.002016169051947,265,0.01858736059479554,0.9421165769061196,1.6189591078066914,620.0,3.0,1.7,0.0,0.0,0.0,3.0,0.882636562160337,2,Organizacion,Contenedores,NOA,Grande,Proveedor J,0,0,embargo
2025-10-01,T17,SKU00013,11,28.0,60.0,9.25,0.26127538158345914,1.0090090090090091,12.0,0,0,21,-11.0,2.27027027027027,565,5.571076417419885,15,1,201,0.0,0.0,0.0,0.0,0,0.0,0.0,0.0,44,32,147,600,10,10.0,7.0,13.0,43,0,3.878787878787879,-1.6085176085176087,0.010138674978263394,0.5575221238938054,1.0353327855382086,1.981922760887428,0.9806199510507728,283,0.020905923344947737,0.9651524399104834,0.24737945492662475,0.0,0.0,14.3,0.0,0.0,0.0,4.0,0.9385555558579709,2,Decoracion,Velas,Centro,Chico,Proveedor A,0,0,embargo
2025-10-01,T18,SKU00013,11,19.0,39.0,7.333333333333333,0.3306301612545044,0.8636363636363636,12.0,0,0,42,34.0,5.7272727272727275,565,5.571076417419885,15,1,201,0.0,0.0,0.0,0.0,0,0.0,0.0,0.0,44,32,147,1200,10,2.0,6.0,11.0,41,0,1.1294117647058823,4.597860962566845,0.007837300902658278,1.1150442477876108,1.0353327855382086,1.981922760887428,1.004599479340743,295,0.026936026936026935,1.0146894555412758,0.24737945492662475,0.0,0.0,14.3,27.0,0.0,0.0,4.0,0.9664963343350496,2,Decoracion,Velas,NOA,Mediano,Proveedor A,0,0,embargo
2025-10-01,T18,SKU00493,2,4.0,13.0,1.75,0.6503887805479955,0.7619047619047619,10.0,0,0,7,-1.0,4.0,98,4.47148288973384,13,0,59,0.0,0.0,0.0,0.0,0,0.0,0.0,0.0,34,56,52,1200,10,2.0,0.0,4.0,29,0,4.363636363636364,-0.3636363636363642,0.0018702649881343618,0.9285714285714286,0.8821292775665398,2.692015209125475,1.004599479340743,295,0.026936026936026935,1.0146894555412758,0.5735567970204841,52.0,1.0,3.3,0.0,0.0,0.0,4.0,0.9664963343350496,2,Decoracion,Espejos,NOA,Mediano,Proveedor F,0,0,embargo
2025-10-01,T21,SKU00043,2,5.0,9.0,2.25,0.5592469952052407,0.7407407407407408,4.0,0,0,8,-5.0,3.5555555555555554,160,6.213592233009709,18,2,73,0.0,0.0,29.0,0.0,0,0.0,0.0,0.0,4,28,21,600,10,1.0,2.0,4.0,3,1,3.25,0.30555555555555536,0.0024422261966644053,0.8999999999999999,0.9967637540453075,2.8349514563106797,0.9718251206282361,294,0.03728813559322034,1.0770788316535458,0.7678571428571429,0.0,0.0,,29.0,0.0,0.0,3.0,0.9343555700916415,2,Textil hogar,Sabanas,Cuyo,Grande,Proveedor G,0,0,embargo
2025-10-01,T22,SKU00669,5,19.0,24.0,3.7777777777777777,0.7805208535126823,1.6764705882352942,8.0,0,0,5,-18.0,1.3235294117647058,299,5.318369507676019,18,1,74,0.0,0.0,0.0,0.0,0,0.0,0.0,0.0,9,37,193,1500,10,9.0,5.0,9.0,8,1,9.2,-7.876470588235294,0.0038373628024621124,0.3010033444816054,1.1620963472736896,1.3162519851773424,1.0029060547846569,305,0.04854368932038835,1.0792755648635024,0.17105263157894737,579.0,2.0,5.7,0.0,1.0,0.0,2.0,0.9197776146851347,2,Muebles,Mesas auxiliares,AMBA,Mediano,Proveedor E,0,0,embargo
2025-10-01,T23,SKU00182,5,8.0,14.0,2.0,0.7071067811865475,1.3333333333333333,11.0,0,0,4,-5.0,2.0,102,5.037037037037037,12,0,61,0.0,0.0,0.0,0.0,0,0.0,0.0,0.0,40,52,155,450,10,2.0,1.0,5.0,39,0,4.909090909090909,-2.909090909090909,0.0021329937779601955,0.47058823529411764,1.0205761316872428,3.0123456790123457,0.9818881357876766,289,0.023890784982935155,0.9959868661072601,1.6763157894736842,310.0,2.0,5.3,0.0,0.0,0.0,2.0,0.9029940388542014,2,Muebles,Mesas auxiliares,AMBA,Mediano,Proveedor J,0,0,embargo
2025-10-01,T23,SKU00196,11,25.0,42.0,7.0,0.40406101782088427,1.1904761904761905,12.0,0,0,39,7.0,5.571428571428571,625,5.522827687776142,17,0,184,0.0,193.0,0.0,0.0,0,0.0,0.0,0.0,26,37,193,450,10,10.0,4.0,11.0,25,0,5.189189189189189,0.3822393822393826,0.007465478222860684,1.0608,1.0014727540500736,1.6259204712812962,0.9818881357876766,289,0.023890784982935155,0.9555638881190325,1.1824953445065176,579.0,2.0,6.2,0.0,0.0,0.0,4.0,0.8969142075774877,2,Decoracion,Espejos,AMBA,Mediano,Proveedor E,0,0,embargo
2025-10-01,T23,SKU00258,0,2.0,3.0,0.5833333333333334,1.3593625047407298,1.1428571428571428,5.0,2,0,3,1.0,5.142857142857142,52,4.428958575300039,17,0,32,0.0,153.0,0.0,0.0,0,0.0,0.0,0.0,12,25,153,450,10,0.0,2.0,2.0,11,0,3.5999999999999996,1.5428571428571427,0.0006221231852383904,0.9807692307692308,1.0504581236288555,2.7255129694154085,0.9818881357876766,289,0.023890784982935155,0.9555638881190325,0.4972067039106145,153.0,1.0,11.0,0.0,1.0,0.0,4.0,0.8969142075774877,2,Decoracion,Espejos,AMBA,Mediano,Proveedor D,0,0,embargo
2025-10-01,T23,SKU00688,11,23.0,37.0,7.25,0.4080055022827322,1.0574712643678161,12.0,0,0,18,-12.0,2.4827586206896552,361,5.276492082825822,10,0,131,0.0,193.0,0.0,0.0,0,0.0,0.0,0.0,28,37,193,450,10,7.0,5.0,11.0,27,0,4.390243902439025,-1.9074852817493695,0.007732102445105709,0.4986149584487534,1.0036540803897687,1.9147381242387331,0.9818881357876766,289,0.023890784982935155,0.9519842647228971,1.9573991031390134,0.0,0.0,,0.0,0.0,0.0,3.0,0.8692710658969731,2,Textil hogar,Cortinas,AMBA,Mediano,Proveedor E,0,0,embargo
2025-10-01,T24,SKU00759,7,12.0,17.0,3.6666666666666665,0.5371265060916337,1.090909090909091,12.0,0,0,24,9.0,6.545454545454546,297,6.491803278688525,14,0,89,0.0,0.0,0.0,0.0,0,0.0,0.0,0.0,30,31,182,800,10,2.0,3.0,7.0,27,0,4.615384615384615,1.9300699300699309,0.0034909095705016905,1.1313131313131313,1.0856102003642987,1.9453551912568305,0.9780893905714736,309,0.03536977491961415,0.9894739031848725,1.6681614349775784,0.0,0.0,,0.0,0.0,0.0,3.0,0.9347484095662464,2,Textil hogar,Cortinas,AMBA,Grande,Proveedor I,0,0,embargo
2025-10-01,T25,SKU00538,0,1.0,4.0,0.75,1.2870763988845637,0.4444444444444444,6.0,2,0,5,1.0,6.666666666666667,45,4.7368421052631575,15,1,11,0.0,0.0,0.0,0.0,0,0.0,0.0,0.0,37,10,35,1500,10,0.0,1.0,3.0,31,0,4.363636363636364,2.3030303030303028,0.000834040168000322,1.6666666666666667,0.9824561403508772,1.1578947368421053,0.9674865948803735,286,0.024305555555555556,0.9908307534557215,1.4020833333333333,35.0,1.0,11.5,0.0,0.0,0.0,4.0,0.8998178940603937,2,Decoracion,Plantas artificiales,Centro,Grande,Proveedor C,0,0,embargo
2025-10-01,T26,SKU00375,10,37.0,76.0,14.166666666666666,0.1875656538090942,0.8705882352941178,12.0,0,0,96,54.0,6.776470588235294,787,6.073311897106109,10,0,187,0.0,0.0,0.0,0.0,0,0.0,0.0,0.0,26,10,35,1200,10,12.0,15.0,19.0,24,0,3.036144578313253,3.740326009922041,0.01564812027702313,1.2198221092757306,0.8823151125401928,1.443086816720257,0.9768108963515852,296,0.016835016835016835,0.9697467242186548,0.7061143984220908,0.0,0.0,13.0,0.0,0.0,0.0,4.0,0.905669984923165,2,Decoracion,Cuadros,NOA,Mediano,Proveedor C,0,0,embargo
2025-10-01,T26,SKU00790,1,3.0,6.0,0.8571428571428571,1.0496913126495102,1.1666666666666667,4.0,0,0,7,-2.0,8.166666666666668,115,5.629370629370629,13,1,44,0.0,0.0,0.0,0.0,0,0.0,0.0,0.0,7,10,35,1200,10,0.0,2.0,2.0,6,1,12.0,-3.833333333333332,0.0009467770251644248,0.7913043478260869,0.7995337995337994,2.1538461538461537,0.9768108963515852,296,0.016835016835016835,1.0003583567713141,0.42543859649122806,0.0,0.0,,0.0,0.0,0.0,2.0,0.8887096611763481,2,Muebles,Racks,NOA,Mediano,Proveedor C,0,0,embargo
2025-10-01,T28,SKU00097,6,11.0,17.0,2.9166666666666665,1.155385871498942,1.2571428571428571,10.0,0,0,13,2.0,4.457142857142857,314,5.262569832402235,18,0,137,0.0,0.0,0.0,0.0,0,0.0,0.0,0.0,16,25,153,1500,10,5.0,0.0,9.0,14,0,3.771428571428572,0.6857142857142855,0.0031083223225292123,0.7452229299363058,1.011173184357542,2.2960893854748603,1.0280554058742333,296,0.026845637583892617,0.996468048924063,1.1415270018621975,0.0,0.0,13.6,0.0,1.0,0.0,4.0,0.9250974342996764,2,Decoracion,Espejos,AMBA,Grande,Proveedor D,0,0,embargo
2025-10-01,T28,SKU00364,1,4.0,10.0,1.9166666666666667,0.6841941759399166,0.6956521739130435,11.0,0,0,10,-5.0,5.217391304347826,62,5.430656934306569,7,0,26,0.0,0.0,0.0,0.0,0,0.0,0.0,0.0,39,31,182,1500,10,2.0,1.0,4.0,38,0,8.181818181818182,-2.9644268774703555,0.0020426118119477683,1.129032258064516,0.9927007299270072,2.2773722627737225,1.0280554058742333,296,0.026845637583892617,1.0229162666204064,1.2477678571428572,364.0,1.0,7.0,0.0,0.0,0.0,3.0,0.9249289546887851,2,Textil hogar,Sabanas,AMBA,Grande,Proveedor I,0,0,embargo
2025-11-01,T05,SKU00415,2,3.0,6.0,1.4166666666666667,0.7649115313770576,0.7058823529411764,9.0,0,0,10,5.0,7.0588235294117645,175,5.384615384615385,19,1,87,0.0,0.0,0.0,0.0,0,0.0,2.0,30.0,24,46,192,450,11,0.0,1.0,3.0,23,0,3.75,3.3088235294117645,0.0014588837195375366,1.0857142857142856,1.1794871794871795,2.6769230769230767,0.999249531193828,295,0.023728813559322035,0.9974335450755422,0.6682134570765661,576.0,1.0,4.1,0.0,0.0,0.0,3.0,0.9335648695807658,1,Muebles,Sillas,AMBA,Mediano,Proveedor B,0,0,embargo
2025-11-01,T05,SKU00667,2,2.0,3.0,0.5,1.5954480704349316,1.3333333333333333,4.0,0,0,5,1.0,10.0,54,5.684210526315789,14,0,31,0.0,0.0,0.0,0.0,0,0.0,1.0,35.0,33,56,52,450,11,0.0,0.0,2.0,31,0,9.6,0.40000000000000036,0.0005149001363073659,1.2962962962962963,1.087719298245614,3.263157894736842,0.999249531193828,295,0.023728813559322035,1.0314770327253726,1.3229166666666667,0.0,0.0,25.8,0.0,0.0,0.0,4.0,0.868794796723031,1,Iluminacion,Guirnaldas,AMBA,Mediano,Proveedor F,0,0,embargo
2025-11-01,T06,SKU00207,0,0.0,1.0,0.08333333333333333,3.4641016151377553,0.0,1.0,3,0,2,-3.0,24.0,50,6.0,15,2,12,0.0,0.0,0.0,0.0,0,0.0,0.0,0.0,37,31,182,1500,11,0.0,0.0,1.0,35,0,20.0,4.0,9.679907257269516e-05,0.6,0.7999999999999999,1.44,1.0516251244297603,278,0.03508771929824561,1.086903304773562,1.7865707434052758,182.0,1.0,11.8,0.0,0.0,0.0,2.0,0.8942926095871956,1,Cocina y mesa,Cubiertos,Centro,Mediano,Proveedor I,0,0,embargo
2025-11-01,T11,SKU00255,3,5.0,4.0,0.8333333333333334,2.2205650386577487,2.0,8.0,0,0,9,-2.0,10.799999999999999,102,4.340425531914893,13,0,44,0.0,0.0,0.0,0.0,0,0.0,0.0,0.0,26,11,36,800,11,1.0,1.0,3.0,23,0,12.0,-1.200000000000001,0.0009185208029653193,1.147058823529412,0.9219858156028369,1.872340425531915,1.010005474940665,298,0.03,0.9943201973115878,0.3687150837988827,72.0,2.0,4.8,0.0,1.0,0.0,3.0,0.9670057034900205,1,Decoracion,Espejos,AMBA,Grande,Proveedor H,0,0,embargo
2025-11-01,T11,SKU00431,2,17.0,27.0,5.75,0.7494054468719454,0.9855072463768116,11.0,0,0,21,-19.0,3.652173913043478,272,6.387475538160469,7,0,66,0.0,0.0,0.0,0.0,0,0.0,2.0,25.0,25,31,182,800,11,8.0,7.0,11.0,20,0,6.075949367088608,-2.42377545404513,0.006337793540460703,0.5404411764705883,1.0489236790606653,1.5499021526418786,1.010005474940665,298,0.03,1.0218978102189782,1.0889328063241106,364.0,2.0,9.1,0.0,1.0,0.0,5.0,0.9323878745199667,1,Bano,Accesorios de bano,AMBA,Grande,Proveedor I,0,0,embargo
2025-11-01,T11,SKU00477,3,9.0,15.0,2.25,0.4290254662948545,1.3333333333333333,12.0,0,0,7,0.0,3.111111111111111,157,5.691842900302115,19,1,43,0.0,0.0,0.0,0.0,0,0.0,2.0,30.0,44,37,193,800,11,4.0,2.0,4.0,41,0,3.230769230769231,-0.11965811965811968,0.0024800061680063617,0.8471337579617834,1.0513595166163143,1.5589123867069488,1.010005474940665,298,0.03,1.054158654749399,0.28074245939675174,0.0,0.0,19.4,0.0,0.0,0.0,3.0,0.9533486590452437,1,Muebles,Sillas,AMBA,Grande,Proveedor E,0,0,embargo
2025-11-01,T13,SKU00066,3,14.0,26.0,4.142857142857143,0.5648580402439364,1.1264367816091954,7.0,0,0,13,3.0,3.1379310344827585,83,4.12625764450582,6,0,40,0.0,0.0,0.0,0.0,0,0.0,2.0,30.0,9,11,36,1200,11,3.0,8.0,8.0,6,1,2.6666666666666665,0.47126436781609193,0.004575802689985463,0.9397590361445782,1.027421582166108,1.9885579009666603,1.0176164419061924,295,0.02356902356902357,1.0113254776881213,1.7233560090702948,36.0,1.0,7.1,0.0,0.0,0.0,3.0,0.9105667798474393,1,Muebles,Estanterias,Centro,Chico,Proveedor H,0,0,embargo
2025-11-01,T13,SKU00284,3,3.0,9.0,1.5,0.8287754140107481,0.6666666666666666,9.0,0,0,11,1.0,7.333333333333333,141,6.042857142857144,15,1,44,0.0,0.0,0.0,0.0,0,0.0,0.0,0.0,25,31,182,1200,11,0.0,0.0,3.0,22,0,6.666666666666667,0.6666666666666661,0.001656756146374047,1.1702127659574468,0.9285714285714287,1.885714285714286,1.0176164419061924,295,0.02356902356902357,1.0098594925647828,1.7969151670951158,0.0,0.0,16.2,0.0,0.0,0.0,2.0,0.8828463798780202,1,Textil hogar,Toallas,Centro,Chico,Proveedor I,0,0,embargo
2025-11-01,T13,SKU00350,1,5.0,9.0,1.4166666666666667,0.822000107916222,1.1764705882352942,10.0,0,0,3,-5.0,2.1176470588235294,58,5.752066115702479,7,0,16,0.0,0.0,0.0,0.0,0,0.0,0.0,0.0,46,52,155,1200,11,3.0,1.0,4.0,41,0,5.647058823529411,-3.529411764705882,0.0015647141382421556,0.3620689655172413,0.8925619834710743,1.586776859504132,1.0176164419061924,295,0.02356902356902357,0.9585855653918506,0.4744744744744745,0.0,0.0,19.4,0.0,0.0,0.0,2.0,0.9421684613944814,1,Cocina y mesa,Manteleria,Centro,Chico,Proveedor J,0,0,embargo
2025-11-01,T14,SKU00037,1,3.0,8.0,1.3333333333333333,0.7745966692414833,0.75,5.0,0,0,3,0.0,2.25,41,4.155405405405405,14,3,16,0.0,192.0,0.0,0.0,0,0.0,0.0,0.0,6,46,192,1500,11,1.0,1.0,3.0,5,1,1.7999999999999998,0.4500000000000002,0.0015255365154252956,1.024390243902439,1.2837837837837838,1.6216216216216215,1.0167700875309595,283,0.028070175438596492,1.0100778531973098,1.6883629191321499,192.0,1.0,5.0,0.0,0.0,0.0,3.0,0.9372498232101744,1,Decoracion,Cuadros,AMBA,Grande,Proveedor B,0,0,embargo
2025-11-01,T14,SKU00170,0,2.0,3.0,0.5555555555555556,1.307669683062202,1.2,4.0,1,0,4,1.0,7.199999999999999,58,5.948717948717949,16,1,9,386.0,0.0,0.0,0.0,0,0.0,2.0,30.0,8,37,193,1500,11,2.0,0.0,2.0,8,1,6.0,1.1999999999999993,0.0006356402147605399,1.103448275862069,0.8888888888888888,0.9230769230769231,1.0167700875309595,283,0.028070175438596492,1.0886260405847428,1.182748538011696,1351.0,4.0,2.1,0.0,1.0,0.0,3.0,0.9179132577323493,1,Muebles,Racks,AMBA,Grande,Proveedor E,0,0,embargo
2025-11-01,T15,SKU00348,2,7.0,14.0,2.5833333333333335,0.4507742527282508,0.9032258064516129,12.0,0,0,10,2.0,3.8709677419354835,158,5.710843373493976,10,0,48,0.0,0.0,0.0,0.0,0,0.0,1.0,20.0,41,28,21,600,11,1.0,4.0,4.0,40,0,2.8235294117647056,1.047438330170778,0.0026200441020633953,0.6329113924050632,0.8072289156626505,1.7349397590361446,1.0060969351923439,295,0.026755852842809364,1.0161261448142012,0.8513011152416357,0.0,0.0,34.4,0.0,1.0,0.0,3.0,0.9018973906790745,1,Organizacion,Contenedores,NOA,Mediano,Proveedor G,0,0,embargo
2025-11-01,T16,SKU00343,2,4.0,12.0,1.4166666666666667,0.8753734654391618,0.9411764705882352,8.0,0,0,4,-4.0,2.8235294117647056,139,5.148148148148148,18,0,67,0.0,21.0,0.0,0.0,0,0.0,0.0,0.0,36,28,21,600,11,2.0,0.0,3.0,35,0,5.333333333333333,-2.5098039215686274,0.0017054745733805518,0.5179856115107914,1.0864197530864197,2.4814814814814814,1.0052267779572428,262,0.011320754716981131,1.0566173877050091,0.2830188679245283,42.0,1.0,8.7,0.0,0.0,0.0,3.0,0.9232563023277811,1,Decoracion,Velas,NOA,Grande,Proveedor G,0,0,embargo
2025-11-01,T16,SKU00410,3,9.0,16.0,3.0,0.5318160234783106,1.0,12.0,0,0,11,-6.0,3.6666666666666665,241,6.025,12,0,76,0.0,0.0,0.0,0.0,0,0.0,0.0,0.0,37,28,21,600,11,1.0,5.0,6.0,33,0,7.03448275862069,-3.367816091954024,0.0036115932142176386,0.5477178423236515,0.9583333333333334,1.9,1.0052267779572428,262,0.011320754716981131,1.0566173877050091,1.4161735700197238,0.0,0.0,22.0,0.0,1.0,0.0,3.0,0.9232563023277811,1,Decoracion,Cuadros,NOA,Grande,Proveedor G,0,0,embargo
2025-11-01,T18,SKU00054,0,4.0,6.0,0.9166666666666666,1.4305878224198252,1.4545454545454546,6.0,2,0,10,0.0,10.90909090909091,159,4.981723237597911,19,0,75,0.0,0.0,0.0,0.0,0,0.0,2.0,25.0,44,56,52,1200,11,0.0,4.0,4.0,37,0,9.230769230769232,1.6783216783216783,0.0010434190439867035,1.1949685534591195,1.1279373368146213,2.3498694516971277,0.9823316017751182,295,0.030508474576271188,0.9763403503064492,0.6129032258064516,52.0,1.0,10.2,0.0,1.0,0.0,5.0,0.9008320444538567,1,Bano,Alfombras de bano,NOA,Mediano,Proveedor F,0,0,embargo
2025-11-01,T18,SKU00431,1,17.0,38.0,6.333333333333333,0.4113719667024819,0.8947368421052633,12.0,0,0,48,12.0,7.578947368421053,272,6.387475538160469,7,0,66,0.0,0.0,0.0,0.0,0,0.0,2.0,25.0,25,31,182,1200,11,8.0,8.0,10.0,23,0,5.082352941176471,2.496594427244582,0.0072090770311808595,1.2352941176470589,1.0489236790606653,1.5499021526418786,0.9823316017751182,295,0.030508474576271188,0.9763403503064492,1.0889328063241106,364.0,2.0,9.1,0.0,1.0,0.0,5.0,0.9008320444538567,1,Bano,Accesorios de bano,NOA,Mediano,Proveedor I,0,0,embargo
2025-11-01,T21,SKU00193,0,0.0,1.0,0.25,1.8090680674665818,0.0,3.0,4,0,3,1.0,12.0,34,5.589041095890411,11,1,9,35.0,35.0,0.0,0.0,0,0.0,0.0,0.0,33,10,35,600,11,0.0,0.0,1.0,31,0,8.0,4.0,0.00025965489054928135,0.9705882352941176,1.0410958904109588,1.4794520547945207,0.987380997128734,296,0.03333333333333333,1.04189218445551,0.4087403598971722,35.0,1.0,2.1,36.0,1.0,0.0,2.0,0.9236440814572232,1,Textil hogar,Toallas,Cuyo,Grande,Proveedor C,0,0,embargo
2025-11-01,T21,SKU00321,1,2.0,5.0,1.25,0.9105442927671945,0.5333333333333333,9.0,0,0,11,4.0,8.8,74,5.584905660377358,9,0,8,0.0,0.0,0.0,0.0,0,0.0,0.0,0.0,38,10,35,600,11,1.0,0.0,4.0,36,0,3.652173913043478,5.147826086956522,0.0012982744527464069,1.337837837837838,0.9056603773584906,0.6037735849056604,0.987380997128734,296,0.03333333333333333,0.9582588104894577,1.1530398322851152,0.0,0.0,15.7,0.0,0.0,0.0,3.0,0.9356067893767721,1,Decoracion,Velas,Cuyo,Grande,Proveedor C,0,0,embargo
2025-11-01,T22,SKU00718,3,11.0,14.0,1.75,0.9157455877300879,2.0952380952380953,10.0,0,0,11,6.0,6.285714285714286,151,5.221902017291066,18,0,60,0.0,0.0,0.0,0.0,0,0.0,1.0,20.0,31,32,147,1500,11,6.0,2.0,6.0,24,0,4.0,2.2857142857142856,0.0018032233202311249,1.3112582781456954,1.1066282420749278,2.07492795389049,1.0146136548500462,310,0.02903225806451613,0.9938542581211588,1.5408921933085502,147.0,1.0,7.0,44.0,0.0,0.0,3.0,0.8990171536189662,1,Organizacion,Contenedores,AMBA,Mediano,Proveedor A,0,0,embargo
2025-11-01,T24,SKU00314,12,34.0,73.0,12.333333333333334,0.2275879346812661,0.918918918918919,12.0,0,0,87,39.0,7.0540540540540535,1082,5.15647339158062,15,0,264,182.0,0.0,0.0,0.0,0,0.0,1.0,20.0,18,31,182,800,11,8.0,14.0,18.0,17,0,3.9183673469387754,3.135686707115278,0.012117356319496564,1.2060998151571163,0.9451945988880064,1.2581413820492453,0.9608736065244032,308,0.022508038585209004,0.9969750296171054,1.0,364.0,2.0,2.2,15.0,0.0,0.0,3.0,0.9161293682932485,1,Organizacion,Cajas,AMBA,Grande,Proveedor I,0,0,embargo
2025-11-01,T25,SKU00072,4,12.0,16.0,2.5833333333333335,0.7280999930288715,1.5483870967741935,10.0,0,0,17,-4.0,6.580645161290322,276,4.9655172413793105,17,0,115,364.0,0.0,0.0,0.0,0,0.0,0.0,0.0,36,31,182,1500,11,2.0,6.0,6.0,33,0,8.4,-1.8193548387096783,0.002819949474822313,1.0471014492753623,0.9835082458770614,2.068965517241379,0.9846171972734423,288,0.041237113402061855,1.019895498392283,1.0356394129979036,546.0,2.0,2.0,0.0,0.0,0.0,3.0,0.899747494655156,1,Decoracion,Velas,Centro,Grande,Proveedor I,0,0,embargo
2025-11-01,T25,SKU00184,0,3.0,6.0,1.4444444444444444,0.7018572150344099,0.6923076923076923,8.0,1,0,8,0.0,5.538461538461538,156,5.320197044334975,18,0,38,0.0,0.0,0.0,0.0,0,0.0,0.0,0.0,11,46,192,1500,11,1.0,2.0,3.0,8,1,4.8,0.7384615384615385,0.0015767459429114007,0.9230769230769231,0.9662751042061386,1.2959454338764684,0.9846171972734423,288,0.041237113402061855,0.9439473596335187,1.4498714652956297,960.0,4.0,4.6,0.0,1.0,0.0,2.0,0.9653822128030807,1,Textil hogar,Toallas,Centro,Grande,Proveedor B,0,0,embargo
2025-11-01,T26,SKU00169,2,4.0,12.0,2.0833333333333335,0.8047133877124428,0.6399999999999999,11.0,0,0,12,3.0,5.76,69,5.710344827586207,8,0,17,386.0,0.0,0.0,0.0,0,0.0,1.0,20.0,39,37,193,1200,11,1.0,1.0,6.0,37,0,4.5,1.2599999999999998,0.002232189619927876,1.391304347826087,1.103448275862069,1.4068965517241379,0.9864492368385268,301,0.0231023102310231,1.006468338183528,0.19888475836431227,386.0,1.0,0.7,0.0,0.0,0.0,3.0,0.8809484776369559,1,Organizacion,Contenedores,NOA,Mediano,Proveedor E,0,0,embargo
2025-11-01,T26,SKU00799,2,5.0,6.0,1.1666666666666667,0.8827348295047494,1.4285714285714286,8.0,0,0,3,0.0,2.571428571428571,39,3.9327731092436977,14,0,28,0.0,0.0,0.0,0.0,0,0.0,0.0,0.0,22,28,21,1200,11,1.0,2.0,3.0,19,0,4.0,-1.4285714285714288,0.0012500261871596105,1.0769230769230769,1.0084033613445378,2.823529411764706,0.9864492368385268,301,0.0231023102310231,0.9716751126625561,1.404096834264432,63.0,3.0,4.3,0.0,0.0,0.0,3.0,0.9303262546194456,1,Decoracion,Espejos,NOA,Mediano,Proveedor G,0,0,embargo
2025-11-01,T27,SKU00577,3,7.0,19.0,2.5833333333333335,0.5825969152354398,0.9032258064516129,11.0,0,0,25,0.0,9.67741935483871,236,5.2154696132596685,14,0,60,0.0,0.0,0.0,0.0,0,0.0,2.0,30.0,23,11,36,1200,11,2.0,2.0,5.0,22,0,9.375,0.30241935483870996,0.0026568285725606933,1.4830508474576272,1.0239410681399632,1.3259668508287292,1.0030813423629146,292,0.034013605442176874,0.9792208483858655,0.2529002320185615,108.0,2.0,5.5,0.0,1.0,0.0,3.0,0.9175765922858219,1,Muebles,Sillas,AMBA,Chico,Proveedor H,0,0,embargo
2025-12-01,T01,SKU00268,7,34.0,87.0,13.25,0.39692008217772917,0.8553459119496856,12.0,0,0,103,39.0,7.773584905660377,673,5.68332160450387,9,0,247,0.0,0.0,0.0,0.0,0,0.0,1.0,30.0,27,25,153,800,12,13.0,14.0,25.0,23,0,4.7407407407407405,3.032844164919637,0.015440119710637636,1.3774145616641904,0.8951442646023926,2.0858550316678395,0.9943825524335183,271,0.03237410071942446,0.9680866019963448,0.8127572016460906,306.0,2.0,5.8,0.0,0.0,0.0,2.0,0.937213859836488,0,Organizacion,Percheros,Cuyo,Grande,Proveedor D,0,0,embargo
2025-12-01,T01,SKU00376,6,18.0,35.0,5.416666666666667,0.4753187543487113,1.1076923076923075,12.0,0,0,39,6.0,7.199999999999999,402,5.277899343544857,12,0,153,0.0,0.0,0.0,0.0,0,0.0,1.0,30.0,26,52,155,800,12,2.0,10.0,10.0,24,0,6.092307692307692,1.1076923076923073,0.006311998623845575,1.164179104477612,0.9146608315098468,2.008752735229759,0.9943825524335183,271,0.03237410071942446,0.9680866019963448,0.20987654320987653,155.0,1.0,11.0,0.0,0.0,0.0,2.0,0.937213859836488,0,Organizacion,Percheros,Cuyo,Grande,Proveedor J,0,0,embargo
2025-12-01,T03,SKU00136,13,36.0,68.0,11.083333333333334,0.27328431797604397,1.0827067669172932,12.0,0,0,106,-28.0,9.56390977443609,1410,5.465116279069767,20,0,550,0.0,0.0,0.0,0.0,0,0.0,1.0,25.0,19,31,182,450,12,14.0,9.0,15.0,17,0,12.0,-2.4360902255639107,0.012533623199461988,1.50354609929078,0.983204134366925,2.131782945736434,1.0418927676184342,264,0.018867924528301886,1.0404602701001118,1.6666666666666667,182.0,1.0,3.4,0.0,1.0,0.0,2.0,0.8949237892478519,0,Cocina y mesa,Cristaleria,Cuyo,Chico,Proveedor I,0,0,embargo
2025-12-01,T03,SKU00141,3,14.0,23.0,3.6666666666666665,0.40840162316052353,1.272727272727273,11.0,0,0,15,-3.0,4.090909090909091,325,5.847076461769115,18,0,79,0.0,192.0,42.0,0.0,0,0.0,1.0,15.0,23,46,192,450,12,5.0,6.0,6.0,22,0,5.538461538461538,-1.4475524475524475,0.004146461810348326,0.8307692307692307,1.1754122938530733,1.4212893553223387,1.0418927676184342,264,0.018867924528301886,1.058337744838539,1.3695652173913044,0.0,0.0,21.7,42.0,0.0,0.0,4.0,0.8907417381348197,0,Bano,Accesorios de bano,Cuyo,Chico,Proveedor B,0,0,embargo
2025-12-01,T03,SKU00173,2,8.0,13.0,1.5833333333333333,0.783228890129776,1.6842105263157894,9.0,0,0,3,3.0,1.8947368421052633,129,4.461095100864553,16,0,30,0.0,0.0,0.0,0.0,0,0.0,1.0,5.0,20,25,153,450,12,4.0,2.0,4.0,17,0,0.0,1.8947368421052633,0.001790517599923141,0.37209302325581395,0.829971181556196,1.037463976945245,1.0418927676184342,264,0.018867924528301886,1.0700743024541124,1.34375,459.0,2.0,4.3,0.0,0.0,0.0,3.0,0.9100243551494653,0,Decoracion,Plantas artificiales,Cuyo,Chico,Proveedor D,0,0,embargo
2025-12-01,T04,SKU00430,0,1.0,1.0,0.4166666666666667,1.2358287613066494,0.7999999999999999,5.0,1,0,5,1.0,12.0,152,5.6645962732919255,20,0,30,0.0,0.0,0.0,0.0,0,0.0,1.0,5.0,24,32,147,450,12,1.0,0.0,1.0,21,0,12.0,0.0,0.0004295778841254756,0.6578947368421053,0.9316770186335405,1.1180124223602486,0.9804685627279854,308,0.022435897435897436,0.9799075326696288,1.0595903165735567,441.0,1.0,7.4,0.0,0.0,0.0,3.0,0.8924388490533741,0,Decoracion,Espejos,Centro,Grande,Proveedor A,0,1,embargo
2025-12-01,T04,SKU00724,0,1.0,4.0,0.6666666666666666,1.1677484162422844,0.5,8.0,1,0,3,1.0,4.5,63,5.6,17,0,18,193.0,0.0,0.0,0.0,0,0.0,0.0,0.0,37,37,193,450,12,1.0,0.0,2.0,36,0,3.0,1.5,0.0006873246146007608,0.8095238095238095,0.8592592592592592,1.6,0.9804685627279854,308,0.022435897435897436,0.9566197575912518,1.0,193.0,1.0,1.1,0.0,0.0,0.0,2.0,0.8954949312202819,0,Muebles,Estanterias,Centro,Grande,Proveedor E,0,0,embargo
2025-12-01,T05,SKU00413,0,1.0,3.0,0.8333333333333334,1.1249242398733106,0.39999999999999997,7.0,2,0,3,0.0,3.5999999999999996,54,4.207792207792208,17,0,24,0.0,0.0,0.0,0.0,0,0.0,1.0,5.0,20,11,36,450,12,0.0,1.0,3.0,19,0,3.5999999999999996,0.0,0.0008662442069918658,0.9444444444444445,0.935064935064935,1.87012987012987,0.9857859075567432,288,0.037800687285223365,0.9413787618261285,1.6182495344506518,36.0,1.0,9.4,0.0,0.0,0.0,3.0,0.9317085324288351,0,Decoracion,Espejos,AMBA,Mediano,Proveedor H,0,0,embargo
2025-12-01,T05,SKU00497,5,11.0,19.0,3.8333333333333335,0.5543187623164653,0.9565217391304347,12.0,0,0,11,-12.0,2.869565217391304,246,6.739726027397261,12,1,46,0.0,0.0,0.0,0.0,0,0.0,1.0,25.0,37,25,153,450,12,4.0,2.0,8.0,34,0,6.272727272727273,-3.403162055335969,0.003984723352162582,0.5365853658536586,0.8310502283105022,1.2602739726027397,0.9857859075567432,288,0.037800687285223365,0.9073914173380166,0.11031175059952038,306.0,2.0,3.9,0.0,0.0,0.0,2.0,0.8965589895981096,0,Cocina y mesa,Cubiertos,AMBA,Mediano,Proveedor D,0,0,embargo
2025-12-01,T05,SKU00734,0,0.0,5.0,1.5833333333333333,0.9505528616999284,0.0,8.0,3,0,8,3.0,5.052631578947369,171,5.780281690140845,18,0,29,0.0,0.0,0.0,0.0,0,0.0,1.0,30.0,40,52,155,450,12,0.0,0.0,4.0,35,0,2.7272727272727275,2.3253588516746415,0.0016458639932845447,0.8421052631578947,0.8901408450704226,0.9802816901408451,0.9857859075567432,288,0.037800687285223365,0.9952191851776878,1.6189591078066914,465.0,2.0,3.7,0.0,0.0,0.0,2.0,0.880623918826665,0,Organizacion,Contenedores,AMBA,Mediano,Proveedor J,0,0,embargo
2025-12-01,T06,SKU00375,16,38.0,74.0,12.416666666666666,0.37690513803629394,1.0201342281879195,12.0,0,0,68,-13.0,5.476510067114094,632,4.886597938144329,10,0,162,0.0,0.0,0.0,0.0,0,0.0,1.0,5.0,28,10,35,1500,12,5.0,17.0,19.0,24,0,6.9928057553956835,-1.5162956882815894,0.01577092510205808,1.0759493670886076,0.9304123711340205,1.2525773195876289,1.045326552402185,267,0.01838235294117647,1.0366909993463544,0.7061143984220908,0.0,0.0,15.0,0.0,0.0,0.0,3.0,0.9248735837140974,0,Decoracion,Cuadros,Centro,Mediano,Proveedor C,0,0,embargo
2025-12-01,T07,SKU00316,0,0.0,5.0,0.5833333333333334,1.35936250474073,0.0,5.0,3,0,2,-1.0,3.4285714285714284,52,4.1879194630872485,18,1,28,153.0,0.0,0.0,0.0,0,0.0,1.0,25.0,21,25,153,800,12,0.0,0.0,2.0,20,0,4.0,-0.5714285714285716,0.0006631477866058501,0.6923076923076923,1.0201342281879195,2.25503355704698,0.9863849648771587,282,0.021052631578947368,0.997805513646962,0.7055961070559611,765.0,4.0,0.8,41.0,0.0,0.0,2.0,0.8964642266568349,0,Cocina y mesa,Cristaleria,Centro,Mediano,Proveedor D,0,0,embargo
2025-12-01,T09,SKU00432,0,2.0,5.0,0.8571428571428571,1.0496913126495104,0.7777777777777778,4.0,1,0,10,2.0,11.666666666666668,162,7.215270413573701,18,4,56,384.0,0.0,0.0,0.0,0,0.0,1.0,30.0,7,46,192,600,12,2.0,0.0,2.0,6,1,8.0,3.666666666666668,0.000905268422183816,1.1111111111111112,0.9353128313891834,2.494167550371156,1.0001707284427528,300,0.03,0.8950002828207991,1.2954545454545454,1152.0,6.0,1.1,0.0,1.0,0.0,2.0,0.9060190666252413,0,Organizacion,Cajas,NOA,Mediano,Proveedor B,1,1,embargo
2025-12-01,T10,SKU00592,0,5.0,6.0,0.6666666666666666,1.7320508075688772,2.5000000000000004,5.0,1,0,4,2.0,6.0,21,4.0,8,0,21,0.0,0.0,0.0,0.0,0,0.0,0.0,0.0,15,46,192,450,12,4.0,1.0,4.0,12,0,6.666666666666667,-0.666666666666667,0.0007503682407779012,1.5238095238095237,1.26984126984127,4.0,0.9904860778268296,278,0.028368794326241134,1.0251679924522341,1.5,192.0,1.0,6.9,0.0,0.0,0.0,2.0,0.9652097966755874,0,Muebles,Mesas auxiliares,AMBA,Mediano,Proveedor B,0,0,embargo
2025-12-01,T11,SKU00568,1,4.0,9.0,1.6666666666666667,0.8984835709531517,0.7999999999999999,9.0,0,0,7,2.0,4.2,57,5.221374045801527,7,0,25,0.0,0.0,0.0,0.0,0,0.0,0.0,0.0,14,52,155,800,12,2.0,1.0,5.0,12,0,3.125,1.0750000000000002,0.0018350574134651271,0.8596491228070176,0.8244274809160306,2.290076335877863,1.00928157740582,288,0.020338983050847456,1.0533187502142285,0.618421052631579,155.0,1.0,4.7,0.0,1.0,0.0,2.0,0.9137811264164175,0,Muebles,Racks,AMBA,Grande,Proveedor J,0,0,embargo
2025-12-01,T12,SKU00490,2,10.0,21.0,2.75,1.0530625081782796,1.2121212121212122,11.0,0,0,14,2.0,5.090909090909091,222,5.6923076923076925,12,0,71,0.0,0.0,0.0,59.0,0,0.0,1.0,5.0,15,25,153,1200,12,4.0,4.0,5.0,13,0,4.125,0.9659090909090908,0.003342140338590427,0.7567567567567568,0.9316239316239316,1.8205128205128205,0.9860326768641333,271,0.029304029304029304,1.0207688908528503,0.1952662721893491,153.0,1.0,9.0,0.0,0.0,0.0,3.0,0.9603496977949585,0,Decoracion,Cuadros,Cuyo,Chico,Proveedor D,0,0,embargo
2025-12-01,T12,SKU00503,0,1.0,4.0,0.6666666666666666,0.7385489458759965,0.5,8.0,1,0,5,2.0,7.5,61,5.304347826086956,18,1,17,0.0,0.0,0.0,0.0,0,0.0,0.0,0.0,30,11,36,1200,12,1.0,0.0,1.0,29,0,3.5999999999999996,3.9000000000000004,0.0008102158396582853,1.4754098360655739,0.8115942028985508,1.4782608695652173,0.9860326768641333,271,0.029304029304029304,1.0140619502311303,0.14617169373549885,0.0,0.0,12.3,0.0,0.0,0.0,2.0,0.8909799935142619,0,Muebles,Sillas,Cuyo,Chico,Proveedor H,0,0,embargo
2025-12-01,T13,SKU00013,7,18.0,36.0,5.916666666666667,0.3011223168260997,1.0140845070422535,12.0,0,0,33,7.0,5.577464788732394,569,5.5602605863192185,15,0,189,0.0,0.0,0.0,0.0,0,0.0,1.0,5.0,46,32,147,1200,12,4.0,7.0,9.0,42,0,4.0519480519480515,1.5255167367843425,0.006359413533418271,0.8699472759226714,1.0456026058631922,1.8469055374592835,1.0160730580717867,298,0.023255813953488372,1.0156242210323752,0.24737945492662475,0.0,0.0,16.3,0.0,0.0,0.0,3.0,0.9178642068573344,0,Decoracion,Velas,Centro,Chico,Proveedor A,0,0,embargo
2025-12-01,T13,SKU00066,2,8.0,26.0,3.875,0.5923048484077282,0.6881720430107526,8.0,0,0,14,-3.0,3.6129032258064515,101,5.233913919677559,6,0,22,0.0,0.0,0.0,0.0,0,0.0,0.0,0.0,10,11,36,1200,12,3.0,3.0,8.0,7,1,3.695652173913044,-0.08274894810659239,0.004164968018365487,0.8316831683168318,0.9327767381603571,1.1400604577515476,1.0160730580717867,298,0.023255813953488372,0.9969949077697577,1.7233560090702948,36.0,1.0,8.1,0.0,0.0,0.0,2.0,0.9228268465350118,0,Muebles,Estanterias,Centro,Chico,Proveedor H,0,0,embargo
2025-12-01,T14,SKU00223,1,2.0,4.0,0.5833333333333334,1.1460992972940367,1.1428571428571428,6.0,0,0,3,-2.0,5.142857142857142,22,4.631578947368421,7,0,1,0.0,0.0,0.0,0.0,0,0.0,1.0,15.0,22,52,155,1500,12,0.0,1.0,2.0,20,0,10.0,-4.857142857142858,0.0007209909813703867,0.9545454545454546,0.9824561403508772,0.21052631578947367,1.0023834615280862,269,0.0364963503649635,1.0610977846761676,1.387434554973822,0.0,0.0,13.6,0.0,0.0,0.0,4.0,0.8617435868858413,0,Bano,Cortinas de bano,AMBA,Grande,Proveedor J,0,0,embargo
2025-12-01,T16,SKU00481,2,4.0,11.0,1.5833333333333333,0.6291820546709191,0.8421052631578947,10.0,0,0,6,-7.0,3.7894736842105265,136,5.180952380952381,16,0,39,0.0,0.0,0.0,0.0,0,0.0,1.0,5.0,36,46,192,600,12,1.0,1.0,3.0,34,0,7.8,-4.010526315789473,0.0018921552553696102,0.7058823529411765,1.0412698412698411,1.4857142857142858,1.035307686043288,266,0.007407407407407408,1.0828639451832067,1.1132075471698113,0.0,0.0,19.6,0.0,0.0,0.0,3.0,0.9214909866042721,0,Decoracion,Velas,NOA,Grande,Proveedor B,0,0,embargo
2025-12-01,T16,SKU00664,12,39.0,67.0,9.416666666666666,0.7703968287528726,1.3805309734513276,11.0,0,0,74,11.0,7.858407079646018,1090,6.0979020979020975,14,0,280,0.0,0.0,0.0,0.0,0,0.0,0.0,0.0,18,37,193,600,12,15.0,12.0,15.0,16,0,6.24793388429752,1.610473195348498,0.011253344413513998,0.9504587155963302,1.0293706293706293,1.5664335664335665,1.035307686043288,266,0.007407407407407408,1.0555147304429153,1.84375,193.0,1.0,9.6,0.0,1.0,0.0,1.0,0.945998068920392,0,Textil hogar,Sabanas,NOA,Grande,Proveedor E,0,0,embargo
2025-12-01,T17,SKU00339,2,3.0,3.0,0.5555555555555556,1.5874507866387544,1.7999999999999998,3.0,0,0,2,-1.0,3.5999999999999996,35,4.797389175958662,11,1,26,306.0,0.0,2.0,0.0,0,0.0,1.0,25.0,9,25,153,600,12,0.0,1.0,2.0,8,1,9.0,-5.4,0.0006073999456495373,0.6285714285714286,1.0965460973619798,3.5637748164264345,0.9807079522457429,280,0.03546099290780142,0.9447113329258754,0.1606714628297362,1224.0,4.0,2.8,60.0,0.0,0.0,2.0,0.8560776178889828,0,Cocina y mesa,Cubiertos,Centro,Chico,Proveedor D,0,0,embargo
2025-12-01,T19,SKU00722,4,11.0,17.0,2.75,0.7456359384224764,1.3333333333333333,11.0,0,0,19,7.0,6.909090909090909,279,5.247648902821317,16,1,96,0.0,0.0,0.0,5.0,0,0.0,0.0,0.0,31,46,192,800,12,2.0,5.0,6.0,30,0,4.0,2.909090909090909,0.0028336244275599136,1.0896057347670252,1.059561128526646,1.8056426332288402,1.0166700976457386,296,0.02666666666666667,1.0171294923740817,1.6699751861042185,192.0,1.0,6.9,0.0,0.0,0.0,1.0,0.9167975482824632,0,Iluminacion,Lamparas de mesa,Cuyo,Mediano,Proveedor B,0,0,embargo
2025-12-01,T21,SKU00204,9,31.0,61.0,11.833333333333334,0.3338409028662285,0.8732394366197184,12.0,0,0,61,-38.0,5.154929577464788,949,4.457142857142857,16,0,526,0.0,0.0,0.0,0.0,0,0.0,1.0,25.0,42,56,52,600,12,13.0,9.0,21.0,37,0,7.764705882352941,-2.609776304888153,0.012740814879245803,1.0284510010537409,1.0066536203522505,2.4704500978473583,0.9736853737294046,291,0.010169491525423728,0.976723759332455,1.4817518248175183,156.0,3.0,6.7,0.0,0.0,0.0,2.0,0.9319142280458002,0,Cocina y mesa,Cristaleria,Cuyo,Grande,Proveedor F,0,0,embargo
2025-12-01,T21,SKU00484,0,2.0,2.0,0.25,2.486326242032244,2.6666666666666665,2.0,1,0,2,-4.0,8.0,34,4.7441860465116275,12,0,3,193.0,0.0,0.0,0.0,0,0.0,1.0,25.0,25,37,193,600,12,2.0,0.0,2.0,22,0,36.0,-28.0,0.0002691721453361789,0.7058823529411764,0.9302325581395349,0.41860465116279066,0.9736853737294046,291,0.010169491525423728,0.976723759332455,1.5523114355231145,386.0,2.0,1.3,0.0,1.0,0.0,2.0,0.9319142280458002,0,Cocina y mesa,Cristaleria,Cuyo,Grande,Proveedor E,0,0,embargo
2025-12-01,T22,SKU00410,6,11.0,16.0,3.0833333333333335,0.6839299258226819,1.189189189189189,12.0,0,0,10,-11.0,3.243243243243243,233,5.285444234404537,13,0,111,0.0,0.0,0.0,0.0,0,0.0,1.0,5.0,38,28,21,1500,12,1.0,4.0,7.0,35,0,7.411764705882352,-4.168521462639109,0.003336313257916337,0.5579399141630901,1.0207939508506616,2.5179584120982987,0.9911555494869292,299,0.029801324503311258,0.9974250825395321,1.4161735700197238,0.0,0.0,23.0,0.0,1.0,0.0,3.0,0.8830640810628025,0,Decoracion,Cuadros,AMBA,Mediano,Proveedor G,0,0,embargo
2025-12-01,T23,SKU00209,7,10.0,21.0,3.5833333333333335,0.7379495553166523,0.9302325581395349,11.0,0,0,8,-16.0,2.2325581395348837,300,4.609475032010244,18,0,76,0.0,0.0,0.0,0.0,0,0.0,1.0,15.0,45,25,153,450,12,0.0,3.0,8.0,42,0,7.578947368421053,-5.346389228886169,0.003939919499983639,0.48,1.0089628681177978,1.1677336747759284,0.9679374325076083,288,0.006920415224913495,0.84186100141247,0.34408602150537637,306.0,1.0,3.2,0.0,0.0,0.0,4.0,0.8981349643436547,0,Bano,Alfombras de bano,AMBA,Mediano,Proveedor D,0,0,embargo
2025-12-01,T23,SKU00716,3,8.0,14.0,1.9166666666666667,0.8161457164961892,1.391304347826087,9.0,0,0,12,3.0,6.260869565217391,93,4.810344827586207,12,0,22,0.0,386.0,0.0,0.0,0,0.0,0.0,0.0,22,37,193,450,12,2.0,3.0,5.0,19,0,4.695652173913043,1.5652173913043477,0.00210739880231683,1.5483870967741935,1.0862068965517242,1.1379310344827587,0.9679374325076083,288,0.006920415224913495,0.9173138419369576,0.42431761786600497,193.0,1.0,8.3,0.0,0.0,0.0,1.0,0.8873898178367398,0,Iluminacion,Lamparas de mesa,AMBA,Mediano,Proveedor E,0,0,embargo
2025-12-01,T23,SKU00749,1,1.0,4.0,0.75,1.1547005383792517,0.4444444444444444,6.0,0,0,5,1.0,6.666666666666667,51,5.941747572815534,14,1,21,0.0,0.0,0.0,0.0,0,0.0,1.0,15.0,30,56,52,450,12,0.0,0.0,2.0,29,0,4.8,1.8666666666666671,0.0008246343139500638,1.3725490196078431,0.8932038834951456,2.4466019417475726,0.9679374325076083,288,0.006920415224913495,0.84186100141247,2.329842931937173,0.0,0.0,,0.0,0.0,0.0,4.0,0.8981349643436547,0,Bano,Cortinas de bano,AMBA,Mediano,Proveedor F,0,0,embargo
2025-12-01,T24,SKU00383,14,41.0,84.0,14.166666666666666,0.22288113141704635,0.9647058823529412,12.0,0,0,78,-34.0,5.5058823529411764,1400,5.474095796676441,19,0,313,384.0,0.0,0.0,0.0,0,0.0,0.0,0.0,39,46,192,800,12,13.0,14.0,19.0,37,0,7.724137931034483,-2.2182555780933066,0.013841967173706112,1.0585714285714285,0.9553600521342457,1.2238514173998045,0.975777262409965,303,0.0392156862745098,0.972365457874687,1.4540942928039702,384.0,1.0,1.3,0.0,0.0,0.0,1.0,0.9288214987776006,0,Iluminacion,Lamparas de mesa,AMBA,Grande,Proveedor B,0,0,embargo
2025-12-01,T24,SKU00417,20,43.0,82.0,13.666666666666666,0.287763535682978,1.048780487804878,6.0,0,0,71,27.0,5.195121951219512,1139,5.310848616723655,16,0,539,0.0,0.0,0.0,0.0,0,0.0,0.0,0.0,6,10,35,800,12,14.0,9.0,20.0,5,1,3.3846153846153846,1.8105065666041278,0.013353427155810603,0.9973661106233538,0.9884986011812248,2.513211066210755,0.975777262409965,303,0.0392156862745098,1.0035406303625343,1.9375,105.0,2.0,3.8,0.0,0.0,0.0,1.0,0.8988088441246463,0,Textil hogar,Sabanas,AMBA,Grande,Proveedor C,0,0,embargo
2025-12-01,T24,SKU00539,2,4.0,5.0,0.4166666666666667,1.9031075066370218,3.1999999999999997,3.0,0,0,2,0.0,4.8,35,7.636363636363637,11,2,15,0.0,0.0,0.0,0.0,0,0.0,0.0,0.0,20,37,193,800,12,0.0,2.0,2.0,17,0,8.0,-3.2,0.0004071166815795916,0.6285714285714286,1.7454545454545456,3.272727272727273,0.975777262409965,303,0.0392156862745098,0.972365457874687,1.2229166666666667,0.0,0.0,,0.0,1.0,0.0,1.0,0.9288214987776006,0,Iluminacion,Guirnaldas,AMBA,Grande,Proveedor E,0,0,embargo
2025-12-01,T25,SKU00210,2,4.0,9.0,1.9166666666666667,0.46974085428444506,0.6956521739130435,12.0,0,0,10,4.0,5.217391304347826,61,5.587786259541985,7,0,28,0.0,0.0,0.0,0.0,0,0.0,0.0,0.0,21,10,35,1500,12,1.0,1.0,3.0,18,0,2.88,2.3373913043478263,0.002210620958142955,1.1475409836065575,1.0076335877862597,2.5648854961832064,1.022268022209064,276,0.02877697841726619,0.9804091790375322,1.5038560411311055,140.0,3.0,4.4,0.0,1.0,0.0,1.0,0.9868416420707261,0,Textil hogar,Toallas,Centro,Grande,Proveedor C,0,0,embargo
2025-12-01,T26,SKU00061,6,12.0,20.0,3.6666666666666665,0.45537115087457564,1.090909090909091,12.0,0,0,17,-3.0,4.636363636363637,226,5.54601226993865,12,0,84,36.0,0.0,39.0,0.0,0,0.0,1.0,25.0,30,11,36,1200,12,2.0,4.0,6.0,26,0,5.333333333333333,-0.6969696969696964,0.003961835255866773,0.9026548672566372,0.9079754601226994,2.061349693251534,1.0005434855270814,294,0.017006802721088437,1.0095492360867349,1.057649667405765,36.0,1.0,3.0,39.0,0.0,0.0,2.0,0.9157300009012742,0,Cocina y mesa,Vajilla,NOA,Mediano,Proveedor H,0,0,embargo
2025-12-01,T26,SKU00689,10,42.0,87.0,14.333333333333334,0.18126113102464994,0.9767441860465116,9.0,0,0,62,4.0,4.325581395348837,751,4.81067615658363,12,0,256,0.0,0.0,55.0,0.0,0,0.0,1.0,15.0,9,11,36,1200,12,18.0,14.0,18.0,8,1,4.0,0.3255813953488369,0.015487174182024659,0.9906790945406124,0.9352313167259786,1.6398576512455516,1.0005434855270814,294,0.017006802721088437,1.0428661906955319,0.4743083003952569,108.0,1.0,5.2,55.0,0.0,0.0,4.0,0.9028257143290931,0,Bano,Accesorios de bano,NOA,Mediano,Proveedor H,0,0,embargo
2026-01-01,T01,SKU00136,11,35.0,67.0,12.583333333333334,0.23096957054657669,0.9271523178807947,12.0,0,0,99,14.0,7.8675496688741715,1195,5.235487404162103,18,0,306,0.0,0.0,0.0,0.0,0,0.0,0.0,0.0,20,31,182,800,1,13.0,11.0,18.0,18,0,6.666666666666667,1.2008830022075045,0.01529155552878441,1.491213389121339,0.9039795545819642,1.3406352683461118,0.9584058379100374,263,0.026615969581749048,0.9853697113483592,1.6666666666666667,182.0,1.0,4.4,0.0,1.0,0.0,2.0,0.8546853747251913,0,Cocina y mesa,Cristaleria,Cuyo,Grande,Proveedor I,0,0,test
2026-01-01,T02,SKU00196,7,21.0,39.0,6.083333333333333,0.35366495349833654,1.1506849315068495,12.0,0,0,34,-13.0,5.589041095890411,604,5.503416856492027,17,0,210,193.0,0.0,0.0,0.0,0,0.0,0.0,0.0,29,37,193,450,1,6.0,8.0,9.0,26,0,7.324675324675324,-1.735634228784913,0.007049615067940806,0.956953642384106,0.9567198177676538,1.9134396355353076,0.9784479434024145,256,0.007782101167315175,0.9437711213106326,1.1824953445065176,772.0,3.0,2.7,0.0,0.0,0.0,3.0,0.9277295554716941,0,Decoracion,Espejos,AMBA,Grande,Proveedor E,0,0,test
2026-01-01,T02,SKU00770,1,4.0,9.0,1.4285714285714286,0.37416573867739417,0.9333333333333332,7.0,0,0,9,0.0,6.3,96,5.084489281210592,11,0,22,0.0,0.0,0.0,0.0,0,0.0,0.0,0.0,7,32,147,450,1,2.0,1.0,2.0,6,1,6.0,0.2999999999999998,0.0016554869044087999,1.03125,0.8650693568726354,1.1651954602774273,0.9784479434024145,256,0.007782101167315175,0.962945111347042,0.7964426877470355,294.0,1.0,5.9,0.0,0.0,0.0,4.0,0.9040107704691286,0,Bano,Accesorios de bano,AMBA,Grande,Proveedor A,0,0,test
2026-01-01,T04,SKU00434,0,0.0,2.0,0.42857142857142855,1.8358568490953675,0.0,2.0,4,0,3,0.0,7.0,53,4.231939163498099,17,0,33,52.0,0.0,0.0,0.0,0,0.0,0.0,0.0,7,56,52,450,1,0.0,0.0,2.0,6,1,4.0,3.0,0.00046634461933109145,0.9622641509433962,1.1977186311787071,2.634980988593156,0.9673541886991274,294,0.010135135135135136,0.9049131692505368,1.1640316205533596,52.0,1.0,2.8,0.0,1.0,0.0,4.0,0.9066106157078682,0,Bano,Accesorios de bano,Centro,Grande,Proveedor F,0,1,test
2026-01-01,T04,SKU00572,1,3.0,5.0,0.6666666666666666,0.9770084209183942,1.5,7.0,0,0,4,2.0,6.0,59,5.2444444444444445,17,1,19,0.0,108.0,0.0,0.0,0,0.0,0.0,0.0,41,11,36,450,1,1.0,1.0,2.0,38,0,4.0,2.0,0.00072542496340392,1.152542372881356,1.0962962962962963,1.6888888888888889,0.9673541886991274,294,0.010135135135135136,0.9588704295599031,0.1630170316301703,0.0,0.0,13.1,0.0,0.0,0.0,2.0,0.9109987570438941,0,Cocina y mesa,Cristaleria,Centro,Grande,Proveedor H,0,0,test
2026-01-01,T07,SKU00190,4,12.0,29.0,5.75,0.457884283243465,0.6956521739130435,12.0,0,0,48,-6.0,8.347826086956522,517,5.329896907216495,16,0,212,0.0,0.0,0.0,0.0,0,0.0,0.0,0.0,39,11,36,800,1,3.0,5.0,11.0,38,0,9.0,-0.6521739130434785,0.006858900045700182,1.4854932301740813,1.0103092783505154,2.185567010309278,0.9606436237919791,272,0.01838235294117647,0.9809200697211156,0.9960552268244576,36.0,1.0,4.1,0.0,0.0,0.0,3.0,0.8986323418234741,0,Decoracion,Cuadros,Centro,Mediano,Proveedor H,0,0,test
2026-01-01,T07,SKU00527,2,8.0,11.0,1.4,0.7678340712665287,1.9047619047619049,8.0,0,0,2,0.0,1.4285714285714286,40,3.8196286472148544,14,1,17,104.0,0.0,0.0,0.0,0,0.0,0.0,0.0,10,56,52,800,1,3.0,3.0,3.0,9,1,2.3333333333333335,-0.9047619047619049,0.0016699930546052615,0.7,0.9867374005305041,1.623342175066313,0.9606436237919791,272,0.01838235294117647,1.0478259915278418,1.7396593673965937,156.0,3.0,1.8,0.0,1.0,0.0,2.0,0.9114643038879198,0,Cocina y mesa,Cristaleria,Centro,Mediano,Proveedor F,0,0,test
2026-01-01,T08,SKU00292,1,3.0,5.0,0.8333333333333334,1.0018165319240662,1.2,7.0,0,0,3,1.0,3.5999999999999996,21,6.63157894736842,7,1,10,0.0,0.0,0.0,0.0,0,0.0,0.0,0.0,15,11,36,600,1,0.0,2.0,2.0,14,0,2.0,1.5999999999999996,0.0009798995038823957,1.0,0.631578947368421,3.157894736842105,0.9626532726140655,256,0.0234375,1.0056723079784267,1.993273542600897,360.0,6.0,3.7,0.0,0.0,0.0,1.0,0.9268966645099402,0,Textil hogar,Cortinas,Patagonia,Grande,Proveedor H,0,0,test
2026-01-01,T10,SKU00097,3,14.0,23.0,3.8333333333333335,0.4563805541141835,1.2173913043478262,12.0,0,0,15,13.0,3.9130434782608696,272,5.068322981366459,16,0,73,0.0,0.0,0.0,0.0,0,0.0,0.0,0.0,19,25,153,450,1,5.0,6.0,7.0,18,0,0.6315789473684211,3.2814645308924484,0.0047069877949215124,0.8823529411764706,1.0062111801242237,1.360248447204969,0.9549045674392945,261,0.022813688212927757,0.8736474189593597,1.1415270018621975,0.0,0.0,16.7,0.0,1.0,0.0,3.0,0.8806966217128237,0,Decoracion,Espejos,AMBA,Mediano,Proveedor D,0,0,test
2026-01-01,T10,SKU00470,1,2.0,6.0,1.0,1.0,0.6666666666666666,5.0,0,0,3,-1.0,3.0,21,3.520958083832335,7,1,2,0.0,0.0,0.0,0.0,0,0.0,0.0,0.0,7,37,193,450,1,0.0,1.0,3.0,6,1,3.2,-0.20000000000000018,0.0012279098595447421,1.0,1.0059880239520957,0.33532934131736525,0.9549045674392945,261,0.022813688212927757,0.9457910938803866,0.6962809917355371,0.0,0.0,,0.0,0.0,0.0,1.0,0.920353070514497,0,Textil hogar,Acolchados,AMBA,Mediano,Proveedor E,0,0,test
2026-01-01,T12,SKU00753,1,4.0,6.0,1.2,0.6972166887783964,1.1111111111111112,4.0,0,0,10,0.0,8.333333333333334,146,5.157275021026072,17,0,47,0.0,0.0,0.0,0.0,0,0.0,0.0,0.0,7,46,192,1200,1,1.0,2.0,2.0,4,1,10.0,-1.666666666666666,0.0015157293141839754,1.1643835616438356,1.0008410428931875,1.6602186711522287,0.9549094679359046,255,0.01953125,0.8554435229954036,1.7757847533632287,192.0,1.0,6.2,0.0,1.0,0.0,1.0,0.8928067091740572,0,Textil hogar,Cortinas,Cuyo,Chico,Proveedor B,1,0,test
2026-01-01,T13,SKU00331,1,2.0,4.0,0.5833333333333334,1.146099297294037,1.1428571428571428,6.0,0,0,3,0.0,5.142857142857142,18,6.749999999999999,5,0,0,0.0,0.0,0.0,0.0,0,0.0,0.0,0.0,23,37,193,1200,1,1.0,0.0,2.0,21,0,6.0,-0.8571428571428577,0.00070456724277348,0.8333333333333333,0.37499999999999994,0.0,0.9791471625286304,269,0.02214022140221402,0.9446817833278562,0.050314465408805034,193.0,1.0,4.1,0.0,0.0,0.0,3.0,0.9213911376670427,0,Decoracion,Velas,Centro,Chico,Proveedor E,0,0,test
2026-01-01,T18,SKU00405,5,22.0,41.0,6.083333333333333,0.3394889302396575,1.2054794520547945,12.0,0,0,32,8.0,5.26027397260274,348,5.553191489361702,10,0,101,0.0,0.0,0.0,0.0,0,0.0,0.0,0.0,34,32,147,1200,1,6.0,11.0,11.0,28,0,4.173913043478261,1.0863609291244796,0.007239253885051226,0.9195402298850576,0.8723404255319149,1.6117021276595744,0.9535981555979808,273,0.02564102564102564,1.0411009478791653,1.9074550128534704,0.0,0.0,13.7,0.0,0.0,0.0,1.0,0.9119307833621423,0,Textil hogar,Toallas,NOA,Mediano,Proveedor A,0,0,test
2026-01-01,T19,SKU00658,1,2.0,4.0,0.6666666666666666,0.9770084209183945,1.0,7.0,0,0,3,0.0,4.5,21,4.2,8,0,8,0.0,0.0,0.0,0.0,0,0.0,0.0,0.0,21,31,182,800,1,0.0,1.0,2.0,18,0,4.0,0.5,0.0007454279310958366,1.1428571428571428,1.2,1.6,0.9627201730102731,273,0.03272727272727273,0.9114583333333334,0.6763990267639902,0.0,0.0,15.0,0.0,0.0,0.0,2.0,0.9226214043251607,0,Cocina y mesa,Cristaleria,Cuyo,Mediano,Proveedor I,0,0,test
2026-01-01,T19,SKU00690,1,3.0,3.0,0.8333333333333334,1.0018165319240662,1.2,7.0,0,0,5,1.0,6.0,34,5.368421052631579,10,1,12,147.0,0.0,0.0,0.0,0,0.0,0.0,0.0,45,32,147,800,1,2.0,0.0,2.0,42,0,4.8,1.2000000000000002,0.0009317849138697959,1.4705882352941178,0.8947368421052633,1.8947368421052633,0.9627201730102731,273,0.03272727272727273,0.9663336287303755,1.1719077568134173,147.0,1.0,2.4,0.0,0.0,0.0,3.0,0.9024933519693176,0,Decoracion,Velas,Cuyo,Mediano,Proveedor A,0,0,test
2026-01-01,T21,SKU00459,4,13.0,23.0,3.25,0.4568526705191909,1.3333333333333333,11.0,0,0,18,4.0,5.538461538461538,262,4.998410174880763,16,0,111,386.0,0.0,0.0,0.0,0,0.0,0.0,0.0,17,37,193,600,1,3.0,6.0,6.0,15,0,4.2,1.3384615384615381,0.0038042858157526405,1.099236641221374,0.972972972972973,2.1176470588235294,0.948535263394325,272,0.047619047619047616,0.9429187727375166,0.7649667405764967,772.0,3.0,0.8,0.0,1.0,0.0,2.0,0.9458130367525404,0,Cocina y mesa,Vajilla,Cuyo,Grande,Proveedor E,0,0,test
2026-01-01,T22,SKU00010,1,3.0,6.0,1.8333333333333333,0.8000751279524595,0.5454545454545455,10.0,0,0,11,5.0,6.0,116,4.534201954397394,14,0,37,0.0,0.0,0.0,0.0,0,0.0,0.0,0.0,44,37,193,1500,1,1.0,1.0,4.0,41,0,2.88,3.12,0.002125334692120052,1.3275862068965516,0.9120521172638436,1.4462540716612378,0.919690284953768,283,0.024734982332155476,0.9802907963042513,0.691415313225058,0.0,0.0,18.4,0.0,0.0,0.0,2.0,0.8710482445840914,0,Muebles,Sillas,AMBA,Mediano,Proveedor E,0,0,test
2026-01-01,T22,SKU00582,1,1.0,5.0,0.5,1.3483997249264843,0.6666666666666666,5.0,0,0,1,1.0,2.0,39,5.142857142857143,13,1,12,0.0,0.0,0.0,0.0,0,0.0,0.0,0.0,15,56,52,1500,1,0.0,0.0,2.0,14,0,0.0,2.0,0.0005796367342145596,0.3333333333333333,0.7472527472527474,1.5824175824175826,0.919690284953768,283,0.024734982332155476,0.8805997440117023,1.0493827160493827,156.0,3.0,9.3,0.0,1.0,0.0,2.0,0.9054925872284363,0,Organizacion,Percheros,AMBA,Mediano,Proveedor F,0,0,test
2026-01-01,T23,SKU00045,0,1.0,1.0,0.5833333333333334,1.35936250474073,0.5714285714285714,5.0,1,0,3,2.0,5.142857142857142,24,5.052631578947368,8,1,15,0.0,0.0,0.0,0.0,0,0.0,0.0,0.0,22,25,153,450,1,1.0,0.0,2.0,20,0,1.5,3.6428571428571423,0.0007040424226269569,1.0,0.9824561403508772,3.1578947368421053,0.9208874887960595,254,0.023255813953488372,0.9332533483509219,1.4866071428571428,0.0,0.0,19.3,0.0,1.0,0.0,1.0,0.8496741747333972,0,Textil hogar,Sabanas,AMBA,Mediano,Proveedor D,0,0,test
2026-01-01,T23,SKU00415,2,7.0,12.0,1.5833333333333333,0.7354737807671462,1.473684210526316,10.0,0,0,11,-3.0,6.947368421052632,137,5.058461538461539,16,1,59,0.0,0.0,0.0,0.0,0,0.0,0.0,0.0,26,46,192,450,1,3.0,2.0,4.0,24,0,8.4,-1.4526315789473685,0.0019109722899874541,1.2846715328467153,1.0338461538461539,2.1784615384615384,0.9208874887960595,254,0.023255813953488372,0.9199345221711984,0.6682134570765661,576.0,1.0,6.1,0.0,0.0,0.0,2.0,0.8986592297813043,0,Muebles,Sillas,AMBA,Mediano,Proveedor B,0,0,test
2026-01-01,T23,SKU00715,2,5.0,11.0,1.5,0.5318160234783106,1.1111111111111112,11.0,0,0,9,0.0,6.0,69,5.273885350318471,8,0,27,0.0,0.0,0.0,0.0,0,0.0,0.0,0.0,40,56,52,450,1,1.0,2.0,3.0,36,0,6.0,0.0,0.0018103948010407462,1.0434782608695652,0.9426751592356688,2.0636942675159236,0.9208874887960595,254,0.023255813953488372,0.9332533483509219,0.6528925619834711,208.0,2.0,6.2,0.0,1.0,0.0,1.0,0.8496741747333972,0,Textil hogar,Acolchados,AMBA,Mediano,Proveedor F,0,0,test
2026-01-01,T24,SKU00783,1,2.0,11.0,1.5833333333333333,1.0240128745098491,0.42105263157894735,10.0,0,0,10,5.0,6.315789473684211,175,5.660377358490567,19,0,41,0.0,0.0,0.0,0.0,0,0.0,0.0,0.0,33,46,192,800,1,0.0,1.0,6.0,30,0,3.1578947368421053,3.1578947368421053,0.0017326975503193882,1.0857142857142856,0.8409703504043128,1.326145552560647,0.9469648085535015,273,0.025547445255474453,0.8878680124566557,1.1096491228070176,576.0,1.0,8.7,0.0,0.0,0.0,2.0,0.8582484543375682,0,Muebles,Racks,AMBA,Grande,Proveedor B,0,0,test
2026-01-01,T25,SKU00013,9,28.0,39.0,5.416666666666667,0.5307540283624,1.7230769230769232,12.0,0,0,44,-18.0,8.123076923076923,461,4.9837837837837835,13,0,170,0.0,0.0,0.0,0.0,0,0.0,0.0,0.0,47,32,147,1500,1,7.0,12.0,12.0,44,0,14.879999999999999,-6.756923076923076,0.006640733529720368,1.2407809110629069,1.1207207207207208,1.837837837837838,0.9738380308506853,266,0.029850746268656716,1.0103088533645848,0.24737945492662475,0.0,0.0,17.3,0.0,0.0,0.0,3.0,0.8909662639261325,0,Decoracion,Velas,Centro,Grande,Proveedor A,0,0,test
2026-01-01,T28,SKU00583,2,6.0,12.0,2.3333333333333335,0.6417739792522514,0.8571428571428571,11.0,0,0,7,-4.0,3.0,124,4.56441717791411,17,0,32,0.0,0.0,0.0,0.0,0,0.0,0.0,0.0,45,25,153,1500,1,1.0,3.0,5.0,42,0,4.888888888888889,-1.8888888888888893,0.002659148255244356,0.9596774193548387,1.01840490797546,1.1779141104294477,0.9819854628295228,274,0.014545454545454545,1.0056095815052601,0.7672672672672672,153.0,1.0,6.1,0.0,0.0,0.0,2.0,0.8893915637121539,0,Cocina y mesa,Manteleria,AMBA,Grande,Proveedor D,0,0,test
2026-01-01,T28,SKU00604,0,1.0,1.0,0.4166666666666667,1.6045390162116515,0.7999999999999999,4.0,2,0,3,0.0,7.199999999999999,37,4.484848484848484,13,1,9,459.0,153.0,0.0,0.0,0,0.0,0.0,0.0,14,25,153,1500,1,0.0,1.0,2.0,12,0,7.5,-0.3000000000000007,0.0004748479027222064,1.054054054054054,1.0101010101010102,1.0909090909090908,0.9819854628295228,274,0.014545454545454545,1.024779504409912,0.24721189591078066,612.0,3.0,1.1,0.0,0.0,0.0,2.0,0.9202797396425281,0,Organizacion,Contenedores,AMBA,Grande,Proveedor D,0,1,test
2026-01-01,T28,SKU00791,2,9.0,16.0,2.6666666666666665,0.6982120021884471,1.125,6.0,0,0,9,3.0,3.375,160,6.012884753042233,17,4,53,364.0,182.0,0.0,0.0,0,0.0,0.0,0.0,7,31,182,1500,1,1.0,6.0,6.0,5,1,2.571428571428571,0.8035714285714288,0.0030390265774221208,0.9562499999999999,0.9645669291338582,1.9917680744452397,0.9819854628295228,274,0.014545454545454545,0.9605702829137893,1.1910994764397906,364.0,1.0,0.9,0.0,0.0,0.0,4.0,0.8946282512362196,0,Bano,Cortinas de bano,AMBA,Grande,Proveedor I,0,0,test
2026-02-01,T02,SKU00152,8,29.0,49.0,6.083333333333333,0.47258920333638377,1.5890410958904109,12.0,0,0,26,10.0,4.273972602739726,460,4.8979591836734695,14,0,160,0.0,0.0,0.0,0.0,0,0.0,0.0,0.0,25,46,192,450,2,11.0,10.0,11.0,22,0,3.0,1.2739726027397262,0.007106726571697907,0.791304347826087,1.093167701863354,1.7036379769299024,0.9271844365596008,247,0.004032258064516129,0.9617825412494712,0.1897810218978102,0.0,0.0,20.4,0.0,0.0,0.0,2.0,0.9178717799836508,0,Cocina y mesa,Cristaleria,AMBA,Grande,Proveedor B,0,0,test
2026-02-01,T02,SKU00200,0,0.0,1.0,0.3333333333333333,1.954016841836789,0.0,3.0,5,0,2,0.0,6.0,48,5.592233009708737,16,1,17,0.0,0.0,0.0,0.0,0,0.0,0.0,0.0,26,28,21,450,2,0.0,0.0,2.0,23,0,3.4285714285714284,2.5714285714285716,0.0003894096751615291,0.6666666666666666,0.970873786407767,1.9805825242718444,0.9271844365596008,247,0.004032258064516129,0.9508775188039744,1.41834451901566,21.0,1.0,6.0,0.0,1.0,0.0,1.0,0.9316484270222396,0,Iluminacion,Apliques,AMBA,Grande,Proveedor G,0,0,test
2026-02-01,T02,SKU00359,0,0.0,0.0,0.16666666666666666,3.4641016151377566,0.0,1.0,10,0,1,-1.0,6.0,37,3.580645161290323,15,0,24,0.0,0.0,0.0,0.0,0,0.0,0.0,0.0,42,11,36,450,2,0.0,0.0,2.0,37,0,3.0,3.0,0.00019470483758076456,0.4054054054054054,1.0000000000000002,2.3225806451612905,0.9271844365596008,247,0.004032258064516129,0.9617825412494712,1.8129496402877698,36.0,1.0,9.7,0.0,0.0,0.0,2.0,0.9178717799836508,0,Cocina y mesa,Cubiertos,AMBA,Grande,Proveedor H,0,1,test
2026-02-01,T02,SKU00739,11,31.0,76.0,13.083333333333334,0.2774242489891137,0.7898089171974523,12.0,0,0,69,-3.0,5.273885350318471,909,4.985374771480804,14,0,326,0.0,0.0,0.0,0.0,0,0.0,0.0,0.0,43,46,192,450,2,9.0,11.0,19.0,40,0,5.052631578947368,0.22125377137110291,0.015284329750090019,1.0627062706270627,0.9689213893967092,1.7879341864716636,0.9271844365596008,247,0.004032258064516129,0.9359261015877318,0.7301136363636364,192.0,1.0,8.0,0.0,1.0,0.0,2.0,0.9310277124830078,0,Organizacion,Cajas,AMBA,Grande,Proveedor B,0,0,test
2026-02-01,T04,SKU00110,7,26.0,62.0,11.916666666666666,0.3604190401614651,0.7272727272727273,12.0,0,0,36,-53.0,3.0209790209790213,358,4.71569703622393,6,0,106,0.0,0.0,0.0,0.0,0,0.0,0.0,0.0,38,37,193,450,2,10.0,9.0,20.0,36,0,6.209302325581395,-3.1883233046023736,0.014131132356601283,0.6033519553072626,0.8781558726673986,1.3962678375411637,0.9213893572933592,291,0.023890784982935155,0.9165534863377915,1.1222879684418146,579.0,3.0,3.1,0.0,0.0,0.0,3.0,0.9216275878480218,0,Decoracion,Cuadros,Centro,Grande,Proveedor E,0,0,test
2026-02-01,T04,SKU00170,0,0.0,1.0,0.5833333333333334,1.7077798626782088,0.0,4.0,5,0,3,-1.0,5.142857142857142,39,5.107142857142857,13,0,17,193.0,193.0,0.0,0.0,0,0.0,0.0,0.0,11,37,193,450,2,0.0,0.0,3.0,11,0,5.142857142857142,0.0,0.0006917337517217412,1.0,0.9166666666666666,2.2261904761904763,0.9213893572933592,291,0.023890784982935155,0.8944160968454975,1.182748538011696,1544.0,5.0,0.6,59.0,1.0,0.0,2.0,0.9059270688044347,0,Muebles,Racks,Centro,Grande,Proveedor E,0,0,test
2026-02-01,T05,SKU00447,12,32.0,71.0,12.916666666666666,0.25240120141218875,0.8258064516129032,12.0,0,0,58,0.0,4.490322580645161,1101,5.069838833461244,17,0,440,0.0,0.0,0.0,0.0,0,0.0,0.0,0.0,24,46,192,450,2,10.0,10.0,19.0,23,0,4.2439024390243905,0.24642014162077075,0.014608987720167603,0.8955495004541326,0.9516500383729855,2.0260936300844206,0.9078307723913184,273,0.04395604395604396,0.9094508532812573,1.0,0.0,0.0,15.2,0.0,0.0,0.0,2.0,0.9446209126599737,0,Muebles,Sillas,AMBA,Mediano,Proveedor B,0,0,test
2026-02-01,T06,SKU00669,3,12.0,26.0,4.625,0.364328219678315,0.8648648648648649,8.0,0,0,14,-4.0,3.027027027027027,296,5.304731518566289,18,2,121,0.0,0.0,0.0,0.0,0,0.0,0.0,0.0,13,37,193,1500,2,5.0,4.0,7.0,7,1,3.6,-0.5729729729729729,0.006041710777996382,0.8513513513513514,0.9498336840676126,2.168488222116625,0.9274842491626878,262,0.011406844106463879,0.8712694877505568,0.17105263157894737,579.0,2.0,9.7,0.0,0.0,0.0,2.0,0.9150266294948616,0,Muebles,Mesas auxiliares,Centro,Mediano,Proveedor E,0,0,test
2026-02-01,T06,SKU00780,4,16.0,28.0,3.9166666666666665,0.42803903601725685,1.3617021276595744,12.0,0,0,15,-4.0,3.8297872340425534,262,5.145662847790508,16,0,66,0.0,0.0,0.0,0.0,0,0.0,0.0,0.0,20,37,193,1500,2,6.0,6.0,6.0,18,0,6.333333333333333,-2.5035460992907796,0.005116403721906845,0.916030534351145,1.0081833060556467,1.2962356792144027,0.9274842491626878,262,0.011406844106463879,0.8712694877505568,1.172514619883041,193.0,1.0,3.4,0.0,0.0,0.0,2.0,0.9150266294948616,0,Muebles,Racks,Centro,Mediano,Proveedor E,0,0,test
2026-02-01,T08,SKU00559,2,7.0,19.0,3.1818181818181817,0.5764068857666291,0.7333333333333334,11.0,0,0,28,9.0,8.8,253,5.355184246816972,14,0,54,306.0,612.0,0.0,0.0,0,0.0,0.0,0.0,12,25,153,600,2,2.0,3.0,6.0,10,1,5.428571428571429,3.371428571428572,0.003913654313925305,1.5494071146245059,0.9595587056220135,1.1430037522850454,0.9294742631081461,255,0.03137254901960784,0.9020035714690215,1.0166666666666666,612.0,3.0,2.2,0.0,0.0,0.0,3.0,0.912419670982743,0,Decoracion,Plantas artificiales,Patagonia,Grande,Proveedor D,0,0,test
2026-02-01,T08,SKU00645,4,16.0,30.0,5.25,0.336104743615267,1.0158730158730158,12.0,0,0,23,-14.0,4.380952380952381,477,5.223147625841988,14,0,105,52.0,0.0,0.0,0.0,0,0.0,0.0,0.0,12,56,52,600,2,6.0,6.0,8.0,11,0,7.085106382978723,-2.7041540020263417,0.006457529617976754,0.6750524109014675,0.9234495802501907,1.149749477386601,0.9294742631081461,255,0.03137254901960784,0.9020035714690215,1.125,104.0,2.0,0.9,0.0,0.0,0.0,3.0,0.912419670982743,0,Decoracion,Plantas artificiales,Patagonia,Grande,Proveedor F,1,0,test
2026-02-01,T11,SKU00376,5,22.0,34.0,6.0,0.4438126822992972,1.222222222222222,12.0,0,0,32,14.0,5.333333333333333,416,5.210855949895616,13,0,123,0.0,465.0,0.0,0.0,0,0.0,0.0,0.0,28,52,155,800,2,6.0,11.0,11.0,26,0,3.272727272727273,2.06060606060606,0.007304853102487327,1.0,0.8183716075156576,1.5407098121085596,0.9674872109072103,270,0.03676470588235294,0.9218282597219778,0.20987654320987653,0.0,0.0,12.9,0.0,0.0,0.0,2.0,0.9228493481541526,0,Organizacion,Percheros,AMBA,Grande,Proveedor J,0,0,test
2026-02-01,T11,SKU00583,1,2.0,7.0,1.4166666666666667,0.9256744733304751,0.4705882352941176,10.0,0,0,6,-5.0,4.235294117647059,148,5.177842565597667,18,0,42,0.0,0.0,0.0,0.0,0,0.0,0.0,0.0,46,25,153,800,2,1.0,0.0,5.0,41,0,11.0,-6.764705882352941,0.00172475698253173,0.7297297297297298,0.979591836734694,1.469387755102041,0.9674872109072103,270,0.03676470588235294,0.9503644285190764,0.7672672672672672,153.0,1.0,7.0,0.0,0.0,0.0,2.0,0.8861360852604052,0,Cocina y mesa,Manteleria,AMBA,Grande,Proveedor D,0,0,test
2026-02-01,T13,SKU00004,8,21.0,37.0,6.583333333333333,0.369008115840112,1.0632911392405064,12.0,0,0,19,-1.0,2.886075949367089,666,5.196358907672302,20,0,143,0.0,0.0,0.0,0.0,0,0.0,0.0,0.0,28,32,147,1200,2,5.0,8.0,10.0,27,0,3.243243243243243,-0.3571672938761541,0.007819880416549504,0.5705705705705706,0.9440832249674903,1.115734720416125,0.9459085729183174,266,0.014925373134328358,1.0176604301451304,0.06458333333333334,294.0,2.0,3.7,0.0,0.0,0.0,1.0,0.9514718686759732,0,Iluminacion,Guirnaldas,Centro,Chico,Proveedor A,0,0,test
2026-02-01,T14,SKU00367,6,20.0,52.0,7.25,0.4925123054167483,0.9195402298850575,12.0,0,0,25,-12.0,3.4482758620689653,331,5.6581196581196584,9,0,116,36.0,0.0,0.0,0.0,0,0.0,0.0,0.0,14,11,36,1500,2,7.0,7.0,16.0,13,0,5.0246913580246915,-1.5764154959557262,0.010439321579672927,0.6797583081570997,0.9287749287749288,1.982905982905983,0.9416988018077371,250,0.032,0.8917501192179305,1.21875,144.0,2.0,0.8,0.0,0.0,0.0,2.0,0.8810208965674197,0,Organizacion,Cajas,AMBA,Grande,Proveedor H,0,0,test
2026-02-01,T16,SKU00174,0,0.0,1.0,0.5833333333333334,1.1460992972940371,0.0,6.0,3,0,1,-1.0,1.7142857142857142,34,5.666666666666667,11,1,6,0.0,0.0,0.0,0.0,0,0.0,0.0,0.0,41,10,35,600,2,0.0,0.0,2.0,40,0,2.6666666666666665,-0.9523809523809523,0.0007572933035367846,0.3235294117647059,1.0,1.0,0.9515931282727939,250,0.00796812749003984,0.912878468415282,1.0,0.0,0.0,24.8,0.0,0.0,0.0,2.0,0.9203944072216952,0,Muebles,Racks,NOA,Grande,Proveedor C,0,0,test
2026-02-01,T16,SKU00499,0,0.0,0.0,0.6666666666666666,1.477097891751993,0.0,4.0,8,0,2,-1.0,3.0,22,2.936299292214358,8,0,4,546.0,0.0,0.0,0.0,0,0.0,0.0,0.0,13,31,182,600,2,0.0,0.0,2.0,12,0,3.75,-0.75,0.0008654780611848966,0.7272727272727273,0.9787664307381193,0.5338725985844287,0.9515931282727939,250,0.00796812749003984,0.9278994976388272,0.18768768768768768,910.0,2.0,2.6,0.0,0.0,0.0,2.0,0.9568037717019569,0,Cocina y mesa,Manteleria,NOA,Grande,Proveedor I,0,0,test
2026-02-01,T18,SKU00411,1,6.0,8.0,1.2,0.7657804862272346,1.6666666666666667,8.0,0,0,8,-5.0,6.666666666666667,83,5.804195804195804,9,0,7,0.0,0.0,0.0,0.0,0,0.0,0.0,0.0,10,11,36,1200,2,2.0,3.0,3.0,9,1,15.166666666666668,-8.5,0.0014126127411605005,0.8674698795180724,0.7459207459207459,0.4895104895104895,0.9523364229990374,277,0.021660649819494584,0.9312453185151636,1.8368421052631578,0.0,0.0,,0.0,1.0,0.0,2.0,0.9337569317015966,0,Muebles,Mesas auxiliares,NOA,Mediano,Proveedor H,1,0,test
2026-02-01,T18,SKU00715,1,4.0,8.0,1.5,0.6030226891555273,0.8888888888888888,11.0,0,0,11,2.0,7.333333333333333,47,4.739495798319328,6,0,24,0.0,0.0,0.0,0.0,0,0.0,0.0,0.0,41,56,52,1200,2,1.0,2.0,3.0,39,0,5.684210526315789,1.6491228070175437,0.0017657659264506257,1.4042553191489362,1.0756302521008403,2.420168067226891,0.9523364229990374,277,0.021660649819494584,1.0003470632912665,0.6528925619834711,208.0,2.0,7.1,0.0,1.0,0.0,1.0,0.9158732843485071,0,Textil hogar,Acolchados,NOA,Mediano,Proveedor F,0,0,test
2026-02-01,T19,SKU00004,4,13.0,29.0,6.0,0.3408249054303634,0.7222222222222222,12.0,0,0,46,7.0,7.666666666666667,666,5.196358907672302,20,0,143,0.0,0.0,0.0,0.0,0,0.0,0.0,0.0,28,32,147,800,2,4.0,5.0,10.0,26,0,6.157894736842105,1.5087719298245617,0.006838439281653038,1.3813813813813816,0.9440832249674903,1.115734720416125,0.9315473954785138,271,0.03296703296703297,0.943231441048035,0.06458333333333334,294.0,2.0,3.7,0.0,0.0,0.0,1.0,0.9079863852012963,0,Iluminacion,Guirnaldas,Cuyo,Mediano,Proveedor A,0,0,test
2026-02-01,T19,SKU00265,5,16.0,41.0,6.25,0.3419728856875272,0.8533333333333333,12.0,0,0,30,1.0,4.8,292,5.094369547977795,9,0,118,0.0,192.0,0.0,0.0,0,0.0,0.0,0.0,14,46,192,800,2,6.0,5.0,10.0,12,0,4.53125,0.2687499999999998,0.007123374251721914,0.9246575342465754,0.831615120274914,2.05868358445678,0.9315473954785138,271,0.03296703296703297,0.943231441048035,1.8657718120805369,0.0,0.0,,0.0,0.0,0.0,1.0,0.9079863852012963,0,Iluminacion,Apliques,Cuyo,Mediano,Proveedor B,0,0,test
2026-02-01,T19,SKU00797,3,9.0,18.0,2.1666666666666665,0.6171303908506353,1.3846153846153848,10.0,0,0,8,2.0,3.6923076923076925,335,5.999185999185999,17,1,65,588.0,0.0,0.0,0.0,0,0.0,0.0,0.0,12,32,147,800,2,3.0,3.0,4.0,11,0,3.1764705882352944,0.5158371040723981,0.0024694364072635967,0.4059701492537313,1.032695699362366,1.164021164021164,0.9315473954785138,271,0.03296703296703297,0.9186288780432116,0.17801047120418848,588.0,2.0,1.3,0.0,1.0,0.0,4.0,0.8756222305401449,0,Bano,Cortinas de bano,Cuyo,Mediano,Proveedor A,0,0,test
2026-02-01,T21,SKU00058,1,3.0,9.0,1.0,2.0449494325821806,1.0,10.0,0,0,14,5.0,14.0,261,5.446956521739131,18,1,79,0.0,0.0,0.0,0.0,0,0.0,0.0,0.0,19,37,193,600,2,1.0,1.0,3.0,18,0,10.799999999999999,3.200000000000001,0.0011888683324461854,0.9655172413793104,1.0017391304347827,1.6486956521739131,0.9098805637654807,266,0.05263157894736842,0.8368169321733889,1.1304347826086956,0.0,0.0,,0.0,1.0,0.0,4.0,0.8937998441462939,0,Bano,Accesorios de bano,Cuyo,Grande,Proveedor E,0,1,test
2026-02-01,T22,SKU00609,1,3.0,6.0,0.8333333333333334,0.4670993664969139,1.2,10.0,0,0,2,-1.0,2.4,41,4.513761467889909,16,1,24,0.0,0.0,0.0,0.0,0,0.0,0.0,0.0,20,31,182,1500,2,1.0,1.0,1.0,19,0,4.5,-2.1,0.0009575699114123473,0.7804878048780488,1.0642201834862386,2.6422018348623855,0.9253955623888924,282,0.04240282685512368,0.8497246262785209,1.3666666666666667,0.0,0.0,,28.0,0.0,0.0,1.0,0.8953727793172469,0,Iluminacion,Guirnaldas,AMBA,Mediano,Proveedor I,0,0,test
2026-02-01,T23,SKU00319,1,3.0,8.0,0.75,1.517573821278656,1.3333333333333333,6.0,0,0,2,-1.0,2.6666666666666665,16,2.742857142857143,7,0,10,0.0,0.0,0.0,0.0,0,0.0,0.0,0.0,28,37,193,450,2,1.0,1.0,4.0,24,0,4.0,-1.3333333333333335,0.0008913389634743955,0.875,0.9142857142857143,1.7142857142857144,0.9032234829873874,269,0.029411764705882353,0.8753189806994214,1.0476190476190477,0.0,0.0,23.7,0.0,1.0,0.0,2.0,0.8639660797484233,0,Muebles,Estanterias,AMBA,Mediano,Proveedor E,0,0,test
2026-02-01,T25,SKU00552,1,3.0,5.0,0.9,0.9728833730787924,1.1111111111111112,7.0,0,0,3,-1.0,3.333333333333333,77,5.6794814483683504,24,4,26,192.0,0.0,0.0,0.0,0,0.0,0.0,0.0,11,46,192,1500,2,1.0,1.0,3.0,9,1,4.666666666666667,-1.333333333333334,0.0010895247099120806,0.935064935064935,0.8605274921770228,1.9177469825659366,0.9765369622174945,266,0.04477611940298507,0.9790595512479562,0.6031390134529148,768.0,4.0,2.5,0.0,2.0,0.0,1.0,0.9384782199539018,0,Textil hogar,Cortinas,Centro,Grande,Proveedor B,0,0,test
2026-02-01,T27,SKU00123,6,28.0,39.0,6.818181818181818,0.485633606744838,1.368888888888889,11.0,0,0,32,13.0,4.693333333333333,315,4.428680981595092,11,0,119,0.0,0.0,0.0,0.0,0,0.0,0.0,0.0,11,11,36,1200,2,10.0,12.0,12.0,10,1,3.234042553191489,1.4592907801418442,0.00815054970929706,1.1174603174603175,1.031015678254942,1.6730572597137015,0.953940337976128,269,0.048327137546468404,0.9251487496559171,0.9784172661870504,72.0,2.0,3.1,0.0,0.0,0.0,2.0,0.9137249638604812,0,Cocina y mesa,Cubiertos,AMBA,Chico,Proveedor H,0,0,test
2026-03-01,T02,SKU00705,1,5.0,10.0,2.25,0.8501666833333661,0.7407407407407408,11.0,0,0,15,-4.0,6.666666666666667,236,5.1678832116788325,15,1,97,0.0,0.0,0.0,0.0,0,0.0,0.0,0.0,31,37,193,450,3,2.0,2.0,7.0,30,0,6.705882352941176,-0.039215686274508776,0.0026270369487250153,0.9533898305084746,0.8613138686131387,2.124087591240876,0.9114845235428127,251,0.0199203187250996,0.9572153734590283,0.3933933933933934,193.0,1.0,10.9,0.0,0.0,0.0,2.0,0.8898447697537135,1,Cocina y mesa,Manteleria,AMBA,Grande,Proveedor E,0,0,test
2026-03-01,T02,SKU00799,0,0.0,0.0,0.25,2.4863262420322445,0.0,2.0,7,0,4,1.0,16.0,45,6.0,14,2,20,42.0,0.0,0.0,0.0,0,0.0,1.0,10.0,26,28,21,450,3,0.0,0.0,2.0,23,0,9.0,7.0,0.00029189299430277946,1.2444444444444445,0.888888888888889,2.6666666666666665,0.9114845235428127,251,0.0199203187250996,0.9001040181839195,1.404096834264432,105.0,4.0,0.8,0.0,0.0,0.0,4.0,0.9195861235836024,1,Decoracion,Espejos,AMBA,Grande,Proveedor G,0,1,test
2026-03-01,T03,SKU00541,3,8.0,17.0,2.75,0.6601231586021772,0.9696969696969696,11.0,0,0,21,-2.0,7.636363636363637,281,5.73469387755102,15,0,112,0.0,0.0,0.0,0.0,0,0.0,0.0,0.0,38,32,147,450,3,3.0,2.0,6.0,34,0,9.857142857142856,-2.220779220779219,0.0033649616777081818,1.1209964412811386,0.8571428571428571,2.2857142857142856,0.949531004327836,254,0.03937007874015748,0.9458835234338913,0.20194647201946472,441.0,1.0,7.5,0.0,1.0,0.0,2.0,0.9433850195042642,1,Cocina y mesa,Cristaleria,Cuyo,Chico,Proveedor A,0,0,test
2026-03-01,T05,SKU00720,9,33.0,72.0,12.583333333333334,0.25006627618648636,0.8741721854304635,12.0,0,0,68,23.0,5.403973509933775,712,4.656130790190736,12,0,274,192.0,0.0,0.0,0.0,0,0.0,0.0,0.0,38,46,192,450,3,11.0,13.0,18.0,37,0,3.5526315789473686,1.8513419309864063,0.014394444167953588,1.146067415730337,0.8719346049046323,1.791825613079019,0.8926461933027643,265,0.052830188679245285,0.830785829886711,1.1816816816816818,384.0,2.0,0.2,0.0,0.0,0.0,2.0,0.9525906124083146,1,Cocina y mesa,Manteleria,AMBA,Mediano,Proveedor B,0,0,test
2026-03-01,T06,SKU00453,1,3.0,5.0,0.75,0.8287754140107481,1.3333333333333333,8.0,0,0,1,-1.0,1.3333333333333333,250,5.042016806722689,20,2,89,0.0,0.0,0.0,0.0,0,0.0,0.0,0.0,40,10,35,1500,3,1.0,1.0,2.0,37,0,3.4285714285714284,-2.095238095238095,0.0009848903886636132,0.08,0.7394957983193277,1.7949579831932772,0.9328006303298488,260,0.02681992337164751,0.9060429261596136,1.8172043010752688,105.0,1.0,4.0,0.0,1.0,0.0,4.0,0.9176232328313813,1,Bano,Alfombras de bano,Centro,Mediano,Proveedor C,0,0,test
2026-03-01,T08,SKU00295,6,14.0,33.0,6.083333333333333,0.4567289204151051,0.767123287671233,12.0,0,0,27,-3.0,4.438356164383562,670,5.296442687747035,19,1,149,0.0,0.0,0.0,0.0,0,0.0,0.0,0.0,22,56,52,600,3,3.0,5.0,10.0,19,0,5.0,-0.5616438356164384,0.007147663488019938,0.7656716417910447,0.9644268774703557,1.1778656126482214,0.9125510097033674,256,0.03515625,0.8558371416701288,0.4460431654676259,52.0,1.0,5.6,54.0,1.0,0.0,2.0,0.9371177476551115,1,Cocina y mesa,Cubiertos,Patagonia,Grande,Proveedor F,0,0,test
2026-03-01,T09,SKU00684,2,6.0,12.0,1.5,0.8287754140107478,1.3333333333333333,9.0,0,0,9,-3.0,6.0,140,5.753424657534246,16,0,50,0.0,0.0,0.0,0.0,0,0.0,0.0,0.0,26,32,147,600,3,2.0,2.0,4.0,24,0,9.6,-3.5999999999999996,0.0017147455248358496,1.0285714285714285,0.7397260273972602,2.054794520547945,0.9088151281630003,275,0.06159420289855073,0.891658096908838,0.4895591647331787,0.0,0.0,,0.0,0.0,0.0,2.0,0.9101481722708659,1,Muebles,Sillas,NOA,Mediano,Proveedor A,0,0,test
2026-03-01,T10,SKU00696,3,10.0,23.0,4.25,0.4927917019682682,0.7843137254901961,11.0,0,0,19,-2.0,4.470588235294118,223,5.01123595505618,14,0,67,0.0,0.0,0.0,0.0,0,0.0,1.0,10.0,37,10,35,450,3,3.0,4.0,8.0,32,0,5.04,-0.5694117647058823,0.005443985657378251,1.1928251121076232,0.8838951310861424,1.5056179775280898,0.9312417818621148,256,0.04263565891472868,0.8710970014905437,0.33727810650887574,0.0,0.0,22.4,0.0,1.0,0.0,4.0,0.8958670652141301,1,Decoracion,Cuadros,AMBA,Mediano,Proveedor C,0,0,test
2026-03-01,T10,SKU00774,8,17.0,38.0,5.555555555555555,0.3830143600441112,1.02,9.0,0,0,36,-4.0,6.48,279,5.19983433423069,9,0,114,0.0,0.0,0.0,0.0,0,0.0,0.0,0.0,11,52,155,450,3,5.0,4.0,8.0,8,1,7.2727272727272725,-0.7927272727272721,0.007116321120755883,1.1612903225806452,0.9442948850693725,2.1246634914060882,0.9312417818621148,256,0.04263565891472868,0.9116921558954121,1.4,465.0,2.0,5.1,0.0,1.0,0.0,4.0,0.919910960553921,1,Bano,Alfombras de bano,AMBA,Mediano,Proveedor J,0,0,test
2026-03-01,T12,SKU00396,0,0.0,1.0,0.5,1.8090680674665813,0.0,5.0,5,0,4,-1.0,8.0,55,5.409836065573771,19,2,30,52.0,0.0,0.0,0.0,0,0.0,0.0,0.0,18,56,52,1200,3,0.0,0.0,2.0,17,0,6.666666666666667,1.333333333333333,0.0006529825212220498,1.3818181818181818,0.8524590163934426,2.9508196721311477,0.9128695646684255,255,0.0625,0.8243144534391251,0.11607142857142858,156.0,2.0,0.6,0.0,0.0,0.0,1.0,0.938108587717677,1,Textil hogar,Sabanas,Cuyo,Chico,Proveedor F,0,0,test
2026-03-01,T13,SKU00690,0,1.0,2.0,0.16666666666666666,6.687845148272555,2.0,5.0,1,0,4,0.0,24.0,42,6.0,13,2,26,0.0,0.0,0.0,0.0,0,0.0,1.0,10.0,47,32,147,1200,3,1.0,0.0,1.0,40,0,16.0,8.0,0.00020045046686736009,1.2380952380952381,1.0,3.7142857142857144,0.9256802559934689,269,0.02952029520295203,0.8979104477611939,1.1719077568134173,147.0,1.0,4.4,0.0,0.0,0.0,4.0,0.9144323017827056,1,Decoracion,Velas,Centro,Chico,Proveedor A,0,1,test
2026-03-01,T20,SKU00220,2,4.0,9.0,2.1666666666666665,0.5144496267901966,0.6153846153846154,12.0,0,0,6,-1.0,2.7692307692307696,146,5.84,17,1,54,0.0,0.0,0.0,0.0,0,0.0,0.0,0.0,39,10,35,450,3,1.0,1.0,4.0,38,0,3.111111111111111,-0.34188034188034155,0.002931892088211582,0.6986301369863014,0.88,2.16,0.9246736585898068,262,0.057034220532319393,0.8918429003021149,1.572314049586777,0.0,0.0,30.8,0.0,1.0,0.0,1.0,0.8781839839936998,1,Textil hogar,Acolchados,AMBA,Mediano,Proveedor C,0,0,test
2026-03-01,T22,SKU00022,1,4.0,8.0,1.5,0.5318160234783104,0.8888888888888888,11.0,0,0,5,-3.0,3.3333333333333335,54,4.695652173913044,7,0,23,0.0,0.0,0.0,0.0,0,0.0,0.0,0.0,32,32,147,1500,3,2.0,1.0,3.0,31,0,5.333333333333333,-1.9999999999999996,0.0017805093575658459,0.6481481481481481,0.8405797101449275,2.0,0.9274475409187429,278,0.050359712230215826,0.8942807625649913,0.19664268585131894,0.0,0.0,15.3,0.0,2.0,0.0,2.0,0.8948293940742654,1,Cocina y mesa,Cubiertos,AMBA,Mediano,Proveedor A,0,0,test
2026-03-01,T22,SKU00477,1,3.0,5.0,1.25,0.9105442927671937,0.8,10.0,0,0,9,2.0,7.2,151,6.184300341296928,17,1,43,0.0,0.0,0.0,0.0,0,0.0,0.0,0.0,48,37,193,1500,3,1.0,1.0,4.0,44,0,5.6,1.6000000000000005,0.0014837577979715383,1.0132450331125826,0.9146757679180887,1.7610921501706485,0.9274475409187429,278,0.050359712230215826,0.9641718805335853,0.28074245939675174,0.0,0.0,23.4,0.0,0.0,0.0,2.0,0.9043303086462465,1,Muebles,Sillas,AMBA,Mediano,Proveedor E,0,0,test
2026-03-01,T22,SKU00796,0,2.0,4.0,0.75,1.2870763988845637,0.8888888888888888,6.0,1,0,3,1.0,4.0,22,4.125,8,0,7,147.0,0.0,0.0,0.0,0,0.0,0.0,0.0,38,32,147,1500,3,1.0,1.0,3.0,36,0,2.6666666666666665,1.3333333333333335,0.0008902546787829229,1.0909090909090908,1.0,1.3125,0.9274475409187429,278,0.050359712230215826,0.9641718805335853,1.480278422273782,441.0,3.0,2.2,0.0,0.0,0.0,2.0,0.9043303086462465,1,Muebles,Sillas,AMBA,Mediano,Proveedor A,0,0,test
2026-03-01,T24,SKU00122,2,5.0,12.0,1.5833333333333333,0.7354737807671465,1.0526315789473686,10.0,0,0,7,0.0,4.421052631578948,85,5.368421052631579,11,0,39,546.0,0.0,0.0,0.0,0,0.0,0.0,0.0,50,31,182,800,3,2.0,1.0,4.0,47,0,4.666666666666667,-0.24561403508771917,0.0016736826089161637,0.9058823529411765,0.7999999999999999,2.463157894736842,0.9185874866198819,292,0.03754266211604096,1.0022503979362205,1.1198347107438016,546.0,1.0,1.9,0.0,0.0,0.0,1.0,0.8907121215980328,1,Textil hogar,Acolchados,AMBA,Grande,Proveedor I,0,0,test
2026-03-01,T27,SKU00703,2,6.0,11.0,1.5833333333333333,0.5686336657127496,1.2631578947368423,11.0,0,0,6,-6.0,3.7894736842105265,50,4.0,8,1,22,0.0,0.0,0.0,0.0,0,0.0,0.0,0.0,46,56,52,1200,3,2.0,2.0,3.0,41,0,9.0,-5.2105263157894735,0.0018174812376844317,0.96,1.0133333333333332,1.76,0.9213673305987604,270,0.05555555555555555,0.9210178196249319,0.796875,0.0,0.0,40.2,0.0,0.0,0.0,1.0,0.9111245768201015,1,Textil hogar,Sabanas,AMBA,Chico,Proveedor F,0,0,test
2026-04-01,T01,SKU00173,1,3.0,7.0,0.9166666666666666,0.7293359164598427,1.090909090909091,9.0,0,0,11,-2.0,12.0,145,5.54140127388535,17,1,41,0.0,0.0,0.0,0.0,0,0.0,0.0,0.0,24,25,153,800,4,1.0,1.0,2.0,22,0,8.666666666666666,3.333333333333334,0.0011668821487604369,1.289655172413793,0.8662420382165605,1.5668789808917196,0.9462353424493725,261,0.038314176245210725,0.9130434782608695,1.34375,153.0,1.0,8.3,0.0,0.0,0.0,4.0,0.9351324205176098,1,Decoracion,Plantas artificiales,Cuyo,Grande,Proveedor D,0,0,test
2026-04-01,T01,SKU00721,4,11.0,22.0,3.5833333333333335,0.43654305766075224,1.0232558139534882,12.0,0,0,20,-2.0,5.5813953488372094,257,5.679558011049724,15,0,89,0.0,0.0,0.0,0.0,0,0.0,0.0,0.0,37,31,182,800,4,3.0,4.0,6.0,35,0,6.947368421052632,-1.3659730722154224,0.00456144839969989,1.1673151750972763,0.9650092081031307,1.9668508287292819,0.9462353424493725,261,0.038314176245210725,0.9023342236674021,0.5893271461716937,0.0,0.0,13.3,0.0,0.0,0.0,2.0,0.9125900356502414,1,Muebles,Sillas,Cuyo,Grande,Proveedor I,0,0,test
2026-04-01,T02,SKU00721,1,3.0,6.0,1.6666666666666667,0.5908391567007973,0.6,11.0,0,0,17,-4.0,10.2,257,5.679558011049724,15,0,89,0.0,0.0,0.0,0.0,0,0.0,0.0,0.0,37,31,182,450,4,1.0,1.0,3.0,34,0,9.692307692307693,0.5076923076923059,0.001892570799353085,0.9922178988326849,0.9650092081031307,1.9668508287292819,0.9409862014383538,263,0.03787878787878788,0.9127242712541813,0.5893271461716937,0.0,0.0,13.3,52.0,0.0,0.0,2.0,0.8753718715570932,1,Muebles,Sillas,AMBA,Grande,Proveedor I,0,1,test
2026-04-01,T02,SKU00722,4,12.0,24.0,3.75,0.41194292043554975,1.0666666666666667,12.0,0,0,14,1.0,3.7333333333333334,252,4.666666666666667,16,0,112,0.0,0.0,0.0,0.0,0,0.0,0.0,0.0,35,46,192,450,4,5.0,3.0,7.0,33,0,3.1199999999999997,0.6133333333333337,0.004258284298544441,0.8888888888888888,1.0246913580246915,2.074074074074074,0.9409862014383538,263,0.03787878787878788,0.9151548469855232,1.6699751861042185,192.0,1.0,10.8,0.0,0.0,0.0,1.0,0.923679206689107,1,Iluminacion,Lamparas de mesa,AMBA,Grande,Proveedor B,0,0,test
2026-04-01,T03,SKU00040,10,30.0,51.0,7.583333333333333,0.3994155416572949,1.3186813186813187,12.0,0,0,40,-2.0,5.274725274725275,381,4.093106535362579,14,0,115,0.0,0.0,0.0,0.0,0,0.0,0.0,0.0,43,46,192,450,4,9.0,11.0,12.0,33,0,5.8604651162790695,-0.5857398415537949,0.010042927411339312,1.4698162729658792,0.9955237242614146,1.2354521038495971,0.9694183997934562,242,0.028925619834710745,0.995432079196507,0.08390022675736962,0.0,0.0,26.5,0.0,1.0,0.0,2.0,0.8953774993581023,1,Muebles,Estanterias,Cuyo,Chico,Proveedor B,0,0,test
2026-04-01,T06,SKU00735,11,44.0,84.0,14.583333333333334,0.2436823261272559,1.0057142857142856,12.0,0,0,80,6.0,5.485714285714286,949,5.555121951219512,13,0,263,0.0,0.0,0.0,0.0,0,0.0,0.0,0.0,35,46,192,1500,4,19.0,14.0,21.0,28,0,5.016949152542373,0.46876513317191293,0.01947760227511886,1.095890410958904,0.9346341463414634,1.539512195121951,0.9643082634950273,254,0.058823529411764705,0.9685788411646008,1.796420581655481,192.0,1.0,4.2,0.0,1.0,0.0,1.0,0.8868667486178209,1,Iluminacion,Apliques,Centro,Mediano,Proveedor B,0,0,test
2026-04-01,T10,SKU00359,0,0.0,0.0,0.5,2.0,0.0,3.0,6,0,3,0.0,6.0,43,4.095238095238095,16,1,16,0.0,0.0,0.0,0.0,0,0.0,0.0,0.0,44,11,36,450,4,0.0,0.0,3.0,39,0,3.5999999999999996,2.4000000000000004,0.0006148835354685319,1.1162790697674418,0.9523809523809523,1.5238095238095237,0.9481504116924763,260,0.05725190839694656,0.948265162200282,1.8129496402877698,36.0,1.0,11.7,0.0,0.0,0.0,2.0,0.8873165313595776,1,Cocina y mesa,Cubiertos,AMBA,Mediano,Proveedor H,0,0,test
2026-04-01,T10,SKU00698,1,3.0,5.0,0.75,0.6030226891555267,1.3333333333333333,9.0,0,0,4,0.0,5.333333333333333,32,6.095238095238095,9,2,4,0.0,0.0,0.0,0.0,0,0.0,0.0,0.0,48,32,147,450,4,1.0,1.0,1.0,44,0,6.857142857142857,-1.5238095238095237,0.0009223253032027979,1.125,1.0158730158730158,0.7619047619047619,0.9481504116924763,260,0.05725190839694656,0.948265162200282,0.7649667405764967,147.0,1.0,8.1,0.0,0.0,0.0,2.0,0.8873165313595776,1,Cocina y mesa,Vajilla,AMBA,Mediano,Proveedor A,0,0,test
2026-04-01,T10,SKU00703,1,3.0,5.0,1.0833333333333333,0.7319644256296236,0.9230769230769231,10.0,0,0,6,-1.0,5.538461538461539,53,4.103225806451612,8,1,15,0.0,104.0,0.0,0.0,0,0.0,0.0,0.0,47,56,52,450,4,1.0,1.0,3.0,44,0,5.6,-0.06153846153846043,0.001332247660181819,0.9056603773584906,0.9290322580645161,1.161290322580645,0.9481504116924763,260,0.05725190839694656,0.9736517085220255,0.796875,0.0,0.0,41.2,0.0,0.0,0.0,1.0,0.8880256084886424,1,Textil hogar,Sabanas,AMBA,Mediano,Proveedor F,0,0,test
2026-04-01,T11,SKU00040,6,23.0,45.0,7.666666666666667,0.31625493685213435,1.0,12.0,0,0,25,-7.0,3.260869565217391,381,4.093106535362579,14,0,115,0.0,0.0,0.0,0.0,0,0.0,0.0,0.0,43,46,192,800,4,9.0,8.0,12.0,40,0,4.363636363636364,-1.102766798418973,0.009229212254684569,0.9186351706036745,0.9955237242614146,1.2354521038495971,0.9622456950753737,272,0.05860805860805861,1.0022779043280183,0.08390022675736962,0.0,0.0,26.5,0.0,1.0,0.0,2.0,0.9322730024057202,1,Muebles,Estanterias,AMBA,Grande,Proveedor B,0,0,test
2026-04-01,T13,SKU00253,1,2.0,7.0,1.0833333333333333,0.9195737722113434,0.6153846153846154,8.0,0,0,2,0.0,1.8461538461538463,15,3.0,6,1,8,0.0,0.0,0.0,0.0,0,0.0,0.0,0.0,33,52,155,1200,4,1.0,0.0,3.0,29,0,1.8461538461538463,0.0,0.0013184041225175432,0.8,0.9333333333333333,1.6,0.9435716889156326,270,0.03676470588235294,1.0057854917668003,1.1071428571428572,0.0,0.0,18.9,0.0,0.0,0.0,1.0,0.897033510488676,1,Textil hogar,Sabanas,Centro,Chico,Proveedor J,0,0,test
2026-04-01,T13,SKU00721,2,5.0,9.0,2.1666666666666665,0.47531875434871146,0.7692307692307693,11.0,0,0,18,4.0,8.307692307692308,257,5.679558011049724,15,0,89,0.0,0.0,0.0,0.0,0,0.0,0.0,0.0,37,31,182,1200,4,2.0,1.0,4.0,36,0,6.0,2.3076923076923084,0.0026368082450350864,1.0505836575875487,0.9650092081031307,1.9668508287292819,0.9435716889156326,270,0.03676470588235294,0.9205260893934851,0.5893271461716937,0.0,0.0,13.3,0.0,0.0,0.0,2.0,0.8843747364520518,1,Muebles,Sillas,Centro,Chico,Proveedor I,0,0,test
2026-04-01,T14,SKU00323,1,3.0,8.0,1.6666666666666667,0.7816067367347155,0.6,11.0,0,0,11,3.0,6.6,87,5.612903225806452,10,0,36,0.0,0.0,0.0,0.0,0,0.0,0.0,0.0,33,25,153,1500,4,1.0,1.0,5.0,31,0,3.6923076923076925,2.907692307692307,0.0023184145697602164,1.264367816091954,0.9032258064516129,2.3225806451612905,0.9496226077737845,250,0.04365079365079365,0.888087943773653,0.10833333333333334,0.0,0.0,21.2,0.0,0.0,0.0,4.0,0.8858855948818748,1,Decoracion,Plantas artificiales,AMBA,Grande,Proveedor D,0,0,test
2026-04-01,T15,SKU00601,6,13.0,22.0,3.4166666666666665,0.5644833932640432,1.2682926829268293,12.0,0,0,9,-6.0,2.6341463414634148,267,5.085714285714285,16,1,111,52.0,52.0,0.0,42.0,0,0.0,0.0,0.0,17,56,52,600,4,4.0,3.0,6.0,16,0,4.390243902439025,-1.75609756097561,0.0038422414835993365,0.5393258426966292,0.8761904761904762,2.1142857142857143,0.9210133975808361,278,0.050359712230215826,0.9932341001353179,0.8662551440329218,104.0,2.0,2.3,0.0,0.0,0.0,2.0,0.9393753302235645,1,Organizacion,Percheros,NOA,Mediano,Proveedor F,0,0,test
2026-04-01,T15,SKU00651,7,16.0,28.0,6.25,0.48302079759477307,0.8533333333333333,12.0,0,0,27,-3.0,4.32,485,5.548141086749284,14,1,197,0.0,0.0,0.0,0.0,0,0.0,0.0,0.0,49,25,153,600,4,3.0,6.0,11.0,48,0,4.090909090909091,0.22909090909090946,0.007028490518779275,0.779381443298969,0.9380362249761677,2.2535748331744516,0.9210133975808361,278,0.050359712230215826,0.9199753916047513,1.0,153.0,1.0,10.7,0.0,0.0,0.0,2.0,0.9528121035651356,1,Muebles,Mesas auxiliares,NOA,Mediano,Proveedor D,0,0,test
2026-04-01,T18,SKU00151,0,0.0,0.0,0.3333333333333333,1.954016841836789,0.0,3.0,6,0,4,0.0,12.0,29,5.3538461538461535,10,1,15,0.0,0.0,0.0,0.0,0,0.0,0.0,0.0,21,37,193,1200,4,0.0,0.0,2.0,20,0,9.6,2.4000000000000004,0.0003979307600477517,1.3793103448275863,0.7999999999999999,2.769230769230769,0.9522483087942698,280,0.04285714285714286,0.9637070527593548,0.9162011173184358,386.0,2.0,3.0,0.0,1.0,0.0,4.0,0.9104311622082928,1,Decoracion,Espejos,NOA,Mediano,Proveedor E,0,1,test
2026-04-01,T20,SKU00289,0,0.0,0.0,0.08333333333333333,3.4641016151377464,0.0,1.0,10,0,3,0.0,36.0,53,5.0476190476190474,18,5,18,0.0,0.0,4.0,0.0,0,0.0,0.0,0.0,50,37,193,450,4,0.0,0.0,1.0,48,0,36.0,0.0,0.00010384304218576386,1.0188679245283019,1.1428571428571428,1.7142857142857142,0.9462178003966805,272,0.06569343065693431,0.9937649027709897,1.863109048723898,193.0,1.0,9.7,4.0,0.0,0.0,2.0,0.931639662202798,1,Muebles,Sillas,AMBA,Mediano,Proveedor E,0,1,test
2026-04-01,T21,SKU00428,0,0.0,3.0,1.0,1.705605730844883,0.0,4.0,5,0,11,2.0,11.0,38,6.08,5,0,3,0.0,579.0,0.0,0.0,0,0.0,0.0,0.0,41,37,193,600,4,0.0,0.0,5.0,37,0,6.352941176470588,4.647058823529412,0.0012025136178593922,1.4473684210526316,0.5866666666666667,0.48,0.9355555946946071,269,0.05925925925925926,0.9589150378938972,0.26232741617357,0.0,0.0,12.9,0.0,0.0,0.0,4.0,0.891579568289717,1,Decoracion,Cuadros,Cuyo,Grande,Proveedor E,0,1,test
2026-04-01,T22,SKU00687,2,8.0,17.0,3.5833333333333335,0.3659643266655367,0.7441860465116278,12.0,0,0,19,-2.0,5.3023255813953485,237,4.669950738916256,15,0,65,0.0,620.0,33.0,0.0,0,0.0,0.0,0.0,18,52,155,1500,4,3.0,3.0,7.0,16,0,5.6,-0.29767441860465116,0.004261055429068506,1.2025316455696202,1.018062397372742,1.2807881773399015,0.959629320351149,283,0.05985915492957746,0.9184563216534798,0.4083333333333333,775.0,3.0,3.2,66.0,1.0,0.0,4.0,0.9078234986615116,1,Decoracion,Plantas artificiales,AMBA,Mediano,Proveedor J,0,0,test
2026-04-01,T22,SKU00717,6,16.0,34.0,7.0,0.4873159230985381,0.7619047619047619,12.0,0,0,43,19.0,6.142857142857143,297,5.28,9,0,136,0.0,0.0,0.0,0.0,0,0.0,0.0,0.0,39,10,35,1500,4,5.0,5.0,14.0,35,0,3.1304347826086953,3.012422360248448,0.008323922233529174,1.303030303030303,0.9185185185185185,2.417777777777778,0.959629320351149,283,0.05985915492957746,0.8686897094805524,0.7386831275720165,0.0,0.0,12.5,0.0,0.0,0.0,2.0,0.9173382988690362,1,Organizacion,Percheros,AMBA,Mediano,Proveedor C,0,0,test
2026-04-01,T23,SKU00029,0,0.0,1.0,0.4166666666666667,1.2358287613066496,0.0,5.0,5,0,3,0.0,7.199999999999999,22,4.190476190476191,7,0,15,0.0,0.0,0.0,0.0,0,0.0,0.0,0.0,16,25,153,450,4,0.0,0.0,1.0,14,0,4.5,2.6999999999999993,0.0005210670569090491,0.9545454545454546,1.1428571428571428,2.857142857142857,0.9145768982867631,261,0.045454545454545456,0.8784406379208507,0.09947643979057591,153.0,1.0,10.2,0.0,0.0,0.0,4.0,0.9093173156064807,1,Bano,Cortinas de bano,AMBA,Mediano,Proveedor D,0,1,test
2026-04-01,T23,SKU00233,2,5.0,8.0,1.3333333333333333,1.1677484162422846,1.2500000000000002,9.0,0,0,12,0.0,9.0,137,5.407894736842105,16,1,43,0.0,21.0,0.0,0.0,0,0.0,0.0,0.0,25,28,21,450,4,1.0,2.0,4.0,24,0,8.470588235294118,0.5294117647058822,0.0016674145821089573,1.4014598540145986,0.9473684210526316,1.6973684210526316,0.9145768982867631,261,0.045454545454545456,0.8916299559471366,1.5086848635235732,21.0,1.0,8.6,0.0,0.0,0.0,1.0,0.8846882883898428,1,Iluminacion,Lamparas de mesa,AMBA,Mediano,Proveedor G,0,0,test
2026-04-01,T23,SKU00295,7,17.0,34.0,5.833333333333333,0.2514521830707731,0.9714285714285715,12.0,0,0,14,-2.0,2.4,518,4.726996197718631,16,0,291,0.0,0.0,0.0,0.0,0,0.0,0.0,0.0,23,56,52,450,4,6.0,4.0,8.0,22,0,2.430379746835443,-0.0303797468354432,0.007294938796726688,0.43243243243243246,1.0038022813688214,2.655513307984791,0.9145768982867631,261,0.045454545454545456,0.9019938219601237,0.4460431654676259,52.0,1.0,6.6,0.0,1.0,0.0,2.0,0.9239494312808535,1,Cocina y mesa,Cubiertos,AMBA,Mediano,Proveedor F,0,0,test
2026-04-01,T24,SKU00274,5,14.0,27.0,4.25,0.47192324006225034,1.0980392156862746,12.0,0,0,18,1.0,4.235294117647059,226,5.424,13,0,99,0.0,0.0,0.0,0.0,0,0.0,0.0,0.0,25,46,192,800,4,3.0,6.0,8.0,22,0,4.163265306122449,0.07202881152460971,0.004678711778010555,1.0353982300884956,1.008,2.3760000000000003,0.9408797646132598,281,0.046263345195729534,0.9335108743897026,1.2012012012012012,0.0,0.0,19.3,0.0,0.0,0.0,2.0,0.8953574079930666,1,Cocina y mesa,Manteleria,AMBA,Grande,Proveedor B,0,0,test
2026-04-01,T26,SKU00490,3,8.0,17.0,2.9166666666666665,0.516014410637104,0.9142857142857143,12.0,0,0,13,-4.0,4.457142857142857,216,5.931350114416476,12,0,59,0.0,0.0,0.0,27.0,0,0.0,0.0,0.0,19,25,153,1200,4,2.0,3.0,6.0,16,0,5.666666666666667,-1.2095238095238097,0.003601175573366391,0.7222222222222222,0.851258581235698,1.6201372997711672,0.9700538087342382,272,0.04779411764705882,1.0260293421675342,0.1952662721893491,0.0,0.0,12.9,0.0,0.0,0.0,4.0,0.9603547834558441,1,Decoracion,Cuadros,NOA,Mediano,Proveedor D,0,0,test
2026-04-01,T27,SKU00324,1,4.0,7.0,1.1666666666666667,0.8035173141952215,1.1428571428571428,9.0,0,0,9,-1.0,7.7142857142857135,134,5.6421052631578945,15,0,48,0.0,0.0,0.0,0.0,0,0.0,0.0,0.0,36,46,192,1200,4,2.0,1.0,3.0,30,0,10.0,-2.2857142857142865,0.001359871030066984,1.007462686567164,1.0385964912280703,2.0210526315789474,0.955406532267061,274,0.06934306569343066,0.9547553093259464,1.6436058700209644,192.0,1.0,5.6,0.0,0.0,0.0,4.0,0.9055717969648092,1,Decoracion,Velas,AMBA,Chico,Proveedor B,0,0,test
2026-05-01,T01,SKU00572,1,4.0,8.0,1.25,0.49726524840644915,1.0666666666666667,11.0,0,0,3,1.0,2.4,44,3.940298507462687,15,2,21,0.0,0.0,0.0,0.0,0,0.0,0.0,0.0,45,11,36,800,5,2.0,1.0,2.0,42,0,1.6,0.7999999999999998,0.001517489759243352,1.0227272727272727,1.1343283582089552,1.8805970149253732,0.974430757402131,272,0.058823529411764705,1.0145266647167788,0.1630170316301703,108.0,1.0,3.8,0.0,0.0,0.0,2.0,0.9158690592425497,1,Cocina y mesa,Cristaleria,Cuyo,Grande,Proveedor H,0,0,test
2026-05-01,T04,SKU00123,3,11.0,20.0,5.166666666666667,0.4656389167526987,0.7096774193548386,12.0,0,0,40,8.0,7.741935483870967,422,5.344334644536121,12,0,213,36.0,0.0,0.0,0.0,0,0.0,0.0,0.0,14,11,36,450,5,4.0,4.0,9.0,13,0,5.5,2.241935483870967,0.005857687398757346,1.1374407582938388,1.06380120886501,2.6974959224791326,0.9712423622455728,295,0.07407407407407407,0.9828952857738841,0.9784172661870504,108.0,3.0,1.0,0.0,0.0,0.0,2.0,0.9380448732931607,1,Cocina y mesa,Cubiertos,Centro,Grande,Proveedor H,0,0,test
2026-05-01,T04,SKU00179,7,21.0,44.0,7.166666666666667,0.1768331811105838,0.9767441860465116,12.0,0,0,18,-13.0,2.511627906976744,296,4.612987012987013,10,0,100,0.0,36.0,0.0,0.0,0,0.0,0.0,0.0,36,11,36,450,5,7.0,7.0,9.0,32,0,4.6499999999999995,-2.1383720930232553,0.008125179295050513,0.6081081081081081,0.9714285714285714,1.5584415584415583,0.9712423622455728,295,0.07407407407407407,0.9954751131221719,0.3033419023136247,144.0,3.0,4.9,0.0,0.0,0.0,1.0,0.9480964410594567,1,Textil hogar,Toallas,Centro,Grande,Proveedor H,0,0,test
2026-05-01,T06,SKU00295,4,11.0,22.0,4.833333333333333,0.3160397031004026,0.7586206896551724,12.0,0,0,47,-2.0,9.724137931034484,615,5.4869888475836435,17,0,243,0.0,0.0,0.0,0.0,0,0.0,0.0,0.0,24,56,52,1500,5,4.0,3.0,8.0,21,0,11.76,-2.035862068965516,0.006182006807313243,1.2991869918699186,0.9784386617100372,2.168029739776952,0.9950899233289041,260,0.04980842911877394,0.9826187717265353,0.4460431654676259,52.0,1.0,7.6,0.0,1.0,0.0,2.0,0.9353722827646209,1,Cocina y mesa,Cubiertos,Centro,Mediano,Proveedor F,0,1,test
2026-05-01,T06,SKU00375,12,36.0,72.0,12.0,0.29941019462681057,1.0,12.0,0,0,79,14.0,6.583333333333333,614,5.62442748091603,9,1,143,0.0,0.0,0.0,0.0,0,0.0,0.0,0.0,33,10,35,1500,5,13.0,11.0,17.0,29,0,5.23489932885906,1.3484340044742726,0.015348430694019087,1.1579804560260585,1.0229007633587786,1.3099236641221375,0.9950899233289041,260,0.04980842911877394,1.0035052578868302,0.7061143984220908,0.0,0.0,19.9,0.0,0.0,0.0,4.0,0.9162428254829671,1,Decoracion,Cuadros,Centro,Mediano,Proveedor C,0,0,test
2026-05-01,T07,SKU00127,5,17.0,32.0,5.916666666666667,0.25437330101829075,0.9577464788732395,12.0,0,0,25,0.0,4.225352112676056,326,6.269230769230769,9,0,98,0.0,579.0,0.0,0.0,0,0.0,0.0,0.0,39,37,193,800,5,5.0,7.0,8.0,35,0,3.8461538461538463,0.3791982665222098,0.00732368761268414,0.6901840490797546,1.0192307692307692,1.8846153846153846,0.981580441159187,252,0.07539682539682539,0.971522711226171,1.5411522633744856,579.0,2.0,7.3,0.0,0.0,0.0,2.0,0.9272983024789964,1,Organizacion,Percheros,Centro,Mediano,Proveedor E,0,0,test
2026-05-01,T07,SKU00529,16,61.0,114.0,15.666666666666666,0.31072042580372244,1.297872340425532,12.0,0,0,43,-43.0,2.74468085106383,1122,5.351351351351352,17,0,368,0.0,0.0,0.0,0.0,0,0.0,0.0,0.0,37,11,36,800,5,25.0,20.0,25.0,32,0,5.701657458563536,-2.9569766074997057,0.01939229959414955,0.6515151515151515,0.985691573926868,1.75516693163752,0.981580441159187,252,0.07539682539682539,1.0299878519853132,0.4731404958677686,72.0,2.0,4.7,0.0,0.0,0.0,1.0,0.8838428945829068,1,Textil hogar,Acolchados,Centro,Mediano,Proveedor H,0,0,test
2026-05-01,T07,SKU00689,8,19.0,49.0,9.166666666666666,1.0430839094117161,0.6909090909090909,11.0,0,0,67,-11.0,7.3090909090909095,613,4.823606557377049,10,0,259,36.0,0.0,0.0,0.0,0,0.0,0.0,0.0,14,11,36,800,5,6.0,5.0,22.0,13,0,7.592920353982301,-0.28382944489139117,0.011346558273172611,1.0929853181076672,0.9416393442622951,2.038032786885246,0.981580441159187,252,0.07539682539682539,0.9220249255542077,0.4743083003952569,144.0,2.0,0.4,0.0,0.0,0.0,3.0,0.9017028999173763,1,Bano,Accesorios de bano,Centro,Mediano,Proveedor H,0,0,test
2026-05-01,T08,SKU00715,1,5.0,11.0,1.8333333333333333,0.561740346048477,0.9090909090909092,10.0,0,0,8,0.0,4.363636363636364,87,4.924528301886793,10,0,36,0.0,52.0,0.0,0.0,0,0.0,0.0,0.0,44,56,52,600,5,2.0,2.0,3.0,37,0,4.363636363636364,0.0,0.002349389110290227,0.9195402298850576,1.0000000000000002,2.037735849056604,0.9726470916601541,245,0.061224489795918366,1.0017011212222777,0.6528925619834711,52.0,1.0,10.1,0.0,1.0,0.0,1.0,0.8937335834456268,1,Textil hogar,Acolchados,Patagonia,Grande,Proveedor F,0,0,test
2026-05-01,T09,SKU00520,1,3.0,8.0,0.8333333333333334,1.001816531924066,1.2,8.0,0,0,2,0.0,2.4,23,4.928571428571428,7,1,20,0.0,0.0,0.0,0.0,0,0.0,0.0,0.0,42,46,192,600,5,1.0,1.0,3.0,37,0,2.4,0.0,0.0009970216244926519,0.6086956521739131,1.0,4.285714285714286,0.9710990622558429,278,0.08602150537634409,0.9917994074964579,1.2795698924731183,0.0,0.0,,0.0,0.0,0.0,3.0,0.8723310411276307,1,Bano,Alfombras de bano,NOA,Mediano,Proveedor B,0,0,test
2026-05-01,T11,SKU00166,1,3.0,5.0,0.6666666666666666,0.9770084209183946,1.5,7.0,0,0,2,0.0,3.0,52,4.132450331125828,19,5,24,0.0,0.0,0.0,0.0,0,0.0,0.0,0.0,40,46,192,800,5,1.0,1.0,2.0,35,0,4.8,-1.7999999999999998,0.0007953302066412482,0.7307692307692307,1.033112582781457,1.9072847682119205,0.9794491494786972,275,0.06115107913669065,0.938358066208003,1.0707635009310987,192.0,1.0,9.6,0.0,0.0,0.0,4.0,0.9692576117910331,1,Decoracion,Espejos,AMBA,Grande,Proveedor B,0,0,test
2026-05-01,T11,SKU00278,8,24.0,45.0,7.166666666666667,0.18657430421065707,1.1162790697674418,12.0,0,0,65,18.0,9.069767441860465,220,4.934579439252336,7,0,61,0.0,0.0,0.0,0.0,0,0.0,0.0,0.0,36,28,21,800,5,7.0,9.0,9.0,34,0,7.05,2.0197674418604654,0.00854979972139342,2.0681818181818183,1.0392523364485982,1.3682242990654205,0.9794491494786972,275,0.06115107913669065,0.9989921386817174,0.3526315789473684,0.0,0.0,29.3,0.0,2.0,0.0,2.0,0.9622419889026267,1,Muebles,Mesas auxiliares,AMBA,Grande,Proveedor G,0,0,test
2026-05-01,T13,SKU00321,1,3.0,5.0,1.1666666666666667,1.7077798626782088,0.8571428571428571,10.0,0,0,11,2.0,9.428571428571429,73,6.212765957446808,9,1,16,0.0,0.0,0.0,0.0,0,0.0,0.0,0.0,44,10,35,1200,5,1.0,1.0,6.0,39,0,6.0,3.428571428571429,0.001356650096154778,1.356164383561644,0.8226950354609929,1.3617021276595744,0.9826022839292462,272,0.072992700729927,0.9588228313753412,1.1530398322851152,35.0,1.0,5.0,0.0,0.0,0.0,4.0,0.8737471334118023,1,Decoracion,Velas,Centro,Chico,Proveedor C,0,0,test
2026-05-01,T14,SKU00043,2,6.0,12.0,1.6666666666666667,0.5196152422706631,1.2,8.0,0,0,8,0.0,4.8,137,4.663909974811516,18,2,66,42.0,0.0,0.0,0.0,0,0.0,0.0,0.0,11,28,21,1500,5,2.0,2.0,3.0,8,1,5.333333333333333,-0.5333333333333332,0.0021619581837978926,1.051094890510949,1.089380432072763,2.2468471411500737,0.9698544412517345,262,0.07575757575757576,0.9254237288135594,0.7678571428571429,42.0,2.0,0.2,0.0,0.0,0.0,1.0,0.9079427641088268,1,Textil hogar,Sabanas,AMBA,Grande,Proveedor G,0,0,test
2026-05-01,T14,SKU00689,15,60.0,97.0,15.166666666666666,0.32280565177653475,1.3186813186813187,12.0,0,0,62,-23.0,4.0879120879120885,613,4.823606557377049,10,0,259,36.0,0.0,0.0,0.0,0,0.0,0.0,0.0,14,11,36,1500,5,16.0,29.0,29.0,12,0,6.589147286821706,-2.501235198909617,0.01967381947256082,1.0114192495921697,0.9416393442622951,2.038032786885246,0.9698544412517345,262,0.07575757575757576,0.9958639705882354,0.4743083003952569,144.0,2.0,0.4,0.0,0.0,0.0,3.0,0.9419290015539501,1,Bano,Accesorios de bano,AMBA,Grande,Proveedor H,0,0,test
2026-05-01,T15,SKU00365,1,2.0,5.0,0.8333333333333334,0.692820323027551,0.7999999999999999,9.0,0,0,4,1.0,4.8,49,4.704000000000001,16,0,9,0.0,0.0,0.0,0.0,0,0.0,0.0,0.0,45,10,35,600,5,0.0,1.0,2.0,41,0,4.0,0.7999999999999998,0.0009435731801046738,1.3061224489795917,0.928,0.8640000000000001,0.9647092193390184,285,0.06993006993006994,0.9888185369796577,0.8138957816377171,0.0,0.0,14.8,0.0,0.0,0.0,1.0,0.8891421597852803,1,Iluminacion,Lamparas de mesa,NOA,Mediano,Proveedor C,0,0,test
2026-05-01,T15,SKU00621,1,3.0,5.0,1.1666666666666667,0.7155832370886188,0.8571428571428571,10.0,0,0,5,2.0,4.285714285714286,18,4.153846153846153,5,0,6,0.0,0.0,0.0,0.0,0,0.0,0.0,0.0,50,32,147,600,5,1.0,1.0,3.0,43,0,3.272727272727273,1.0129870129870127,0.0013210024521465432,1.3888888888888888,0.9230769230769229,1.3846153846153844,0.9647092193390184,285,0.06993006993006994,0.9888185369796577,0.38926174496644295,294.0,2.0,9.1,0.0,0.0,0.0,1.0,0.8891421597852803,1,Iluminacion,Apliques,NOA,Mediano,Proveedor A,0,0,test
2026-05-01,T15,SKU00674,4,10.0,19.0,2.4166666666666665,0.647287982048702,1.3793103448275863,11.0,0,0,11,-4.0,4.551724137931035,132,5.12621359223301,16,1,58,0.0,104.0,0.0,0.0,0,0.0,0.0,0.0,20,56,52,600,5,3.0,3.0,6.0,15,0,9.473684210526317,-4.921960072595282,0.0027363622223035536,1.3333333333333333,0.9967637540453075,2.2524271844660193,0.9647092193390184,285,0.06993006993006994,0.9672619047619049,1.3333333333333333,260.0,2.0,6.4,0.0,0.0,0.0,4.0,0.9000434834660425,1,Decoracion,Cuadros,NOA,Mediano,Proveedor F,0,0,test
2026-05-01,T16,SKU00376,8,22.0,39.0,6.75,0.28338889444445536,1.0864197530864197,12.0,0,0,21,-11.0,3.111111111111111,389,5.409038238702201,12,1,117,465.0,0.0,0.0,0.0,0,0.0,0.0,0.0,31,52,155,600,5,8.0,6.0,11.0,28,0,5.12,-2.008888888888889,0.00889155890682724,0.647814910025707,0.922363847045191,1.6268829663962918,0.9932200615922577,247,0.040160642570281124,0.9824453341546043,0.20987654320987653,465.0,1.0,2.1,0.0,0.0,0.0,2.0,0.8853974050026159,1,Organizacion,Percheros,NOA,Grande,Proveedor J,0,0,test
2026-05-01,T17,SKU00646,2,8.0,16.0,3.0,0.6356417261637283,0.8888888888888888,11.0,0,0,19,1.0,6.333333333333333,132,5.150458173219036,8,0,54,0.0,0.0,0.0,0.0,0,0.0,0.0,0.0,14,46,192,600,5,3.0,3.0,7.0,12,0,6.0,0.33333333333333304,0.003550830679177068,1.1515151515151516,1.0404966006503105,2.1070056163168784,0.9551734526986313,266,0.0708955223880597,0.961051512515705,1.0706806282722514,1152.0,4.0,5.4,0.0,1.0,0.0,3.0,0.9457854236455022,1,Bano,Cortinas de bano,Centro,Chico,Proveedor B,1,0,test
2026-05-01,T19,SKU00178,8,26.0,54.0,8.0,0.22613350843332272,1.0833333333333333,12.0,0,0,30,-2.0,3.75,481,5.266423357664234,15,1,191,0.0,0.0,0.0,0.0,0,0.0,0.0,0.0,16,31,182,800,5,8.0,10.0,10.0,14,0,4.363636363636364,-0.6136363636363642,0.008870778959677158,0.9355509355509355,0.9927007299270074,2.091240875912409,0.9772641487244336,280,0.046263345195729534,1.0687575392038602,0.22862453531598512,182.0,1.0,11.6,0.0,1.0,0.0,2.0,0.9215199659928235,1,Organizacion,Contenedores,Cuyo,Mediano,Proveedor I,0,0,test
2026-05-01,T20,SKU00252,3,9.0,14.0,2.5,0.4972652484064488,1.2,12.0,0,0,8,0.0,3.2,96,4.589641434262948,12,1,33,0.0,0.0,0.0,21.0,0,0.0,0.0,0.0,49,10,35,450,5,2.0,4.0,4.0,43,0,3.6923076923076925,-0.49230769230769234,0.0032337871305724852,1.0,0.9721115537848605,1.5776892430278884,0.9692737959369262,268,0.0962962962962963,0.9502102327130427,0.2638580931263858,0.0,0.0,,0.0,0.0,0.0,2.0,0.9349872242527285,1,Cocina y mesa,Vajilla,AMBA,Mediano,Proveedor C,0,0,test
2026-05-01,T21,SKU00084,2,5.0,8.0,1.5,0.9211323729436768,1.1111111111111112,9.0,0,0,10,0.0,6.666666666666667,60,4.645161290322581,7,0,30,0.0,0.0,0.0,0.0,0,0.0,0.0,0.0,16,31,182,600,5,2.0,1.0,4.0,15,0,5.217391304347826,1.4492753623188408,0.0017706585776782553,1.1666666666666667,1.1096774193548389,2.3225806451612905,0.9785839739301824,274,0.08759124087591241,0.982446381111317,1.0160818713450293,1456.0,4.0,7.8,0.0,1.0,0.0,2.0,0.9455066720488645,1,Muebles,Racks,Cuyo,Grande,Proveedor I,0,0,test
2026-05-01,T22,SKU00015,0,0.0,1.0,-0.08333333333333333,,,3.0,5,1,9,-2.0,inf,80,5.274725274725275,11,2,40,0.0,0.0,0.0,0.0,0,0.0,0.0,0.0,25,37,193,1500,5,0.0,0.0,3.0,21,0,inf,,-9.729378802749816e-05,1.2375,0.9450549450549451,2.6373626373626373,0.9632085014722319,287,0.07317073170731707,0.9057783334821826,0.15299334811529933,193.0,1.0,4.4,0.0,0.0,0.0,2.0,0.9184984303372381,1,Cocina y mesa,Vajilla,AMBA,Mediano,Proveedor E,0,1,test
2026-05-01,T22,SKU00459,1,5.0,10.0,2.5,0.7336087637029822,0.6666666666666667,12.0,0,0,13,-2.0,5.2,281,5.211746522411128,17,0,97,193.0,193.0,0.0,0.0,0,0.0,0.0,0.0,21,37,193,1500,5,2.0,2.0,7.0,19,0,4.390243902439025,0.8097560975609754,0.002918813640824945,0.786476868327402,0.9335394126738795,1.7990726429675425,0.9632085014722319,287,0.07317073170731707,0.9057783334821826,0.7649667405764967,579.0,3.0,0.4,0.0,1.0,0.0,2.0,0.9184984303372381,1,Cocina y mesa,Vajilla,AMBA,Mediano,Proveedor E,0,0,test
2026-05-01,T23,SKU00174,0,0.0,0.0,0.16666666666666666,2.3354968324845693,0.0,2.0,7,0,3,1.0,18.0,27,5.8909090909090915,9,1,8,0.0,0.0,0.0,17.0,0,0.0,0.0,0.0,44,10,35,450,5,0.0,0.0,1.0,40,0,4.8,13.2,0.00021498119240295551,1.0,0.6545454545454545,1.7454545454545456,0.9476370961122279,264,0.08614232209737828,0.9292346010002259,1.0,0.0,0.0,27.8,0.0,0.0,0.0,2.0,0.9171100290493068,1,Muebles,Racks,AMBA,Mediano,Proveedor C,0,1,test
2026-05-01,T23,SKU00546,6,16.0,29.0,6.083333333333333,0.26652389884502903,0.8767123287671232,12.0,0,0,22,-1.0,3.616438356164384,508,4.7962234461054285,17,0,200,147.0,0.0,0.0,0.0,0,0.0,0.0,0.0,37,32,147,450,5,5.0,5.0,9.0,35,0,3.2470588235294118,0.36937953263497203,0.007846813522707876,0.7362204724409449,0.940991345397325,1.8882769472856018,0.9476370961122279,264,0.08614232209737828,0.9191820837390458,1.3520833333333333,588.0,2.0,0.5,0.0,1.0,0.0,1.0,0.8843374642094748,1,Iluminacion,Guirnaldas,AMBA,Mediano,Proveedor A,0,0,test
2026-05-01,T23,SKU00747,1,4.0,8.0,1.5,0.7247430753394787,0.8888888888888888,10.0,0,0,8,0.0,5.333333333333333,51,3.849056603773585,7,1,12,0.0,0.0,0.0,0.0,0,0.0,0.0,0.0,36,25,153,450,5,2.0,1.0,4.0,33,0,4.0,1.333333333333333,0.0019348307316265998,1.0980392156862746,1.1069182389937107,0.9056603773584906,0.9476370961122279,264,0.08614232209737828,0.9292346010002259,1.197215777262181,0.0,0.0,13.4,0.0,0.0,0.0,2.0,0.9171100290493068,1,Muebles,Sillas,AMBA,Mediano,Proveedor D,0,0,test
2026-05-01,T24,SKU00098,2,4.0,7.0,1.3333333333333333,0.8660254037844388,1.0,9.0,0,0,1,0.0,0.75,38,4.071428571428571,14,2,25,0.0,0.0,0.0,0.0,0,0.0,0.0,0.0,42,32,147,800,5,1.0,1.0,4.0,39,0,0.8571428571428571,-0.1071428571428571,0.0014447347899251637,0.3684210526315789,1.0357142857142856,2.6785714285714284,0.9614710026951965,297,0.07407407407407407,1.0295015259409968,1.3478260869565217,147.0,1.0,3.4,0.0,0.0,0.0,3.0,0.9034447263533715,1,Bano,Accesorios de bano,AMBA,Grande,Proveedor A,0,0,test
2026-05-01,T25,SKU00453,1,4.0,8.0,1.75,0.7753148860571065,0.7619047619047619,10.0,0,0,9,0.0,5.142857142857143,218,5.637931034482759,17,2,61,0.0,0.0,0.0,0.0,0,0.0,0.0,0.0,42,10,35,1500,5,2.0,1.0,4.0,40,0,3.724137931034483,1.4187192118226601,0.0021563875747267645,0.7018348623853211,0.8534482758620691,1.5775862068965518,1.0132967898763672,267,0.08208955223880597,1.0632937426088744,1.8172043010752688,105.0,1.0,6.0,0.0,1.0,0.0,3.0,0.8943870751378533,1,Bano,Alfombras de bano,Centro,Grande,Proveedor C,0,0,test
2026-05-01,T25,SKU00751,6,16.0,30.0,6.166666666666667,0.3962102161238574,0.8648648648648648,12.0,0,0,36,6.0,5.837837837837838,254,5.291666666666667,8,0,58,0.0,0.0,0.0,0.0,0,0.0,0.0,0.0,36,52,155,1500,5,6.0,4.0,11.0,33,0,4.736842105263158,1.1009957325746793,0.0075986990728466935,1.1338582677165354,0.9027777777777778,1.2083333333333333,1.0132967898763672,267,0.08208955223880597,1.020942631691192,1.6519916142557651,155.0,1.0,6.3,0.0,1.0,0.0,4.0,0.8979984120403425,1,Decoracion,Velas,Centro,Grande,Proveedor J,0,0,test
2026-05-01,T26,SKU00333,2,8.0,13.0,2.4166666666666665,0.5706018078217022,1.103448275862069,11.0,0,0,24,0.0,9.931034482758621,297,5.594976452119309,12,0,130,0.0,0.0,0.0,0.0,0,0.0,0.0,0.0,43,11,36,1200,5,4.0,2.0,5.0,40,0,9.29032258064516,0.6407119021134609,0.002846078033095397,0.9696969696969697,0.9544740973312401,2.4489795918367347,0.9845467182073456,275,0.06545454545454546,0.9797415298637792,1.7405764966740576,0.0,0.0,16.0,0.0,0.0,0.0,2.0,0.9119509375425057,1,Cocina y mesa,Vajilla,NOA,Mediano,Proveedor H,0,1,test
2026-05-01,T27,SKU00698,1,3.0,4.0,0.75,1.4070529413628965,1.3333333333333333,7.0,0,0,3,0.0,4.0,37,5.842105263157895,10,2,14,0.0,0.0,0.0,0.0,0,0.0,0.0,0.0,49,32,147,1200,5,1.0,1.0,3.0,48,0,3.5999999999999996,0.40000000000000036,0.0008800328545599035,0.8108108108108107,1.105263157894737,2.210526315789474,0.9946326885092599,274,0.08394160583941605,0.970873786407767,0.7649667405764967,147.0,1.0,9.1,0.0,0.0,0.0,2.0,0.9147506917672267,1,Cocina y mesa,Vajilla,AMBA,Chico,Proveedor A,0,0,test
