fecha_mes,id_tienda,id_producto,unidades_vendidas,u3_suma,u6_suma,u12_prom,cv_u12,tendencia_u3_vs_u12,meses_con_venta_12,meses_sin_venta,sin_venta_12m,precio_medio_12m,stock_disponible,stock_en_transito,var_stock_3m,cobertura,capital_inmovilizado_pos,stock_sku_cadena,cobertura_sku_cadena,tiendas_con_stock_sku,tiendas_cob12_sku,stock_deposito_sku,uds_oc_recibidas_3m,uds_oc_pendientes,uds_transf_recibidas_3m,uds_transf_enviadas_3m,liquidacion_activa,liquidaciones_12m,promos_activas_categoria,descuento_promo_max,precio_lista,margen_lista,antig_sku_meses,lead_time_dias,pedido_minimo_unidades,m2_venta,mes_del_anio,u_lag1,u_lag2,u12_max,venta3_suma,antig_posicion_meses,cobertura_3m_antes,var_cobertura_3m,transito_sobre_stock,descuento_implicito_12m,peso_posicion_en_tienda,stock_vs_prom_sku,tendencia_sku_cadena,cobertura_deposito_sku,tendencia_tienda,skus_en_tienda,pct_pos_cob12_tienda,tendencia_categoria_tienda,precio_rel_subcategoria,uds_oc_recibidas_12m,n_oc_recibidas_12m,meses_desde_ultima_oc,uds_transf_recibidas_12m,liquidaciones_sku_cadena_12m,descuento_liquidacion_activa,promos_categoria_12m,cumplimiento_ppto_3m,eventos_en_horizonte,categoria,subcategoria,region,formato,proveedor,costo_imputado,target_cob12_t3,split
2023-02-01,T12,SKU00421,3,11.0,24.0,4.25,0.37707171259474215,0.8627450980392156,12.0,0,0,51406.291372549014,14,0,-15.0,3.2941176470588234,352800.0,284,4.748923232835065,18,0,138,0.0,0.0,0.0,0.0,0,0.0,0.0,0.0,55900.0,0.5491949910554561,13,10,35,1200,2,4.0,4.0,7.0,578183.06,12,6.904761904761904,-3.610644257703081,0.0,0.08038834753937363,0.013542596587417398,0.8873239436619718,1.0255890549784648,2.3075753737015456,0.9495750077765611,98,0.0707070707070707,1.0257181531057302,1.1645833333333333,70.0,2.0,6.5,0.0,1.0,0.0,1.0,0.8978564169432843,0,Iluminacion,Guirnaldas,Cuyo,Chico,Proveedor C,0,0,train
2023-02-01,T15,SKU00660,2,4.0,14.0,1.75,0.8484406738213545,0.7619047619047619,11.0,0,0,72115.32047619048,8,2,2.0,4.571428571428571,363360.0,70,4.024390243902439,10,0,25,735.0,0.0,0.0,0.0,0,0.0,0.0,0.0,79200.0,0.4265151515151515,13,32,147,600,2,1.0,1.0,6.0,289303.06,12,3.1578947368421053,1.4135338345864659,0.25,0.08945302429052426,0.004590031900295916,1.1428571428571428,1.0156794425087108,1.4372822299651566,0.9442351337751598,113,0.06140350877192982,0.9598171776804418,1.7678571428571428,882.0,4.0,1.5,0.0,0.0,0.0,3.0,0.9138222926663827,0,Textil hogar,Sabanas,NOA,Mediano,Proveedor A,0,0,train
2023-02-01,T20,SKU00311,7,18.0,31.0,4.916666666666667,0.3409802490306962,1.2203389830508473,12.0,0,0,81614.22813559322,7,2,-10.0,1.423728813559322,334530.0,262,4.283378746594005,22,0,125,0.0,0.0,0.0,0.0,0,0.0,0.0,0.0,87800.0,0.45569476082004556,13,32,147,450,2,7.0,4.0,7.0,1472912.1,12,3.7777777777777777,-2.354048964218456,0.2857142857142857,0.07045298251032783,0.016574775111349797,0.5877862595419848,1.0354223433242506,2.043596730245232,0.9652699539423373,109,0.05405405405405406,0.9273947323142528,2.0371229698375872,0.0,0.0,,0.0,0.0,0.0,3.0,0.8951284116139234,0,Muebles,Sillas,AMBA,Mediano,Proveedor A,0,0,train
2023-03-01,T01,SKU00378,1,2.0,5.0,0.8333333333333334,0.8612886750783281,0.7999999999999999,8.0,0,0,7656.502,4,0,0.0,4.8,16280.0,57,5.28,17,0,29,0.0,0.0,0.0,0.0,0,0.0,0.0,0.0,8400.0,0.5154761904761904,14,46,192,800,3,1.0,0.0,2.0,15264.11,13,4.4,0.39999999999999947,0.0,0.08851166666666666,0.0022853710136599894,1.1929824561403508,0.7719298245614036,2.686315789473684,0.8912946953273958,108,0.1,0.7743261264018539,0.22105263157894736,0.0,0.0,,0.0,0.0,0.0,3.0,0.8864657993889297,1,Muebles,Mesas auxiliares,Cuyo,Grande,Proveedor B,0,0,train
2023-03-01,T05,SKU00256,5,13.0,21.0,3.6666666666666665,0.5371265060916338,1.1818181818181819,12.0,0,0,20939.818863636363,25,2,8.0,6.818181818181818,291250.0,168,5.29639359923573,9,0,77,0.0,0.0,0.0,0.0,0,0.0,0.0,0.0,23100.0,0.4956709956709957,13,31,182,450,3,2.0,6.0,6.0,275245.58999999997,11,4.935483870967742,1.8826979472140764,0.08,0.0935143349075167,0.010453031548841234,1.3392857142857142,1.0823978982565083,2.427513732983043,0.9170159495119811,115,0.10344827586206896,0.8479861411866609,0.4967741935483871,0.0,0.0,,0.0,0.0,0.0,1.0,0.8343381134740006,1,Bano,Alfombras de bano,AMBA,Mediano,Proveedor I,0,0,train
2023-03-01,T17,SKU00454,2,7.0,20.0,2.6666666666666665,0.6846531968814576,0.8750000000000001,11.0,0,0,30471.1525,12,3,-8.0,4.5,229560.0,188,5.785964094194451,10,0,45,0.0,0.0,0.0,0.0,0,0.0,1.0,10.0,33000.0,0.4203030303030303,13,56,52,600,3,4.0,1.0,7.0,220410.85,11,7.2,-2.7,0.25,0.07663174242424242,0.007665186479614824,0.6382978723404255,0.9027745395197015,1.384938214035906,0.9332364538931048,113,0.09565217391304348,0.8217223937319982,0.9375,156.0,2.0,4.4,0.0,0.0,0.0,3.0,0.9347935107264227,1,Organizacion,Cajas,Centro,Chico,Proveedor F,0,0,train
2023-05-01,T12,SKU00730,4,24.0,43.0,7.0,0.3445843938031584,1.1428571428571428,12.0,0,0,33128.54119047619,36,6,-6.0,5.142857142857143,695160.0,207,5.175,6,0,43,0.0,0.0,0.0,0.0,0,0.0,0.0,0.0,36100.0,0.4650969529085872,13,46,192,1200,5,8.0,12.0,12.0,799414.5999999999,12,6.461538461538462,-1.3186813186813184,0.16666666666666666,0.08231187838016085,0.01913484543711249,1.0434782608695652,1.0666666666666667,1.075,0.9239396796777173,120,0.08130081300813008,0.9751967392028545,0.7568134171907757,192.0,1.0,6.7,0.0,0.0,0.0,2.0,0.8946797550750467,1,Decoracion,Velas,Cuyo,Chico,Proveedor B,0,0,train
2023-05-01,T15,SKU00651,6,24.0,39.0,6.833333333333333,0.3682846065985731,1.1707317073170733,12.0,0,0,36196.90048780487,39,6,-17.0,5.707317073170732,864630.0,590,6.276595744680851,14,0,253,0.0,0.0,0.0,0.0,0,0.0,0.0,0.0,38000.0,0.41657894736842105,14,25,153,600,5,9.0,9.0,10.0,837858.1599999999,13,9.476923076923077,-3.7696060037523447,0.15384615384615385,0.04744998716302962,0.01412436224313842,0.9254237288135593,1.0638297872340425,2.6914893617021276,0.9266959618059111,133,0.051470588235294115,1.050427379767258,1.0,612.0,2.0,4.7,0.0,1.0,0.0,3.0,0.8574965899781071,1,Muebles,Mesas auxiliares,NOA,Mediano,Proveedor D,0,0,train
2023-05-01,T17,SKU00421,3,9.0,17.0,2.8333333333333335,0.20377068324339734,1.0588235294117647,12.0,0,0,51867.9194117647,12,1,-1.0,4.235294117647059,302400.0,360,5.294117647058823,20,0,98,0.0,0.0,0.0,0.0,0,0.0,0.0,0.0,55900.0,0.5491949910554561,16,10,35,600,5,3.0,3.0,4.0,475864.3099999999,15,4.588235294117647,-0.35294117647058787,0.08333333333333333,0.07213024308113236,0.00769617831929537,0.6666666666666666,0.9803921568627452,1.4411764705882353,0.9434609186712677,127,0.05511811023622047,0.9410109319190388,1.1645833333333333,70.0,2.0,9.6,0.0,1.0,0.0,1.0,0.9010671501712557,1,Iluminacion,Guirnaldas,Centro,Chico,Proveedor C,0,0,train
2023-05-01,T19,SKU00501,0,0.0,1.0,0.25,2.486326242032244,0.0,2.0,4,0,13160.786666666667,3,1,0.0,12.0,20370.0,43,6.531645569620253,12,1,17,0.0,0.0,0.0,0.0,0,0.0,0.0,0.0,13900.0,0.5115107913669065,14,25,153,800,5,0.0,0.0,2.0,0.0,13,6.6000000000000005,5.3999999999999995,0.3333333333333333,0.05318081534772179,0.0006330974002535861,0.8372093023255813,1.0126582278481013,2.5822784810126582,0.9057513472961306,131,0.06015037593984962,0.8759271050664545,0.258364312267658,306.0,2.0,3.9,58.0,1.0,0.0,3.0,0.8608186517147517,1,Organizacion,Contenedores,Cuyo,Mediano,Proveedor D,0,0,train
2023-05-01,T20,SKU00690,0,2.0,11.0,1.1666666666666667,1.2029647976009776,0.5714285714285714,8.0,1,0,51690.14714285714,3,1,0.0,2.571428571428571,103350.0,32,3.3103448275862073,11,0,11,0.0,0.0,0.0,0.0,0,0.0,0.0,0.0,55900.0,0.38372093023255816,13,32,147,450,5,1.0,1.0,5.0,107632.51000000001,12,2.3076923076923075,0.2637362637362637,0.3333333333333333,0.07531042678251987,0.003110223672591351,1.03125,0.7931034482758621,1.1379310344827587,0.9641693385033189,134,0.08208955223880597,0.9951595729776682,1.1719077568134173,147.0,1.0,4.4,0.0,0.0,0.0,2.0,0.9155944847646098,1,Decoracion,Velas,AMBA,Mediano,Proveedor A,0,0,train
2023-05-01,T26,SKU00378,1,3.0,6.0,0.75,1.2870763988845637,1.3333333333333333,6.0,0,0,7892.746666666667,2,0,-1.0,2.6666666666666665,8140.0,35,3.9793281653746773,14,0,15,0.0,0.0,0.0,0.0,0,0.0,0.0,0.0,8400.0,0.5154761904761904,16,46,192,1200,5,0.0,2.0,3.0,23192.6,15,4.0,-1.3333333333333335,0.0,0.060387301587301545,0.0017698932726263063,0.8,0.8716623600344532,1.7054263565891474,0.9982198057612367,137,0.07971014492753623,1.1584084812049518,0.22105263157894736,0.0,0.0,,0.0,0.0,0.0,3.0,0.918350230688133,1,Muebles,Mesas auxiliares,NOA,Mediano,Proveedor B,0,0,train
2023-06-01,T05,SKU00675,2,6.0,13.0,2.0,0.5222329678670934,1.0,11.0,0,0,78781.28208333332,9,0,2.0,4.5,393480.0,132,4.33972602739726,16,0,43,0.0,0.0,0.0,0.0,0,0.0,1.0,30.0,84800.0,0.4844339622641509,17,32,147,450,6,1.0,3.0,3.0,460450.26999999996,14,3.8181818181818183,0.6818181818181817,0.0,0.0709754471305033,0.004572553659049153,1.0909090909090908,1.117808219178082,1.4136986301369863,0.9129865472568142,142,0.05517241379310345,0.887233764536783,1.8236559139784947,0.0,0.0,15.4,0.0,0.0,0.0,1.0,0.8216813947135359,0,Bano,Alfombras de bano,AMBA,Mediano,Proveedor A,0,0,train
2023-06-01,T10,SKU00114,0,0.0,4.0,0.75,1.005037815259212,0.0,7.0,3,0,31843.435555555552,4,0,2.0,5.333333333333333,81480.0,55,4.46220036877689,16,0,26,0.0,192.0,0.0,0.0,0,0.0,1.0,30.0,34900.0,0.41633237822349567,12,46,192,450,6,0.0,0.0,2.0,0.0,11,2.0,3.333333333333333,0.0,0.08758064310729075,0.0018972362314628201,1.1636363636363636,1.2710510141364473,2.1094038106945296,0.920791984336622,122,0.08064516129032258,0.8941717791411044,0.6897233201581028,0.0,0.0,,0.0,1.0,0.0,1.0,0.9080728705141677,0,Bano,Accesorios de bano,AMBA,Mediano,Proveedor B,0,0,train
2023-06-01,T14,SKU00501,2,4.0,8.0,1.0,0.9534625892455925,1.3333333333333333,7.0,0,0,13049.262499999999,2,2,0.0,2.0,13580.0,28,4.363636363636364,11,0,14,0.0,0.0,0.0,0.0,0,0.0,1.0,40.0,13900.0,0.5115107913669065,15,25,153,1500,6,0.0,2.0,2.0,52985.31,14,2.0,0.0,1.0,0.061204136690647615,0.002805728220079216,0.7857142857142857,1.142857142857143,2.181818181818182,0.9081207005656398,122,0.04918032786885246,0.8469055374592834,0.258364312267658,306.0,2.0,4.9,0.0,1.0,0.0,4.0,0.9178260366686659,0,Organizacion,Contenedores,AMBA,Grande,Proveedor D,0,0,train
2023-06-01,T17,SKU00452,1,1.0,2.0,0.5833333333333334,1.5434342355060342,0.5714285714285714,5.0,0,0,38963.694285714286,2,0,2.0,3.4285714285714284,39400.0,34,6.688524590163935,9,1,11,21.0,0.0,0.0,0.0,0,0.0,1.0,30.0,40400.0,0.5123762376237624,17,28,21,600,6,0.0,0.0,3.0,36579.39,16,0.0,3.4285714285714284,0.0,0.03555212164073551,0.0013551871863824892,0.5294117647058824,1.3770491803278688,2.1639344262295084,0.9060394331814355,139,0.07142857142857142,0.8339289969025494,1.057591623036649,84.0,2.0,1.1,0.0,0.0,0.0,1.0,0.7943489931020918,0,Bano,Cortinas de bano,Centro,Chico,Proveedor G,0,0,train
2023-06-01,T28,SKU00289,1,1.0,3.0,0.6666666666666666,0.9770084209183945,0.5,7.0,0,0,75706.6025,2,0,-3.0,3.0,95940.0,55,4.370860927152318,18,0,14,193.0,0.0,0.0,0.0,0,0.0,0.0,0.0,80300.0,0.4026151930261519,16,37,193,1500,6,0.0,0.0,2.0,78854.66999999997,13,7.857142857142858,-4.857142857142858,0.0,0.057202957658779696,0.0015942398939381875,0.6545454545454545,1.086092715231788,1.1125827814569536,0.9047311398099214,126,0.05555555555555555,1.029112504672121,1.863109048723898,579.0,2.0,1.3,0.0,1.0,0.0,2.0,0.8636198906253326,0,Muebles,Sillas,AMBA,Grande,Proveedor E,0,0,train
2023-07-01,T04,SKU00439,0,1.0,3.0,0.75,1.6205747826813257,0.4444444444444444,5.0,1,0,40880.166666666664,3,0,1.0,4.0,71130.0,26,6.240000000000001,9,2,16,0.0,0.0,0.0,0.0,0,0.0,0.0,0.0,45100.0,0.4742793791574279,17,46,192,450,7,1.0,0.0,4.0,42361.77,15,2.6666666666666665,1.3333333333333335,0.0,0.09356614929785667,0.0013909998097160433,1.0384615384615385,0.8000000000000002,3.8400000000000007,0.9223874293761496,155,0.050955414012738856,0.9225543573220764,1.0,0.0,0.0,,0.0,0.0,0.0,2.0,0.9213868649255742,0,Cocina y mesa,Vajilla,Centro,Grande,Proveedor B,0,0,train
2023-07-01,T05,SKU00737,12,29.0,50.0,8.333333333333334,0.37015967070736083,1.16,12.0,0,0,39427.525499999996,21,13,-4.0,2.52,411390.0,673,5.667368421052632,26,0,244,0.0,0.0,0.0,0.0,0,0.0,0.0,0.0,41700.0,0.5302158273381294,15,52,155,450,7,8.0,9.0,12.0,1179471.53,14,3.1578947368421053,-0.6378947368421053,0.6190476190476191,0.05449579136690652,0.018343244508620214,0.8112927191679049,1.0301754385964912,2.054736842105263,0.9435764975234238,147,0.047619047619047616,1.1523515822122226,1.0,155.0,1.0,4.9,0.0,0.0,0.0,2.0,0.9362398293737739,0,Cocina y mesa,Cubiertos,AMBA,Mediano,Proveedor J,0,0,train
2023-07-01,T08,SKU00477,0,3.0,8.0,0.6666666666666666,2.6628760937957834,1.5,7.0,1,0,11262.796250000001,1,1,-10.0,1.5,7700.0,135,4.830577392247222,18,0,66,386.0,0.0,0.0,0.0,0,0.0,0.0,0.0,12100.0,0.36363636363636365,16,37,193,600,7,2.0,1.0,3.0,33277.85,14,14.666666666666666,-13.166666666666666,1.0,0.06919039256198334,0.001423200212001382,0.13333333333333333,0.9422607752778531,2.3616156139875306,0.9542557421469268,143,0.06206896551724138,1.0914503059368283,0.28074245939675174,965.0,3.0,2.1,0.0,0.0,0.0,2.0,0.7794897591369513,0,Muebles,Sillas,Patagonia,Grande,Proveedor E,0,0,train
2023-07-01,T09,SKU00506,2,7.0,10.0,2.0833333333333335,0.5201398413363991,1.1199999999999999,12.0,0,0,58157.7604,8,1,1.0,3.84,300560.0,140,4.666666666666667,18,0,74,0.0,0.0,0.0,0.0,0,0.0,0.0,0.0,60800.0,0.38207236842105263,15,56,52,600,7,3.0,2.0,4.0,405883.39,14,3.8181818181818183,0.021818181818181515,0.125,0.04345788815789475,0.005141948038812047,1.0285714285714287,0.9,2.466666666666667,0.9494092858862564,145,0.06206896551724138,1.0454338246467103,1.2015810276679841,0.0,0.0,,0.0,0.0,0.0,1.0,0.9558549170902712,0,Bano,Accesorios de bano,NOA,Mediano,Proveedor F,0,0,train
2023-07-01,T11,SKU00500,4,5.0,13.0,1.5833333333333333,1.0588334048847934,1.0526315789473686,8.0,0,0,19729.92210526316,12,2,1.0,7.578947368421053,154080.0,142,5.0265486725663715,17,0,77,0.0,0.0,0.0,0.0,0,0.0,0.0,0.0,21900.0,0.41369863013698627,17,28,21,800,7,1.0,0.0,5.0,102862.59,15,6.947368421052632,0.6315789473684212,0.16666666666666666,0.09909031482816633,0.00373721288217025,1.436619718309859,1.0501474926253689,2.725663716814159,0.9087328166119241,144,0.0684931506849315,1.1442737224485788,0.6221590909090909,42.0,2.0,7.1,0.0,0.0,0.0,4.0,0.9349428194554382,0,Organizacion,Cajas,AMBA,Grande,Proveedor G,0,0,train
2023-07-01,T12,SKU00540,4,6.0,13.0,2.4166666666666665,0.9896229501160476,0.8275862068965518,10.0,0,0,25208.10137931035,16,8,-6.0,6.620689655172415,274400.0,231,4.967741935483871,14,0,112,576.0,0.0,0.0,0.0,0,0.0,0.0,0.0,27600.0,0.3786231884057971,15,46,192,1200,7,1.0,1.0,6.0,149102.08000000002,14,8.8,-2.179310344827586,0.5,0.08666299350324824,0.006478802979495009,0.9696969696969697,1.1756272401433692,2.4086021505376345,0.9204368370868771,127,0.061068702290076333,1.0684582228787665,0.684863523573201,576.0,1.0,2.8,0.0,1.0,0.0,2.0,0.8904861873361466,0,Iluminacion,Lamparas de mesa,Cuyo,Chico,Proveedor B,0,0,train
2023-07-01,T13,SKU00256,2,13.0,33.0,4.333333333333333,0.48539730458960223,1.0,12.0,0,0,20520.216153846155,21,1,0.0,4.846153846153847,244650.0,169,5.213367609254499,9,0,69,0.0,0.0,0.0,0.0,0,0.0,0.0,0.0,23100.0,0.4956709956709957,17,31,182,1200,7,4.0,7.0,8.0,266637.8,14,5.04,-0.19384615384615334,0.047619047619047616,0.11167895437895436,0.009397925634023557,1.1183431952662721,1.0179948586118253,2.12853470437018,0.9571425799574762,145,0.03424657534246575,0.9916711149521703,0.4967741935483871,0.0,0.0,,0.0,0.0,0.0,1.0,0.8578050346684375,0,Bano,Alfombras de bano,Centro,Chico,Proveedor I,0,0,train
2023-07-01,T22,SKU00203,3,7.0,15.0,2.5,0.5783990443849769,0.9333333333333333,12.0,0,0,26915.551333333333,18,4,5.0,7.2,249840.0,120,7.0588235294117645,6,0,23,0.0,0.0,0.0,0.0,0,0.0,0.0,0.0,28800.0,0.5180555555555555,18,52,155,1500,7,3.0,1.0,5.0,183045.49,17,5.032258064516129,2.167741935483871,0.2222222222222222,0.0654322453703704,0.005132676730910053,0.9,0.9215686274509803,1.3529411764705883,0.9519404443594512,144,0.03424657534246575,1.081259341606251,0.7007299270072993,930.0,2.0,9.7,0.0,1.0,0.0,2.0,0.9116516417240056,0,Cocina y mesa,Cristaleria,AMBA,Mediano,Proveedor J,0,0,train
2023-07-01,T23,SKU00651,5,23.0,39.0,6.75,0.31027625679483567,1.1358024691358024,12.0,0,0,35129.8313580247,44,1,13.0,6.518518518518518,975480.0,539,5.523484201537148,15,0,207,0.0,0.0,0.0,0.0,0,0.0,0.0,0.0,38000.0,0.41657894736842105,16,25,153,450,7,7.0,11.0,11.0,816698.61,14,4.708860759493671,1.809657759024847,0.022727272727272728,0.07553075373619211,0.01470973450937835,1.2244897959183674,1.004269854824936,2.121263877028181,0.9697528676553135,154,0.05194805194805195,0.9504674617506685,1.0,459.0,1.0,6.7,0.0,1.0,0.0,2.0,0.9164688482920701,0,Muebles,Mesas auxiliares,AMBA,Mediano,Proveedor D,0,0,train
2023-07-01,T24,SKU00054,3,4.0,12.0,1.75,0.8827348295047495,0.7619047619047619,9.0,0,0,26616.854285714282,10,2,1.0,5.714285714285714,133100.0,172,5.108910891089109,18,1,73,0.0,0.0,0.0,0.0,0,0.0,0.0,0.0,28500.0,0.5329824561403509,16,56,52,800,7,0.0,1.0,4.0,101444.87999999999,14,4.909090909090909,0.8051948051948052,0.2,0.06607528822055153,0.0035970108106080007,1.0465116279069768,1.118811881188119,2.1683168316831685,0.9557771582472688,144,0.03424657534246575,1.021189000514622,0.6129032258064516,0.0,0.0,,0.0,0.0,0.0,1.0,0.8586910247215146,0,Bano,Alfombras de bano,AMBA,Grande,Proveedor F,0,0,train
2023-07-01,T26,SKU00120,2,9.0,17.0,2.25,0.9499246824653531,1.3333333333333333,11.0,0,0,62262.70518518519,17,8,0.0,7.555555555555555,627810.0,216,4.429530201342282,14,0,105,0.0,0.0,0.0,0.0,0,0.0,0.0,0.0,68800.0,0.4632267441860465,13,10,35,1200,7,4.0,3.0,6.0,538162.25,12,7.727272727272727,-0.17171717171717127,0.47058823529411764,0.0950188199827735,0.004827143078935592,1.1018518518518519,0.9433258762117822,2.1532438478747205,0.9711496742510421,149,0.06666666666666667,0.9671622701022236,1.3570019723865878,70.0,2.0,3.9,0.0,0.0,0.0,2.0,0.9115443804243071,0,Decoracion,Cuadros,NOA,Mediano,Proveedor C,0,0,train
2023-08-01,T03,SKU00054,1,8.0,13.0,2.0,0.6396021490668313,1.3333333333333333,11.0,0,0,26322.171666666665,8,0,3.0,4.0,106480.0,151,4.430317848410757,18,0,57,0.0,0.0,0.0,0.0,0,0.0,0.0,0.0,28500.0,0.5329824561403509,17,56,52,450,8,2.0,5.0,5.0,214789.64,14,2.608695652173913,1.391304347826087,0.0,0.07641502923976617,0.0043649886340231024,0.9536423841059603,1.0268948655256722,1.6723716381418092,0.9668449824361172,136,0.050724637681159424,0.8663020877837592,0.6129032258064516,0.0,0.0,,36.0,0.0,0.0,1.0,0.8494075128688695,1,Bano,Alfombras de bano,Cuyo,Chico,Proveedor F,0,0,train
2023-08-01,T05,SKU00289,0,3.0,7.0,1.0,0.8528028654224418,1.0,9.0,1,0,73832.97916666667,2,1,-1.0,2.0,95940.0,65,4.406779661016949,20,0,42,0.0,0.0,0.0,0.0,0,0.0,0.0,0.0,80300.0,0.4026151930261519,18,37,193,450,8,2.0,1.0,3.0,216190.8,15,2.7692307692307696,-0.7692307692307696,0.5,0.0805357513491074,0.002024740843032843,0.6153846153846154,1.2203389830508475,2.847457627118644,1.0049463717586342,152,0.06535947712418301,1.0272695892302381,1.863109048723898,579.0,2.0,3.3,0.0,1.0,0.0,2.0,0.8771344515951044,1,Muebles,Sillas,AMBA,Mediano,Proveedor E,0,0,train
2023-08-01,T08,SKU00019,7,13.0,20.0,3.0,0.49236596391733106,1.4444444444444444,12.0,0,0,81089.55750000001,11,1,-20.0,3.6666666666666665,505560.0,178,5.2481572481572485,10,0,77,0.0,0.0,0.0,17.0,0,0.0,0.0,0.0,88800.0,0.4824324324324324,17,28,21,600,8,4.0,2.0,7.0,1027726.2700000001,15,12.4,-8.733333333333334,0.09090909090909091,0.08682930743243233,0.006841867622531629,0.6179775280898876,1.0024570024570025,2.2702702702702706,0.9776268625084084,149,0.05333333333333334,0.9298482561372845,1.8271604938271604,0.0,0.0,,0.0,0.0,0.0,4.0,0.9267890976079294,1,Organizacion,Percheros,Patagonia,Grande,Proveedor G,0,0,train
2023-08-01,T14,SKU00623,2,3.0,7.0,1.1666666666666667,0.8827348295047496,0.8571428571428571,8.0,0,0,21261.756428571425,8,3,3.0,6.857142857142857,91280.0,76,7.069767441860465,8,0,35,0.0,0.0,0.0,0.0,0,0.0,0.0,0.0,23800.0,0.5205882352941176,15,56,52,1500,8,1.0,0.0,3.0,64654.509999999995,12,4.166666666666667,2.69047619047619,0.375,0.10664888955582252,0.0027504759539597203,0.8421052631578947,0.9922480620155039,3.255813953488372,0.9642382844310219,143,0.055944055944055944,1.0616644937829582,0.5790754257907542,0.0,0.0,,0.0,0.0,0.0,2.0,0.917792642951397,1,Cocina y mesa,Cristaleria,AMBA,Grande,Proveedor F,0,0,train
2023-08-01,T20,SKU00737,4,21.0,43.0,6.416666666666667,0.3352927481217999,1.0909090909090908,12.0,0,0,38102.81792207792,54,14,12.0,8.415584415584416,1057860.0,653,5.56139105748758,26,1,208,0.0,0.0,0.0,0.0,0,0.0,0.0,0.0,41700.0,0.5302158273381294,16,52,155,450,8,11.0,6.0,11.0,790718.14,14,6.631578947368421,1.7840054682159945,0.25925925925925924,0.08626335918278372,0.01457417189951843,2.1500765696784074,1.036195883605394,1.7714691270404541,0.9213905039851392,156,0.03821656050955414,1.015974742000848,1.0,155.0,1.0,5.9,0.0,0.0,0.0,2.0,0.9263156679444401,1,Cocina y mesa,Cubiertos,AMBA,Mediano,Proveedor J,0,0,train
2023-08-01,T22,SKU00680,3,9.0,12.0,1.3333333333333333,1.1677484162422844,2.25,9.0,0,0,23466.8375,6,0,1.0,4.5,76560.0,151,5.177142857142857,18,0,83,0.0,0.0,0.0,0.0,0,0.0,0.0,0.0,24500.0,0.4791836734693877,15,31,182,1500,8,3.0,3.0,3.0,212353.56999999998,12,5.555555555555555,-1.0555555555555554,0.0,0.04216989795918358,0.0027678397983910284,0.7152317880794702,1.0514285714285714,2.8457142857142856,0.9756635289328376,154,0.03870967741935484,0.9475840123766075,0.6960227272727273,182.0,1.0,5.6,0.0,0.0,0.0,4.0,0.9352935732906815,1,Organizacion,Cajas,AMBA,Mediano,Proveedor I,0,0,train
2023-08-01,T26,SKU00053,3,4.0,5.0,0.5,1.8090680674665818,2.6666666666666665,4.0,0,0,37562.806666666664,2,2,-2.0,4.0,38020.0,64,5.224489795918367,20,1,23,0.0,63.0,0.0,0.0,0,0.0,0.0,0.0,40600.0,0.5317733990147784,15,28,21,1200,8,0.0,1.0,3.0,147752.35,14,12.0,-8.0,1.0,0.07480771756978666,0.0010824437925831514,0.625,0.9523809523809523,1.8775510204081634,0.9980131767616656,153,0.03225806451612903,1.083836406435236,0.9878345498783455,21.0,1.0,8.8,0.0,0.0,0.0,2.0,0.9218831413052304,1,Cocina y mesa,Cristaleria,NOA,Mediano,Proveedor G,0,0,train
2023-08-01,T27,SKU00540,3,12.0,25.0,3.0833333333333335,0.5437252619678667,1.2972972972972971,11.0,0,0,25144.190000000002,23,1,-4.0,7.459459459459459,394450.0,258,5.301369863013699,15,1,72,0.0,0.0,0.0,0.0,0,0.0,0.0,0.0,27600.0,0.3786231884057971,16,46,192,1200,8,3.0,6.0,6.0,298410.65,12,9.642857142857144,-2.1833976833976854,0.043478260869565216,0.08897862318840566,0.006926565359603982,1.3372093023255816,0.9520547945205481,1.4794520547945207,0.9210459883581511,150,0.052980132450331126,1.0294614639001438,0.684863523573201,576.0,1.0,3.8,0.0,1.0,0.0,2.0,0.9094624348507776,1,Iluminacion,Lamparas de mesa,AMBA,Chico,Proveedor B,0,0,train
2023-08-01,T28,SKU00698,1,2.0,2.0,0.4166666666666667,1.2358287613066494,1.5999999999999999,5.0,0,0,31810.262,2,0,-2.0,4.8,42620.0,43,4.690909090909091,13,0,24,0.0,0.0,0.0,0.0,0,0.0,0.0,0.0,34500.0,0.3823188405797101,16,32,147,1500,8,0.0,1.0,1.0,66862.03,13,7.333333333333334,-2.533333333333334,0.0,0.07796342028985515,0.0009587555800819898,0.6046511627906977,1.1272727272727274,2.618181818181818,0.886657160459824,137,0.043795620437956206,0.8309956950423553,0.7649667405764967,441.0,3.0,4.6,0.0,1.0,0.0,2.0,0.9239842197730945,1,Cocina y mesa,Vajilla,AMBA,Grande,Proveedor A,0,0,train
2023-09-01,T09,SKU00708,3,5.0,10.0,1.9166666666666667,0.5197590886411938,0.8695652173913043,11.0,0,0,68133.95826086956,12,3,5.0,6.260869565217391,467760.0,154,5.651376146788991,17,0,62,0.0,0.0,0.0,0.0,0,0.0,0.0,0.0,73300.0,0.468212824010914,20,31,182,600,9,2.0,0.0,3.0,353965.48,16,4.421052631578948,1.839816933638443,0.25,0.07047805919686811,0.003925165787093629,1.3246753246753247,1.0519877675840978,2.2752293577981653,0.9283870383386671,164,0.042682926829268296,0.8872566690699351,1.7006960556844548,0.0,0.0,,10.0,0.0,0.0,2.0,0.8102136353219118,2,Muebles,Sillas,NOA,Mediano,Proveedor I,0,0,train
2023-09-01,T13,SKU00204,9,37.0,87.0,13.166666666666666,0.32999792758774077,0.9367088607594938,12.0,0,0,56399.87094936708,53,5,-28.0,4.025316455696203,1707660.0,1083,5.436622932116372,15,0,422,0.0,52.0,0.0,0.0,0,0.0,1.0,5.0,60900.0,0.47093596059113296,15,56,52,1200,9,12.0,16.0,19.0,2090710.3900000001,14,6.230769230769231,-2.205452775073028,0.09433962264150944,0.0738937446737753,0.02699086867365002,0.7340720221606648,1.0893325727324588,2.11842555618939,0.9272559187377993,154,0.02531645569620253,1.0338296719063864,1.4817518248175183,208.0,2.0,4.3,0.0,1.0,0.0,3.0,0.9241021097174102,2,Cocina y mesa,Cristaleria,Centro,Chico,Proveedor F,0,0,train
2023-09-01,T21,SKU00737,1,15.0,37.0,6.083333333333333,0.6629601781553847,0.8219178082191781,12.0,0,0,38254.582054794526,10,0,-30.0,1.6438356164383563,195900.0,463,4.781411359724612,22,1,121,0.0,0.0,0.0,0.0,0,0.0,1.0,5.0,41700.0,0.5302158273381294,17,52,155,600,9,10.0,4.0,14.0,562220.36,16,6.233766233766233,-4.589930617327877,0.0,0.0826239315396996,0.012641850665580729,0.4751619870410367,0.974182444061962,1.2495697074010326,0.9760201417974383,158,0.0440251572327044,0.9685377797563641,1.0,155.0,1.0,6.9,0.0,0.0,0.0,3.0,0.9055155905608723,2,Cocina y mesa,Cubiertos,Cuyo,Grande,Proveedor J,0,0,train
2023-09-01,T26,SKU00549,1,5.0,8.0,1.5,0.7247430753394787,1.1111111111111112,10.0,0,0,9439.310555555556,8,0,4.0,5.333333333333333,41920.0,45,6.585365853658537,5,0,21,0.0,0.0,0.0,0.0,0,0.0,0.0,0.0,10100.0,0.48118811881188117,16,10,35,1200,9,3.0,1.0,3.0,43596.240000000005,13,2.75,2.583333333333333,0.0,0.06541479647964799,0.002750084212234806,0.8888888888888888,1.4146341463414633,3.073170731707317,0.8995831023132521,170,0.05263157894736842,0.9950186539944559,0.2869318181818182,0.0,0.0,,0.0,0.0,0.0,4.0,0.9203676880909741,2,Organizacion,Cajas,NOA,Mediano,Proveedor C,0,0,train
2023-10-01,T01,SKU00407,3,8.0,21.0,3.5,0.3336424046406527,0.7619047619047619,12.0,0,0,2709.780952380952,22,4,-1.0,6.285714285714286,30140.0,280,5.233644859813084,15,0,114,0.0,0.0,0.0,0.0,0,0.0,0.0,0.0,2900.0,0.5275862068965518,21,11,36,800,10,3.0,2.0,5.0,21334.03,18,6.731707317073171,-0.4459930313588858,0.18181818181818182,0.0655927750410511,0.006895530229458683,1.1785714285714286,1.0404984423676011,2.130841121495327,0.9167771619356496,153,0.03896103896103896,0.8954298738093345,0.06473214285714286,0.0,0.0,19.3,0.0,0.0,0.0,4.0,0.9474461048481841,2,Textil hogar,Sabanas,Cuyo,Grande,Proveedor H,0,0,train
2023-10-01,T02,SKU00252,1,8.0,12.0,1.75,0.8127006673850395,1.5238095238095237,10.0,0,0,11136.862857142856,4,1,-5.0,2.2857142857142856,22680.0,106,5.3,12,0,25,0.0,0.0,0.0,0.0,0,0.0,0.0,0.0,11900.0,0.5235294117647059,18,10,35,450,10,5.0,2.0,5.0,88153.24,16,7.7142857142857135,-5.428571428571428,0.25,0.0641291716686675,0.0033450350949414875,0.45283018867924524,1.05,1.25,0.9296011816227867,162,0.03680981595092025,1.020066889632107,0.2638580931263858,0.0,0.0,,0.0,0.0,0.0,3.0,0.9215521991248652,2,Cocina y mesa,Vajilla,AMBA,Grande,Proveedor C,0,0,train
2023-10-01,T05,SKU00477,1,2.0,4.0,1.25,1.0854408404799492,0.5333333333333333,9.0,0,0,11404.097333333333,9,0,3.0,7.2,69300.0,152,5.28695652173913,18,0,52,193.0,0.0,0.0,0.0,0,0.0,0.0,0.0,12100.0,0.36363636363636365,19,37,193,450,10,0.0,1.0,5.0,22455.640000000007,18,5.142857142857142,2.057142857142858,0.0,0.05751261707988986,0.002375360905754934,1.0657894736842104,1.0318840579710145,1.808695652173913,0.9507777918768416,164,0.047619047619047616,0.899428707450607,0.28074245939675174,772.0,3.0,0.2,0.0,0.0,0.0,2.0,0.8331114781348619,2,Muebles,Sillas,AMBA,Mediano,Proveedor E,0,0,train
2023-10-01,T06,SKU00442,2,3.0,6.0,1.3333333333333333,0.9770084209183945,0.75,8.0,0,0,36232.21125,11,0,6.0,8.25,271810.0,162,6.023661971830986,17,1,49,0.0,0.0,40.0,0.0,0,0.0,0.0,0.0,38200.0,0.3531413612565445,14,52,155,1500,10,0.0,1.0,4.0,105115.48000000001,13,5.0,3.25,0.0,0.05151279450261781,0.0027685380815559183,1.154320987654321,1.0535211267605633,1.8219718309859154,0.9385344096474564,155,0.03184713375796178,0.9605689593086066,1.0,310.0,2.0,5.1,40.0,0.0,0.0,1.0,0.8734088517121228,2,Bano,Cortinas de bano,Centro,Mediano,Proveedor J,0,0,train
2023-10-01,T08,SKU00019,2,12.0,21.0,3.0833333333333335,0.447228443968362,1.2972972972972971,12.0,0,0,79782.99216216216,18,3,10.0,5.837837837837838,827280.0,185,5.091743119266055,11,0,46,0.0,21.0,0.0,0.0,0,0.0,0.0,0.0,88800.0,0.4824324324324324,19,28,21,600,10,3.0,7.0,7.0,915537.4,17,3.096774193548387,2.7410636442894507,0.16666666666666666,0.10154288105673237,0.005684717846242849,1.0702702702702704,1.0825688073394495,1.2660550458715596,0.9691675722729699,163,0.04819277108433735,1.00919947146668,1.8271604938271604,0.0,0.0,,0.0,0.0,0.0,4.0,0.9095893562782655,2,Organizacion,Percheros,Patagonia,Grande,Proveedor G,0,0,train
2023-10-01,T08,SKU00165,2,8.0,11.0,1.5833333333333333,0.8282350550851625,1.6842105263157894,10.0,0,0,25415.926842105262,11,2,1.0,6.947368421052632,160600.0,100,5.76923076923077,10,0,40,0.0,0.0,0.0,0.0,0,0.0,0.0,0.0,27600.0,0.47101449275362317,21,11,36,600,10,5.0,1.0,5.0,193143.77000000002,20,6.315789473684211,0.6315789473684212,0.18181818181818182,0.07913308543096875,0.0029191794345571386,1.1,1.0961538461538463,2.307692307692308,0.9691675722729699,163,0.04819277108433735,1.0187377350129772,0.684863523573201,0.0,0.0,15.0,57.0,1.0,0.0,2.0,0.9112887498108805,2,Iluminacion,Lamparas de mesa,Patagonia,Grande,Proveedor H,0,0,train
2023-10-01,T10,SKU00455,9,25.0,41.0,6.833333333333333,0.3520684492520405,1.2195121951219514,12.0,0,0,63098.245121951215,31,9,1.0,4.536585365853659,1118790.0,387,5.125827814569536,12,0,138,0.0,0.0,0.0,0.0,0,0.0,0.0,0.0,66800.0,0.45973053892215565,15,31,182,450,10,9.0,7.0,10.0,1588302.2499999998,13,4.177215189873418,0.35937017598024124,0.2903225806451613,0.055415492186359105,0.013620979385954282,0.9612403100775194,1.0419426048565121,1.8278145695364238,0.9601129372050703,157,0.03184713375796178,1.0083837005264182,1.3916666666666666,0.0,0.0,,0.0,0.0,0.0,2.0,0.9192531083973599,2,Decoracion,Plantas artificiales,AMBA,Mediano,Proveedor I,0,0,train
2023-10-01,T12,SKU00039,1,2.0,5.0,1.0,0.6030226891555273,0.6666666666666666,10.0,0,0,38734.135833333334,2,1,2.0,2.0,39620.0,39,3.7142857142857144,17,2,12,0.0,0.0,0.0,0.0,0,0.0,0.0,0.0,42600.0,0.5349765258215963,21,10,35,1200,10,0.0,1.0,2.0,77600.29,20,0.0,2.0,0.5,0.09074798513302029,0.0023189051756006005,0.8717948717948718,0.7619047619047619,1.1428571428571428,0.9468862800369118,155,0.04516129032258064,1.137741636350667,1.2102272727272727,0.0,0.0,,0.0,0.0,0.0,4.0,0.8783814864007579,2,Organizacion,Cajas,Cuyo,Chico,Proveedor C,0,0,train
2023-10-01,T12,SKU00231,0,2.0,8.0,0.9166666666666666,1.0867690035224968,0.7272727272727273,6.0,2,0,35507.08,3,0,0.0,3.272727272727273,68670.0,30,5.3731343283582085,9,1,11,0.0,0.0,0.0,0.0,0,0.0,0.0,0.0,38900.0,0.41156812339331617,16,28,21,1200,10,0.0,2.0,2.0,70162.05,15,4.0,-0.7272727272727271,0.0,0.08722159383033412,0.0021256630776338836,0.8999999999999999,0.8955223880597014,1.970149253731343,0.9468862800369118,155,0.04516129032258064,0.9629747338312411,1.0,0.0,0.0,,0.0,0.0,0.0,4.0,0.9349302917975926,2,Textil hogar,Toallas,Cuyo,Chico,Proveedor G,0,0,train
2023-10-01,T13,SKU00240,4,5.0,10.0,1.6666666666666667,0.82241330021081,1.0,10.0,0,0,12441.4535,8,0,-5.0,4.8,56240.0,65,6.446280991735538,6,0,22,0.0,52.0,0.0,0.0,0,0.0,0.0,0.0,13500.0,0.4792592592592593,13,56,52,1200,10,1.0,0.0,4.0,59881.51,12,13.0,-8.2,0.0,0.07841085185185193,0.003287948962491975,0.7384615384615384,1.1239669421487606,2.181818181818182,0.9101042728177786,156,0.03164556962025317,0.8963562492111785,0.26627218934911245,156.0,1.0,7.9,0.0,1.0,0.0,2.0,0.9272745698432059,2,Decoracion,Cuadros,Centro,Chico,Proveedor F,0,0,train
2023-10-01,T14,SKU00444,2,9.0,24.0,3.9166666666666665,0.3520734558899869,0.7659574468085106,12.0,0,0,43373.588936170214,27,3,18.0,6.893617021276596,739530.0,213,5.4038054968287526,12,0,69,0.0,0.0,0.0,0.0,0,0.0,0.0,0.0,47700.0,0.4257861635220126,19,32,147,1500,10,3.0,4.0,6.0,392361.72,17,2.1176470588235294,4.7759699624530665,0.1111111111111111,0.09070044158972301,0.009460671985684121,1.5211267605633803,0.9556025369978859,1.7505285412262157,0.9935718493901452,146,0.033783783783783786,1.0248256052523594,1.0,0.0,0.0,13.4,0.0,0.0,0.0,2.0,0.9102800168203561,2,Decoracion,Velas,AMBA,Grande,Proveedor A,0,0,train
2023-10-01,T14,SKU00739,16,42.0,79.0,12.166666666666666,0.24987415587662495,1.1506849315068495,12.0,0,0,23341.40226027397,69,13,11.0,5.671232876712329,1111590.0,1104,5.472324446113406,16,0,452,192.0,0.0,0.0,0.0,0,0.0,0.0,0.0,25700.0,0.37315175097276265,15,46,192,1500,10,11.0,15.0,17.0,927918.4299999999,12,5.225225225225225,0.4460076514871041,0.18840579710144928,0.0917742311177443,0.029388470423614504,1.0,0.9880585805482539,2.2404806609087493,0.9935718493901452,146,0.033783783783783786,1.1559009227780477,0.7301136363636364,576.0,3.0,0.1,0.0,1.0,0.0,4.0,0.9191681675454014,2,Organizacion,Cajas,AMBA,Grande,Proveedor B,0,0,train
2023-10-01,T19,SKU00120,2,7.0,23.0,3.5,0.47964117695115277,0.6666666666666667,12.0,0,0,63096.8969047619,22,6,12.0,6.285714285714286,812460.0,234,5.1054545454545455,13,0,82,0.0,0.0,0.0,0.0,0,0.0,0.0,0.0,68800.0,0.4632267441860465,16,10,35,800,10,2.0,3.0,7.0,442539.6999999999,14,2.4,3.8857142857142857,0.2727272727272727,0.08289394033776298,0.0062082088108189465,1.2222222222222223,1.0618181818181818,1.789090909090909,0.9359613854787039,179,0.06111111111111111,0.8968392240981865,1.3570019723865878,70.0,2.0,6.9,0.0,0.0,0.0,2.0,0.894686539382196,2,Decoracion,Cuadros,Cuyo,Mediano,Proveedor C,0,0,train
2023-10-01,T24,SKU00454,5,12.0,18.0,3.0,0.317820863081864,1.3333333333333333,12.0,0,0,31112.08527777778,11,2,-9.0,3.6666666666666665,210430.0,187,5.652392947103274,11,0,60,52.0,0.0,0.0,0.0,0,0.0,0.0,0.0,33000.0,0.4203030303030303,20,56,52,800,10,4.0,3.0,5.0,367370.47,19,7.741935483870967,-4.0752688172043,0.18181818181818182,0.05720953703703702,0.005452573072248888,0.6470588235294118,0.9168765743073047,1.81360201511335,0.9263315808298389,169,0.029239766081871343,0.8452841560342461,0.9375,156.0,2.0,1.0,0.0,0.0,0.0,4.0,0.9139741118955205,2,Organizacion,Cajas,AMBA,Grande,Proveedor F,0,0,train
2023-10-01,T28,SKU00364,0,4.0,6.0,1.5,0.6666666666666666,0.8888888888888888,10.0,1,0,52731.27777777778,11,1,4.0,7.333333333333333,343200.0,57,5.066666666666666,7,0,37,0.0,0.0,0.0,0.0,0,0.0,0.0,0.0,55900.0,0.4418604651162791,15,31,182,1500,10,2.0,2.0,3.0,215775.94999999998,14,4.666666666666667,2.666666666666666,0.09090909090909091,0.05668554959252625,0.003228812625511549,1.3508771929824561,1.2444444444444445,3.2888888888888888,0.9040675351432337,148,0.06666666666666667,0.8385650859200311,1.2477678571428572,0.0,0.0,14.4,12.0,0.0,0.0,4.0,0.9049704195632194,2,Textil hogar,Sabanas,AMBA,Grande,Proveedor I,0,0,train
2023-10-01,T28,SKU00537,10,36.0,80.0,12.166666666666666,0.22395175106016413,0.9863013698630138,12.0,0,0,4734.129726027397,74,9,-12.0,6.082191780821918,227180.0,584,5.411583011583011,8,0,149,0.0,0.0,0.0,0.0,0,0.0,0.0,0.0,5100.0,0.39803921568627454,18,25,153,1500,10,12.0,14.0,16.0,172040.08999999997,16,6.926174496644296,-0.8439827158223778,0.12162162162162163,0.07173926940639275,0.026189257962482563,1.0136986301369864,0.9791505791505791,1.3806949806949806,0.9040675351432337,148,0.06666666666666667,0.9714640010888139,0.13350785340314136,0.0,0.0,,0.0,0.0,0.0,1.0,0.8970600728360738,2,Bano,Cortinas de bano,AMBA,Grande,Proveedor D,0,0,train
2023-11-01,T01,SKU00146,3,6.0,12.0,2.1666666666666665,0.6769866467290041,0.9230769230769231,9.0,0,0,56509.693076923075,2,0,-8.0,0.9230769230769231,69520.0,154,5.104972375690608,18,0,51,0.0,0.0,0.0,0.0,0,0.0,0.0,0.0,59500.0,0.41579831932773115,19,52,155,800,11,3.0,0.0,4.0,336655.33,16,5.0,-4.076923076923077,0.0,0.050257259211376915,0.004036631048964886,0.23376623376623376,0.9613259668508287,1.6906077348066297,0.9364984033598536,160,0.05555555555555555,0.9717825478792214,1.328125,0.0,0.0,,0.0,0.0,0.0,4.0,0.9469451094492357,1,Textil hogar,Sabanas,Cuyo,Grande,Proveedor J,0,0,train
2023-11-01,T02,SKU00056,1,3.0,8.0,1.4166666666666667,0.7032034728674977,0.7058823529411764,10.0,0,0,81284.26529411765,12,2,6.0,8.470588235294118,605160.0,126,5.498181818181818,14,0,39,0.0,0.0,0.0,0.0,0,0.0,1.0,25.0,87700.0,0.4249714937286203,15,52,155,450,11,1.0,1.0,3.0,236673.71,12,3.75,4.720588235294118,0.16666666666666666,0.07315546985042587,0.002658996586639243,1.3333333333333333,0.8145454545454546,1.7018181818181817,0.9472284310992504,168,0.05917159763313609,0.861207036265942,1.9619686800894856,620.0,2.0,6.0,0.0,0.0,0.0,3.0,0.8719495642425384,1,Iluminacion,Apliques,AMBA,Grande,Proveedor J,0,0,train
2023-11-01,T07,SKU00348,6,11.0,22.0,3.4166666666666665,0.4745425516021252,1.0731707317073171,12.0,0,0,41973.940243902434,17,3,-1.0,4.975609756097561,466310.0,152,5.317784256559767,10,0,21,0.0,0.0,0.0,0.0,0,0.0,1.0,25.0,45800.0,0.40109170305676856,17,28,21,800,11,2.0,3.0,6.0,446124.72,15,5.2682926829268295,-0.29268292682926855,0.17647058823529413,0.08353842262221756,0.006610823784307477,1.118421052631579,0.6647230320699709,0.7346938775510204,0.9532485417762392,167,0.047619047619047616,1.023092773482334,0.8513011152416357,63.0,1.0,10.4,0.0,0.0,0.0,5.0,0.9005877096827294,1,Organizacion,Contenedores,Centro,Mediano,Proveedor G,0,0,train
2023-11-01,T07,SKU00512,1,11.0,27.0,4.583333333333333,0.5049417697457396,0.8,12.0,0,0,55120.35872727272,12,4,-11.0,2.618181818181818,345120.0,194,5.3517241379310345,10,0,48,0.0,0.0,0.0,0.0,0,0.0,0.0,0.0,58300.0,0.506689536878216,14,11,36,800,11,6.0,4.0,9.0,601082.85,12,4.791666666666667,-2.173484848484849,0.3333333333333333,0.05453930141899277,0.008868178247241737,0.6185567010309279,0.7724137931034483,1.3241379310344827,0.9532485417762392,167,0.047619047619047616,0.906148867313916,1.253763440860215,36.0,1.0,9.6,0.0,0.0,0.0,1.0,0.8882176269515785,1,Bano,Alfombras de bano,Centro,Mediano,Proveedor H,0,0,train
2023-11-01,T07,SKU00516,4,7.0,9.0,1.25,0.8442317648177383,1.8666666666666667,10.0,0,0,37353.066666666666,3,0,-8.0,2.4,74790.0,107,5.19838056680162,12,0,44,0.0,0.0,0.0,0.0,0,0.0,1.0,35.0,41200.0,0.39490291262135924,17,25,153,800,11,1.0,2.0,4.0,261991.92,16,16.5,-14.1,0.0,0.09337216828478967,0.002418594067429565,0.33644859813084116,0.9878542510121457,2.1376518218623484,0.9532485417762392,167,0.047619047619047616,0.9354837641808931,0.8583333333333333,459.0,1.0,11.1,0.0,0.0,0.0,3.0,0.9071630319820371,1,Decoracion,Plantas artificiales,Centro,Mediano,Proveedor D,0,0,train
2023-11-01,T09,SKU00307,0,3.0,5.0,1.4166666666666667,1.062382610135214,0.7058823529411764,8.0,2,0,60320.03235294117,11,2,-1.0,7.764705882352941,440880.0,174,6.053450002635602,18,1,71,0.0,386.0,0.0,0.0,0,0.0,1.0,35.0,63100.0,0.36481774960380353,14,37,193,600,11,0.0,3.0,4.0,181198.78,13,8.25,-0.4852941176470589,0.18181818181818182,0.04405653957304012,0.0027009871086500436,1.1379310344827587,1.0321016288018556,2.4700859206156767,0.922784301590556,175,0.056179775280898875,1.0104515297682275,1.3145833333333334,0.0,0.0,,0.0,1.0,0.0,3.0,0.906888274939858,1,Decoracion,Plantas artificiales,NOA,Mediano,Proveedor E,0,1,train
2023-11-01,T10,SKU00125,0,0.0,4.0,0.3333333333333333,3.908033683673578,0.0,5.0,3,0,23620.415,2,1,-1.0,6.0,28040.0,64,4.830188679245283,18,1,40,0.0,0.0,0.0,0.0,0,0.0,0.0,0.0,27000.0,0.4807407407407407,22,28,21,450,11,0.0,0.0,2.0,0.0,20,6.0,0.0,0.5,0.12516981481481482,0.0006518673495094733,0.5625,1.1320754716981132,3.018867924528302,0.9980089120990037,158,0.03125,1.0103604118671423,0.6940874035989717,42.0,1.0,10.4,0.0,1.0,0.0,4.0,0.9210775115084683,1,Textil hogar,Toallas,AMBA,Mediano,Proveedor G,0,0,train
2023-11-01,T11,SKU00062,4,7.0,10.0,2.0,0.7071067811865476,1.1666666666666667,11.0,0,0,60462.11250000001,16,3,12.0,8.0,576960.0,144,5.097345132743363,17,0,93,0.0,0.0,0.0,0.0,0,0.0,0.0,0.0,65700.0,0.4511415525114155,14,56,52,800,11,2.0,1.0,4.0,436912.33999999997,13,2.0952380952380953,5.904761904761905,0.1875,0.07972431506849298,0.0037527223990618196,1.8888888888888888,1.0147492625368733,3.2920353982300883,0.9569442117607639,171,0.05202312138728324,0.9767466443839836,1.6889460154241644,104.0,2.0,3.6,41.0,0.0,0.0,4.0,0.9214206830594455,1,Textil hogar,Toallas,AMBA,Grande,Proveedor F,0,0,train
2023-11-01,T11,SKU00340,17,55.0,86.0,12.916666666666666,0.33251563060057754,1.4193548387096775,12.0,0,0,18854.761548387098,72,11,6.0,5.574193548387097,763200.0,1169,5.286512042207681,17,0,495,21.0,0.0,0.0,0.0,0,0.0,1.0,25.0,20500.0,0.48292682926829267,13,28,21,800,11,18.0,20.0,20.0,1059897.25,12,5.689655172413794,-0.1154616240266968,0.1527777777777778,0.08025553422501963,0.024236332160607582,1.04704875962361,1.0808181164137176,2.2385145088903355,0.9569442117607639,171,0.05202312138728324,0.9511153298528713,0.4270833333333333,63.0,2.0,0.3,50.0,0.0,0.0,3.0,0.9118436901041984,1,Iluminacion,Guirnaldas,AMBA,Grande,Proveedor G,0,0,train
2023-11-01,T12,SKU00637,0,3.0,5.0,0.75,1.2870763988845637,1.3333333333333333,6.0,1,0,46587.27333333333,5,2,2.0,6.666666666666667,144700.0,51,5.4642857142857135,15,0,7,0.0,0.0,0.0,0.0,0,0.0,1.0,25.0,50400.0,0.42579365079365084,15,25,153,1200,11,3.0,0.0,3.0,140113.4,14,6.0,0.666666666666667,0.4,0.07564933862433865,0.0015540084073424542,1.4705882352941178,0.7857142857142856,0.75,0.9248076699695761,161,0.05521472392638037,0.8689341756189253,1.250620347394541,0.0,0.0,,0.0,1.0,0.0,3.0,0.8911437567599458,1,Iluminacion,Lamparas de mesa,Cuyo,Chico,Proveedor D,0,0,train
2023-11-01,T15,SKU00383,12,42.0,79.0,12.666666666666666,0.2593018929155833,1.105263157894737,12.0,0,0,53834.0415131579,88,12,13.0,6.947368421052632,2424400.0,1422,5.785975857859758,19,0,498,0.0,0.0,0.0,0.0,0,0.0,1.0,25.0,58600.0,0.5298634812286689,14,46,192,600,11,10.0,20.0,20.0,2209968.47,11,6.136363636363637,0.8110047846889952,0.13636363636363635,0.081330349604814,0.02020572177793778,1.1758087201125176,0.9697545096975451,2.0263122202631223,0.9762553995866781,179,0.04945054945054945,0.9595121951219513,1.4540942928039702,384.0,2.0,9.5,0.0,0.0,0.0,3.0,0.9299304193024228,1,Iluminacion,Lamparas de mesa,NOA,Mediano,Proveedor B,0,0,train
2023-11-01,T16,SKU00425,0,1.0,5.0,0.5833333333333334,1.3593625047407298,0.5714285714285714,5.0,2,0,37490.9,4,0,2.0,6.857142857142857,82720.0,59,5.1678832116788325,17,0,7,63.0,0.0,0.0,0.0,0,0.0,1.0,25.0,40300.0,0.48684863523573196,14,28,21,600,11,0.0,1.0,2.0,35378.72,13,3.666666666666667,3.19047619047619,0.0,0.06970471464019845,0.0010862518935513452,1.152542372881356,0.8175182481751826,0.6131386861313869,0.935418059189644,156,0.05660377358490566,0.9624695035011565,1.0,84.0,3.0,0.1,0.0,0.0,0.0,3.0,0.8820513563809502,1,Iluminacion,Lamparas de mesa,NOA,Grande,Proveedor G,0,0,train
2023-11-01,T16,SKU00730,4,18.0,33.0,6.166666666666667,0.30793995152615844,0.9729729729729729,12.0,0,0,33241.22094594595,66,4,37.0,10.702702702702702,1274460.0,300,8.053691275167786,6,1,68,0.0,192.0,0.0,0.0,0,0.0,1.0,35.0,36100.0,0.4650969529085872,19,46,192,600,11,7.0,7.0,10.0,597401.7799999999,18,4.094117647058824,6.608585055643878,0.06060606060606061,0.0791905555139627,0.011483234303257078,1.32,0.9574944071588366,1.825503355704698,0.935418059189644,156,0.05660377358490566,0.9979994928291679,0.7568134171907757,0.0,0.0,12.7,0.0,0.0,0.0,3.0,0.8839995175398013,1,Decoracion,Velas,NOA,Grande,Proveedor B,0,0,train
2023-11-01,T19,SKU00125,1,7.0,7.0,0.9166666666666666,1.574591643244434,2.545454545454546,6.0,0,0,25403.31818181818,1,0,1.0,1.090909090909091,14020.0,64,4.830188679245283,18,1,40,0.0,0.0,0.0,0.0,0,0.0,0.0,0.0,27000.0,0.4807407407407407,22,28,21,800,11,1.0,5.0,5.0,180721.13,20,0.0,1.090909090909091,0.0,0.059136363636363654,0.001638213373907213,0.28125,1.1320754716981132,3.018867924528302,0.9019109265801895,187,0.06382978723404255,1.0026585643752373,0.6940874035989717,42.0,1.0,10.4,0.0,1.0,0.0,4.0,0.8696250161694284,1,Textil hogar,Toallas,Cuyo,Mediano,Proveedor G,0,0,train
2023-11-01,T20,SKU00165,1,5.0,14.0,2.0833333333333335,0.7508540591764942,0.7999999999999999,11.0,0,0,25787.9164,10,4,4.0,4.8,146000.0,74,4.906077348066299,9,0,23,0.0,0.0,0.0,0.0,0,0.0,1.0,25.0,27600.0,0.47101449275362317,22,11,36,450,11,0.0,4.0,5.0,122520.75000000003,21,3.4285714285714284,1.3714285714285714,0.4,0.06565520289855076,0.004070863907107327,1.2162162162162162,1.0607734806629836,1.5248618784530388,0.9665859261035638,179,0.06043956043956044,0.9140575467753033,0.684863523573201,0.0,0.0,16.0,18.0,1.0,0.0,3.0,0.9098461114688098,1,Iluminacion,Lamparas de mesa,AMBA,Mediano,Proveedor H,0,0,train
2023-11-01,T20,SKU00477,2,3.0,6.0,1.1666666666666667,1.146099297294037,0.8571428571428571,8.0,0,0,11424.273571428572,10,1,5.0,8.571428571428571,77000.0,147,5.068965517241379,18,0,58,193.0,0.0,0.0,0.0,0,0.0,1.0,40.0,12100.0,0.36363636363636365,20,37,193,450,11,-1.0,2.0,4.0,34132.5,18,3.5294117647058822,5.042016806722689,0.1,0.05584515938606849,0.0022796837879801033,1.2244897959183674,1.0,2.0,0.9665859261035638,179,0.06043956043956044,0.9976604162288127,0.28074245939675174,772.0,3.0,1.1,0.0,0.0,0.0,2.0,0.9210194081499433,1,Muebles,Sillas,AMBA,Mediano,Proveedor E,0,1,train
2023-11-01,T21,SKU00380,0,4.0,6.0,0.9166666666666666,1.574591643244434,1.4545454545454546,7.0,1,0,49012.18090909091,12,1,1.0,13.090909090909092,407640.0,54,5.023255813953488,6,1,14,0.0,0.0,0.0,0.0,0,0.0,1.0,25.0,53800.0,0.3685873605947956,15,56,52,600,11,3.0,1.0,3.0,196389.88,13,11.0,2.0909090909090917,0.08333333333333333,0.0889929199053735,0.001745591060155637,1.3333333333333333,0.8062015503875969,1.302325581395349,1.0003823675655579,169,0.05202312138728324,0.9120458891013384,1.0,0.0,0.0,,14.0,0.0,0.0,5.0,0.9099504893032804,1,Organizacion,Contenedores,Cuyo,Grande,Proveedor F,0,0,train
2023-11-01,T22,SKU00463,1,4.0,10.0,2.4166666666666665,0.6227760128378842,0.5517241379310345,11.0,0,0,57342.68896551724,19,4,8.0,7.862068965517242,702240.0,389,6.0623376623376615,20,0,141,465.0,0.0,0.0,0.0,0,0.0,1.0,40.0,61900.0,0.4029079159935379,19,52,155,1500,11,2.0,1.0,5.0,229883.85,18,3.771428571428572,4.09064039408867,0.21052631578947367,0.07362376469277476,0.004312118598130823,0.9768637532133676,1.044155844155844,2.197402597402597,0.9355810420496254,168,0.05847953216374269,0.9546028225035376,1.4036281179138321,465.0,1.0,1.3,0.0,0.0,0.0,2.0,0.9006404037495469,1,Muebles,Estanterias,AMBA,Mediano,Proveedor J,0,0,train
2023-11-01,T23,SKU00340,16,43.0,80.0,14.166666666666666,0.20598164145206685,1.0117647058823531,12.0,0,0,18946.178,86,7,16.0,6.070588235294118,911600.0,1169,5.286512042207681,17,0,495,21.0,0.0,0.0,0.0,0,0.0,1.0,25.0,20500.0,0.48292682926829267,13,28,21,450,11,13.0,14.0,20.0,810762.9299999999,11,4.960629921259843,1.1099583140342757,0.08139534883720931,0.07579619512195124,0.025490062186145086,1.2506415739948673,1.0808181164137176,2.2385145088903355,0.9350354576047103,180,0.049723756906077346,0.8307265599691336,0.4270833333333333,63.0,2.0,0.3,0.0,0.0,0.0,3.0,0.924760188996961,1,Iluminacion,Guirnaldas,AMBA,Mediano,Proveedor G,0,0,train
2023-11-01,T23,SKU00407,3,8.0,20.0,3.6666666666666665,0.44027175543362657,0.7272727272727273,12.0,0,0,2720.1452272727274,22,1,0.0,6.0,30140.0,213,3.769911504424779,16,0,129,0.0,0.0,0.0,0.0,0,0.0,0.0,0.0,2900.0,0.5275862068965518,22,11,36,450,11,1.0,4.0,6.0,22830.57,21,5.5,0.5,0.045454545454545456,0.06201888714733539,0.0065974278599434345,1.6525821596244132,0.9911504424778761,2.2831858407079646,0.9350354576047103,180,0.049723756906077346,1.0582588657576408,0.06473214285714286,0.0,0.0,20.2,0.0,0.0,0.0,4.0,0.855934042603562,1,Textil hogar,Sabanas,AMBA,Mediano,Proveedor H,0,0,train
2023-11-01,T23,SKU00540,1,8.0,20.0,3.25,0.39632523958894406,0.8205128205128205,12.0,0,0,24978.226153846157,22,6,12.0,6.769230769230769,377300.0,221,4.93854748603352,14,1,78,0.0,0.0,0.0,0.0,0,0.0,1.0,25.0,27600.0,0.3786231884057971,19,46,192,450,11,4.0,3.0,5.0,213983.63,17,3.076923076923077,3.692307692307692,0.2727272727272727,0.09499180602006674,0.0058477201485862265,1.3936651583710407,0.9310986964618249,1.7430167597765363,0.9350354576047103,180,0.049723756906077346,0.8307265599691336,0.684863523573201,576.0,1.0,6.8,37.0,0.0,0.0,3.0,0.924760188996961,1,Iluminacion,Lamparas de mesa,AMBA,Mediano,Proveedor B,0,0,train
2023-12-01,T02,SKU00098,1,2.0,6.0,0.75,0.8287754140107481,0.8888888888888888,8.0,0,0,61578.25555555556,3,0,-1.0,4.0,128040.0,43,3.8507462686567164,16,0,43,0.0,0.0,0.0,0.0,0,0.0,0.0,0.0,68200.0,0.37419354838709673,13,32,147,450,12,1.0,0.0,2.0,126507.54999999999,12,5.714285714285714,-1.7142857142857144,0.0,0.09709302704463985,0.0013820144545815805,1.1162790697674418,1.0746268656716418,3.8507462686567164,0.9323990853577063,167,0.05847953216374269,0.8303110717971399,1.3478260869565217,294.0,1.0,3.1,0.0,0.0,0.0,1.0,0.9101435123686982,0,Bano,Accesorios de bano,AMBA,Grande,Proveedor A,0,0,train
2023-12-01,T02,SKU00309,1,-4.0,-7.0,0.3333333333333333,7.7106773667781905,-4.0,8.0,0,0,66454.22750000001,8,2,-4.0,24.0,402800.0,55,7.857142857142857,6,1,10,0.0,0.0,0.0,0.0,0,0.0,0.0,0.0,78900.0,0.36185044359949303,18,28,21,450,12,-6.0,1.0,4.0,-316887.42000000004,16,11.076923076923078,12.923076923076922,0.25,0.1577410963244612,0.0006142286464807025,0.8727272727272728,0.5238095238095238,1.4285714285714286,0.9323990853577063,167,0.05847953216374269,0.946678582067322,1.1535087719298245,21.0,1.0,9.8,46.0,0.0,0.0,1.0,0.7916056797345974,0,Muebles,Racks,AMBA,Grande,Proveedor G,0,1,train
2023-12-01,T03,SKU00159,5,14.0,22.0,3.8333333333333335,0.41371902318196124,1.2173913043478262,12.0,0,0,64124.88478260869,11,6,1.0,2.869565217391304,439780.0,118,5.4423480083857445,7,0,35,0.0,0.0,0.0,0.0,0,0.0,0.0,0.0,69100.0,0.42141823444283644,14,46,192,450,12,4.0,5.0,5.0,885291.5599999998,13,2.682926829268293,0.18663838812301137,0.5454545454545454,0.07199877304473667,0.006668713429079306,0.6525423728813559,1.1222921034241788,1.6142557651991616,0.9660936150300977,168,0.05917159763313609,1.0374944861049846,1.5424107142857142,384.0,2.0,5.9,0.0,0.0,0.0,3.0,0.923618067567921,0,Textil hogar,Sabanas,Cuyo,Chico,Proveedor B,0,0,train
2023-12-01,T03,SKU00296,16,46.0,83.0,12.666666666666666,0.3551966976644491,1.210526315789474,12.0,0,0,59996.976118421044,82,11,14.0,6.473684210526316,2819980.0,550,5.305466237942122,8,0,107,0.0,0.0,0.0,0.0,0,0.0,0.0,0.0,64600.0,0.4676470588235294,21,32,147,450,12,17.0,13.0,20.0,2779299.32,18,5.666666666666667,0.807017543859649,0.13414634146341464,0.07125423965292499,0.022035748722175095,1.1927272727272726,0.9871382636655948,1.0321543408360128,0.9660936150300977,168,0.05917159763313609,0.986159973962773,1.4323725055432373,0.0,0.0,18.5,0.0,0.0,0.0,3.0,0.8837462435739692,0,Cocina y mesa,Vajilla,Cuyo,Chico,Proveedor A,0,0,train
2023-12-01,T04,SKU00538,0,2.0,4.0,0.6666666666666666,1.4770978917519928,1.0,5.0,2,0,60441.64625,3,0,1.0,4.5,91050.0,46,5.307692307692308,13,1,9,35.0,0.0,0.0,0.0,0,0.0,0.0,0.0,67300.0,0.549034175334324,15,10,35,450,12,0.0,2.0,3.0,127372.73,14,3.4285714285714284,1.0714285714285716,0.0,0.10190718796433884,0.0009769906541433524,0.8478260869565217,1.2307692307692308,1.0384615384615385,0.9511004018085535,201,0.034482758620689655,0.9480167253857386,1.4020833333333333,70.0,2.0,2.9,0.0,0.0,0.0,2.0,0.8867866258725308,0,Decoracion,Plantas artificiales,Centro,Grande,Proveedor C,0,0,train
2023-12-01,T05,SKU00380,3,8.0,14.0,2.0,0.4264014327112209,1.3333333333333333,12.0,0,0,50383.09208333333,13,1,6.0,6.5,441610.0,53,4.968749999999999,6,0,24,0.0,0.0,0.0,0.0,0,0.0,0.0,0.0,53800.0,0.3685873605947956,16,56,52,450,12,2.0,3.0,3.0,406834.86,14,3.5,3.0,0.07692307692307693,0.06351129956629498,0.0033588130158366454,1.471698113207547,1.0312499999999998,2.2499999999999996,0.9427068531114853,184,0.043243243243243246,0.9400646605322059,1.0,0.0,0.0,,0.0,0.0,0.0,3.0,0.8941538645433442,0,Organizacion,Contenedores,AMBA,Mediano,Proveedor F,0,0,train
2023-12-01,T09,SKU00383,16,48.0,77.0,12.5,0.23510152545810345,1.28,12.0,0,0,53827.24366666667,51,13,-40.0,4.08,1405050.0,1174,4.806103461109044,19,0,440,0.0,192.0,0.0,0.0,0,0.0,0.0,0.0,58600.0,0.5298634812286689,15,46,192,600,12,18.0,14.0,18.0,2607464.5,12,7.913043478260869,-3.833043478260869,0.2549019607843137,0.08144635381114895,0.02306398942451186,0.8253833049403748,0.9975189182483563,1.8012653516933383,0.9207144578265135,184,0.032432432432432434,1.0340207720230394,1.4540942928039702,384.0,2.0,10.5,0.0,0.0,0.0,2.0,0.9250466288007928,0,Iluminacion,Lamparas de mesa,NOA,Mediano,Proveedor B,0,0,train
2023-12-01,T14,SKU00052,0,1.0,2.0,0.3333333333333333,1.4770978917519928,1.0,4.0,1,0,70109.79,4,1,-1.0,12.0,156000.0,23,6.418604651162791,7,1,11,0.0,0.0,0.0,0.0,0,0.0,0.0,0.0,76400.0,0.4895287958115183,13,46,192,1500,12,1.0,0.0,1.0,76287.5,11,15.0,-3.0,0.25,0.08233259162303674,0.0006885943732002647,1.2173913043478262,0.09302325581395349,3.0697674418604652,0.9468172631503639,171,0.05232558139534884,1.0674081715028927,1.8588807785888077,0.0,0.0,,0.0,0.0,0.0,3.0,0.880933961687071,0,Cocina y mesa,Cristaleria,AMBA,Grande,Proveedor B,0,0,train
2023-12-01,T14,SKU00062,2,6.0,15.0,2.1666666666666665,0.47531875434871124,0.9230769230769231,12.0,0,0,61012.02846153846,7,2,-5.0,3.230769230769231,252420.0,151,5.011061946902655,18,0,67,0.0,0.0,0.0,0.0,0,0.0,0.0,0.0,65700.0,0.4511415525114155,15,56,52,1500,12,3.0,1.0,4.0,369547.12,14,5.333333333333333,-2.102564102564102,0.2857142857142857,0.0713542091090037,0.00447586342580172,0.8344370860927152,1.0066371681415929,2.2234513274336285,0.9468172631503639,171,0.05232558139534884,0.8585751431345736,1.6889460154241644,104.0,2.0,4.6,0.0,0.0,0.0,3.0,0.9500005666196685,0,Textil hogar,Toallas,AMBA,Grande,Proveedor F,0,0,train
2023-12-01,T16,SKU00209,1,10.0,20.0,3.4166666666666665,0.5505146288754882,0.9756097560975611,12.0,0,0,14740.471463414633,19,5,3.0,5.560975609756098,194370.0,307,5.548192771084337,18,0,78,0.0,0.0,0.0,0.0,0,0.0,0.0,0.0,16000.0,0.360625,21,25,153,600,12,4.0,5.0,6.0,146267.77,20,4.682926829268293,0.8780487804878048,0.2631578947368421,0.07872053353658548,0.006424532366150996,1.1140065146579803,1.006024096385542,1.4096385542168675,0.9589789775815634,159,0.0375,0.9246941718219452,0.34408602150537637,0.0,0.0,12.6,0.0,0.0,0.0,1.0,0.8984450194220552,0,Bano,Alfombras de bano,NOA,Grande,Proveedor D,0,0,train
2023-12-01,T16,SKU00311,5,6.0,14.0,2.4166666666666665,0.7980627284077852,0.8275862068965518,10.0,0,0,84249.27034482759,26,2,8.0,10.758620689655173,1242540.0,327,5.375342465753424,23,0,103,0.0,0.0,0.0,0.0,0,0.0,0.0,0.0,87800.0,0.45569476082004556,23,32,147,600,12,1.0,0.0,5.0,517808.53,22,6.75,4.008620689655173,0.07692307692307693,0.04044111224569946,0.004544181429716558,1.8287461773700306,0.9643835616438355,1.6931506849315068,0.9589789775815634,159,0.0375,0.9560474314473464,2.0371229698375872,0.0,0.0,,0.0,1.0,0.0,1.0,0.7928272137961335,0,Muebles,Sillas,NOA,Grande,Proveedor A,0,0,train
2023-12-01,T17,SKU00361,1,3.0,5.0,1.5833333333333333,0.7832288901297763,0.6315789473684211,10.0,0,0,57686.219999999994,1,0,-10.0,0.6315789473684211,28750.0,55,3.905325443786982,9,0,11,0.0,0.0,0.0,0.0,0,0.0,0.0,0.0,62600.0,0.5407348242811502,22,32,147,600,12,1.0,1.0,4.0,174796.41,20,5.0769230769230775,-4.445344129554656,0.0,0.07849488817891381,0.002701459212674515,0.16363636363636364,0.8994082840236686,0.7810650887573964,0.9258895996282338,182,0.03804347826086957,1.0028875099834123,1.553349875930521,1029.0,3.0,4.2,0.0,0.0,0.0,2.0,0.9001120478276782,0,Iluminacion,Lamparas de mesa,Centro,Chico,Proveedor A,0,0,train
2023-12-01,T20,SKU00477,0,1.0,6.0,1.1666666666666667,1.146099297294037,0.2857142857142857,8.0,1,0,11424.273571428572,9,3,-2.0,7.7142857142857135,69300.0,175,6.017191977077364,18,0,49,193.0,0.0,0.0,0.0,0,0.0,0.0,0.0,12100.0,0.36363636363636365,21,37,193,450,12,2.0,-1.0,4.0,11964.93,19,7.333333333333333,0.3809523809523805,0.3333333333333333,0.05584515938606849,0.002278208736190825,0.9257142857142858,1.0659025787965617,1.6848137535816619,0.9874407579432806,180,0.04918032786885246,0.9899675155691955,0.28074245939675174,579.0,2.0,2.2,0.0,0.0,0.0,1.0,0.8867605681968667,0,Muebles,Sillas,AMBA,Mediano,Proveedor E,0,0,train
2023-12-01,T22,SKU00657,3,8.0,14.0,2.5,0.5783990443849769,1.0666666666666667,11.0,0,0,75388.24733333333,22,3,9.0,8.8,1137840.0,222,5.115564555547797,14,0,114,0.0,0.0,0.0,0.0,0,0.0,0.0,0.0,82400.0,0.37233009708737863,12,28,21,1500,12,3.0,2.0,5.0,590388.1499999999,11,5.3181818181818175,3.4818181818181833,0.13636363636363635,0.0850940857605178,0.004275970520360931,1.3873873873873874,1.0369387612596885,2.6269115285245443,0.9720706316287184,186,0.053763440860215055,0.9845407944828226,1.8270509977827052,21.0,1.0,7.0,31.0,0.0,0.0,3.0,0.8928344653467712,0,Cocina y mesa,Vajilla,AMBA,Mediano,Proveedor G,0,0,train
2023-12-01,T23,SKU00777,3,5.0,7.0,1.4166666666666667,0.7032034728674977,1.1764705882352942,9.0,0,0,45904.43470588236,7,0,-4.0,4.941176470588235,178990.0,168,5.647058823529412,19,1,54,155.0,0.0,0.0,0.0,0,0.0,0.0,0.0,48900.0,0.47709611451942735,20,52,155,450,12,0.0,2.0,3.0,236646.41,17,8.25,-3.3088235294117654,0.0,0.061259003969685866,0.0023524672930966975,0.7916666666666666,1.0756302521008403,1.815126050420168,0.925488309190042,185,0.03763440860215054,0.8932870344689868,1.2868421052631578,155.0,1.0,1.6,0.0,0.0,0.0,1.0,0.9315406241050292,0,Muebles,Mesas auxiliares,AMBA,Mediano,Proveedor J,0,0,train
2023-12-01,T25,SKU00114,0,2.0,3.0,0.8333333333333334,1.2358287613066494,0.7999999999999999,6.0,1,0,33151.019,2,0,-1.0,2.4,40740.0,39,3.0789473684210527,17,0,24,0.0,0.0,0.0,0.0,0,0.0,0.0,0.0,34900.0,0.41633237822349567,18,46,192,1500,12,2.0,0.0,3.0,63722.4,17,4.5,-2.1,0.0,0.05011406876790825,0.0013613866200094132,0.8717948717948718,0.7894736842105263,1.8947368421052633,0.9562379618946119,185,0.03723404255319149,0.9887844180911576,0.6897233201581028,192.0,1.0,4.8,14.0,0.0,0.0,1.0,0.9228687442403369,0,Bano,Accesorios de bano,Centro,Grande,Proveedor B,0,0,train
2023-12-01,T25,SKU00146,0,4.0,9.0,2.0833333333333335,0.7224201748919454,0.6399999999999999,9.0,1,0,56140.8552,10,1,-2.0,4.8,347600.0,131,4.692537313432836,17,0,34,0.0,155.0,0.0,0.0,0,0.0,0.0,0.0,59500.0,0.41579831932773115,20,52,155,1500,12,4.0,0.0,4.0,227801.26,19,4.9655172413793105,-0.16551724137931068,0.1,0.05645621512605048,0.003403466550023533,1.297709923664122,1.026865671641791,1.217910447761194,0.9562379618946119,185,0.03723404255319149,0.9352028681162536,1.328125,0.0,0.0,,0.0,0.0,0.0,3.0,0.916670345601643,0,Textil hogar,Sabanas,Centro,Grande,Proveedor J,0,0,train
2023-12-01,T25,SKU00317,3,6.0,11.0,1.5833333333333333,0.8709185487804941,1.2631578947368423,10.0,0,0,72771.19473684211,9,0,1.0,5.684210526315789,388260.0,117,4.3875,16,1,66,0.0,0.0,0.0,0.0,0,0.0,0.0,0.0,79000.0,0.4539240506329114,19,32,147,1500,12,1.0,2.0,4.0,462193.25,16,5.333333333333333,0.35087719298245634,0.0,0.07884563624250496,0.002586634578017885,1.2307692307692308,1.075,2.475,0.9562379618946119,185,0.03723404255319149,1.0737269718320974,1.154970760233918,147.0,1.0,5.6,0.0,1.0,0.0,1.0,0.8458647227679577,0,Muebles,Racks,Centro,Grande,Proveedor A,0,0,train
2023-12-01,T25,SKU00725,5,11.0,19.0,3.3333333333333335,0.32192602199319587,1.0999999999999999,12.0,0,0,67183.60975,26,4,3.0,7.8,1204840.0,323,6.2016,17,0,166,0.0,0.0,0.0,7.0,0,0.0,0.0,0.0,73200.0,0.36693989071038247,15,32,147,1500,12,4.0,2.0,5.0,758526.8200000001,13,6.487179487179487,1.3128205128205126,0.15384615384615385,0.0821911236338797,0.005445546480037653,1.368421052631579,0.9984,3.1872,0.9562379618946119,185,0.03723404255319149,0.9352028681162536,1.641255605381166,294.0,2.0,8.0,0.0,0.0,0.0,3.0,0.916670345601643,0,Textil hogar,Cortinas,Centro,Grande,Proveedor A,0,0,train
2023-12-01,T26,SKU00013,7,16.0,37.0,6.25,0.18210885855343875,0.8533333333333333,12.0,0,0,10814.715066666668,39,6,11.0,6.24,214890.0,529,4.967136150234742,15,0,124,0.0,0.0,0.0,0.0,0,0.0,0.0,0.0,11800.0,0.5330508474576271,22,32,147,1200,12,5.0,4.0,8.0,178505.8,20,4.363636363636363,1.876363636363637,0.15384615384615385,0.08349872316384177,0.01099404576442092,1.1058601134215502,0.92018779342723,1.164319248826291,0.9252588915336647,186,0.0748663101604278,0.8406295221584823,0.24737945492662475,147.0,1.0,9.0,0.0,0.0,0.0,2.0,0.9086112332992844,0,Decoracion,Velas,NOA,Mediano,Proveedor A,0,0,train
2023-12-01,T26,SKU00378,1,4.0,4.0,0.6666666666666666,1.1677484162422844,2.0,6.0,0,0,7794.21875,3,0,1.0,4.5,12210.0,54,4.909090909090909,16,1,27,0.0,0.0,0.0,0.0,0,0.0,0.0,0.0,8400.0,0.5154761904761904,23,46,192,1200,12,2.0,1.0,2.0,31770.07,22,3.4285714285714284,1.0714285714285716,0.0,0.07211681547619042,0.0011726982148715648,0.8888888888888888,1.3636363636363635,2.4545454545454546,0.9252588915336647,186,0.0748663101604278,0.9848235848921788,0.22105263157894736,0.0,0.0,,0.0,0.0,0.0,1.0,0.9525892454393038,0,Muebles,Mesas auxiliares,NOA,Mediano,Proveedor B,0,0,train
2023-12-01,T27,SKU00632,1,2.0,2.0,0.16666666666666666,3.464101615137758,4.0,3.0,0,0,63607.09000000003,3,0,-1.0,18.0,107280.0,32,3.657142857142857,12,2,5,182.0,546.0,0.0,0.0,0,0.0,0.0,0.0,70700.0,0.4942008486562942,19,31,182,1200,12,1.0,0.0,1.0,132487.97999999998,18,9.6,8.4,0.0,0.1003240452616686,0.0003012474578985486,1.125,0.8,0.5714285714285714,0.9657993500227469,178,0.049723756906077346,0.9767652579121091,1.0615615615615615,546.0,3.0,2.6,0.0,0.0,0.0,3.0,0.8909286796579801,0,Cocina y mesa,Manteleria,AMBA,Chico,Proveedor I,0,1,train
2023-12-01,T28,SKU00673,7,24.0,42.0,6.666666666666667,0.458257569495584,1.2,12.0,0,0,60652.6205,13,6,-25.0,1.95,505830.0,653,5.323369565217391,18,0,295,0.0,0.0,0.0,0.0,0,0.0,0.0,0.0,67600.0,0.4244082840236686,17,31,182,1500,12,14.0,3.0,14.0,1492037.32,16,5.772151898734178,-3.8221518987341776,0.46153846153846156,0.10277188609467458,0.011483490493931773,0.35834609494640124,0.9130434782608695,2.404891304347826,0.9066215744959134,169,0.07017543859649122,0.9097191126147791,1.2588454376163873,182.0,1.0,3.4,0.0,0.0,0.0,2.0,0.8919474339908255,0,Decoracion,Espejos,AMBA,Grande,Proveedor I,0,0,train
2024-01-01,T02,SKU00296,18,39.0,82.0,13.416666666666666,0.1996380843604004,0.968944099378882,12.0,0,0,60216.98577639752,77,8,29.0,5.739130434782609,2648030.0,720,6.819258089976322,8,0,196,0.0,0.0,0.0,0.0,0,0.0,0.0,0.0,64600.0,0.4676470588235294,22,32,147,450,1,9.0,12.0,18.0,2359829.0999999996,19,3.577639751552795,2.161490683229814,0.1038961038961039,0.06784851739322717,0.024457180600210026,0.8555555555555555,0.978689818468824,1.8563535911602211,0.9448674741199155,174,0.03977272727272727,0.8577692934796368,1.4323725055432373,0.0,0.0,19.5,0.0,0.0,0.0,3.0,0.9056770582056534,0,Cocina y mesa,Vajilla,AMBA,Grande,Proveedor A,0,0,train
2024-01-01,T03,SKU00311,3,8.0,18.0,2.5,0.39999999999999986,1.0666666666666667,12.0,0,0,79055.88633333333,18,1,4.0,7.2,860220.0,348,5.744154057771664,23,0,148,0.0,0.0,0.0,0.0,0,0.0,0.0,0.0,87800.0,0.45569476082004556,24,32,147,450,1,3.0,2.0,4.0,633386.78,23,5.419354838709677,1.7806451612903231,0.05555555555555555,0.09959127182991656,0.0041990092882933745,1.1896551724137931,0.9903713892709766,2.4429160935350756,0.9489760991543026,177,0.0335195530726257,0.8881057268722466,2.0371229698375872,0.0,0.0,,20.0,1.0,0.0,1.0,0.8616015876770616,0,Muebles,Sillas,Cuyo,Chico,Proveedor A,0,0,train
2024-01-01,T04,SKU00070,10,15.0,27.0,3.5,0.7258799279211491,1.4285714285714286,11.0,0,0,35330.57904761905,21,1,-2.0,6.0,525840.0,144,4.773480662983426,9,0,104,0.0,0.0,0.0,0.0,0,0.0,0.0,0.0,39000.0,0.35794871794871796,20,32,147,450,1,3.0,2.0,10.0,524612.6,19,7.666666666666667,-1.666666666666667,0.047619047619047616,0.09408771672771665,0.00517189762905116,1.3125,1.292817679558011,3.447513812154696,1.0038407017148823,201,0.03902439024390244,0.9522894490657632,0.7262569832402235,294.0,2.0,3.1,0.0,1.0,0.0,2.0,0.8941652676096133,0,Decoracion,Espejos,Centro,Grande,Proveedor A,0,0,train
2024-01-01,T06,SKU00678,6,18.0,38.0,5.833333333333333,0.3786510575406112,1.0285714285714287,12.0,0,0,72824.23871428572,46,6,7.0,7.885714285714286,2121520.0,447,5.507186858316222,12,0,129,0.0,36.0,0.0,0.0,0,0.0,0.0,0.0,79900.0,0.4227784730913642,21,11,36,1500,1,7.0,5.0,11.0,1279864.63,20,6.591549295774648,1.2941649899396381,0.13043478260869565,0.0885577132129447,0.010455862680446074,1.2348993288590604,1.1663244353182751,1.5893223819301847,0.9063739249278113,183,0.032432432432432434,0.9143361514093422,1.6750524109014675,36.0,1.0,3.8,0.0,1.0,0.0,2.0,0.9073449419881368,0,Decoracion,Velas,Centro,Mediano,Proveedor H,0,0,train
2024-01-01,T06,SKU00725,2,8.0,19.0,3.3333333333333335,0.43064433753916403,0.7999999999999999,12.0,0,0,67114.7235,12,2,0.0,3.5999999999999996,556080.0,299,5.215116279069767,18,0,158,0.0,0.0,0.0,0.0,0,0.0,0.0,0.0,73200.0,0.36693989071038247,16,32,147,1500,1,4.0,2.0,6.0,552020.7599999999,14,3.8918918918918917,-0.291891891891892,0.16666666666666666,0.0831321926229509,0.005974778674540615,0.7224080267558528,1.063953488372093,2.755813953488372,0.9063739249278113,183,0.032432432432432434,0.9854307859179418,1.641255605381166,294.0,2.0,9.0,7.0,0.0,0.0,2.0,0.89566060380426,0,Textil hogar,Cortinas,Centro,Mediano,Proveedor A,0,0,train
2024-01-01,T08,SKU00657,3,8.0,17.0,2.5,0.46709936649691375,1.0666666666666667,12.0,0,0,75344.25866666666,28,3,19.0,11.2,1448160.0,239,5.637598284488921,14,0,113,21.0,0.0,0.0,0.0,0,0.0,0.0,0.0,82400.0,0.37233009708737863,13,28,21,600,1,4.0,1.0,5.0,605806.94,11,3.6818181818181817,7.518181818181818,0.10714285714285714,0.08562792880258907,0.004086851672288987,1.6401673640167362,1.045746962115797,2.6654753395282347,0.9857486233561037,189,0.05789473684210526,0.9015905858011121,1.8270509977827052,42.0,2.0,0.1,0.0,0.0,0.0,3.0,0.9197224475059096,0,Cocina y mesa,Vajilla,Patagonia,Grande,Proveedor G,0,0,train
2024-01-01,T12,SKU00424,1,4.0,12.0,1.8333333333333333,0.7293359164598417,0.7272727272727273,11.0,0,0,48128.99727272727,11,2,3.0,6.0,348920.0,134,5.220779220779221,15,0,78,0.0,0.0,0.0,0.0,0,0.0,0.0,0.0,52800.0,0.3992424242424243,22,31,182,1200,1,2.0,1.0,5.0,191821.7,20,4.173913043478261,1.8260869565217392,0.18181818181818182,0.08846596074380175,0.0035416670296375924,1.2313432835820894,1.1428571428571428,3.038961038961039,0.9794319185597778,175,0.05056179775280899,0.9784492163934847,1.1785714285714286,182.0,1.0,6.8,0.0,0.0,0.0,2.0,0.9112505481184765,0,Textil hogar,Sabanas,Cuyo,Chico,Proveedor I,0,0,train
2024-01-01,T13,SKU00220,3,10.0,12.0,1.6666666666666667,1.033968524226395,2.0,9.0,0,0,69110.716,7,2,-4.0,4.2,264740.0,159,5.497118910424305,17,0,44,0.0,0.0,0.0,0.0,0,0.0,0.0,0.0,76100.0,0.5030223390275952,13,10,35,1200,1,1.0,6.0,6.0,699396.97,11,9.9,-5.7,0.2857142857142857,0.09184341655716166,0.0027414488010997604,0.7484276729559748,1.1293871136720794,1.5212152959664744,0.9562173418235964,186,0.0213903743315508,0.9292566358331562,1.572314049586777,35.0,1.0,4.9,0.0,0.0,0.0,2.0,0.8609170666995034,0,Textil hogar,Acolchados,Centro,Chico,Proveedor C,0,0,train
2024-01-01,T16,SKU00121,6,13.0,18.0,2.6666666666666665,0.8048150549829898,1.625,10.0,0,0,76461.9953125,21,3,3.0,7.875,905310.0,231,5.191011235955056,13,0,91,0.0,0.0,0.0,0.0,0,0.0,0.0,0.0,84500.0,0.4898224852071006,23,31,182,600,1,7.0,0.0,7.0,984475.3399999999,20,6.967741935483871,0.907258064516129,0.14285714285714285,0.0951243158284023,0.004826418372513704,1.1818181818181817,0.9138576779026216,2.044943820224719,0.9085732586257047,167,0.047619047619047616,1.0706316367836197,1.2353801169590644,0.0,0.0,17.1,0.0,0.0,0.0,1.0,0.853146087877644,0,Muebles,Racks,NOA,Grande,Proveedor I,0,0,train
2024-01-01,T17,SKU00583,4,7.0,10.0,1.9166666666666667,0.7852393205347233,1.2173913043478262,9.0,0,0,46579.97043478261,8,0,1.0,4.173913043478261,219760.0,170,5.217391304347825,18,0,69,0.0,0.0,0.0,0.0,0,0.0,0.0,0.0,51100.0,0.462426614481409,21,25,153,600,1,2.0,1.0,4.0,332394.82,19,3.5,0.6739130434782608,0.0,0.08845459031736569,0.003095783290275162,0.8470588235294118,1.074168797953964,2.1176470588235294,0.9238894132369004,197,0.04040404040404041,0.8711818017506261,0.7672672672672672,153.0,1.0,8.0,50.0,1.0,0.0,3.0,0.871052528364148,0,Cocina y mesa,Manteleria,Centro,Chico,Proveedor D,0,0,train
2024-01-01,T19,SKU00776,1,5.0,8.0,1.8333333333333333,0.5113291999424138,0.9090909090909092,11.0,0,0,7555.113181818181,8,2,1.0,4.363636363636364,36880.0,125,5.415162454873647,15,0,46,0.0,0.0,0.0,0.0,0,0.0,0.0,0.0,8100.0,0.43086419753086425,16,10,35,800,1,2.0,2.0,3.0,38192.29,15,3.111111111111111,1.252525252525253,0.25,0.06726997755331099,0.0027772133849662587,0.96,0.8953068592057762,1.992779783393502,0.9275892705787305,216,0.06451612903225806,0.9439311331578751,0.15976331360946747,0.0,0.0,,0.0,0.0,0.0,2.0,0.9128287110735512,0,Decoracion,Cuadros,Cuyo,Mediano,Proveedor C,0,0,train
2024-01-01,T20,SKU00572,1,2.0,3.0,0.4166666666666667,1.2358287613066494,1.5999999999999999,5.0,0,0,6130.936,3,0,2.0,7.199999999999999,9810.0,56,6.461538461538462,16,1,9,0.0,0.0,0.0,0.0,0,0.0,0.0,0.0,6700.0,0.5119402985074627,17,11,36,450,1,1.0,0.0,1.0,13062.42,15,4.0,3.1999999999999993,0.0,0.0849349253731344,0.0007939958242006627,0.8571428571428571,0.9615384615384617,1.0384615384615385,0.985825215327543,184,0.053475935828877004,0.9958052161225606,0.1630170316301703,36.0,1.0,7.2,0.0,1.0,0.0,3.0,0.8958212661498088,0,Cocina y mesa,Cristaleria,AMBA,Mediano,Proveedor H,0,0,train
2024-01-01,T20,SKU00739,15,45.0,83.0,12.916666666666666,0.24804600108610966,1.1612903225806452,12.0,0,0,23987.41219354839,101,14,14.0,7.819354838709677,1627110.0,1266,6.205882352941177,16,0,377,0.0,192.0,0.0,0.0,0,0.0,0.0,0.0,25700.0,0.37315175097276265,18,46,192,450,1,17.0,13.0,18.0,1081369.4100000001,17,7.1506849315068495,0.6686699072028279,0.13861386138613863,0.06663765783858411,0.024613870550220542,1.2764612954186414,1.0816993464052287,1.8480392156862746,0.985825215327543,184,0.053475935828877004,1.039274924471299,0.7301136363636364,576.0,3.0,3.2,0.0,1.0,0.0,3.0,0.8341865683711941,0,Organizacion,Cajas,AMBA,Mediano,Proveedor B,0,0,train
2024-01-01,T20,SKU00764,1,4.0,8.0,0.9166666666666666,0.8650488666531918,1.4545454545454546,8.0,0,0,62797.229090909095,3,1,-2.0,3.272727272727273,108600.0,43,4.73394495412844,15,1,12,0.0,0.0,0.0,0.0,0,0.0,0.0,0.0,68500.0,0.47153284671532847,18,28,21,450,1,1.0,2.0,2.0,237873.86000000002,15,8.571428571428571,-5.298701298701298,0.3333333333333333,0.08325213005972121,0.001746790813241458,1.0465116279069768,0.8440366972477064,1.3211009174311925,0.985825215327543,184,0.053475935828877004,0.9958052161225606,1.0285285285285286,0.0,0.0,14.8,0.0,1.0,0.0,3.0,0.8958212661498088,0,Cocina y mesa,Manteleria,AMBA,Mediano,Proveedor G,0,0,train
2024-01-01,T27,SKU00796,1,2.0,4.0,0.6666666666666666,0.9770084209183945,1.0,7.0,0,0,59596.0175,2,2,0.0,3.0,66540.0,19,3.817351598173516,7,0,16,0.0,0.0,0.0,0.0,0,0.0,0.0,0.0,63800.0,0.47852664576802506,12,32,147,1200,1,0.0,1.0,2.0,124915.58,11,3.0,0.0,1.0,0.06589314263322876,0.001134577951429872,0.7368421052631579,1.0715372907153728,3.2146118721461185,0.9524781902253776,188,0.06315789473684211,0.9813911472448059,1.480278422273782,0.0,0.0,,0.0,1.0,0.0,1.0,0.8976921795596055,0,Muebles,Sillas,AMBA,Chico,Proveedor A,0,0,train
2024-01-01,T28,SKU00077,2,6.0,19.0,3.0833333333333335,0.799926950645878,0.6486486486486486,11.0,0,0,30719.040540540533,15,4,-7.0,4.864864864864865,230700.0,274,4.303664921465969,19,0,105,0.0,0.0,0.0,0.0,0,0.0,0.0,0.0,33500.0,0.5408955223880597,21,10,35,1500,1,2.0,2.0,7.0,186069.46,18,6.439024390243903,-1.574159525379038,0.26666666666666666,0.08301371520774525,0.004892441278397711,1.0401459854014599,0.9842931937172775,1.649214659685864,0.9673810916961527,191,0.06217616580310881,0.9239080225794077,0.7023060796645703,0.0,0.0,,0.0,0.0,0.0,2.0,0.8872574359355764,0,Decoracion,Velas,AMBA,Grande,Proveedor C,0,0,train
2024-01-01,T28,SKU00798,3,7.0,13.0,2.1666666666666665,0.43266316918204256,1.076923076923077,11.0,0,0,64685.054615384615,6,2,-3.0,2.7692307692307696,248820.0,76,5.241379310344827,8,0,21,153.0,0.0,0.0,0.0,0,0.0,0.0,0.0,69200.0,0.40072254335260116,14,25,153,1500,1,2.0,2.0,4.0,451828.85,13,4.5,-1.7307692307692304,0.3333333333333333,0.06524487550022229,0.003437931709144337,0.631578947368421,1.011494252873563,1.4482758620689655,0.9673810916961527,191,0.06217616580310881,0.9927657206455203,1.4881720430107528,153.0,1.0,1.3,0.0,0.0,0.0,1.0,0.8972023641016704,0,Bano,Alfombras de bano,AMBA,Grande,Proveedor D,0,0,train
2024-02-01,T01,SKU00039,1,3.0,4.0,0.4166666666666667,1.604539016211652,2.4,4.0,0,0,37796.312,3,2,-1.0,7.199999999999999,59430.0,55,5.038167938931298,18,1,31,0.0,0.0,0.0,0.0,0,0.0,0.0,0.0,42600.0,0.5349765258215963,25,10,35,800,2,2.0,0.0,2.0,112759.84,25,16.0,-8.8,0.6666666666666666,0.1127626291079813,0.0006924412276269542,0.9818181818181819,1.099236641221374,2.83969465648855,0.9804967783197671,189,0.05291005291005291,1.0346339324857519,1.2102272727272727,0.0,0.0,,0.0,0.0,0.0,3.0,0.9263717255734765,0,Organizacion,Cajas,Cuyo,Grande,Proveedor C,0,0,train
2024-02-01,T01,SKU00114,0,0.0,0.0,0.25,3.464101615137755,0.0,1.0,6,0,34319.346666666665,1,0,-2.0,4.0,20370.0,59,4.985915492957746,18,0,27,0.0,0.0,0.0,0.0,0,0.0,1.0,10.0,34900.0,0.41633237822349567,20,46,192,800,2,0.0,0.0,3.0,0.0,18,5.142857142857142,-1.1428571428571423,0.0,0.016637631327602764,0.0004154647365761725,0.3050847457627119,0.8732394366197184,2.2816901408450705,0.9804967783197671,189,0.05291005291005291,0.9004137133634836,0.6897233201581028,192.0,1.0,6.8,19.0,0.0,0.0,2.0,0.8686299962335942,0,Bano,Accesorios de bano,Cuyo,Grande,Proveedor B,0,0,train
2024-02-01,T02,SKU00540,2,12.0,19.0,3.1666666666666665,0.5996725371825188,1.2631578947368423,12.0,0,0,25257.036315789475,17,3,1.0,5.368421052631579,291550.0,275,5.709342560553633,15,0,106,0.0,0.0,0.0,0.0,0,0.0,0.0,0.0,27600.0,0.3786231884057971,22,46,192,450,2,2.0,8.0,8.0,310038.64,20,4.923076923076923,0.4453441295546554,0.17647058823529413,0.08488998855835239,0.0053515892964312245,0.9272727272727274,0.9688581314878892,2.2006920415224913,0.9334298383354253,187,0.0582010582010582,0.960529947557273,0.684863523573201,576.0,1.0,9.8,0.0,0.0,0.0,2.0,0.9203863917594085,0,Iluminacion,Lamparas de mesa,AMBA,Grande,Proveedor B,0,0,train
2024-02-01,T04,SKU00473,2,8.0,14.0,2.5833333333333335,0.5337887879622378,1.032258064516129,11.0,0,0,35551.962580645166,23,1,5.0,8.903225806451612,575920.0,309,5.601208459214502,18,0,88,0.0,0.0,0.0,0.0,0,0.0,0.0,0.0,38800.0,0.3546391752577319,21,28,21,450,2,4.0,2.0,5.0,284659.63,18,6.75,2.153225806451612,0.043478260869565216,0.0837123046225473,0.003853273003235383,1.3398058252427183,0.9546827794561934,1.595166163141994,0.9829575132124325,207,0.052884615384615384,0.9413455161741949,0.8603104212860311,0.0,0.0,,0.0,0.0,0.0,3.0,0.8902814905859849,0,Cocina y mesa,Vajilla,Centro,Grande,Proveedor G,0,0,train
2024-02-01,T06,SKU00421,2,11.0,18.0,2.9166666666666665,0.5363243279832102,1.2571428571428571,12.0,0,0,52507.925428571434,25,2,10.0,8.571428571428571,630000.0,272,4.878923766816143,16,0,86,0.0,35.0,0.0,0.0,0,0.0,0.0,0.0,55900.0,0.5491949910554561,25,10,35,1500,2,2.0,7.0,7.0,575282.0,24,6.0,2.571428571428571,0.08,0.06068111934577036,0.004939065312586937,1.4705882352941178,1.0044843049327354,1.5426008968609866,0.9381401770879417,190,0.03664921465968586,0.9060938594443146,1.1645833333333333,70.0,2.0,4.4,0.0,0.0,0.0,2.0,0.8830521347389588,0,Iluminacion,Guirnaldas,Centro,Mediano,Proveedor C,0,0,train
2024-02-01,T06,SKU00541,3,13.0,20.0,3.1666666666666665,0.7354737807671464,1.368421052631579,11.0,0,0,7661.298684210526,24,3,20.0,7.578947368421053,106320.0,251,5.299763260605285,15,0,75,147.0,0.0,0.0,0.0,0,0.0,0.0,0.0,8300.0,0.4662650602409638,13,32,147,1500,2,2.0,8.0,8.0,98044.29999999999,11,1.44,6.138947368421054,0.125,0.07695196575776797,0.005362413767951531,1.4342629482071712,0.9008893723206859,1.5835945997824556,0.9381401770879417,190,0.03664921465968586,0.9834241851151408,0.20194647201946472,147.0,1.0,0.7,0.0,0.0,0.0,3.0,0.8975259373053949,0,Cocina y mesa,Cristaleria,Centro,Mediano,Proveedor A,0,0,train
2024-02-01,T08,SKU00675,1,4.0,11.0,1.5833333333333333,0.9116056881941461,0.8421052631578947,9.0,0,0,81405.35157894736,11,1,0.0,6.947368421052632,480920.0,165,5.484764542936288,17,0,56,147.0,147.0,0.0,0.0,0,0.0,1.0,10.0,84800.0,0.4844339622641509,25,32,147,600,2,3.0,0.0,5.0,333732.14,23,6.0,0.9473684210526319,0.09090909090909091,0.040031231380337706,0.002667914489602245,1.1333333333333335,0.8753462603878116,1.8614958448753463,0.9784225349236023,186,0.058823529411764705,0.9111561367962178,1.8236559139784947,147.0,1.0,1.1,0.0,2.0,0.0,2.0,0.9465004320039448,0,Bano,Alfombras de bano,Patagonia,Grande,Proveedor A,0,0,train
2024-02-01,T09,SKU00726,6,21.0,43.0,6.333333333333333,0.38283492355784726,1.105263157894737,12.0,0,0,70482.42539473684,50,3,12.0,7.894736842105264,2266000.0,463,5.4046692607003886,13,0,152,364.0,0.0,0.0,0.0,0,0.0,0.0,0.0,75100.0,0.3965379494007989,12,31,182,600,2,6.0,9.0,11.0,1485215.45,11,6.218181818181819,1.676555023923445,0.06,0.06148568049618053,0.01092791547086829,1.4038876889848813,1.1245136186770426,1.7743190661478598,0.9403758839405082,192,0.04639175257731959,0.9936745255894193,1.5645833333333334,546.0,2.0,2.8,0.0,0.0,0.0,2.0,0.9151793325749438,0,Iluminacion,Guirnaldas,NOA,Mediano,Proveedor I,0,0,train
2024-02-01,T13,SKU00101,6,14.0,21.0,4.083333333333333,0.5763109733166999,1.142857142857143,10.0,0,0,7332.098979591836,21,1,2.0,5.142857142857143,92610.0,262,5.594306049822063,14,0,98,0.0,0.0,0.0,0.0,0,0.0,0.0,0.0,7800.0,0.4346153846153846,18,56,52,1200,2,4.0,4.0,8.0,100536.2,17,5.181818181818182,-0.03896103896103842,0.047619047619047616,0.05998731030873905,0.0064133803545904115,1.1221374045801527,1.01067615658363,2.092526690391459,0.9627923650687157,197,0.045454545454545456,0.8922851713324516,0.16115702479338842,0.0,0.0,15.9,0.0,0.0,0.0,2.0,0.8682351272246095,0,Textil hogar,Acolchados,Centro,Chico,Proveedor F,0,0,train
2024-02-01,T13,SKU00343,3,4.0,7.0,1.6666666666666667,0.7816067367347156,0.7999999999999999,9.0,0,0,12538.16,8,1,0.0,4.8,50080.0,126,5.25,15,0,40,42.0,63.0,0.0,0.0,0,0.0,0.0,0.0,13500.0,0.5362962962962963,15,28,21,1200,2,1.0,0.0,4.0,49995.3,12,3.8095238095238093,0.9904761904761905,0.125,0.07124740740740743,0.00261770626717976,0.9523809523809523,1.0138888888888888,1.6666666666666667,0.9627923650687157,197,0.045454545454545456,0.9603494967043075,0.2830188679245283,42.0,1.0,2.3,0.0,1.0,0.0,2.0,0.868284770035323,0,Decoracion,Velas,Centro,Chico,Proveedor G,0,0,train
2024-02-01,T13,SKU00734,2,3.0,6.0,0.9166666666666666,1.0867690035224966,1.090909090909091,7.0,0,0,79766.89545454546,6,0,1.0,6.545454545454546,289860.0,145,5.420560747663552,18,0,64,0.0,0.0,0.0,0.0,0,0.0,0.0,0.0,87100.0,0.44535017221584383,18,52,155,1200,2,0.0,1.0,3.0,248574.71,17,4.285714285714286,2.2597402597402603,0.0,0.08419178582611409,0.001439738446948868,0.7448275862068966,1.1464174454828662,2.392523364485981,0.9627923650687157,197,0.045454545454545456,1.0105561125199032,1.6189591078066914,930.0,4.0,3.2,30.0,0.0,0.0,3.0,0.8902912199956299,0,Organizacion,Contenedores,Centro,Chico,Proveedor J,0,0,train
2024-02-01,T14,SKU00075,0,3.0,5.0,0.5833333333333334,1.3593625047407298,1.7142857142857142,5.0,1,0,13764.288571428571,4,2,-1.0,6.857142857142857,37640.0,29,4.767123287671232,10,0,14,0.0,0.0,0.0,0.0,0,0.0,0.0,0.0,14800.0,0.3641891891891892,13,37,193,1500,2,2.0,1.0,2.0,42410.22,11,11.25,-4.392857142857143,0.5,0.06998050193050198,0.0011243839877707075,1.3793103448275863,1.36986301369863,2.3013698630136985,1.004878032499078,175,0.05,1.0591672753834918,0.275092936802974,386.0,2.0,5.6,0.0,0.0,0.0,3.0,0.8747903238033772,0,Organizacion,Contenedores,AMBA,Grande,Proveedor E,0,0,train
2024-02-01,T15,SKU00074,9,19.0,34.0,6.0,0.34082490543036337,1.0555555555555556,12.0,0,0,43540.4025,33,2,33.0,5.5,732270.0,663,5.796682916490038,18,0,304,0.0,0.0,0.0,0.0,0,0.0,1.0,10.0,46500.0,0.5227956989247311,12,46,192,600,2,5.0,5.0,9.0,811269.77,11,0.0,5.5,0.06060606060606061,0.06364725806451621,0.00855504110889628,0.8959276018099547,0.9938003391267487,2.6579058923272574,0.9315489207464839,203,0.04390243902439024,0.9568412858502041,1.0,192.0,1.0,4.5,0.0,0.0,0.0,2.0,0.91324305880001,0,Bano,Alfombras de bano,NOA,Mediano,Proveedor B,0,0,train
2024-02-01,T17,SKU00040,8,27.0,42.0,7.0,0.38041087054225475,1.2857142857142858,12.0,0,0,3380.063690476191,29,7,-4.0,4.142857142857143,64670.0,519,5.620938628158845,14,0,105,384.0,0.0,0.0,0.0,0,0.0,0.0,0.0,3700.0,0.39729729729729735,17,46,192,600,2,6.0,13.0,13.0,91138.6,16,5.076923076923077,-0.9340659340659334,0.2413793103448276,0.08646927284427275,0.011287661970008816,0.7822736030828517,1.0288808664259927,1.1371841155234657,0.94386354377788,199,0.02512562814070352,0.8556062581486311,0.08390022675736962,576.0,3.0,0.5,0.0,0.0,0.0,1.0,0.9031586206167658,0,Muebles,Estanterias,Centro,Chico,Proveedor B,0,0,train
2024-02-01,T17,SKU00062,6,12.0,15.0,2.5,0.7531750973530175,1.6,10.0,0,0,59585.74600000001,11,4,2.0,4.4,396660.0,151,5.047353760445683,18,0,63,0.0,52.0,0.0,0.0,0,0.0,0.0,0.0,65700.0,0.4511415525114155,17,56,52,600,2,1.0,5.0,6.0,686373.7,11,4.5,-0.09999999999999964,0.36363636363636365,0.09306322678843215,0.0040313078464317195,1.3112582781456954,1.0250696378830084,2.1058495821727017,0.94386354377788,199,0.02512562814070352,1.0906327189815694,1.6889460154241644,52.0,1.0,6.6,0.0,0.0,0.0,2.0,0.9550180106331863,0,Textil hogar,Toallas,Centro,Chico,Proveedor F,0,0,train
2024-02-01,T17,SKU00538,1,1.0,3.0,0.5833333333333334,1.1460992972940367,0.5714285714285714,6.0,0,0,62390.15571428571,2,0,-1.0,3.4285714285714284,60700.0,38,4.1454545454545455,15,1,10,0.0,0.0,0.0,0.0,0,0.0,0.0,0.0,67300.0,0.549034175334324,17,10,35,600,2,0.0,0.0,2.0,63473.95,15,5.142857142857142,-1.714285714285714,0.0,0.07295459562725537,0.0009406384975007347,0.7894736842105263,0.9818181818181819,1.090909090909091,0.94386354377788,199,0.02512562814070352,0.9239474758540859,1.4020833333333333,70.0,2.0,4.9,0.0,0.0,0.0,2.0,0.9288356737203793,0,Decoracion,Plantas artificiales,Centro,Chico,Proveedor C,0,0,train
2024-02-01,T18,SKU00538,0,3.0,8.0,0.8333333333333334,1.2358287613066494,1.2,6.0,1,0,64168.65700000001,2,0,-1.0,2.4,60700.0,38,4.1454545454545455,15,1,10,0.0,0.0,0.0,0.0,0,0.0,0.0,0.0,67300.0,0.549034175334324,17,10,35,1200,2,2.0,1.0,3.0,200380.78999999998,15,3.5999999999999996,-1.1999999999999997,0.0,0.04652812778603255,0.0013769965630523447,0.7894736842105263,0.9818181818181819,1.090909090909091,0.9649991913870831,203,0.014423076923076924,0.9705398534469867,1.4020833333333333,70.0,2.0,4.9,0.0,0.0,0.0,2.0,0.884538430895774,0,Decoracion,Plantas artificiales,NOA,Mediano,Proveedor C,0,0,train
2024-02-01,T19,SKU00711,1,4.0,10.0,1.4166666666666667,0.7032034728674978,0.9411764705882352,11.0,0,0,81238.3711764706,9,0,-1.0,6.352941176470588,414720.0,118,6.051282051282051,13,0,9,104.0,0.0,0.0,0.0,0,0.0,0.0,0.0,86700.0,0.46851211072664356,16,56,52,800,2,1.0,2.0,4.0,316519.64,13,6.470588235294118,-0.11764705882352988,0.0,0.06299456543863213,0.0021180102224331427,0.9915254237288136,0.9743589743589743,0.46153846153846156,0.9932222054845301,216,0.0273972602739726,0.9605074378917163,2.1094890510948905,104.0,2.0,2.5,40.0,0.0,0.0,3.0,0.841723982674967,0,Cocina y mesa,Cristaleria,Cuyo,Mediano,Proveedor F,0,0,train
2024-02-01,T20,SKU00039,0,1.0,3.0,0.9166666666666666,0.8650488666531918,0.36363636363636365,8.0,2,0,39265.62818181818,2,0,-4.0,2.181818181818182,39620.0,55,5.038167938931298,18,1,31,0.0,0.0,0.0,0.0,0,0.0,0.0,0.0,42600.0,0.5349765258215963,25,10,35,450,2,0.0,1.0,2.0,41868.74,24,7.199999999999999,-5.018181818181818,0.0,0.07827163892445588,0.0015994968225973584,0.6545454545454545,1.099236641221374,2.83969465648855,0.9823818666788868,196,0.050505050505050504,0.9524545805952841,1.2102272727272727,0.0,0.0,,0.0,0.0,0.0,3.0,0.843165783987814,0,Organizacion,Cajas,AMBA,Mediano,Proveedor C,0,0,train
2024-02-01,T20,SKU00530,16,51.0,96.0,13.583333333333334,0.6772557515635522,1.2515337423312882,11.0,0,0,67428.46521472392,89,11,17.0,6.552147239263803,4143840.0,1194,5.97,15,0,320,0.0,0.0,0.0,13.0,0,0.0,0.0,0.0,72800.0,0.3604395604395605,21,28,21,450,2,17.0,18.0,22.0,3478246.7199999997,20,6.0419580419580425,0.5101891973057606,0.12359550561797752,0.07378481847906693,0.02370163473485177,1.1180904522613067,1.0433333333333332,1.6,0.9823818666788868,196,0.050505050505050504,1.0778524230732565,1.5166666666666666,0.0,0.0,,0.0,0.0,0.0,2.0,0.9202134974632102,0,Iluminacion,Guirnaldas,AMBA,Mediano,Proveedor G,0,0,train
2024-02-01,T20,SKU00587,2,15.0,26.0,4.083333333333333,0.4606346894672451,1.2244897959183674,12.0,0,0,29907.36836734694,18,2,-2.0,4.408163265306123,368820.0,282,4.726256983240224,18,0,121,364.0,0.0,0.0,0.0,0,0.0,0.0,0.0,32400.0,0.3675925925925926,19,31,182,450,2,6.0,7.0,7.0,447873.59,18,5.5813953488372094,-1.1732320835310865,0.1111111111111111,0.07693307508188463,0.007125031300660961,1.148936170212766,0.9050279329608939,2.027932960893855,0.9823818666788868,196,0.050505050505050504,0.9812416516638597,0.4864864864864865,546.0,3.0,1.4,0.0,0.0,0.0,3.0,0.9156626860574262,0,Cocina y mesa,Manteleria,AMBA,Mediano,Proveedor I,0,0,train
2024-02-01,T26,SKU00560,3,11.0,19.0,3.4166666666666665,0.617205055010713,1.0731707317073171,12.0,0,0,7774.70536585366,13,3,-2.0,3.804878048780488,51090.0,222,4.477310924369748,15,0,132,0.0,0.0,0.0,0.0,0,0.0,0.0,0.0,8400.0,0.5321428571428571,15,28,21,1200,2,7.0,1.0,7.0,83929.76000000001,13,4.45945945945946,-0.6545814106789716,0.23076923076923078,0.0744398373983739,0.005723844535523402,0.8783783783783783,1.1159663865546219,2.6621848739495797,0.9560216433966893,199,0.05970149253731343,0.8339265614067111,0.17355371900826447,0.0,0.0,,0.0,1.0,0.0,2.0,0.915817524374894,0,Textil hogar,Acolchados,NOA,Mediano,Proveedor G,0,0,train
2024-02-01,T26,SKU00679,15,46.0,89.0,14.25,0.30090753168191875,1.0760233918128654,12.0,0,0,32430.497660818717,49,16,7.0,3.43859649122807,823200.0,1308,5.774834437086093,17,0,582,155.0,155.0,0.0,0.0,0,0.0,0.0,0.0,36200.0,0.5359116022099448,14,52,155,1200,2,18.0,13.0,20.0,1478415.39,12,2.937062937062937,0.5015335541651331,0.32653061224489793,0.10412989887241109,0.02387261989206102,0.6368501529051988,1.0566593083149376,2.5695364238410594,0.9560216433966893,199,0.05970149253731343,1.007445934665997,0.7589098532494759,620.0,3.0,2.9,0.0,0.0,0.0,2.0,0.9180812872604724,0,Decoracion,Velas,NOA,Mediano,Proveedor J,0,0,train
2024-02-01,T27,SKU00231,1,5.0,5.0,0.5833333333333334,1.9962859763679681,2.857142857142857,4.0,0,0,35764.659999999996,2,1,0.0,3.4285714285714284,45780.0,36,5.333333333333333,11,2,4,0.0,0.0,0.0,0.0,0,0.0,0.0,0.0,38900.0,0.41156812339331617,20,28,21,1200,2,0.0,4.0,4.0,180013.5,17,4.8,-1.3714285714285714,0.5,0.08060000000000012,0.0009272152114672841,0.611111111111111,1.037037037037037,0.5925925925925926,0.9680126807718445,198,0.05,1.0452600765593336,1.0,0.0,0.0,,0.0,1.0,0.0,2.0,0.919616494141577,0,Textil hogar,Toallas,AMBA,Chico,Proveedor G,0,0,train
2024-02-01,T27,SKU00632,1,2.0,3.0,0.16666666666666666,3.464101615137758,4.0,3.0,0,0,63268.41000000003,2,1,-4.0,12.0,71520.0,39,5.777777777777778,11,1,12,546.0,0.0,0.0,0.0,0,0.0,0.0,0.0,70700.0,0.4942008486562942,21,31,182,1200,2,0.0,1.0,1.0,129583.07999999999,20,72.0,-60.0,0.5,0.10511442715700092,0.00026491863184779544,0.5641025641025641,0.8395061728395062,1.7777777777777777,0.9680126807718445,198,0.05,0.9217117503935881,1.0615615615615615,1092.0,4.0,1.8,0.0,0.0,0.0,3.0,0.9321551325282561,0,Cocina y mesa,Manteleria,AMBA,Chico,Proveedor I,0,0,train
2024-03-01,T04,SKU00516,1,5.0,9.0,2.0833333333333335,0.7782497846274853,0.7999999999999999,11.0,0,0,38283.384,3,0,-6.0,1.44,74790.0,111,5.328,13,0,43,459.0,0.0,0.0,0.0,0,0.0,0.0,0.0,41200.0,0.39490291262135924,21,25,153,450,3,1.0,3.0,6.0,179601.18000000005,19,4.153846153846154,-2.7138461538461542,0.0,0.0707916504854369,0.0029264916974290358,0.35135135135135137,0.912,2.064,0.9683175728453193,219,0.04504504504504504,0.9073842851837666,0.8583333333333333,459.0,1.0,1.2,0.0,0.0,0.0,2.0,0.8786543113840498,1,Decoracion,Plantas artificiales,Centro,Grande,Proveedor D,0,0,train
2024-03-01,T13,SKU00217,4,5.0,9.0,1.8333333333333333,0.7293359164598417,0.9090909090909092,10.0,0,0,31401.215000000004,8,4,0.0,4.363636363636364,134560.0,46,4.842105263157895,6,1,16,0.0,0.0,0.0,0.0,0,0.0,0.0,0.0,34500.0,0.5124637681159421,26,37,193,1200,3,0.0,1.0,4.0,159796.74,22,5.333333333333333,-0.9696969696969688,0.5,0.0898198550724637,0.0028631074631498853,1.0434782608695652,1.0175438596491226,1.6842105263157894,0.9646069325848614,198,0.05025125628140704,0.8749735413526774,0.9078947368421053,0.0,0.0,,0.0,0.0,0.0,1.0,0.9305756824340833,1,Muebles,Mesas auxiliares,Centro,Chico,Proveedor E,0,0,train
2024-03-01,T13,SKU00404,3,13.0,20.0,2.6666666666666665,0.6846531968814576,1.625,11.0,0,0,30520.111562500002,11,4,2.0,4.125,204490.0,133,5.720430107526882,14,0,58,0.0,0.0,0.0,0.0,0,0.0,0.0,0.0,32300.0,0.4244582043343653,23,46,192,1200,3,6.0,4.0,6.0,389380.12,22,4.909090909090909,-0.7840909090909092,0.36363636363636365,0.0551049051857585,0.004164519946399834,1.1578947368421053,0.989247311827957,2.4946236559139785,0.9646069325848614,198,0.05025125628140704,1.050719592234108,0.6729166666666667,576.0,1.0,11.8,0.0,0.0,0.0,2.0,0.928137784418097,1,Iluminacion,Guirnaldas,Centro,Chico,Proveedor B,0,0,train
2024-03-01,T14,SKU00166,1,2.0,8.0,1.0833333333333333,0.8310799729647877,0.6153846153846154,9.0,0,0,53895.28153846154,3,1,0.0,2.7692307692307696,105960.0,67,4.886187845303867,19,0,41,192.0,0.0,0.0,0.0,0,0.0,0.0,0.0,57500.0,0.3857391304347826,14,46,192,1500,3,0.0,1.0,3.0,104283.28,13,2.5384615384615383,0.23076923076923128,0.3333333333333333,0.06269075585284278,0.0019762841948004176,0.8507462686567164,1.1668508287292818,2.9900552486187846,0.9619943372843881,190,0.07253886010362694,0.9611476770172279,1.0707635009310987,192.0,1.0,1.5,0.0,0.0,0.0,2.0,0.8729436182895403,1,Decoracion,Espejos,AMBA,Grande,Proveedor B,0,0,train
2024-03-01,T19,SKU00120,0,10.0,17.0,3.25,0.630922717126711,1.0256410256410258,11.0,1,0,62845.63564102564,35,1,16.0,10.76923076923077,1292550.0,256,5.26027397260274,14,0,87,0.0,0.0,0.0,0.0,0,0.0,0.0,0.0,68800.0,0.4632267441860465,21,10,35,800,3,4.0,6.0,7.0,629102.8,19,5.846153846153846,4.923076923076924,0.02857142857142857,0.08654599358974358,0.004497827922060415,1.9140625,0.8972602739726028,1.7876712328767124,1.0088974015944747,225,0.022222222222222223,0.996207896497881,1.3570019723865878,35.0,1.0,11.9,0.0,0.0,0.0,2.0,0.9157699691742074,1,Decoracion,Cuadros,Cuyo,Mediano,Proveedor C,0,0,train
2024-03-01,T19,SKU00453,5,11.0,18.0,2.9166666666666665,0.5747952769374592,1.2571428571428571,12.0,0,0,78585.02257142858,22,1,4.0,7.542857142857144,929720.0,326,6.13166144200627,20,1,142,0.0,0.0,0.0,0.0,0,0.0,0.0,0.0,84500.0,0.49988165680473373,16,10,35,800,3,2.0,4.0,6.0,880323.78,15,6.75,0.7928571428571436,0.045454545454545456,0.06999973288250205,0.004036512237746526,1.3496932515337423,0.9592476489028213,2.670846394984326,1.0088974015944747,225,0.022222222222222223,0.9577695270588418,1.8172043010752688,0.0,0.0,14.6,0.0,0.0,0.0,2.0,0.8592164349588116,1,Bano,Alfombras de bano,Cuyo,Mediano,Proveedor C,0,0,train
2024-03-01,T21,SKU00366,1,2.0,3.0,0.75,0.8287754140107481,0.8888888888888888,8.0,0,0,75608.09444444445,2,1,0.0,2.6666666666666665,96660.0,45,4.354838709677419,15,0,11,0.0,0.0,0.0,0.0,0,0.0,0.0,0.0,83100.0,0.41841155234657035,18,52,155,600,3,1.0,0.0,2.0,156036.66999999998,16,3.0,-0.3333333333333335,0.5,0.09015530151089712,0.001282901344022738,0.6666666666666666,0.6774193548387096,1.064516129032258,0.9710137728314322,191,0.0625,0.9995363931386184,2.062034739454094,310.0,2.0,5.4,0.0,1.0,0.0,2.0,0.9563038703097303,1,Iluminacion,Lamparas de mesa,Cuyo,Grande,Proveedor J,0,0,train
2024-03-01,T25,SKU00348,3,11.0,17.0,3.4166666666666665,0.6419442103958267,1.0731707317073171,12.0,0,0,42997.88146341464,8,4,-11.0,2.3414634146341466,219440.0,155,5.6534954407294835,10,0,49,0.0,0.0,0.0,0.0,0,0.0,0.0,0.0,45800.0,0.40109170305676856,21,28,21,1500,3,6.0,2.0,8.0,475819.06000000006,20,5.428571428571429,-3.087108013937282,0.5,0.061181627436361574,0.005131233560250412,0.5161290322580645,1.1914893617021276,1.7872340425531916,0.9786889375892249,209,0.04739336492890995,1.0275223916637453,0.8513011152416357,0.0,0.0,14.4,0.0,0.0,0.0,2.0,0.9274986580492877,1,Organizacion,Contenedores,Centro,Grande,Proveedor G,0,0,train
2024-03-01,T28,SKU00713,0,2.0,4.0,0.5833333333333334,1.146099297294037,1.1428571428571428,6.0,1,0,38243.34142857143,4,2,1.0,6.857142857142857,99520.0,12,3.3488372093023253,4,0,10,0.0,0.0,0.0,0.0,0,0.0,0.0,0.0,41100.0,0.39464720194647207,26,28,21,1500,3,2.0,0.0,2.0,78560.66,22,5.142857142857142,1.7142857142857144,0.5,0.06950507473062206,0.0009122910313328809,1.3333333333333333,1.1162790697674418,2.7906976744186047,0.9811038405534183,206,0.06310679611650485,1.02821414615084,1.0,21.0,1.0,4.8,0.0,0.0,0.0,2.0,0.9292330896926694,1,Cocina y mesa,Cristaleria,AMBA,Grande,Proveedor G,0,0,train
2024-04-01,T01,SKU00383,8,43.0,81.0,10.416666666666666,0.8726436323556765,1.3760000000000001,11.0,0,0,54080.07032,96,11,0.0,9.216000000000001,2644800.0,1177,5.403213465952563,17,0,351,960.0,0.0,0.0,0.0,0,0.0,0.0,0.0,58600.0,0.5298634812286689,19,46,192,800,4,17.0,18.0,18.0,2349705.27,17,8.86153846153846,0.3544615384615408,0.11458333333333333,0.07713190580204776,0.01584276688944569,1.3865760407816483,1.0191277735271613,1.6113236419280794,0.9875747168204865,208,0.05263157894736842,1.0099575606453426,1.4540942928039702,960.0,3.0,0.1,0.0,0.0,0.0,2.0,0.8930318802581209,1,Iluminacion,Lamparas de mesa,Cuyo,Grande,Proveedor B,0,0,train
2024-04-01,T01,SKU00720,9,26.0,61.0,10.583333333333334,0.3680705194870285,0.8188976377952755,12.0,0,0,74615.95881889763,96,7,18.0,9.070866141732283,4694400.0,953,5.825776872134488,13,0,263,0.0,0.0,0.0,0.0,0,0.0,0.0,0.0,78700.0,0.3786531130876747,15,46,192,800,4,10.0,7.0,18.0,2006509.62,12,6.610169491525423,2.4606966502068603,0.07291666666666667,0.051893788832304555,0.01609625115967682,1.3095487932843652,1.0351502801833927,1.607743250127356,0.9875747168204865,208,0.05263157894736842,0.9513155974903945,1.1816816816816818,0.0,0.0,,0.0,0.0,0.0,2.0,0.8725502086346362,1,Cocina y mesa,Manteleria,Cuyo,Grande,Proveedor B,0,0,train
2024-04-01,T03,SKU00364,2,6.0,10.0,1.1666666666666667,0.8035173141952218,1.7142857142857142,8.0,0,0,51125.05428571429,5,0,-4.0,4.285714285714286,156000.0,58,5.658536585365853,7,0,15,0.0,0.0,0.0,0.0,0,0.0,0.0,0.0,55900.0,0.4418604651162791,21,31,182,450,4,2.0,2.0,2.0,321876.09,17,9.0,-4.714285714285714,0.0,0.08541942243802703,0.0018366611884867582,0.603448275862069,0.8780487804878049,1.4634146341463414,0.9713313885397112,199,0.04975124378109453,1.059380705019094,1.2477678571428572,182.0,1.0,4.2,0.0,0.0,0.0,1.0,0.8964137691398337,1,Textil hogar,Sabanas,Cuyo,Chico,Proveedor I,0,0,train
2024-04-01,T06,SKU00720,14,39.0,79.0,10.333333333333334,0.8619605945733798,1.2580645161290323,11.0,0,0,71590.37314516128,71,26,54.0,6.870967741935483,3471900.0,953,5.825776872134488,13,0,263,0.0,0.0,0.0,0.0,0,0.0,0.0,0.0,78700.0,0.3786531130876747,15,46,192,1500,4,13.0,12.0,20.0,2890979.12,13,1.654867256637168,5.216100485298315,0.36619718309859156,0.09033833360659105,0.016859920453948827,0.968520461699895,1.0351502801833927,1.607743250127356,0.9446994138228745,202,0.03864734299516908,0.9254013220018886,1.1816816816816818,0.0,0.0,,0.0,0.0,0.0,2.0,0.9019081041056557,1,Cocina y mesa,Manteleria,Centro,Mediano,Proveedor B,0,0,train
2024-04-01,T07,SKU00072,5,16.0,23.0,3.75,0.4422166387140533,1.422222222222222,12.0,0,0,46074.68688888889,15,3,-4.0,4.0,367200.0,332,5.893491124260355,17,0,136,0.0,0.0,0.0,0.0,0,0.0,0.0,0.0,49400.0,0.5044534412955466,17,31,182,800,4,4.0,7.0,7.0,752912.3300000001,14,5.3023255813953485,-1.3023255813953485,0.2,0.06731403058929364,0.005789758093380025,0.7680722891566264,0.9349112426035502,2.4142011834319526,1.0313489083674285,203,0.04878048780487805,1.0114828133362126,1.0356394129979036,364.0,1.0,3.8,0.0,0.0,0.0,2.0,0.8997840125284688,1,Decoracion,Velas,Centro,Mediano,Proveedor I,0,0,train
2024-04-01,T07,SKU00501,0,4.0,8.0,0.8333333333333334,1.3375690296545104,1.5999999999999999,6.0,1,0,12737.247,3,2,0.0,3.5999999999999996,20370.0,32,4.266666666666667,12,1,8,153.0,0.0,0.0,0.0,0,0.0,0.0,0.0,13900.0,0.5115107913669065,25,25,153,800,4,1.0,3.0,3.0,51385.09,22,4.0,-0.40000000000000036,0.6666666666666666,0.08365129496402879,0.0012866129096400056,1.125,1.1111111111111112,1.0666666666666667,1.0313489083674285,203,0.04878048780487805,0.9566922117269648,0.258364312267658,153.0,1.0,0.6,0.0,0.0,0.0,2.0,0.8907657360809136,1,Organizacion,Contenedores,Centro,Mediano,Proveedor D,0,0,train
2024-04-01,T08,SKU00463,1,9.0,20.0,3.1666666666666665,0.5996725371825186,0.9473684210526316,11.0,0,0,56402.216578947366,7,2,-10.0,2.210526315789474,258720.0,292,4.8,18,0,111,310.0,155.0,0.0,0.0,0,0.0,0.0,0.0,61900.0,0.4029079159935379,24,52,155,600,4,6.0,2.0,6.0,538440.64,21,4.7441860465116275,-2.5336597307221536,0.2857142857142857,0.08881717966159342,0.0049080064693094155,0.4315068493150685,1.0136986301369861,1.8246575342465752,0.97643497126261,202,0.07317073170731707,0.8040969599797473,1.4036281179138321,775.0,2.0,2.7,0.0,0.0,0.0,1.0,0.9499853839626743,1,Muebles,Estanterias,Patagonia,Grande,Proveedor J,0,0,train
2024-04-01,T09,SKU00566,3,14.0,23.0,3.3333333333333335,0.5477225575051661,1.4000000000000001,11.0,0,0,39864.009750000005,18,2,11.0,5.3999999999999995,456480.0,382,5.173814898419865,22,0,196,0.0,0.0,0.0,0.0,0,0.0,0.0,0.0,43100.0,0.411600928074246,19,32,147,600,4,6.0,5.0,6.0,566330.77,17,2.3333333333333335,3.066666666666666,0.1111111111111111,0.07508098027842214,0.005335292840885805,1.036649214659686,1.0248306997742664,2.654627539503386,1.005702700506974,210,0.047619047619047616,1.0156369067577042,1.0335731414868106,0.0,0.0,15.5,0.0,0.0,0.0,2.0,0.9058735216556226,1,Cocina y mesa,Cubiertos,NOA,Mediano,Proveedor A,0,0,train
2024-04-01,T11,SKU00351,1,6.0,15.0,3.0,0.8761716542303614,0.6666666666666666,10.0,0,0,39291.60027777778,28,2,15.0,9.333333333333334,680400.0,279,5.18266253869969,16,0,93,0.0,0.0,0.0,0.0,0,0.0,0.0,0.0,41500.0,0.41445783132530123,19,10,35,800,4,2.0,3.0,9.0,229815.23,17,3.804878048780488,5.528455284552846,0.07142857142857142,0.0532144511378847,0.004929150573280483,1.6057347670250897,1.0773993808049536,1.7275541795665634,0.937633975717354,212,0.07441860465116279,1.000550965165377,0.870020964360587,35.0,1.0,7.1,0.0,0.0,0.0,2.0,0.8647412779128708,1,Decoracion,Velas,AMBA,Grande,Proveedor C,0,0,train
2024-04-01,T12,SKU00516,1,5.0,12.0,1.5833333333333333,0.629182054670919,1.0526315789473686,10.0,0,0,38395.836842105266,6,4,-1.0,3.7894736842105265,149580.0,131,6.140625,13,0,58,459.0,0.0,0.0,0.0,0,0.0,0.0,0.0,41200.0,0.39490291262135924,22,25,153,1200,4,2.0,2.0,3.0,188127.94,21,5.6,-1.810526315789473,0.6666666666666666,0.06806221257026057,0.002918557483845695,0.5954198473282443,0.984375,2.71875,0.9363961274485977,198,0.0707070707070707,0.9746080523130922,0.8583333333333333,459.0,1.0,2.2,0.0,0.0,0.0,2.0,0.9201627019427495,1,Decoracion,Plantas artificiales,Cuyo,Chico,Proveedor D,0,0,train
2024-04-01,T13,SKU00320,4,11.0,40.0,6.166666666666667,0.4831993779870213,0.5945945945945945,12.0,0,0,17972.633783783785,26,8,-18.0,4.216216216216216,315120.0,452,4.8953068592057765,14,0,116,0.0,0.0,0.0,0.0,0,0.0,0.0,0.0,19300.0,0.372020725388601,17,25,153,1200,4,3.0,4.0,11.0,200233.33000000002,16,6.13953488372093,-1.9233186675047138,0.3076923076923077,0.06877545161742049,0.009496356979914043,0.8053097345132744,1.0397111913357402,1.256317689530686,0.9342362001861383,211,0.02336448598130841,0.9314850411970429,0.4376417233560091,765.0,3.0,5.0,0.0,0.0,0.0,1.0,0.9121642147553338,1,Muebles,Estanterias,Centro,Chico,Proveedor D,0,0,train
2024-04-01,T15,SKU00121,2,7.0,20.0,4.166666666666667,0.621084096194271,0.5599999999999999,12.0,0,0,76843.03319999999,23,4,6.0,5.52,991530.0,241,5.572254335260116,13,0,101,0.0,0.0,0.0,0.0,0,0.0,0.0,0.0,84500.0,0.4898224852071006,26,31,182,600,4,2.0,3.0,9.0,513793.58000000025,22,3.5789473684210527,1.941052631578947,0.17391304347826086,0.09061499171597642,0.005691132624085169,1.2406639004149376,0.9633911368015414,2.3352601156069364,0.9196870320521633,218,0.04090909090909091,0.8996257304424653,1.2353801169590644,0.0,0.0,20.1,0.0,1.0,0.0,1.0,0.9410422506544411,1,Muebles,Racks,NOA,Mediano,Proveedor I,0,0,train
2024-04-01,T15,SKU00240,0,3.0,4.0,1.8333333333333333,1.0093477448444315,0.5454545454545455,8.0,1,0,12557.935,7,0,4.0,3.8181818181818183,49210.0,47,6.064516129032258,5,0,0,52.0,0.0,0.0,0.0,0,0.0,0.0,0.0,13500.0,0.4792592592592593,19,56,52,600,4,3.0,0.0,5.0,34594.35,17,1.44,2.3781818181818184,0.0,0.06978259259259267,0.002504098354597474,0.7446808510638298,0.5591397849462365,0.0,0.9196870320521633,218,0.04090909090909091,0.8795716414277827,0.26627218934911245,104.0,2.0,2.2,0.0,1.0,0.0,2.0,0.9031039868728319,1,Decoracion,Cuadros,NOA,Mediano,Proveedor F,0,0,train
2024-04-01,T15,SKU00546,8,17.0,43.0,6.75,0.3409163652214717,0.8395061728395062,12.0,0,0,59507.08172839506,34,5,-3.0,5.037037037037037,1398760.0,664,5.74045854855541,18,1,173,0.0,0.0,0.0,0.0,0,0.0,0.0,0.0,64900.0,0.36610169491525424,12,32,147,600,4,4.0,5.0,11.0,1011354.9400000002,11,5.203125,-0.1660879629629628,0.14705882352941177,0.08309581312180181,0.009219634851017972,0.9216867469879518,1.005732948516987,1.4956315194278402,0.9196870320521633,218,0.04090909090909091,0.9548368914253507,1.3520833333333333,588.0,2.0,8.7,0.0,0.0,0.0,2.0,0.9075351671499526,1,Iluminacion,Guirnaldas,NOA,Mediano,Proveedor A,0,0,train
2024-04-01,T17,SKU00098,0,1.0,2.0,0.6666666666666666,1.1677484162422846,0.5,6.0,2,0,64163.3275,4,0,1.0,6.0,170720.0,53,4.854961832061069,16,2,9,0.0,0.0,0.0,0.0,0,0.0,0.0,0.0,68200.0,0.37419354838709673,17,32,147,600,4,0.0,1.0,2.0,67873.53,16,5.142857142857142,0.8571428571428577,0.0,0.059188746334310816,0.0009575358746929589,1.2075471698113207,0.5190839694656489,0.8244274809160306,0.967590001377235,222,0.044642857142857144,0.9826977994288594,1.3478260869565217,294.0,1.0,7.1,0.0,0.0,0.0,2.0,0.8556486671935403,1,Bano,Accesorios de bano,Centro,Chico,Proveedor A,0,0,train
2024-04-01,T18,SKU00673,6,17.0,43.0,6.833333333333333,0.3520684492520406,0.8292682926829269,12.0,0,0,61054.47085365853,48,1,27.0,7.024390243902439,1867680.0,545,4.954545454545454,16,0,235,0.0,0.0,0.0,0.0,0,0.0,0.0,0.0,67600.0,0.4244082840236686,21,31,182,1200,4,8.0,3.0,11.0,1034399.03,18,2.9647058823529413,4.059684361549498,0.020833333333333332,0.09682735423582056,0.010563977061301461,1.4091743119266056,0.9969696969696971,2.1363636363636362,0.9770390491818327,221,0.044642857142857144,0.9097663845730778,1.2588454376163873,182.0,1.0,7.3,0.0,0.0,0.0,2.0,0.8595451995215259,1,Decoracion,Espejos,NOA,Mediano,Proveedor I,0,0,train
2024-04-01,T19,SKU00337,6,10.0,23.0,3.5833333333333335,0.4524708050159798,0.9302325581395349,12.0,0,0,19115.0088372093,14,4,-12.0,3.9069767441860463,137760.0,300,4.72384587856376,19,2,84,192.0,0.0,0.0,0.0,0,0.0,0.0,0.0,21100.0,0.5336492890995261,14,46,192,800,4,2.0,2.0,6.0,183639.06999999998,13,7.333333333333333,-3.4263565891472867,0.2857142857142857,0.09407541055880086,0.0047205602282749445,0.8866666666666667,0.986758916855541,1.3226768459978528,1.028862568823088,234,0.05106382978723404,1.0873411352237496,0.39219330855018586,384.0,2.0,2.0,0.0,1.0,0.0,2.0,0.9218555964475659,1,Organizacion,Contenedores,Cuyo,Mediano,Proveedor B,0,0,train
2024-04-01,T20,SKU00074,3,13.0,32.0,5.75,0.37170965835600783,0.753623188405797,12.0,0,0,43352.518985507246,47,9,14.0,8.173913043478262,1042930.0,565,5.207373271889401,17,0,202,0.0,0.0,0.0,0.0,0,0.0,0.0,0.0,46500.0,0.5227956989247311,14,46,192,450,4,7.0,3.0,9.0,573260.9600000001,13,5.417910447761194,2.7560025957170673,0.19148936170212766,0.06768776375253238,0.01012433578697671,1.4141592920353983,1.0568356374807988,1.8617511520737327,0.980740005799309,215,0.06944444444444445,0.9234777574061566,1.0,192.0,1.0,6.5,0.0,0.0,0.0,2.0,0.8891431729595074,1,Bano,Alfombras de bano,AMBA,Mediano,Proveedor B,0,0,train
2024-04-01,T21,SKU00380,5,8.0,12.0,1.5,1.1891767800211264,1.7777777777777777,9.0,0,0,49591.74833333333,9,2,-2.0,6.0,305730.0,46,4.119402985074627,6,0,26,104.0,0.0,0.0,0.0,0,0.0,0.0,0.0,53800.0,0.3685873605947956,20,56,52,600,4,2.0,1.0,5.0,403983.54,18,12.0,-6.0,0.2222222222222222,0.0782202912019827,0.002233534331727119,1.1739130434782608,1.0149253731343284,2.328358208955224,0.9400697831758141,219,0.03619909502262444,0.9072547938863659,1.0,104.0,1.0,0.7,14.0,0.0,0.0,2.0,0.9458705021452378,1,Organizacion,Contenedores,Cuyo,Grande,Proveedor F,0,0,train
2024-04-01,T22,SKU00260,2,4.0,6.0,1.1666666666666667,1.627682600923979,1.1428571428571428,9.0,0,0,38679.10928571429,8,0,-4.0,6.857142857142857,201360.0,134,5.8554025423728815,14,0,37,0.0,0.0,0.0,0.0,0,0.0,0.0,0.0,41200.0,0.3890776699029126,13,10,35,1500,4,0.0,2.0,5.0,147038.28000000003,11,10.799999999999999,-3.942857142857142,0.0,0.06118666782246873,0.0016813877344584456,0.835820895522388,0.9904661016949153,1.6167902542372883,0.972322507012541,222,0.017937219730941704,0.9875584560619809,0.8583333333333333,35.0,1.0,6.9,45.0,0.0,0.0,2.0,0.8829124392518574,1,Decoracion,Plantas artificiales,AMBA,Mediano,Proveedor C,0,0,train
2024-04-01,T22,SKU00686,1,3.0,3.0,0.5,1.348399724926484,2.0,5.0,0,0,19773.771666666667,2,1,-2.0,4.0,20620.0,29,5.1940298507462686,8,1,8,0.0,0.0,0.0,0.0,0,0.0,0.0,0.0,21700.0,0.5248847926267282,15,56,52,1500,4,0.0,2.0,2.0,59026.840000000004,13,11.0,-7.0,0.5,0.08876628264208908,0.0007205947433393338,0.5517241379310345,1.1940298507462688,1.4328358208955225,0.972322507012541,222,0.017937219730941704,0.9404688109833093,0.48654708520179374,0.0,0.0,,0.0,0.0,0.0,1.0,0.875612659540331,1,Textil hogar,Cortinas,AMBA,Mediano,Proveedor F,0,0,train
2024-04-01,T23,SKU00460,5,18.0,45.0,7.0,0.37052837968018454,0.8571428571428571,12.0,0,0,41062.36083333333,31,11,-11.0,4.428571428571429,841960.0,552,5.4206219312602295,15,0,156,0.0,0.0,0.0,0.0,0,0.0,0.0,0.0,44100.0,0.3841269841269841,25,46,192,450,4,9.0,4.0,12.0,728580.85,23,6.072289156626506,-1.6437177280550772,0.3548387096774194,0.06888070672713531,0.010076320703468849,0.8423913043478262,1.0245499181669395,1.5319148936170213,0.9466943213306684,222,0.06306306306306306,0.9556130071451654,0.91875,0.0,0.0,,0.0,0.0,0.0,2.0,0.9100593452534214,1,Decoracion,Plantas artificiales,AMBA,Mediano,Proveedor B,0,0,train
2024-04-01,T23,SKU00679,11,39.0,90.0,13.583333333333334,0.31775027889206897,0.9570552147239263,12.0,0,0,33633.5382208589,21,14,-7.0,1.5460122699386503,352800.0,805,4.145922746781116,15,0,340,155.0,0.0,0.0,0.0,0,0.0,0.0,0.0,36200.0,0.5359116022099448,16,52,155,450,4,16.0,12.0,23.0,1285176.3500000003,14,2.1,-0.5539877300613498,0.6666666666666666,0.07089673423041709,0.0195528604126836,0.391304347826087,1.0163090128755365,1.7510729613733906,0.9466943213306684,222,0.06306306306306306,0.9556130071451654,0.7589098532494759,775.0,4.0,0.8,0.0,0.0,0.0,2.0,0.9100593452534214,1,Decoracion,Velas,AMBA,Mediano,Proveedor J,0,0,train
2024-04-01,T24,SKU00644,0,0.0,2.0,0.4166666666666667,1.2358287613066494,0.0,5.0,3,0,28073.724,2,0,-1.0,4.8,37260.0,45,4.0,16,0,23,0.0,0.0,0.0,0.0,0,1.0,0.0,0.0,30300.0,0.38514851485148516,17,46,192,800,4,0.0,0.0,1.0,0.0,16,3.272727272727273,1.527272727272727,0.0,0.07347445544554465,0.0005660521056109143,0.7111111111111111,1.1555555555555554,2.0444444444444443,0.9428163871055388,233,0.06329113924050633,0.9695218874763339,0.7266187050359713,0.0,0.0,,0.0,1.0,0.0,2.0,0.8581287897403337,1,Cocina y mesa,Cubiertos,AMBA,Grande,Proveedor B,0,0,train
2024-04-01,T25,SKU00217,0,3.0,8.0,1.3333333333333333,0.8048150549829899,0.75,9.0,1,0,31797.679375,9,0,3.0,6.75,151380.0,58,6.052173913043478,6,0,8,0.0,0.0,0.0,0.0,0,0.0,0.0,0.0,34500.0,0.5124637681159421,27,37,193,1500,4,2.0,1.0,3.0,96865.35,24,3.4285714285714284,3.3214285714285716,0.0,0.07832813405797101,0.001966958293778632,0.9310344827586208,0.9391304347826086,0.8347826086956521,0.9643013035249745,214,0.05116279069767442,0.849724626278521,0.9078947368421053,0.0,0.0,,0.0,0.0,0.0,1.0,0.9327318916380379,1,Muebles,Mesas auxiliares,Centro,Grande,Proveedor E,0,0,train
2024-04-01,T27,SKU00164,2,3.0,12.0,1.9166666666666667,0.9295514997675249,0.5217391304347826,9.0,0,0,51432.35043478261,6,2,-3.0,3.1304347826086953,208680.0,169,5.680672268907563,20,0,56,156.0,0.0,0.0,0.0,0,0.0,0.0,0.0,56700.0,0.3865961199294533,17,56,52,1200,4,1.0,0.0,6.0,145544.2,16,4.0,-0.8695652173913047,0.3333333333333333,0.09290387240242315,0.0030702440991416664,0.7100591715976332,0.9523809523809523,1.8823529411764706,0.9739348237972868,207,0.0761904761904762,1.0667302738288333,1.053903345724907,156.0,1.0,1.4,0.0,0.0,0.0,2.0,0.8886788521568844,1,Organizacion,Contenedores,AMBA,Chico,Proveedor F,0,0,train
2024-05-01,T04,SKU00425,1,3.0,6.0,0.8333333333333334,0.692820323027551,1.2,9.0,0,0,36152.091,3,0,1.0,3.5999999999999996,62040.0,44,3.8260869565217392,17,0,33,0.0,0.0,0.0,0.0,0,0.0,0.0,0.0,40300.0,0.48684863523573196,20,28,21,450,5,1.0,1.0,2.0,111896.38999999998,17,3.4285714285714284,0.17142857142857126,0.0,0.10292578163771715,0.0010856385528579082,1.159090909090909,1.1594202898550725,2.869565217391304,0.965349801201252,240,0.06198347107438017,0.9526517305432352,1.0,63.0,2.0,6.1,0.0,0.0,0.0,2.0,0.884443313356922,1,Iluminacion,Lamparas de mesa,Centro,Grande,Proveedor G,0,0,train
2024-05-01,T04,SKU00623,1,0.0,8.0,1.4166666666666667,1.0188534162169867,0.0,9.0,0,0,22373.075294117647,7,3,1.0,4.941176470588235,79870.0,64,4.598802395209581,8,0,18,52.0,0.0,0.0,0.0,0,0.0,1.0,5.0,23800.0,0.5205882352941176,24,56,52,450,5,-1.0,0.0,4.0,-1045.8600000000006,21,3.1304347826086953,1.8107416879795393,0.42857142857142855,0.059954819574888796,0.001845585539858444,0.875,1.1017964071856288,1.2934131736526946,0.965349801201252,240,0.06198347107438017,0.9705870741047812,0.5790754257907542,52.0,1.0,1.7,0.0,1.0,0.0,3.0,0.8985019905334316,1,Cocina y mesa,Cristaleria,Centro,Grande,Proveedor F,0,0,train
2024-05-01,T05,SKU00378,1,1.0,4.0,0.5,1.3483997249264843,0.6666666666666666,5.0,0,0,7628.086666666666,4,0,1.0,8.0,16280.0,55,5.15625,16,1,16,384.0,0.0,0.0,25.0,0,0.0,0.0,0.0,8400.0,0.5154761904761904,28,46,192,450,5,0.0,0.0,2.0,7467.64,26,4.5,3.5,0.0,0.0918944444444445,0.000677283401616303,1.1636363636363636,0.65625,1.5,0.9468421954595917,228,0.03862660944206009,0.9802599403998068,0.22105263157894736,384.0,1.0,0.7,0.0,0.0,0.0,1.0,0.9005703926521644,1,Muebles,Mesas auxiliares,AMBA,Mediano,Proveedor B,0,0,train
2024-05-01,T09,SKU00062,2,4.0,11.0,1.8333333333333333,0.6079859225702323,0.7272727272727273,11.0,0,0,58726.052727272734,11,2,2.0,6.0,396660.0,149,5.228070175438597,17,0,45,104.0,0.0,0.0,0.0,0,0.0,0.0,0.0,65700.0,0.4511415525114155,20,56,52,600,5,0.0,2.0,4.0,236594.38,18,6.0,0.0,0.18181818181818182,0.10614836031548347,0.0028527717186473257,1.2550335570469797,1.0058479532163742,1.5789473684210527,1.0067690737989927,216,0.0365296803652968,0.9377081978297014,1.6889460154241644,156.0,3.0,0.2,0.0,0.0,0.0,1.0,0.8995562465624839,1,Textil hogar,Toallas,NOA,Mediano,Proveedor F,0,0,train
2024-05-01,T09,SKU00516,0,4.0,9.0,1.5833333333333333,0.5686336657127495,0.8421052631578947,10.0,1,0,38830.12368421053,4,5,-2.0,2.5263157894736845,99720.0,110,5.301204819277109,13,0,25,0.0,0.0,0.0,0.0,0,0.0,0.0,0.0,41200.0,0.39490291262135924,23,25,153,600,5,2.0,2.0,3.0,153585.38999999996,21,4.0,-1.4736842105263155,1.25,0.05752126980071537,0.0024637573933772357,0.4727272727272727,1.0281124497991967,1.2048192771084338,1.0067690737989927,216,0.0365296803652968,1.0058967613172458,0.8583333333333333,459.0,1.0,3.2,0.0,0.0,0.0,2.0,0.8879736221854315,1,Decoracion,Plantas artificiales,NOA,Mediano,Proveedor D,0,0,train
2024-05-01,T13,SKU00449,0,1.0,2.0,0.6666666666666666,1.3314380468978917,0.5,6.0,2,0,27523.40625,3,0,3.0,4.5,42600.0,53,4.781954887218045,15,0,16,0.0,0.0,0.0,0.0,0,0.0,0.0,0.0,29900.0,0.5250836120401338,17,31,182,1200,5,0.0,1.0,3.0,27603.96,15,0.0,4.5,0.0,0.07948474080267554,0.0009783806466143105,0.8490566037735849,0.9022556390977443,1.443609022556391,0.9622373659451744,218,0.04504504504504504,1.0280265331215468,0.5557620817843866,546.0,1.0,3.3,54.0,1.0,0.0,2.0,0.9179004727179073,1,Organizacion,Contenedores,Centro,Chico,Proveedor I,0,0,train
2024-05-01,T13,SKU00662,4,11.0,20.0,3.5,0.4948716593053935,1.0476190476190477,12.0,0,0,21489.66285714286,13,5,-1.0,3.7142857142857144,144950.0,276,5.340212834569494,16,0,91,0.0,0.0,0.0,0.0,0,0.0,0.0,0.0,23600.0,0.527542372881356,13,37,193,1200,5,2.0,5.0,6.0,238831.66,12,4.375,-0.6607142857142856,0.38461538461538464,0.08942106537530259,0.005136498394725131,0.7536231884057971,1.0190261206062559,1.7607223476297966,0.9622373659451744,218,0.04504504504504504,0.9216802142013992,0.49166666666666664,579.0,1.0,10.2,0.0,0.0,0.0,2.0,0.8968868060840486,1,Decoracion,Plantas artificiales,Centro,Chico,Proveedor E,0,0,train
2024-05-01,T14,SKU00248,0,2.0,4.0,1.0833333333333333,1.074923218044291,0.6153846153846154,8.0,1,0,18059.293846153843,3,1,0.0,2.7692307692307696,27120.0,56,5.946902654867257,15,0,17,36.0,0.0,0.0,0.0,0,0.0,1.0,5.0,19600.0,0.5387755102040817,15,11,36,1500,5,1.0,1.0,4.0,37062.32,14,3.272727272727273,-0.5034965034965033,0.3333333333333333,0.07860745682888559,0.0018237121938024878,0.8035714285714286,0.9203539823008849,1.8053097345132745,0.9393520653616507,204,0.04854368932038835,0.875532393322928,0.43458980044345896,36.0,1.0,2.8,0.0,1.0,0.0,3.0,0.9095023507298116,1,Cocina y mesa,Vajilla,AMBA,Grande,Proveedor H,0,0,train
2024-05-01,T17,SKU00193,1,1.0,3.0,0.4166666666666667,1.2358287613066494,0.7999999999999999,5.0,0,0,14994.722,3,1,0.0,7.199999999999999,29970.0,41,5.020408163265307,12,0,26,0.0,0.0,0.0,0.0,0,0.0,0.0,0.0,15900.0,0.3716981132075472,15,10,35,600,5,0.0,0.0,1.0,14280.87,13,6.6000000000000005,0.5999999999999988,0.3333333333333333,0.056935723270440275,0.0005705718033492417,0.8780487804878049,1.306122448979592,3.1836734693877555,0.9594735445120847,227,0.043478260869565216,0.8997736738817719,0.4087403598971722,140.0,3.0,4.0,0.0,0.0,0.0,1.0,0.938145479201622,1,Textil hogar,Toallas,Centro,Chico,Proveedor C,0,0,train
2024-05-01,T18,SKU00365,1,1.0,3.0,0.4166666666666667,1.2358287613066494,0.7999999999999999,5.0,0,0,30327.606,4,1,3.0,9.6,69240.0,46,4.029197080291971,16,0,0,0.0,0.0,0.0,0.0,0,0.0,0.0,0.0,32800.0,0.47225609756097564,21,10,35,1200,5,0.0,0.0,1.0,29932.97,17,2.4,7.199999999999999,0.25,0.07537786585365858,0.0006245001295499836,1.391304347826087,0.9635036496350365,0.0,0.9527373976414549,222,0.044642857142857144,0.8857422808079181,0.8138957816377171,70.0,1.0,10.0,0.0,0.0,0.0,2.0,0.9138485251392572,1,Iluminacion,Lamparas de mesa,NOA,Mediano,Proveedor C,0,0,train
2024-05-01,T19,SKU00560,1,7.0,13.0,2.9166666666666665,0.7376440458679596,0.8,11.0,0,0,7734.893714285713,14,2,-2.0,4.8,55020.0,287,5.035087719298246,17,0,107,0.0,0.0,0.0,0.0,0,0.0,0.0,0.0,8400.0,0.5321428571428571,18,28,21,800,5,3.0,3.0,8.0,57266.64000000001,15,5.647058823529411,-0.8470588235294114,0.14285714285714285,0.07917931972789127,0.004006393381249831,0.8292682926829268,1.0760233918128654,1.8771929824561404,0.9903804438449583,229,0.038461538461538464,0.9381282108554836,0.17355371900826447,0.0,0.0,,53.0,1.0,0.0,1.0,0.9301387978340345,1,Textil hogar,Acolchados,Cuyo,Mediano,Proveedor G,0,0,train
2024-05-01,T20,SKU00455,6,19.0,44.0,8.0,0.3654076179730348,0.7916666666666666,12.0,0,0,62104.08958333334,40,6,16.0,5.0,1443600.0,448,5.322772277227722,13,0,122,364.0,0.0,0.0,0.0,0,1.0,0.0,0.0,66800.0,0.45973053892215565,22,31,182,450,5,6.0,7.0,15.0,1209630.18,19,2.88,2.12,0.15,0.07029806012974038,0.012681064424850884,1.1607142857142858,0.8356435643564355,1.4495049504950495,0.9574203640762418,221,0.058823529411764705,0.9430970447071844,1.3916666666666666,910.0,3.0,1.2,0.0,1.0,0.0,2.0,0.8977916032540347,1,Decoracion,Plantas artificiales,AMBA,Mediano,Proveedor I,0,0,train
2024-05-01,T22,SKU00626,1,7.0,12.0,1.6666666666666667,1.0651504375183132,1.4000000000000001,7.0,0,0,8897.573500000002,13,3,7.0,7.8,74750.0,97,5.219730941704036,11,0,21,0.0,0.0,0.0,0.0,0,0.0,0.0,0.0,9700.0,0.4072164948453608,21,31,182,1500,5,3.0,3.0,5.0,62790.53,18,3.4285714285714284,4.371428571428572,0.23076923076923078,0.08272438144329874,0.002278574807682368,1.4742268041237112,0.8609865470852018,1.1300448430493275,0.957457134188131,227,0.034934497816593885,0.9456139477734121,0.20335429769392033,0.0,0.0,13.2,0.0,0.0,0.0,2.0,0.8848571537402771,1,Decoracion,Velas,AMBA,Mediano,Proveedor I,0,0,train
2024-05-01,T23,SKU00501,1,2.0,3.0,0.4166666666666667,1.2358287613066494,1.5999999999999999,5.0,0,0,13011.09,3,2,0.0,7.199999999999999,20370.0,39,5.142857142857143,12,1,12,153.0,0.0,0.0,0.0,0,0.0,0.0,0.0,13900.0,0.5115107913669065,26,25,153,450,5,0.0,1.0,1.0,26111.739999999998,25,9.0,-1.8000000000000007,0.6666666666666666,0.06395035971223018,0.0006094643963563843,0.9230769230769231,0.967032967032967,1.5824175824175826,0.9985464669903,223,0.03571428571428571,0.9927741124725101,0.258364312267658,153.0,1.0,1.6,0.0,0.0,0.0,2.0,0.8615598049967246,1,Organizacion,Contenedores,AMBA,Mediano,Proveedor D,0,0,train
2024-05-01,T25,SKU00313,6,14.0,34.0,6.5,0.5017452060042544,0.717948717948718,12.0,0,0,6470.636666666666,54,6,28.0,8.307692307692308,190620.0,733,6.0620261888352855,19,0,152,42.0,0.0,0.0,0.0,0,0.0,0.0,0.0,6900.0,0.48840579710144927,19,28,21,1500,5,3.0,5.0,16.0,88202.69,17,4.0,4.307692307692308,0.1111111111111111,0.06222657004830923,0.009334748656271272,1.3997271487039562,0.9565816678152997,1.2570640937284632,0.9684203349557325,219,0.04054054054054054,0.8418261837849303,0.15436241610738255,42.0,2.0,0.5,0.0,0.0,0.0,2.0,0.9298453599655856,1,Iluminacion,Apliques,Centro,Grande,Proveedor G,0,0,train
2024-05-01,T25,SKU00794,1,2.0,9.0,2.25,0.7122465682345129,0.2962962962962963,10.0,0,0,33332.16407407407,16,3,3.0,7.111111111111111,299840.0,273,4.518620689655172,19,0,119,0.0,0.0,0.0,0.0,0,0.0,0.0,0.0,36500.0,0.4865753424657534,23,28,21,1500,5,1.0,0.0,4.0,71160.14,19,3.5454545454545454,3.5656565656565653,0.1875,0.08679002536783376,0.003231259150247748,1.1135531135531136,0.8827586206896553,1.9696551724137932,0.9684203349557325,219,0.04054054054054054,0.9889738531785639,0.8147321428571429,42.0,2.0,6.1,0.0,1.0,0.0,1.0,0.8929600817827079,1,Textil hogar,Sabanas,Centro,Grande,Proveedor G,0,0,train
2024-05-01,T28,SKU00651,2,14.0,35.0,6.583333333333333,0.35154173843057807,0.708860759493671,12.0,0,0,35041.08620253164,49,5,23.0,7.443037974683545,1086330.0,622,6.518777292576419,15,1,137,0.0,0.0,0.0,0.0,0,0.0,0.0,0.0,38000.0,0.41657894736842105,26,25,153,1500,5,6.0,6.0,11.0,504693.95,22,3.949367088607595,3.4936708860759498,0.10204081632653061,0.07786615256495688,0.009462875881489263,1.1816720257234725,1.0480349344978166,1.4358078602620086,0.9668903052579915,218,0.0502283105022831,0.9429795763841767,1.0,0.0,0.0,16.7,0.0,0.0,0.0,1.0,0.8843107607280117,1,Muebles,Mesas auxiliares,AMBA,Grande,Proveedor D,0,0,train
2024-06-01,T01,SKU00584,0,1.0,3.0,0.5833333333333334,0.8827348295047491,0.5714285714285714,7.0,2,0,7879.824285714286,2,1,-2.0,3.4285714285714284,10860.0,29,4.35,11,0,14,0.0,0.0,0.0,0.0,0,0.0,1.0,25.0,8400.0,0.35357142857142854,26,28,21,800,6,0.0,1.0,1.0,8002.63,23,5.333333333333333,-1.9047619047619047,0.5,0.061925680272108874,0.0008439863778406445,0.7586206896551725,0.8999999999999999,2.1,0.9399596859493805,216,0.04504504504504504,0.9058093413839049,0.20437956204379562,42.0,2.0,6.2,0.0,0.0,0.0,3.0,0.8743714192608595,0,Cocina y mesa,Cristaleria,Cuyo,Grande,Proveedor G,0,0,train
2024-06-01,T04,SKU00179,9,15.0,39.0,6.666666666666667,0.7894186583694474,0.75,11.0,0,0,10740.764749999998,48,7,-7.0,7.199999999999999,364320.0,360,5.662130924862379,10,0,136,0.0,0.0,0.0,0.0,0,0.0,1.0,35.0,11800.0,0.35677966101694913,13,11,36,450,6,11.0,-5.0,13.0,151217.28999999998,11,7.615384615384615,-0.4153846153846157,0.14583333333333334,0.08976569915254251,0.008531729122032443,1.3333333333333333,0.9227176321997951,2.139027238281343,0.9687778418067838,247,0.05622489959839357,0.8676453499632026,0.3033419023136247,0.0,0.0,,0.0,0.0,0.0,2.0,0.8815525258302646,0,Textil hogar,Toallas,Centro,Grande,Proveedor H,0,0,train
2024-06-01,T06,SKU00187,3,5.0,5.0,0.75,1.2870763988845637,2.2222222222222223,6.0,0,0,10457.057777777776,3,0,0.0,4.0,16890.0,24,3.945205479452055,8,0,16,0.0,0.0,0.0,0.0,0,0.0,0.0,0.0,11400.0,0.506140350877193,22,31,182,1500,6,2.0,0.0,3.0,51857.89,17,9.0,-5.0,0.0,0.0827142300194933,0.0010941049163991224,1.0,1.3698630136986303,2.63013698630137,0.9754553165762841,220,0.03153153153153153,0.9391529802715064,0.22529644268774704,0.0,0.0,,0.0,0.0,0.0,1.0,0.9319643930951148,0,Bano,Accesorios de bano,Centro,Mediano,Proveedor I,0,0,train
2024-06-01,T07,SKU00190,10,24.0,47.0,7.833333333333333,0.19500322106195062,1.021276595744681,12.0,0,0,46757.45925531915,16,5,-13.0,2.042553191489362,387360.0,658,5.360488798370672,19,0,260,0.0,0.0,0.0,0.0,0,0.0,1.0,25.0,50500.0,0.5205940594059406,20,11,36,800,6,7.0,7.0,10.0,1157219.53,19,3.8666666666666667,-1.8241134751773047,0.3125,0.07410971771645258,0.011004115115389148,0.4620060790273557,1.0916496945010183,2.1181262729124235,0.9936481819087564,214,0.027777777777777776,1.010367323691367,0.9960552268244576,0.0,0.0,19.3,32.0,0.0,0.0,2.0,0.9219615645142787,0,Decoracion,Cuadros,Centro,Mediano,Proveedor H,0,0,train
2024-06-01,T07,SKU00313,10,20.0,39.0,6.75,0.456076732342008,0.9876543209876544,12.0,0,0,6248.85987654321,54,6,20.0,8.0,190620.0,569,4.576407506702413,17,0,319,42.0,0.0,0.0,0.0,0,0.0,1.0,15.0,6900.0,0.48840579710144927,20,28,21,800,6,5.0,5.0,13.0,120803.54000000001,19,4.7441860465116275,3.2558139534883725,0.1111111111111111,0.09436813383431741,0.009482269407941713,1.6133567662565906,0.9946380697050939,2.5656836461126007,0.9936481819087564,214,0.027777777777777776,1.0418275011073845,0.15436241610738255,42.0,2.0,1.5,0.0,0.0,0.0,2.0,0.92513226966821,0,Iluminacion,Apliques,Centro,Mediano,Proveedor G,0,0,train
2024-06-01,T08,SKU00454,0,10.0,20.0,3.3333333333333335,0.484298930976989,1.0,11.0,1,0,30292.362,18,1,8.0,5.3999999999999995,344340.0,232,6.298642533936651,11,1,42,0.0,0.0,0.0,0.0,0,0.0,0.0,0.0,33000.0,0.4203030303030303,28,56,52,600,6,4.0,6.0,6.0,301512.71,22,3.0,2.3999999999999995,0.05555555555555555,0.08204963636363638,0.004769509824467586,0.853448275862069,1.0407239819004526,1.1402714932126696,0.9453168472094754,218,0.05909090909090909,0.8995956219334663,0.9375,52.0,1.0,9.0,0.0,0.0,0.0,1.0,0.8955489710660863,0,Organizacion,Cajas,Patagonia,Grande,Proveedor F,0,0,train
2024-06-01,T08,SKU00593,0,1.0,1.0,0.3333333333333333,1.4770978917519928,1.0,4.0,1,0,73620.5725,4,0,1.0,12.0,160160.0,51,6.108892921960072,15,1,7,0.0,0.0,0.0,0.0,0,0.0,0.0,0.0,78700.0,0.49123252858958066,13,31,182,600,6,1.0,0.0,1.0,72490.67,11,9.0,3.0,0.0,0.0645416454891996,0.00047695098244675857,1.1764705882352942,0.7985480943738656,0.8384754990925589,0.9453168472094754,218,0.05909090909090909,1.0546363836596142,1.6924731182795698,0.0,0.0,,0.0,0.0,0.0,1.0,0.9220327098906904,0,Bano,Alfombras de bano,Patagonia,Grande,Proveedor I,0,0,train
2024-06-01,T09,SKU00114,1,2.0,4.0,0.9166666666666666,1.270363803143253,0.7272727272727273,7.0,0,0,32567.651818181817,5,1,2.0,5.454545454545455,101850.0,51,4.896,17,0,21,0.0,0.0,0.0,0.0,0,0.0,0.0,0.0,34900.0,0.41633237822349567,24,46,192,600,6,1.0,0.0,4.0,67156.77,22,3.272727272727273,2.181818181818182,0.2,0.06682946079708263,0.001317996234918902,1.6666666666666667,1.1840000000000002,2.016,0.9408096760530198,228,0.039301310043668124,0.9782917812114893,0.6897233201581028,192.0,1.0,10.8,40.0,0.0,0.0,1.0,0.9049208875629314,0,Bano,Accesorios de bano,NOA,Mediano,Proveedor B,0,0,train
2024-06-01,T09,SKU00427,6,13.0,22.0,4.916666666666667,0.5016491046423301,0.8813559322033897,12.0,0,0,12947.707457627119,10,5,-16.0,2.0338983050847457,87800.0,84,3.304918032786885,7,0,33,0.0,364.0,0.0,0.0,0,0.0,0.0,0.0,13700.0,0.3591240875912409,25,31,182,600,6,4.0,3.0,10.0,167035.68,22,5.571428571428571,-3.5375302663438255,0.5,0.05491186440677964,0.007069252532746838,0.8333333333333334,0.8655737704918033,1.2983606557377048,0.9408096760530198,228,0.039301310043668124,0.9782917812114893,0.2946236559139785,0.0,0.0,19.6,0.0,0.0,0.0,1.0,0.9049208875629314,0,Bano,Alfombras de bano,NOA,Mediano,Proveedor I,0,0,train
2024-06-01,T09,SKU00647,1,2.0,2.0,0.5,1.5954480704349312,1.3333333333333333,4.0,0,0,65046.61333333332,4,0,1.0,8.0,138280.0,23,5.111111111111111,7,0,6,42.0,0.0,0.0,0.0,0,0.0,1.0,35.0,70200.0,0.5075498575498576,15,28,21,600,6,0.0,1.0,2.0,126977.91,13,6.6000000000000005,1.3999999999999995,0.0,0.07341006647673332,0.000718907037228492,1.2173913043478262,1.4814814814814816,1.3333333333333333,0.9408096760530198,228,0.039301310043668124,0.9946513270763953,1.5739910313901346,42.0,1.0,0.3,0.0,0.0,0.0,2.0,0.9351273979481409,0,Textil hogar,Cortinas,NOA,Mediano,Proveedor G,0,0,train
2024-06-01,T11,SKU00448,2,9.0,18.0,2.6666666666666665,0.332859511724473,1.125,12.0,0,0,45207.3796875,25,3,8.0,9.375,670500.0,198,6.65546218487395,9,0,59,0.0,0.0,0.0,0.0,0,0.0,0.0,0.0,48700.0,0.4492813141683778,14,46,192,800,6,5.0,2.0,5.0,406496.69,13,6.678571428571429,2.696428571428571,0.12,0.07171704953798774,0.0036256449044753903,1.1363636363636365,0.8291316526610645,1.9831932773109244,0.9440272920027798,243,0.061224489795918366,0.9519383961763144,0.9052044609665427,384.0,2.0,3.4,0.0,0.0,0.0,1.0,0.9016469433185605,0,Organizacion,Contenedores,AMBA,Grande,Proveedor B,0,0,train
2024-06-01,T12,SKU00535,0,1.0,6.0,1.5833333333333333,0.7832288901297763,0.21052631578947367,9.0,2,0,32753.73631578948,5,0,-5.0,3.1578947368421053,81700.0,102,5.392070484581497,12,0,26,0.0,0.0,0.0,0.0,0,0.0,1.0,35.0,35600.0,0.5410112359550562,17,46,192,1200,6,0.0,1.0,3.0,35587.83,16,4.444444444444445,-1.2865497076023393,0.0,0.07995122708456515,0.0025622652643348207,0.5882352941176471,1.1101321585903083,1.3744493392070485,0.9655694364545955,198,0.039603960396039604,0.9936589164534431,0.7982062780269058,192.0,1.0,4.4,0.0,0.0,0.0,2.0,0.9064991247429549,0,Textil hogar,Cortinas,Cuyo,Chico,Proveedor B,0,0,train
2024-06-01,T13,SKU00541,3,10.0,15.0,3.1666666666666665,0.5686336657127495,1.0526315789473686,12.0,0,0,7591.2576315789465,5,5,-5.0,1.5789473684210527,22150.0,254,5.582417582417582,14,0,61,147.0,0.0,0.0,0.0,0,0.0,1.0,25.0,8300.0,0.4662650602409638,17,32,147,1200,6,3.0,4.0,7.0,79307.75,16,3.076923076923077,-1.4979757085020244,1.0,0.08539064679771724,0.004498582316215385,0.2755905511811024,0.9816849816849816,1.3406593406593406,0.9641172206120552,223,0.048034934497816595,0.9715799864914013,0.20194647201946472,294.0,2.0,2.2,0.0,0.0,0.0,3.0,0.9188943473738775,0,Cocina y mesa,Cristaleria,Centro,Chico,Proveedor A,0,0,train
2024-06-01,T15,SKU00063,4,9.0,20.0,3.0833333333333335,0.3776757252588048,0.9729729729729729,12.0,0,0,42372.03837837838,18,1,-1.0,5.837837837837838,477900.0,204,4.533333333333333,12,0,135,0.0,0.0,0.0,0.0,0,0.0,0.0,0.0,45800.0,0.42030567685589515,18,28,21,600,6,2.0,3.0,5.0,376529.33,16,6.333333333333333,-0.4954954954954953,0.05555555555555555,0.0748463236161927,0.003952438116042418,1.0588235294117647,1.0074074074074075,3.0,0.9438849511716434,228,0.043478260869565216,1.0276987572989968,1.2052631578947368,42.0,2.0,6.6,0.0,0.0,0.0,1.0,0.9369544161303625,0,Muebles,Mesas auxiliares,NOA,Mediano,Proveedor G,0,0,train
2024-06-01,T18,SKU00758,1,1.0,5.0,0.6666666666666666,1.4770978917519928,0.5,5.0,0,0,40080.1525,3,0,-1.0,4.5,67710.0,23,5.5200000000000005,7,1,13,0.0,0.0,0.0,0.0,0,0.0,1.0,35.0,44800.0,0.4962053571428572,25,37,193,1200,6,0.0,0.0,3.0,38087.09,22,5.333333333333333,-0.833333333333333,0.0,0.10535373883928578,0.0009315714400360369,0.9130434782608696,1.2000000000000002,3.1200000000000006,0.9571896546370279,231,0.02575107296137339,1.0158216924143504,1.0,193.0,1.0,6.0,0.0,0.0,0.0,2.0,0.9156002723697191,0,Textil hogar,Sabanas,NOA,Mediano,Proveedor E,0,0,train
2024-06-01,T19,SKU00502,1,2.0,8.0,1.25,0.9105442927671937,0.5333333333333333,8.0,0,0,35559.378666666664,3,0,-1.0,2.4,59490.0,48,5.333333333333333,15,2,14,0.0,0.0,0.0,0.0,0,0.0,1.0,15.0,37400.0,0.46978609625668444,18,37,193,800,6,0.0,1.0,3.0,72452.32,14,2.8235294117647056,-0.4235294117647057,0.0,0.049214474153297716,0.0016423055638184302,0.9375,1.0,1.5555555555555556,0.9801279604868391,240,0.0371900826446281,0.9953768122447147,0.8366890380313199,0.0,0.0,15.2,0.0,0.0,0.0,2.0,0.9381464280596902,0,Iluminacion,Apliques,Cuyo,Mediano,Proveedor E,0,0,train
2024-06-01,T19,SKU00773,4,15.0,32.0,6.0,0.4438126822992972,0.8333333333333334,12.0,0,0,47897.21527777778,24,11,12.0,4.0,670320.0,566,5.72681281618887,15,0,178,0.0,0.0,0.0,0.0,0,0.0,1.0,15.0,52800.0,0.4710227272727273,21,10,35,800,6,2.0,9.0,9.0,703840.88,19,1.8947368421052633,2.1052631578947367,0.4583333333333333,0.09285577125420874,0.007883066706328466,0.6360424028268551,0.9983136593591907,1.8010118043844858,0.9801279604868391,240,0.0371900826446281,0.9953768122447147,1.1,140.0,2.0,3.6,0.0,0.0,0.0,2.0,0.9381464280596902,0,Iluminacion,Guirnaldas,Cuyo,Mediano,Proveedor C,0,0,train
2024-06-01,T20,SKU00759,3,13.0,24.0,4.083333333333333,0.5570684367919705,1.0612244897959184,12.0,0,0,70046.14204081632,19,4,1.0,4.653061224489797,862980.0,301,6.704691191360109,14,1,76,0.0,0.0,0.0,0.0,0,0.0,1.0,35.0,74400.0,0.3895161290322581,14,31,182,450,6,3.0,7.0,7.0,926394.85,11,4.5,0.15306122448979664,0.21052631578947367,0.058519596225587,0.006112027486250368,0.8837209302325582,1.0691866351670605,1.6928788390145124,0.9185504165050553,231,0.06866952789699571,0.9510728945781375,1.6681614349775784,0.0,0.0,,19.0,0.0,0.0,2.0,0.8911753419620312,0,Textil hogar,Cortinas,AMBA,Mediano,Proveedor I,0,0,train
2024-06-01,T21,SKU00738,0,2.0,6.0,0.6666666666666666,1.4770978917519928,1.0,5.0,1,0,50636.60125,3,1,0.0,4.5,88500.0,22,4.981132075471698,7,0,8,0.0,0.0,6.0,0.0,0,0.0,1.0,15.0,52300.0,0.4359464627151052,20,32,147,600,6,2.0,0.0,3.0,102508.77,19,6.0,-1.5,0.3333333333333333,0.03180494741873807,0.0009483942653554807,0.9545454545454546,1.2075471698113207,1.811320754716981,0.9208908316601719,230,0.03463203463203463,1.0872256612267868,1.1700223713646531,147.0,1.0,4.6,6.0,0.0,0.0,2.0,0.9202801039813622,0,Iluminacion,Apliques,Cuyo,Grande,Proveedor A,0,0,train
2024-06-01,T21,SKU00785,1,4.0,7.0,1.4166666666666667,0.5597375019520652,0.9411764705882352,11.0,0,0,69098.35529411765,15,0,9.0,10.588235294117647,607800.0,386,5.348729792147806,18,0,126,0.0,0.0,0.0,0.0,0,0.0,0.0,0.0,75000.0,0.4597333333333333,24,10,35,600,6,2.0,1.0,3.0,260714.04,23,4.0,6.588235294117647,0.0,0.07868859607843137,0.002015337813880397,0.6994818652849741,0.9145496535796767,1.7459584295612007,0.9208908316601719,230,0.03463203463203463,0.8784737627556166,1.963350785340314,35.0,1.0,6.4,0.0,0.0,0.0,1.0,0.896151101040769,0,Bano,Cortinas de bano,Cuyo,Grande,Proveedor C,0,0,train
2024-06-01,T24,SKU00773,8,24.0,44.0,7.416666666666667,0.3960646990974573,1.0786516853932584,12.0,0,0,49482.863483146066,15,11,-18.0,2.0224719101123596,418950.0,566,5.72681281618887,15,0,178,0.0,0.0,0.0,0.0,0,0.0,1.0,15.0,52800.0,0.4710227272727273,21,10,35,800,6,6.0,10.0,13.0,1137328.6900000002,19,4.829268292682927,-2.806796382570567,0.7333333333333333,0.06282455524344577,0.009230106155873368,0.39752650176678445,0.9983136593591907,1.8010118043844858,0.9420930822466704,250,0.027450980392156862,0.9415547364694613,1.1,140.0,2.0,3.6,0.0,0.0,0.0,2.0,0.8825685851904082,0,Iluminacion,Guirnaldas,AMBA,Grande,Proveedor C,0,0,train
2024-06-01,T25,SKU00122,4,10.0,13.0,1.9166666666666667,0.7530655685082075,1.7391304347826086,10.0,0,0,49044.05826086956,10,2,4.0,5.217391304347826,307600.0,93,4.708860759493671,11,0,61,182.0,0.0,0.0,0.0,0,0.0,1.0,35.0,54200.0,0.43247232472324726,29,31,182,1500,6,4.0,2.0,4.0,501255.1,25,4.0,1.2173913043478262,0.2,0.09512807636772025,0.0026648201013203423,1.182795698924731,1.248945147679325,3.088607594936709,0.9648966001650352,218,0.04054054054054054,1.052549891818888,1.1198347107438016,182.0,1.0,1.0,0.0,0.0,0.0,2.0,0.8874472438364707,0,Textil hogar,Acolchados,Centro,Grande,Proveedor I,0,0,train
2024-06-01,T27,SKU00063,4,9.0,21.0,3.8333333333333335,0.44261715981563376,0.7826086956521738,12.0,0,0,41882.41739130435,16,0,3.0,4.173913043478261,424800.0,204,4.533333333333333,12,0,135,0.0,0.0,0.0,0.0,0,0.0,0.0,0.0,45800.0,0.42030567685589515,18,28,21,1200,6,3.0,2.0,7.0,383450.32999999996,16,3.3191489361702127,0.8547641073080481,0.0,0.08553673818112772,0.005718218402040478,0.9411764705882353,1.0074074074074075,3.0,0.9164066534748349,221,0.07623318385650224,0.9634242053155071,1.2052631578947368,42.0,2.0,6.6,0.0,0.0,0.0,1.0,0.9101490205434495,0,Muebles,Mesas auxiliares,AMBA,Chico,Proveedor G,0,0,train
2024-06-01,T27,SKU00717,8,17.0,38.0,7.25,0.36788139441205264,0.7816091954022989,12.0,0,0,32697.54172413793,47,5,24.0,6.482758620689655,811690.0,337,5.164750957854406,10,0,87,0.0,0.0,0.0,0.0,0,0.0,0.0,0.0,35900.0,0.518941504178273,17,10,35,1200,6,6.0,3.0,12.0,546548.14,15,3.1724137931034484,3.3103448275862064,0.10638297872340426,0.08920496590145044,0.010814891325598293,1.3946587537091988,0.9655172413793104,1.3333333333333333,0.9164066534748349,221,0.07623318385650224,0.8602527869859194,0.7386831275720165,105.0,2.0,6.6,0.0,0.0,0.0,1.0,0.888890893372446,0,Organizacion,Percheros,AMBA,Chico,Proveedor C,0,0,train
2024-07-01,T01,SKU00457,4,13.0,27.0,4.75,0.4027105342105418,0.9122807017543859,12.0,0,0,69330.52666666667,38,0,27.0,8.0,1420820.0,357,5.813471502590674,19,0,122,0.0,0.0,0.0,0.0,0,0.0,0.0,0.0,73900.0,0.49404600811907984,14,28,21,800,7,5.0,4.0,8.0,867169.2100000002,13,2.3269230769230766,5.673076923076923,0.0,0.06183319801533593,0.006582728833317177,2.022408963585434,1.0150505798174192,1.986676535899334,0.9714721920327033,225,0.035398230088495575,0.9892528646956762,1.5395833333333333,0.0,0.0,,0.0,0.0,0.0,2.0,0.8983852901583652,0,Decoracion,Plantas artificiales,Cuyo,Grande,Proveedor G,0,0,train
2024-07-01,T01,SKU00724,0,0.0,1.0,0.5833333333333334,1.7077798626782088,0.0,4.0,4,0,39140.52142857143,4,0,-1.0,6.857142857142857,85840.0,73,5.7631578947368425,19,0,33,0.0,0.0,0.0,0.0,0,0.0,0.0,0.0,44100.0,0.5133786848072562,20,37,193,800,7,0.0,0.0,3.0,0.0,18,5.454545454545455,1.4025974025974017,0.0,0.11245983155166817,0.0008084052953196533,1.0410958904109588,1.1842105263157896,2.605263157894737,0.9714721920327033,225,0.035398230088495575,0.9300649798099287,1.0,0.0,0.0,14.1,0.0,0.0,0.0,1.0,0.9051877130160862,0,Muebles,Estanterias,Cuyo,Grande,Proveedor E,0,0,train
2024-07-01,T02,SKU00460,12,24.0,49.0,6.833333333333333,0.3629597295723352,1.1707317073170733,12.0,0,0,39622.42695121952,37,5,-9.0,5.414634146341464,1004920.0,552,5.2992,16,0,143,0.0,0.0,0.0,0.0,0,0.0,0.0,0.0,44100.0,0.3841269841269841,28,46,192,450,7,5.0,7.0,12.0,924876.3200000001,24,7.774647887323943,-2.3600137409824793,0.13513513513513514,0.10153226867982956,0.00963564621398765,1.0724637681159421,0.9151999999999999,1.3728,0.958394274649796,227,0.048034934497816595,0.9518603885413236,0.91875,0.0,0.0,,0.0,0.0,0.0,2.0,0.9131047171100808,0,Decoracion,Plantas artificiales,AMBA,Grande,Proveedor B,0,0,train
2024-07-01,T04,SKU00251,2,12.0,22.0,3.75,0.5226196639347902,1.0666666666666667,12.0,0,0,13058.436666666666,11,1,-11.0,2.933333333333333,90970.0,310,5.360230547550432,18,0,113,0.0,0.0,0.0,0.0,0,0.0,0.0,0.0,14500.0,0.42965517241379314,16,25,153,450,7,6.0,4.0,7.0,158946.9,14,6.0,-3.066666666666667,0.09090909090909091,0.09941816091954025,0.004780451718886261,0.6387096774193549,0.9740634005763689,1.9538904899135445,0.9892348090281968,242,0.040160642570281124,0.9581186034695507,0.3251121076233184,0.0,0.0,15.4,39.0,1.0,0.0,1.0,0.867687522930229,0,Textil hogar,Cortinas,Centro,Grande,Proveedor D,0,0,train
2024-07-01,T04,SKU00564,4,6.0,9.0,1.5,0.7247430753394787,1.3333333333333333,11.0,0,0,19647.488888888893,10,2,8.0,6.666666666666667,116700.0,170,6.1227830832196455,18,0,38,0.0,0.0,0.0,0.0,0,0.0,0.0,0.0,21800.0,0.46467889908256876,14,32,147,450,7,1.0,1.0,4.0,117603.73,13,1.375,5.291666666666667,0.2,0.09873904179408755,0.0019121806875545043,1.0588235294117647,0.9964529331514325,1.3686221009549795,0.9892348090281968,242,0.040160642570281124,1.053738643419202,0.4059590316573557,294.0,1.0,6.2,0.0,0.0,0.0,2.0,0.8755543395067394,0,Decoracion,Espejos,Centro,Grande,Proveedor A,0,0,train
2024-07-01,T06,SKU00317,4,7.0,10.0,1.1666666666666667,0.9554064497532218,2.0,9.0,0,0,75056.145,11,5,1.0,9.428571428571429,474540.0,145,5.723684210526316,16,0,41,0.0,0.0,0.0,0.0,0,0.0,0.0,0.0,79000.0,0.4539240506329114,26,32,147,1500,7,2.0,1.0,4.0,528825.29,24,10.90909090909091,-1.4805194805194812,0.45454545454545453,0.04992221518987339,0.0017332842182542485,1.2137931034482758,0.9342105263157896,1.618421052631579,0.9988669337768055,222,0.026905829596412557,0.9992039348363803,1.154970760233918,147.0,1.0,5.8,0.0,0.0,0.0,1.0,0.9260415634903678,0,Muebles,Racks,Centro,Mediano,Proveedor A,0,0,train
2024-07-01,T09,SKU00548,3,3.0,13.0,2.75,0.6416545105382372,0.36363636363636365,10.0,0,0,22547.79090909091,14,0,-2.0,5.090909090909091,198520.0,175,5.46875,10,0,55,153.0,0.0,0.0,0.0,0,0.0,0.0,0.0,24600.0,0.42357723577235773,15,25,153,600,7,0.0,0.0,5.0,69340.95,14,5.189189189189189,-0.09828009828009776,0.0,0.08342313377679234,0.0037410693196146725,0.8,0.9270833333333334,1.71875,0.9223436358904538,236,0.0375,0.8824569688610853,0.35964912280701755,459.0,3.0,2.3,0.0,0.0,0.0,1.0,0.8604984812467675,0,Muebles,Racks,NOA,Mediano,Proveedor D,0,0,train
2024-07-01,T10,SKU00032,15,39.0,84.0,13.333333333333334,0.33131967534803497,0.975,12.0,0,0,34265.8570625,94,8,2.0,7.05,1824540.0,891,5.562955254942768,12,0,444,0.0,0.0,0.0,0.0,0,0.0,0.0,0.0,37200.0,0.47822580645161294,18,25,153,450,7,9.0,15.0,20.0,1399019.27,17,6.773006134969325,0.2769938650306747,0.0851063829787234,0.07887481014784947,0.01841892101601878,1.265993265993266,1.0322580645161292,2.7721123829344436,0.9646909882139837,228,0.025974025974025976,0.9825390034356081,0.7337278106508875,459.0,2.0,8.9,0.0,1.0,0.0,2.0,0.8978998331083284,0,Decoracion,Cuadros,AMBA,Mediano,Proveedor D,0,0,train
2024-07-01,T10,SKU00425,1,4.0,5.0,1.0833333333333333,0.6171303908506354,1.2307692307692308,10.0,0,0,37619.45,1,1,-3.0,0.9230769230769231,20680.0,48,4.430769230769231,16,0,12,0.0,0.0,0.0,0.0,0,0.0,2.0,20.0,40300.0,0.48684863523573196,22,28,21,450,7,2.0,1.0,2.0,142672.05,20,4.8,-3.8769230769230765,1.0,0.0665148883374691,0.0014965373325515259,0.3333333333333333,1.2000000000000002,1.1076923076923078,0.9646909882139837,228,0.025974025974025976,0.930847865303668,1.0,63.0,2.0,8.1,0.0,0.0,0.0,4.0,0.8920675751218649,0,Iluminacion,Lamparas de mesa,AMBA,Mediano,Proveedor G,0,0,train
2024-07-01,T11,SKU00545,1,1.0,2.0,0.4166666666666667,1.2358287613066499,0.7999999999999999,5.0,0,0,59695.969999999994,3,0,-1.0,7.199999999999999,103590.0,22,4.714285714285715,7,0,12,465.0,0.0,0.0,0.0,0,0.0,0.0,0.0,64700.0,0.46630602782071096,24,52,155,800,7,0.0,0.0,1.0,58804.82,22,8.0,-0.8000000000000007,0.0,0.07734204018547153,0.0005451503682832932,0.9545454545454546,1.2857142857142858,2.5714285714285716,0.9742927381959016,251,0.05952380952380952,1.0350690674858736,1.5515587529976018,620.0,3.0,1.4,0.0,0.0,0.0,3.0,0.8631201446116668,0,Cocina y mesa,Cubiertos,AMBA,Grande,Proveedor J,0,0,train
2024-07-01,T12,SKU00460,6,14.0,29.0,6.416666666666667,0.5166985722421804,0.7272727272727273,12.0,0,0,41331.15948051948,17,7,-31.0,2.6493506493506493,461720.0,552,5.2992,16,0,143,0.0,0.0,0.0,0.0,0,0.0,0.0,0.0,44100.0,0.3841269841269841,28,46,192,1200,7,3.0,5.0,13.0,592090.67,23,6.620689655172414,-3.9713390058217644,0.4117647058823529,0.06278549930794819,0.010311993009620123,0.4927536231884058,0.9151999999999999,1.3728,0.9947725204604969,211,0.06542056074766354,1.0086407408447238,0.91875,0.0,0.0,,0.0,0.0,0.0,2.0,0.9103129547685022,0,Decoracion,Plantas artificiales,Cuyo,Chico,Proveedor B,0,0,train
2024-07-01,T14,SKU00726,6,23.0,43.0,6.75,0.40014961661267556,1.1358024691358024,12.0,0,0,68919.42703703704,14,3,-34.0,2.074074074074074,634480.0,469,4.91528384279476,14,0,108,182.0,0.0,0.0,0.0,0,0.0,2.0,20.0,75100.0,0.3965379494007989,17,31,182,1500,7,11.0,6.0,11.0,1568032.18,15,7.111111111111111,-5.037037037037036,0.21428571428571427,0.08229790896089162,0.010748324907656086,0.417910447761194,0.9676855895196506,1.1318777292576419,0.9400139956276015,216,0.03686635944700461,0.9240514740082836,1.5645833333333334,728.0,3.0,2.0,0.0,0.0,0.0,4.0,0.894549987840654,0,Iluminacion,Guirnaldas,AMBA,Grande,Proveedor I,0,0,train
2024-07-01,T17,SKU00410,3,8.0,20.0,3.25,0.6171303908506351,0.8205128205128205,11.0,0,0,67124.28230769231,12,2,-9.0,3.6923076923076925,423960.0,218,4.992366412213741,12,0,53,0.0,0.0,0.0,0.0,0,0.0,0.0,0.0,71800.0,0.5079387186629527,21,28,21,600,7,0.0,5.0,7.0,556762.71,19,6.146341463414634,-2.4540337711069418,0.16666666666666666,0.0651214163274052,0.004627350368084688,0.6605504587155963,0.8778625954198475,1.2137404580152673,0.9610650764483583,232,0.02553191489361702,1.0712792699842388,1.4161735700197238,21.0,1.0,6.0,0.0,0.0,0.0,2.0,0.9050150281757081,0,Decoracion,Cuadros,Centro,Chico,Proveedor G,0,0,train
2024-07-01,T18,SKU00587,4,10.0,21.0,3.4166666666666665,0.5781147342317619,0.9756097560975611,12.0,0,0,29758.952195121947,20,4,12.0,5.853658536585366,409800.0,332,5.799126637554585,18,0,92,0.0,0.0,55.0,0.0,0,0.0,0.0,0.0,32400.0,0.3675925925925926,24,31,182,1200,7,5.0,1.0,7.0,301862.3,23,2.3414634146341466,3.512195121951219,0.2,0.08151382113821148,0.004686374609518264,1.0843373493975905,1.1411935953420669,1.6069868995633187,0.9651645659212736,236,0.05042016806722689,0.9681477783325011,0.4864864864864865,546.0,3.0,6.4,55.0,0.0,0.0,3.0,0.9081095177540927,0,Cocina y mesa,Manteleria,NOA,Mediano,Proveedor I,0,0,train
2024-07-01,T20,SKU00667,4,6.0,9.0,1.0,1.2060453783110545,2.0,7.0,0,0,58548.91916666667,2,0,-1.0,2.0,68280.0,39,4.216216216216216,13,0,26,0.0,0.0,0.0,0.0,0,0.0,2.0,20.0,63500.0,0.4623622047244095,17,56,52,450,7,0.0,2.0,4.0,347117.24,14,2.7692307692307696,-0.7692307692307696,0.0,0.07796977690288709,0.0014866472051032545,0.6666666666666666,1.1171171171171173,2.810810810810811,0.9425343280354633,234,0.04583333333333333,1.0026337153068963,1.3229166666666667,52.0,1.0,9.8,0.0,1.0,0.0,4.0,0.901818080982293,0,Iluminacion,Guirnaldas,AMBA,Mediano,Proveedor F,0,0,train
2024-07-01,T21,SKU00679,16,34.0,51.0,10.75,0.8499153279611326,1.054263565891473,11.0,0,0,33429.60341085271,60,12,-37.0,5.5813953488372094,1008000.0,1205,4.9317871759890854,17,0,342,0.0,0.0,0.0,0.0,0,0.0,0.0,0.0,36200.0,0.5359116022099448,19,52,155,600,7,8.0,10.0,19.0,1114893.7600000002,17,8.622222222222222,-3.0408268733850123,0.2,0.07653029251788102,0.016283742700143888,0.8464730290456433,1.0518417462482947,1.3997271487039562,0.9310766368702427,225,0.03524229074889868,0.9531102207049619,0.7589098532494759,620.0,3.0,3.8,0.0,0.0,0.0,2.0,0.9204904857880116,0,Decoracion,Velas,Cuyo,Grande,Proveedor J,0,0,train
2024-07-01,T22,SKU00455,8,18.0,49.0,8.166666666666666,0.3417155657096193,0.7346938775510204,12.0,0,0,61489.81122448979,46,2,-11.0,5.63265306122449,1660140.0,425,5.425531914893617,12,0,182,0.0,0.0,0.0,0.0,0,0.0,0.0,0.0,66800.0,0.45973053892215565,24,31,182,1500,7,4.0,6.0,13.0,1064930.6400000001,20,6.909090909090909,-1.2764378478664193,0.043478260869565216,0.07949384394476355,0.010377474563314514,1.2988235294117647,0.9574468085106383,2.323404255319149,0.9572690821669716,242,0.036885245901639344,0.9260189045820691,1.3916666666666666,910.0,3.0,3.2,0.0,1.0,0.0,2.0,0.8693924058048977,0,Decoracion,Plantas artificiales,AMBA,Mediano,Proveedor I,0,0,train
2024-07-01,T22,SKU00564,2,5.0,12.0,1.6666666666666667,0.6438520439863917,1.0,10.0,0,0,19893.2135,11,2,-2.0,6.6,128370.0,170,6.1227830832196455,18,0,38,0.0,0.0,0.0,0.0,0,0.0,0.0,0.0,21800.0,0.46467889908256876,14,32,147,1500,7,3.0,0.0,3.0,97121.6,11,7.8,-1.2000000000000002,0.18181818181818182,0.08746727064220172,0.00211785195169684,1.1647058823529413,0.9964529331514325,1.3686221009549795,0.9572690821669716,242,0.036885245901639344,0.9260189045820691,0.4059590316573557,294.0,1.0,6.2,0.0,0.0,0.0,2.0,0.8693924058048977,0,Decoracion,Espejos,AMBA,Mediano,Proveedor A,0,0,train
2024-07-01,T23,SKU00181,8,27.0,67.0,12.0,0.2972941950052816,0.75,12.0,0,0,78072.05763888889,72,11,-36.0,6.0,3916080.0,348,4.7293318233295585,6,0,110,70.0,0.0,0.0,0.0,0,0.0,0.0,0.0,84700.0,0.35785123966942145,17,10,35,450,7,7.0,12.0,20.0,2167975.55,14,8.150943396226415,-2.150943396226415,0.1527777777777778,0.07825197592811228,0.01586228046127458,1.2413793103448276,0.8788221970554928,1.4949037372593432,0.9698022026462598,233,0.04602510460251046,1.0111836506689447,2.177377892030848,175.0,3.0,0.7,0.0,0.0,0.0,1.0,0.8685329980875086,0,Textil hogar,Toallas,AMBA,Mediano,Proveedor C,0,0,train
2024-07-01,T23,SKU00340,9,36.0,81.0,14.083333333333334,0.27493528023128183,0.8520710059171597,12.0,0,0,18836.065917159765,88,15,14.0,6.2485207100591715,932800.0,1238,5.5828635851183765,16,0,562,0.0,0.0,0.0,0.0,0,0.0,2.0,20.0,20500.0,0.48292682926829267,21,28,21,450,7,13.0,14.0,24.0,682526.35,19,5.317365269461078,0.9311554405980935,0.17045454545454544,0.08116751623610896,0.01861614859691253,1.137318255250404,1.0161593385945134,2.5343855693348365,0.9698022026462598,233,0.04602510460251046,0.926470588235294,0.4270833333333333,42.0,2.0,6.0,0.0,0.0,0.0,4.0,0.9038922887706046,0,Iluminacion,Guirnaldas,AMBA,Mediano,Proveedor G,0,0,train
2024-07-01,T23,SKU00708,1,1.0,7.0,1.1666666666666667,1.2572609153538645,0.2857142857142857,7.0,0,0,66687.97857142858,10,1,-4.0,8.571428571428571,389800.0,152,5.527272727272727,16,1,34,0.0,0.0,0.0,0.0,0,0.0,0.0,0.0,73300.0,0.468212824010914,30,31,182,450,7,0.0,0.0,5.0,68487.14,28,8.842105263157896,-0.2706766917293244,0.1,0.09020493081270697,0.001542166155957251,1.0526315789473684,0.9454545454545454,1.2363636363636363,0.9698022026462598,233,0.04602510460251046,0.9443012213742012,1.7006960556844548,0.0,0.0,,0.0,0.0,0.0,1.0,0.8814479402331231,0,Muebles,Sillas,AMBA,Mediano,Proveedor I,0,0,train
2024-07-01,T24,SKU00454,3,7.0,20.0,3.75,0.3959389811166321,0.6222222222222222,12.0,0,0,30559.634222222223,11,1,-16.0,2.933333333333333,210430.0,173,5.350515463917525,10,0,48,0.0,0.0,0.0,0.0,0,0.0,0.0,0.0,33000.0,0.4203030303030303,29,56,52,800,7,3.0,1.0,6.0,201405.03,28,7.363636363636364,-4.4303030303030315,0.09090909090909091,0.07395047811447808,0.004566010678008002,0.6358381502890174,0.8556701030927835,1.4845360824742266,0.9651531904269358,256,0.03501945525291829,0.9327227654593031,0.9375,52.0,1.0,10.0,0.0,0.0,0.0,1.0,0.9554221182547517,0,Organizacion,Cajas,AMBA,Grande,Proveedor F,0,0,train
2024-07-01,T24,SKU00460,8,26.0,41.0,6.583333333333333,0.450875925216991,1.3164556962025316,12.0,0,0,40666.95126582279,42,9,22.0,6.379746835443038,1140720.0,552,5.2992,16,0,143,0.0,0.0,0.0,0.0,0,0.0,0.0,0.0,44100.0,0.3841269841269841,28,46,192,800,7,9.0,9.0,10.0,1037787.2999999998,26,3.1578947368421053,3.221852098600933,0.21428571428571427,0.07784691007204558,0.008015885412502937,1.2173913043478262,0.9151999999999999,1.3728,0.9651531904269358,256,0.03501945525291829,1.0066280764178224,0.91875,0.0,0.0,,0.0,0.0,0.0,2.0,0.89663813832425,0,Decoracion,Plantas artificiales,AMBA,Grande,Proveedor B,0,0,train
2024-07-01,T26,SKU00562,3,12.0,20.0,3.4166666666666665,0.4578378409612769,1.1707317073170733,12.0,0,0,25083.225121951218,17,2,-5.0,4.975609756097561,244120.0,202,5.281045751633987,12,0,78,0.0,0.0,0.0,0.0,0,0.0,0.0,0.0,27400.0,0.4759124087591241,15,10,35,1200,7,5.0,4.0,6.0,301213.8,13,6.54054054054054,-1.5649307844429794,0.11764705882352941,0.08455382766601394,0.004941105321765029,1.00990099009901,1.1067538126361656,2.0392156862745097,0.9785798832373667,231,0.04741379310344827,0.9372527539407218,0.541501976284585,70.0,2.0,3.3,0.0,0.0,0.0,1.0,0.8805689897376714,0,Bano,Accesorios de bano,NOA,Mediano,Proveedor C,0,0,train
2024-07-01,T27,SKU00698,0,1.0,3.0,0.3333333333333333,1.9540168418367891,1.0,3.0,2,0,30758.7675,3,2,1.0,9.0,63930.0,40,5.052631578947368,12,0,24,294.0,0.0,0.0,0.0,0,0.0,0.0,0.0,34500.0,0.3823188405797101,27,32,147,1200,7,0.0,1.0,2.0,30667.19,26,8.0,1.0,0.6666666666666666,0.10844152173913035,0.0004894432805158351,0.8999999999999999,0.8421052631578947,3.031578947368421,0.940709985151435,225,0.06493506493506493,0.9024331253325594,0.7649667405764967,294.0,1.0,2.5,0.0,0.0,0.0,3.0,0.8779620075424059,0,Cocina y mesa,Vajilla,AMBA,Chico,Proveedor A,0,0,train
2024-08-01,T01,SKU00325,0,6.0,11.0,2.0833333333333335,0.6618980970731755,0.96,11.0,1,0,13854.6744,9,1,1.0,4.319999999999999,72090.0,122,6.0746887966804985,13,1,20,0.0,0.0,0.0,0.0,0,0.0,0.0,0.0,15000.0,0.46599999999999997,14,46,192,800,8,5.0,1.0,5.0,81137.37000000001,12,3.8095238095238093,0.5104761904761901,0.1111111111111111,0.07635504000000004,0.0028184919033146494,0.9590163934426229,0.8796680497925312,0.995850622406639,0.9582872471269808,229,0.034782608695652174,0.8737828847898398,0.3401360544217687,192.0,1.0,11.1,0.0,0.0,0.0,1.0,0.9040860227999568,1,Muebles,Estanterias,Cuyo,Grande,Proveedor B,0,0,train
2024-08-01,T02,SKU00718,1,4.0,10.0,2.0833333333333335,0.7224201748919455,0.6399999999999999,11.0,0,0,79229.9752,7,3,4.0,3.36,263620.0,144,5.366459627329192,17,0,61,0.0,0.0,0.0,0.0,0,0.0,0.0,0.0,82900.0,0.5457177322074789,16,32,147,450,8,1.0,2.0,5.0,319014.55,14,1.3846153846153848,1.975384615384615,0.42857142857142855,0.04427050422195411,0.002831686329765785,0.8263888888888888,1.0062111801242235,2.273291925465838,0.9727408880011422,236,0.0625,0.8681403617251506,1.5408921933085502,441.0,3.0,3.4,23.0,1.0,0.0,1.0,0.9071902038536912,1,Organizacion,Contenedores,AMBA,Grande,Proveedor A,0,0,train
2024-08-01,T04,SKU00425,2,3.0,6.0,1.0833333333333333,0.47531875434871157,0.9230769230769231,11.0,0,0,36398.656923076924,4,1,1.0,3.6923076923076925,82720.0,46,4.487804878048781,16,1,21,0.0,0.0,0.0,0.0,0,0.0,0.0,0.0,40300.0,0.48684863523573196,23,28,21,450,8,1.0,0.0,2.0,111661.63,20,3.5999999999999996,0.09230769230769287,0.25,0.09680752051918307,0.0013177961235554762,1.391304347826087,1.1056910569105691,2.048780487804878,0.9698979469368305,252,0.05511811023622047,1.0004607384979924,1.0,63.0,2.0,9.1,0.0,0.0,0.0,4.0,0.9224938432737035,1,Iluminacion,Lamparas de mesa,Centro,Grande,Proveedor G,0,0,train
2024-08-01,T04,SKU00439,1,1.0,2.0,0.5,1.8090680674665818,0.6666666666666666,4.0,0,0,42713.700000000004,3,0,2.0,6.0,71130.0,28,5.419354838709677,10,0,0,0.0,384.0,0.0,0.0,0,0.0,0.0,0.0,45100.0,0.4742793791574279,30,46,192,450,8,0.0,0.0,3.0,42410.38,28,1.7142857142857142,4.285714285714286,0.0,0.052911308203991037,0.0006082135954871429,1.0714285714285714,1.032258064516129,0.0,0.9698979469368305,252,0.05511811023622047,0.85341941618505,1.0,0.0,0.0,,0.0,0.0,0.0,3.0,0.9207848666834588,1,Cocina y mesa,Vajilla,Centro,Grande,Proveedor B,0,0,train
2024-08-01,T05,SKU00621,2,3.0,3.0,0.75,1.2870763988845637,1.3333333333333333,5.0,0,0,15937.77888888889,4,1,2.0,5.333333333333333,36080.0,21,6.8108108108108105,6,1,6,0.0,0.0,0.0,0.0,0,0.0,0.0,0.0,17400.0,0.48160919540229885,29,32,147,450,8,1.0,0.0,2.0,50653.68000000001,25,2.6666666666666665,2.6666666666666665,0.25,0.08403569604086836,0.0009347992580418704,1.1428571428571428,0.9729729729729729,1.9459459459459458,0.9663746996468402,241,0.052845528455284556,1.013137639073543,0.38926174496644295,588.0,3.0,4.0,0.0,0.0,0.0,4.0,0.8971567134382681,1,Iluminacion,Apliques,AMBA,Mediano,Proveedor A,0,0,train
2024-08-01,T06,SKU00052,0,1.0,1.0,0.08333333333333333,3.464101615137754,4.0,1.0,1,0,66297.53,2,0,-1.0,24.0,78000.0,30,7.659574468085107,8,1,8,384.0,0.0,0.0,0.0,0,0.0,0.0,0.0,76400.0,0.4895287958115183,21,46,192,1500,8,1.0,0.0,1.0,66297.53,19,18.0,6.0,0.0,0.13223128272251305,0.00011826212426113689,0.5333333333333333,1.2765957446808511,2.042553191489362,0.9740068554147235,227,0.026200873362445413,0.921179616206709,1.8588807785888077,384.0,1.0,0.9,0.0,0.0,0.0,3.0,0.8949538828279036,1,Cocina y mesa,Cristaleria,Centro,Mediano,Proveedor B,0,0,train
2024-08-01,T07,SKU00657,3,9.0,22.0,3.8333333333333335,0.48273153014298886,0.7826086956521738,12.0,0,0,75018.03847826087,6,2,-8.0,1.5652173913043477,310320.0,238,5.318435754189944,14,0,65,0.0,0.0,0.0,0.0,0,0.0,0.0,0.0,82400.0,0.37233009708737863,20,28,21,800,8,5.0,1.0,7.0,655833.1300000001,17,4.097560975609756,-2.5323435843054085,0.3333333333333333,0.08958691167159138,0.0051575964610326265,0.35294117647058826,1.0130353817504656,1.452513966480447,0.946755315586076,236,0.038135593220338986,0.9248554913294798,1.8270509977827052,84.0,3.0,4.4,0.0,0.0,0.0,3.0,0.8468515597133648,1,Cocina y mesa,Vajilla,Centro,Mediano,Proveedor G,0,0,train
2024-08-01,T08,SKU00715,2,5.0,12.0,1.9166666666666667,0.7530655685082076,0.8695652173913043,9.0,0,0,29268.86,8,2,-2.0,4.173913043478261,123040.0,80,5.106382978723404,8,0,20,0.0,0.0,0.0,0.0,0,0.0,1.0,5.0,31600.0,0.5132911392405064,23,56,52,600,8,0.0,3.0,4.0,143722.54,20,5.0,-0.8260869565217392,0.25,0.07377025316455699,0.002535232357409643,0.8,0.9148936170212766,1.276595744680851,0.9316427776011434,230,0.04721030042918455,0.8712541620421754,0.6528925619834711,208.0,3.0,6.5,30.0,0.0,0.0,2.0,0.9228863059496246,1,Textil hogar,Acolchados,Patagonia,Grande,Proveedor F,0,0,train
2024-08-01,T09,SKU00301,2,3.0,6.0,1.4166666666666667,0.7649115313770576,0.7058823529411764,10.0,0,0,15128.1,10,1,-2.0,7.0588235294117645,72100.0,93,5.470588235294118,11,0,32,0.0,0.0,0.0,0.0,0,0.0,0.0,0.0,15900.0,0.5465408805031446,20,11,36,600,8,0.0,1.0,4.0,45417.590000000004,17,8.470588235294118,-1.4117647058823533,0.1,0.04854716981132068,0.0019105860332220117,1.182795698924731,1.0196078431372548,1.8823529411764706,0.9269713883538325,245,0.028112449799196786,0.944156181588457,0.36054421768707484,36.0,1.0,6.1,0.0,1.0,0.0,1.0,0.8580744924808831,1,Muebles,Estanterias,NOA,Mediano,Proveedor H,0,0,train
2024-08-01,T09,SKU00749,0,2.0,5.0,0.75,1.1547005383792515,0.8888888888888888,6.0,2,0,80269.86777777778,2,0,-1.0,2.6666666666666665,86260.0,36,4.089500860585198,13,0,6,0.0,0.0,0.0,0.0,0,0.0,0.0,0.0,89000.0,0.5153932584269663,14,56,52,600,8,0.0,2.0,2.0,154195.09999999998,13,4.125,-1.4583333333333335,0.0,0.09809137328339579,0.0010114867234704767,0.7222222222222222,0.9466437177280552,0.6815834767641997,0.9269713883538325,245,0.028112449799196786,0.9811719809650797,2.329842931937173,0.0,0.0,,0.0,0.0,0.0,1.0,0.8425214022848343,1,Bano,Cortinas de bano,NOA,Mediano,Proveedor F,0,0,train
2024-08-01,T10,SKU00135,2,6.0,15.0,2.9166666666666665,0.5747952769374592,0.6857142857142857,12.0,0,0,56573.29,21,4,-2.0,7.2,610260.0,274,5.6013628620102205,15,0,98,0.0,0.0,0.0,0.0,0,0.0,0.0,0.0,61700.0,0.5290113452188007,17,37,193,450,8,2.0,2.0,6.0,346405.98,13,8.161290322580644,-0.961290322580644,0.19047619047619047,0.08309092382495942,0.004029704479366667,1.1496350364963503,0.9880749574105622,2.0034071550255534,0.9740371398697716,225,0.030837004405286344,0.9152495506705378,1.5012165450121655,0.0,0.0,14.3,0.0,0.0,0.0,3.0,0.9091310910878295,1,Cocina y mesa,Cristaleria,AMBA,Mediano,Proveedor E,0,0,train
2024-08-01,T12,SKU00454,5,10.0,21.0,3.3333333333333335,0.5325752187591567,1.0,11.0,0,0,29926.33925,19,5,3.0,5.7,363470.0,175,4.666666666666667,11,0,66,0.0,0.0,0.0,0.0,0,0.0,0.0,0.0,33000.0,0.4203030303030303,30,56,52,1200,8,5.0,0.0,6.0,293371.74,27,4.923076923076923,0.7769230769230768,0.2631578947368421,0.0931412348484848,0.004931657317066337,1.1942857142857144,0.9333333333333333,1.76,0.9818929718279076,215,0.08294930875576037,1.0254584297667795,0.9375,52.0,1.0,11.0,0.0,0.0,0.0,1.0,0.9239928647254393,1,Organizacion,Cajas,Cuyo,Chico,Proveedor F,0,0,train
2024-08-01,T12,SKU00708,1,7.0,9.0,2.0,0.9534625892455925,1.1666666666666667,11.0,0,0,66370.63583333333,6,0,-2.0,3.0,233880.0,123,4.839344262295081,15,0,41,0.0,0.0,0.0,0.0,0,0.0,0.0,0.0,73300.0,0.468212824010914,31,31,182,1200,8,1.0,5.0,5.0,461947.45999999996,29,5.052631578947369,-2.052631578947369,0.0,0.09453429968167348,0.002958994390239802,0.7317073170731708,1.0360655737704918,1.6131147540983606,0.9818929718279076,215,0.08294930875576037,0.9821556328519508,1.7006960556844548,0.0,0.0,,0.0,0.0,0.0,1.0,0.8668610038776136,1,Muebles,Sillas,Cuyo,Chico,Proveedor I,0,0,train
2024-08-01,T13,SKU00277,4,9.0,21.0,4.0,0.43952453649576634,0.75,12.0,0,0,6847.582708333334,18,1,4.0,4.5,81180.0,151,5.11864406779661,9,0,53,0.0,0.0,0.0,0.0,0,0.0,0.0,0.0,7400.0,0.39054054054054055,18,11,36,1200,8,1.0,4.0,8.0,61129.79999999999,16,3.36,1.1400000000000001,0.05555555555555555,0.07465098536036019,0.005076400560967901,1.0728476821192052,0.9604519774011299,1.7966101694915255,0.9581706058826912,244,0.028225806451612902,1.010719754977029,0.19473684210526315,0.0,0.0,,0.0,0.0,0.0,1.0,0.8914127775498419,1,Muebles,Mesas auxiliares,Centro,Chico,Proveedor H,0,0,train
2024-08-01,T14,SKU00006,4,10.0,13.0,2.8333333333333335,0.5988349809270337,1.1764705882352942,11.0,0,0,62323.02470588235,19,0,2.0,6.705882352941176,593370.0,202,4.838323353293413,13,0,62,0.0,0.0,0.0,0.0,0,0.0,0.0,0.0,66200.0,0.5282477341389729,24,25,153,1500,8,1.0,5.0,5.0,620399.4199999999,22,5.368421052631579,1.337461300309597,0.0,0.05856458148213972,0.004081159261238465,1.2227722772277227,1.0538922155688624,1.4850299401197604,0.934825539015446,236,0.05508474576271186,0.9995101495927783,1.3057199211045365,0.0,0.0,,0.0,0.0,0.0,2.0,0.9297331578348915,1,Decoracion,Cuadros,AMBA,Grande,Proveedor D,0,0,train
2024-08-01,T15,SKU00048,4,12.0,20.0,2.8333333333333335,0.4472839286914755,1.4117647058823528,12.0,0,0,28444.792352941175,27,3,2.0,9.529411764705882,455760.0,104,5.265822784810126,6,0,39,0.0,0.0,0.0,0.0,0,0.0,0.0,0.0,31400.0,0.4624203821656051,28,56,52,600,8,3.0,5.0,5.0,340042.34,24,9.375,0.15441176470588225,0.1111111111111111,0.09411489321843391,0.0033558449256112497,1.5576923076923077,1.1983122362869199,1.9746835443037976,0.9431898267394442,246,0.04048582995951417,0.9845236808727257,0.6205533596837944,0.0,0.0,13.7,0.0,0.0,0.0,1.0,0.8906766285209186,1,Bano,Accesorios de bano,NOA,Mediano,Proveedor F,0,0,train
2024-08-01,T17,SKU00311,2,10.0,21.0,3.4166666666666665,0.31715843983926767,0.9756097560975611,12.0,0,0,81218.36634146342,20,3,0.0,5.853658536585366,955800.0,299,4.868385345997287,23,0,135,0.0,0.0,0.0,0.0,0,0.0,0.0,0.0,87800.0,0.45569476082004556,31,32,147,600,8,5.0,3.0,5.0,837163.12,28,6.0,-0.14634146341463428,0.15,0.07496165898105445,0.004691636018211335,1.5384615384615385,1.0040705563093624,2.198100407055631,0.9561783065408272,235,0.05063291139240506,0.980565586492062,2.0371229698375872,0.0,0.0,,0.0,0.0,0.0,1.0,0.9339530444284305,1,Muebles,Sillas,Centro,Chico,Proveedor A,0,0,train
2024-08-01,T17,SKU00453,5,14.0,25.0,2.9166666666666665,0.7660708609570143,1.6,10.0,0,0,78367.84057142858,23,4,5.0,7.885714285714286,971980.0,300,5.389221556886228,19,0,164,0.0,0.0,0.0,0.0,0,0.0,0.0,0.0,84500.0,0.49988165680473373,21,10,35,600,8,2.0,7.0,7.0,1144559.66,20,6.545454545454546,1.3402597402597403,0.17391304347826086,0.07256993406593404,0.004005055137497481,1.4566666666666668,1.095808383233533,2.946107784431138,0.9561783065408272,235,0.05063291139240506,1.022005340208084,1.8172043010752688,0.0,0.0,19.6,0.0,0.0,0.0,1.0,0.8692270895886124,1,Bano,Alfombras de bano,Centro,Chico,Proveedor C,0,0,train
2024-08-01,T17,SKU00563,5,17.0,33.0,6.0,0.3827069981913664,0.9444444444444445,12.0,0,0,7520.402222222222,58,9,19.0,9.666666666666666,233740.0,578,6.020833333333333,15,0,224,0.0,0.0,0.0,0.0,0,0.0,1.0,5.0,8200.0,0.5085365853658537,16,37,193,600,8,8.0,4.0,10.0,121480.88,14,6.157894736842105,3.5087719298245608,0.15517241379310345,0.08287777777777783,0.008238970568566248,1.505190311418685,1.0381944444444444,2.3333333333333335,0.9561783065408272,235,0.05063291139240506,0.9630679010311995,0.21079691516709512,0.0,0.0,,55.0,0.0,0.0,2.0,0.9119887485275722,1,Textil hogar,Toallas,Centro,Chico,Proveedor E,0,0,train
2024-08-01,T18,SKU00068,6,16.0,28.0,4.75,0.3125834061447096,1.1228070175438596,12.0,0,0,75999.72087719297,23,5,13.0,4.842105263157895,969450.0,315,5.0199203187251,19,0,144,0.0,0.0,0.0,0.0,0,0.0,0.0,0.0,82200.0,0.48722627737226276,15,37,193,1200,8,4.0,6.0,6.0,1237865.6,14,2.2222222222222223,2.6198830409356724,0.21739130434782608,0.07542918640884466,0.006213193657984145,1.3873015873015875,1.0358565737051793,2.2948207171314743,0.9736183465458663,250,0.035856573705179286,1.0030756400481509,1.8639455782312926,386.0,2.0,7.5,34.0,1.0,0.0,1.0,0.9101110377224093,1,Muebles,Estanterias,NOA,Mediano,Proveedor E,0,0,train
2024-08-01,T18,SKU00359,0,0.0,1.0,0.25,1.8090680674665844,0.0,3.0,3,0,71757.77999999998,4,0,2.0,16.0,148320.0,55,5.945945945945946,17,4,23,0.0,0.0,0.0,0.0,0,1.0,0.0,0.0,75600.0,0.5095238095238095,24,11,36,1200,8,0.0,0.0,1.0,0.0,21,4.8,11.2,0.0,0.050823015873016075,0.0003270101925254813,1.2363636363636363,0.9369369369369369,2.4864864864864864,0.9736183465458663,250,0.035856573705179286,0.948961437514644,1.8129496402877698,72.0,2.0,4.5,29.0,1.0,0.0,3.0,0.8901525431855082,1,Cocina y mesa,Cubiertos,NOA,Mediano,Proveedor H,0,0,train
2024-08-01,T19,SKU00563,6,19.0,32.0,6.0,0.48721015729737954,1.0555555555555556,12.0,0,0,7564.530416666666,33,8,14.0,5.5,132990.0,578,6.020833333333333,15,0,224,0.0,0.0,0.0,0.0,0,0.0,1.0,5.0,8200.0,0.5085365853658537,16,37,193,800,8,4.0,9.0,12.0,136818.41999999998,14,3.04,2.46,0.24242424242424243,0.07749629065040664,0.007899631364785284,0.856401384083045,1.0381944444444444,2.3333333333333335,0.9589274740031026,240,0.02459016393442623,0.986375703824722,0.21079691516709512,0.0,0.0,,0.0,0.0,0.0,2.0,0.953964504492012,1,Textil hogar,Toallas,Cuyo,Mediano,Proveedor E,0,0,train
2024-08-01,T24,SKU00635,0,0.0,5.0,0.5833333333333334,1.35936250474073,0.0,5.0,3,0,57288.20285714285,3,0,-1.0,5.142857142857142,88140.0,71,5.958041958041958,19,2,18,182.0,0.0,0.0,0.0,0,0.0,0.0,0.0,60500.0,0.5143801652892561,22,31,182,800,8,0.0,0.0,2.0,0.0,19,6.0,-0.8571428571428577,0.0,0.05308755608028337,0.00074892989173262,0.8028169014084506,0.6993006993006994,1.5104895104895106,0.9710410996236084,246,0.02834008097165992,1.0935946598494533,1.1245353159851301,182.0,1.0,0.4,0.0,0.0,0.0,1.0,0.9678428520340844,1,Organizacion,Contenedores,AMBA,Grande,Proveedor I,0,0,train
2024-08-01,T28,SKU00378,0,0.0,1.0,0.5833333333333334,1.7077798626782088,0.0,4.0,3,0,7790.865714285714,4,1,2.0,6.857142857142857,16280.0,52,4.8,16,0,26,0.0,0.0,0.0,0.0,0,0.0,0.0,0.0,8400.0,0.5154761904761904,31,46,192,1500,8,0.0,0.0,3.0,0.0,27,3.0,3.8571428571428568,0.25,0.07251598639455792,0.0007479933932338655,1.2307692307692308,1.0461538461538462,2.4,0.9869238542725687,236,0.04201680672268908,0.9745265434797616,0.22105263157894736,384.0,1.0,3.7,0.0,0.0,0.0,1.0,0.9046318982223923,1,Muebles,Mesas auxiliares,AMBA,Grande,Proveedor B,0,0,train
2024-09-01,T01,SKU00560,1,7.0,17.0,3.4166666666666665,0.5914319830722996,0.6829268292682927,12.0,0,0,7645.344390243902,29,8,5.0,8.487804878048781,113970.0,290,5.54140127388535,16,0,53,0.0,0.0,0.0,0.0,0,0.0,0.0,0.0,8400.0,0.5321428571428571,22,28,21,800,9,4.0,2.0,8.0,54459.72,20,6.4,2.0878048780487806,0.27586206896551724,0.0898399535423926,0.004515699242510642,1.6,0.8917197452229298,1.0127388535031847,0.9621743556725116,232,0.03829787234042553,0.9812501113943002,0.17355371900826447,21.0,1.0,3.1,0.0,1.0,0.0,2.0,0.9180937843266029,2,Textil hogar,Acolchados,Cuyo,Grande,Proveedor G,0,0,train
2024-09-01,T02,SKU00076,4,17.0,37.0,5.916666666666667,0.19681692724754618,0.9577464788732395,12.0,0,0,80028.67507042254,28,8,7.0,4.732394366197183,1550640.0,655,5.720524017467249,18,0,215,0.0,0.0,0.0,0.0,0,0.0,0.0,0.0,86100.0,0.356794425087108,29,31,182,450,9,6.0,7.0,7.0,1371912.21,24,3.189873417721519,1.542520948475664,0.2857142857142857,0.0705148075444536,0.007964733146474605,0.7694656488549619,0.9636098981077147,1.8777292576419213,0.9391654352434561,242,0.06172839506172839,0.9370615064638045,1.8050314465408805,182.0,1.0,8.5,0.0,0.0,0.0,2.0,0.8809482429602434,2,Decoracion,Velas,AMBA,Grande,Proveedor I,0,0,train
2024-09-01,T02,SKU00248,1,1.0,2.0,0.4166666666666667,1.2358287613066494,0.7999999999999999,5.0,0,0,18705.356,4,0,-1.0,9.6,36160.0,47,4.947368421052632,15,1,17,0.0,0.0,0.0,0.0,0,0.0,0.0,0.0,19600.0,0.5387755102040817,19,11,36,450,9,0.0,0.0,1.0,18447.42,18,15.0,-5.4,0.0,0.04564510204081629,0.0005608967004559581,1.2765957446808511,0.8771929824561404,1.7894736842105263,0.9391654352434561,242,0.06172839506172839,0.9360029480407812,0.43458980044345896,36.0,1.0,6.8,0.0,1.0,0.0,2.0,0.8886302665326652,2,Cocina y mesa,Vajilla,AMBA,Grande,Proveedor H,0,0,train
2024-09-01,T04,SKU00731,8,14.0,24.0,3.6666666666666665,0.5371265060916338,1.272727272727273,12.0,0,0,55750.09068181819,7,4,-11.0,1.9090909090909092,195790.0,217,5.904761904761905,10,0,57,386.0,0.0,0.0,0.0,0,0.0,0.0,0.0,60200.0,0.5353820598006644,27,37,193,450,9,4.0,2.0,8.0,759082.58,24,5.2682926829268295,-3.3592017738359203,0.5714285714285714,0.073918759438236,0.004224702639375077,0.3225806451612903,1.0249433106575963,1.5510204081632653,0.957471243632915,265,0.048327137546468404,0.9064910972081924,1.464720194647202,386.0,2.0,2.0,0.0,0.0,0.0,2.0,0.9237661124390102,2,Cocina y mesa,Cristaleria,Centro,Grande,Proveedor E,0,0,train
2024-09-01,T06,SKU00789,1,2.0,7.0,0.8333333333333334,1.0018165319240664,0.7999999999999999,7.0,0,0,20367.459000000003,2,0,0.0,2.4,28180.0,55,4.0,18,0,11,0.0,0.0,0.0,3.0,0,0.0,0.0,0.0,22000.0,0.3595454545454545,21,11,36,1500,9,1.0,0.0,2.0,40115.57000000001,19,3.0,-0.6000000000000001,0.0,0.07420640909090892,0.0012298400073982065,0.6545454545454545,0.9212121212121211,0.8,0.9617348857853973,233,0.03829787234042553,0.9590074608097912,0.49327354260089684,72.0,2.0,5.4,0.0,0.0,0.0,2.0,0.8774731211662173,2,Textil hogar,Cortinas,Centro,Mediano,Proveedor H,0,0,train
2024-09-01,T07,SKU00127,4,15.0,29.0,5.333333333333333,0.9127412507984347,0.9375,11.0,0,0,69334.4028125,57,4,36.0,10.6875,2387160.0,439,5.993174061433447,11,0,91,0.0,0.0,0.0,0.0,0,0.0,0.0,0.0,74900.0,0.4408544726301735,19,37,193,800,9,8.0,3.0,15.0,1059842.62,17,3.7611940298507465,6.9263059701492535,0.07017543859649122,0.07430703855140186,0.006507625992155458,1.428246013667426,0.9237770193401593,1.242320819112628,0.893985120672356,240,0.02040816326530612,0.8700192595762893,1.5411522633744856,0.0,0.0,,0.0,0.0,0.0,1.0,0.9114208229780214,2,Organizacion,Percheros,Centro,Mediano,Proveedor E,0,0,train
2024-09-01,T07,SKU00406,0,5.0,9.0,2.0833333333333335,0.6928203230275509,0.7999999999999999,10.0,1,0,44847.1704,7,2,-3.0,3.36,182490.0,143,5.303737004776623,16,0,30,147.0,0.0,0.0,0.0,0,0.0,0.0,0.0,48300.0,0.46024844720496894,13,32,147,800,9,3.0,2.0,5.0,213326.03,12,5.0,-1.6400000000000001,0.2857142857142857,0.071487155279503,0.0025420414031857262,0.7832167832167832,0.8159595391964035,1.1126720989041867,0.893985120672356,240,0.02040816326530612,0.8491042413960876,0.8994413407821229,147.0,1.0,2.2,0.0,0.0,0.0,2.0,0.9148743693157159,2,Decoracion,Espejos,Centro,Mediano,Proveedor A,0,0,train
2024-09-01,T09,SKU00161,2,2.0,7.0,1.0833333333333333,0.9195737722113433,0.6153846153846154,7.0,0,0,51520.479230769226,5,1,-3.0,4.615384615384616,125050.0,44,3.9645051194539254,7,0,24,36.0,0.0,0.0,0.0,0,0.0,0.0,0.0,55200.0,0.5469202898550725,12,11,36,600,9,0.0,0.0,2.0,95605.97,11,6.545454545454545,-1.930069930069929,0.2,0.06665798494983288,0.0013310553655648486,0.7954545454545455,0.901023890784983,2.1624573378839593,0.9190425354853908,254,0.04230769230769231,0.8798654345656702,1.3237410071942446,288.0,5.0,2.0,0.0,0.0,0.0,2.0,0.887336232003367,2,Cocina y mesa,Cubiertos,NOA,Mediano,Proveedor H,0,0,train
2024-09-01,T09,SKU00378,1,4.0,4.0,0.5833333333333334,1.543434235506034,2.2857142857142856,5.0,0,0,7465.051428571429,1,0,-2.0,1.7142857142857142,4070.0,45,4.0,13,0,27,0.0,0.0,0.0,0.0,0,0.0,0.0,0.0,8400.0,0.5154761904761904,32,46,192,600,9,3.0,0.0,3.0,30205.01,30,6.0,-4.285714285714286,0.0,0.11130340136054417,0.0007167221199195339,0.28888888888888886,1.037037037037037,2.4,0.9190425354853908,254,0.04230769230769231,0.8716023078647233,0.22105263157894736,384.0,1.0,4.7,0.0,0.0,0.0,1.0,0.908608492043018,2,Muebles,Mesas auxiliares,NOA,Mediano,Proveedor B,0,0,train
2024-09-01,T10,SKU00469,0,1.0,3.0,0.6666666666666666,1.1677484162422844,0.5,6.0,2,0,38275.20375,3,1,0.0,4.5,76500.0,16,3.116883116883117,7,0,17,579.0,0.0,0.0,0.0,0,0.0,0.0,0.0,41000.0,0.3780487804878049,13,37,193,450,9,0.0,1.0,2.0,35969.82,12,3.75,0.75,0.3333333333333333,0.0664584451219512,0.0008747056979787008,1.3125,1.038961038961039,3.311688311688312,0.9582400921356669,233,0.029288702928870293,0.9721397046341878,0.9297052154195011,579.0,2.0,2.1,0.0,0.0,0.0,1.0,0.8951458825603461,2,Muebles,Estanterias,AMBA,Mediano,Proveedor E,0,0,train
2024-09-01,T12,SKU00164,-4,-3.0,-1.0,0.9166666666666666,1.9984968054997705,-1.090909090909091,9.0,1,0,54636.71181818182,8,2,-5.0,8.727272727272728,278240.0,151,5.329411764705883,18,1,54,0.0,0.0,0.0,0.0,0,0.0,0.0,0.0,56700.0,0.3865961199294533,22,56,52,1200,9,1.0,0.0,3.0,-155280.01,20,8.210526315789474,0.5167464114832541,0.25,0.03638956228956225,0.0012453410595122567,0.9536423841059603,1.0588235294117647,1.9058823529411766,0.9446478000518428,231,0.03896103896103896,0.9964566322600523,1.053903345724907,156.0,1.0,6.5,0.0,0.0,0.0,1.0,0.9308849860094894,2,Organizacion,Contenedores,Cuyo,Chico,Proveedor F,0,0,train
2024-09-01,T14,SKU00291,2,7.0,20.0,4.083333333333333,0.5570684367919705,0.5714285714285715,12.0,0,0,50637.53142857143,18,1,1.0,4.408163265306123,540540.0,341,5.226053639846743,19,1,158,0.0,0.0,0.0,0.0,0,0.0,0.0,0.0,55100.0,0.45499092558983667,16,11,36,1500,9,1.0,4.0,8.0,359634.1700000001,15,3.7777777777777777,0.6303854875283452,0.05555555555555555,0.08098854031630809,0.005802913791740452,1.002932551319648,1.0217113665389528,2.421455938697318,0.9398351806378007,238,0.05,0.9369657731058815,0.8273273273273273,0.0,0.0,12.7,42.0,0.0,0.0,2.0,0.8746526093846163,2,Cocina y mesa,Manteleria,AMBA,Grande,Proveedor H,0,0,train
2024-09-01,T15,SKU00001,4,9.0,15.0,2.6666666666666665,0.4330127018922193,1.125,12.0,0,0,16362.2403125,26,3,17.0,9.75,211120.0,208,5.859154929577465,10,1,90,0.0,0.0,0.0,0.0,0,0.0,0.0,0.0,17900.0,0.5463687150837988,13,11,36,600,9,2.0,3.0,4.0,149345.97999999998,12,3.2142857142857144,6.535714285714286,0.11538461538461539,0.08590836243016764,0.003187824717595904,1.25,1.023474178403756,2.535211267605634,0.9786621883019424,254,0.058823529411764705,0.9505190777942564,0.3849462365591398,36.0,1.0,10.2,0.0,0.0,0.0,1.0,0.8734643023303288,2,Bano,Alfombras de bano,NOA,Mediano,Proveedor H,0,0,train
2024-09-01,T15,SKU00215,0,1.0,2.0,0.3333333333333333,1.477097891751993,1.0,4.0,1,0,46042.634999999995,5,0,1.0,15.0,147300.0,40,4.8979591836734695,12,1,11,155.0,0.0,0.0,0.0,0,0.0,0.0,0.0,47400.0,0.37848101265822787,24,52,155,600,9,1.0,0.0,1.0,46277.65,23,12.0,3.0,0.0,0.028636392405063438,0.000398478089699488,1.5,1.0612244897959184,1.3469387755102042,0.9786621883019424,254,0.058823529411764705,1.0069191462311435,0.88268156424581,465.0,2.0,2.2,0.0,0.0,0.0,2.0,0.9383735291350103,2,Decoracion,Espejos,NOA,Mediano,Proveedor J,0,0,train
2024-09-01,T16,SKU00076,8,22.0,48.0,7.75,0.30695282365113263,0.9462365591397849,12.0,0,0,80521.52505376344,30,4,-25.0,3.870967741935484,1661400.0,655,5.720524017467249,18,0,215,0.0,0.0,0.0,0.0,0,0.0,0.0,0.0,86100.0,0.356794425087108,29,31,182,600,9,6.0,8.0,13.0,1812585.6799999995,26,7.5,-3.629032258064516,0.13333333333333333,0.06479064978207383,0.010875832849439855,0.8244274809160306,0.9636098981077147,1.8777292576419213,0.961751068320359,225,0.04405286343612335,0.9503028199135863,1.8050314465408805,182.0,1.0,8.5,18.0,0.0,0.0,2.0,0.8971450122633307,2,Decoracion,Velas,NOA,Grande,Proveedor I,0,0,train
2024-09-01,T16,SKU00251,4,11.0,22.0,3.0833333333333335,0.5258444490726253,1.189189189189189,11.0,0,0,13342.996486486487,20,2,-3.0,6.486486486486486,165400.0,322,5.535816618911175,18,0,95,153.0,0.0,0.0,0.0,0,0.0,0.0,0.0,14500.0,0.42965517241379314,18,25,153,600,9,1.0,6.0,6.0,143636.2,16,9.2,-2.7135135135135133,0.1,0.07979334575955266,0.0043269442519276845,1.1180124223602483,1.0257879656160458,1.6332378223495703,0.961751068320359,225,0.04405286343612335,1.0593496996604856,0.3251121076233184,153.0,1.0,0.3,0.0,1.0,0.0,2.0,0.9348337778233955,2,Textil hogar,Cortinas,NOA,Grande,Proveedor D,0,0,train
2024-09-01,T16,SKU00732,5,18.0,53.0,7.916666666666667,0.404706633351021,0.7578947368421053,12.0,0,0,6052.969999999999,17,6,-24.0,2.1473684210526316,53550.0,567,5.270333075135554,17,0,217,36.0,0.0,0.0,0.0,0,0.0,0.0,0.0,6500.0,0.5153846153846153,28,11,36,600,9,6.0,7.0,13.0,103373.77,27,5.23404255319149,-3.086674132138858,0.35294117647058826,0.0687738461538463,0.011109721727922434,0.5097001763668431,0.9388071262587142,2.0170410534469405,0.961751068320359,225,0.04405286343612335,0.9503028199135863,0.12104283054003724,108.0,3.0,2.4,0.0,0.0,0.0,2.0,0.8971450122633307,2,Decoracion,Espejos,NOA,Grande,Proveedor H,0,0,train
2024-09-01,T17,SKU00785,7,22.0,37.0,6.0,0.2930163576638441,1.222222222222222,12.0,0,0,67801.46166666667,61,9,31.0,10.166666666666666,2471720.0,396,5.650416171224733,16,0,98,0.0,0.0,0.0,0.0,0,0.0,0.0,0.0,75000.0,0.4597333333333333,27,10,35,600,9,10.0,5.0,10.0,1498663.85,26,4.931506849315069,5.235159817351597,0.14754098360655737,0.09598051111111106,0.007817641755156462,2.4646464646464645,0.9845422116527943,1.3983353151010702,0.9554895478524565,243,0.032520325203252036,1.0783855028471658,1.963350785340314,35.0,1.0,9.4,0.0,1.0,0.0,1.0,0.8783692636682057,2,Bano,Cortinas de bano,Centro,Chico,Proveedor C,0,0,train
2024-09-01,T18,SKU00166,1,2.0,3.0,0.5833333333333334,0.8827348295047499,1.1428571428571428,7.0,0,0,52736.724285714285,4,0,2.0,6.857142857142857,141280.0,59,4.985915492957746,17,1,37,0.0,192.0,0.0,0.0,0,0.0,0.0,0.0,57500.0,0.3857391304347826,20,46,192,1200,9,0.0,1.0,1.0,110193.29999999999,19,4.0,2.8571428571428568,0.0,0.08283957763975158,0.000741898373411904,1.152542372881356,1.0704225352112675,3.1267605633802815,0.941998963269286,246,0.01606425702811245,0.9039252336448599,1.0707635009310987,384.0,2.0,4.4,0.0,0.0,0.0,2.0,0.9121011461013204,2,Decoracion,Espejos,NOA,Mediano,Proveedor B,0,0,train
2024-09-01,T19,SKU00383,-18,9.0,41.0,10.166666666666666,0.9357978794604932,0.29508196721311475,11.0,1,0,52730.791885245904,95,11,18.0,9.344262295081968,2617250.0,1402,6.244988864142539,18,0,451,0.0,0.0,0.0,0.0,0,0.0,0.0,0.0,58600.0,0.5298634812286689,24,46,192,800,9,16.0,11.0,19.0,411405.2799999999,21,6.16,3.184262295081968,0.11578947368421053,0.1001571350640631,0.012956711196645286,1.2196861626248217,0.9769858945805494,2.0089086859688194,0.9553981469264016,253,0.03515625,1.0086527112773531,1.4540942928039702,960.0,3.0,5.1,0.0,0.0,0.0,4.0,0.8894808150239376,2,Iluminacion,Lamparas de mesa,Cuyo,Mediano,Proveedor B,0,0,train
2024-09-01,T21,SKU00739,13,43.0,80.0,13.666666666666666,0.15071082454959156,1.048780487804878,12.0,0,0,24027.294573170733,79,15,50.0,5.7804878048780495,1272690.0,1174,5.500976181179227,16,0,330,0.0,0.0,0.0,0.0,0,0.0,0.0,0.0,25700.0,0.37315175097276265,26,46,192,600,9,16.0,14.0,17.0,1039337.78,24,2.0,3.7804878048780495,0.189873417721519,0.06508581427351234,0.01737340240503581,1.0766609880749574,0.9902381882077315,1.5462709878953536,0.9707918270716351,249,0.03187250996015936,0.9895075438462128,0.7301136363636364,384.0,2.0,6.5,0.0,0.0,0.0,1.0,0.8827991687138235,2,Organizacion,Cajas,Cuyo,Grande,Proveedor B,0,0,train
2024-09-01,T23,SKU00281,4,17.0,38.0,5.75,0.28840215568307837,0.9855072463768116,12.0,0,0,80331.70565217391,48,8,-6.0,8.347826086956522,2342880.0,691,6.192681105302465,17,0,141,0.0,36.0,0.0,0.0,0,0.0,0.0,0.0,89400.0,0.4540268456375839,24,11,36,450,9,6.0,7.0,9.0,1340417.7100000002,23,8.415584415584416,-0.06775832862789422,0.16666666666666666,0.10143505981908374,0.0071888125677347925,1.1808972503617945,0.9410007468259896,1.263629574309186,0.9855966216053789,251,0.03571428571428571,0.9909844456920182,2.0,0.0,0.0,13.8,0.0,0.0,0.0,4.0,0.8985745224042699,2,Iluminacion,Apliques,AMBA,Mediano,Proveedor H,0,0,train
2024-09-01,T24,SKU00686,2,3.0,3.0,0.6666666666666666,0.9770084209183945,1.5,7.0,0,0,19413.0225,3,0,-1.0,4.5,30930.0,26,4.273972602739725,8,0,22,52.0,0.0,6.0,0.0,0,0.0,0.0,0.0,21700.0,0.5248847926267282,20,56,52,800,9,0.0,1.0,2.0,57182.79,18,6.857142857142857,-2.3571428571428568,0.0,0.10539066820276499,0.0007745376936228976,0.9230769230769231,1.2602739726027397,3.6164383561643834,0.9739811497307937,267,0.05204460966542751,0.9642820909529003,0.48654708520179374,52.0,1.0,1.5,6.0,0.0,0.0,2.0,0.8641840942650492,2,Textil hogar,Cortinas,AMBA,Grande,Proveedor F,0,0,train
2024-09-01,T25,SKU00153,3,9.0,19.0,2.75,0.8367947146345216,1.0909090909090908,10.0,0,0,66876.72515151516,18,3,5.0,6.545454545454546,700200.0,323,5.872727272727273,17,0,101,21.0,0.0,41.0,0.0,0,0.0,0.0,0.0,71700.0,0.45746164574616455,14,28,21,1500,9,5.0,1.0,7.0,572755.44,12,4.814814814814815,1.730639730639731,0.16666666666666666,0.06727022103884017,0.0035498139293059423,0.9473684210526315,0.8909090909090909,1.8363636363636364,0.9578043401981852,241,0.0371900826446281,0.9850767996694354,1.4753086419753085,21.0,1.0,1.6,41.0,0.0,0.0,1.0,0.9078315596699295,2,Organizacion,Percheros,Centro,Grande,Proveedor G,0,0,train
2024-09-01,T26,SKU00075,2,5.0,6.0,0.5833333333333334,1.7077798626782086,2.857142857142857,4.0,0,0,13778.734285714283,1,0,-2.0,1.7142857142857142,9410.0,28,4.048192771084337,10,0,39,0.0,0.0,0.0,0.0,0,0.0,0.0,0.0,14800.0,0.3641891891891892,20,37,193,1200,9,0.0,3.0,3.0,69231.39,18,9.0,-7.285714285714286,0.0,0.0690044401544403,0.0007341105916495534,0.35714285714285715,1.0120481927710843,5.63855421686747,0.9509878350111642,252,0.027559055118110236,1.0452496054817422,0.275092936802974,193.0,1.0,3.6,0.0,0.0,0.0,1.0,0.8816445813731564,2,Organizacion,Contenedores,NOA,Mediano,Proveedor E,0,0,train
2024-09-01,T26,SKU00724,1,4.0,5.0,0.8333333333333334,1.3375690296545104,1.5999999999999999,6.0,0,0,42184.058999999994,3,1,-1.0,3.5999999999999996,64380.0,57,3.8863636363636367,20,0,40,0.0,0.0,0.0,0.0,0,0.0,0.0,0.0,44100.0,0.5133786848072562,22,37,193,1200,9,3.0,0.0,3.0,170786.26,20,6.857142857142857,-3.257142857142857,0.3333333333333333,0.04344537414965999,0.0010487294166422192,1.0526315789473684,1.2045454545454546,2.7272727272727275,0.9509878350111642,252,0.027559055118110236,0.7667770647980012,1.0,0.0,0.0,16.1,0.0,0.0,0.0,1.0,0.8965901787544446,2,Muebles,Estanterias,NOA,Mediano,Proveedor E,0,0,train
2024-09-01,T27,SKU00150,1,7.0,13.0,1.9166666666666667,0.5653693927569557,1.2173913043478262,11.0,0,0,55893.25652173914,4,1,-5.0,2.0869565217391304,114760.0,114,4.974545454545455,15,0,34,52.0,0.0,0.0,0.0,0,0.0,0.0,0.0,60500.0,0.5257851239669422,16,56,52,1200,9,2.0,4.0,4.0,383610.98,13,5.823529411764706,-3.7365728900255752,0.25,0.07614452030183239,0.0025064246887313494,0.5263157894736842,0.9745454545454545,1.4836363636363636,0.95156958182618,239,0.05394190871369295,0.872555606633898,1.1266294227188083,52.0,1.0,1.2,0.0,0.0,0.0,2.0,0.9087691271240634,2,Decoracion,Espejos,AMBA,Chico,Proveedor F,0,0,train
2024-09-01,T27,SKU00179,4,21.0,34.0,5.833333333333333,0.34929029556393226,1.2,12.0,0,0,11058.807285714285,25,3,-12.0,4.285714285714286,189750.0,356,5.796472184531886,10,0,144,0.0,0.0,0.0,0.0,0,0.0,0.0,0.0,11800.0,0.35677966101694913,16,11,36,1200,9,8.0,9.0,9.0,231329.79,14,6.8307692307692305,-2.545054945054945,0.12,0.06281294188861986,0.007628249052660628,0.7022471910112359,1.085481682496608,2.344640434192673,0.95156958182618,239,0.05394190871369295,1.104226734556162,0.3033419023136247,0.0,0.0,,0.0,0.0,0.0,2.0,0.8573247025620571,2,Textil hogar,Toallas,AMBA,Chico,Proveedor H,0,0,train
2024-10-01,T01,SKU00121,4,8.0,19.0,3.0833333333333335,0.4472284439683619,0.8648648648648648,12.0,0,0,80960.99837837838,24,1,19.0,7.783783783783783,1034640.0,205,5.301724137931035,12,0,81,546.0,0.0,0.0,0.0,0,0.0,0.0,0.0,84500.0,0.4898224852071006,32,31,182,800,10,3.0,1.0,5.0,664308.1099999999,30,1.4634146341463414,6.3203691496374415,0.041666666666666664,0.04188167599552206,0.003985938641914643,1.404878048780488,1.017241379310345,2.094827586206897,0.9497306774897158,236,0.04583333333333333,0.8975422791212265,1.2353801169590644,728.0,2.0,0.8,0.0,1.0,0.0,1.0,0.9271548288347398,2,Muebles,Racks,Cuyo,Grande,Proveedor I,0,0,train
2024-10-01,T01,SKU00406,0,1.0,9.0,1.5,0.7247430753394787,0.2222222222222222,10.0,2,0,43852.700000000004,8,3,2.0,5.333333333333333,208560.0,150,5.278592375366569,18,0,29,0.0,0.0,0.0,0.0,0,0.0,0.0,0.0,48300.0,0.46024844720496894,14,32,147,800,10,0.0,1.0,3.0,43451.11,13,3.3000000000000003,2.0333333333333328,0.375,0.09207660455486533,0.001939105285255772,0.96,0.7859237536656891,1.0205278592375366,0.9497306774897158,236,0.04583333333333333,0.997476379846204,0.8994413407821229,147.0,1.0,3.2,0.0,0.0,0.0,2.0,0.9014925159015458,2,Decoracion,Espejos,Cuyo,Grande,Proveedor A,0,0,train
2024-10-01,T01,SKU00668,5,19.0,42.0,6.5,0.49309377800850895,0.9743589743589743,12.0,0,0,52384.706794871796,42,4,22.0,6.461538461538462,1527540.0,543,4.650963597430406,18,0,262,0.0,0.0,0.0,0.0,0,0.0,0.0,0.0,56600.0,0.35742049469964665,23,11,36,800,10,4.0,10.0,14.0,975845.97,21,3.1168831168831166,3.344655344655345,0.09523809523809523,0.07447514496692942,0.008402789569441679,1.3922651933701657,0.9764453961456103,2.2441113490364026,0.9497306774897158,236,0.04583333333333333,0.997476379846204,1.054003724394786,36.0,1.0,4.2,0.0,1.0,0.0,2.0,0.9014925159015458,2,Decoracion,Espejos,Cuyo,Grande,Proveedor H,0,0,train
2024-10-01,T03,SKU00408,4,10.0,15.0,2.6666666666666665,0.4024075274914949,1.2500000000000002,12.0,0,0,62363.557812499996,22,3,-3.0,8.25,705540.0,136,4.4227642276422765,8,0,53,310.0,0.0,0.0,0.0,0,0.0,0.0,0.0,65900.0,0.5133535660091046,19,52,155,450,10,3.0,3.0,4.0,637282.96,17,12.5,-4.25,0.13636363636363635,0.05366376612291357,0.0035055163748446,1.2941176470588236,1.0406504065040652,1.7235772357723578,0.966207950816543,228,0.05627705627705628,0.9955111887269426,1.4172043010752688,930.0,6.0,1.0,0.0,0.0,0.0,1.0,0.8698231391763143,2,Bano,Alfombras de bano,Cuyo,Chico,Proveedor J,0,0,train
2024-10-01,T05,SKU00146,3,5.0,10.0,1.9166666666666667,0.6841941759399165,0.8695652173913043,11.0,0,0,53052.13956521739,12,1,8.0,6.260869565217391,417120.0,168,5.523287671232876,17,1,72,0.0,0.0,0.0,0.0,0,0.0,0.0,0.0,59500.0,0.41579831932773115,30,52,155,450,10,1.0,1.0,5.0,266891.20999999996,29,1.92,4.340869565217391,0.08333333333333333,0.10836740226525399,0.0023169628763936283,1.2142857142857142,1.0739726027397258,2.367123287671233,0.9775568588053812,250,0.031496062992125984,0.9578272662877283,1.328125,155.0,1.0,8.8,0.0,0.0,0.0,2.0,0.9080388263069309,2,Textil hogar,Sabanas,AMBA,Mediano,Proveedor J,0,0,train
2024-10-01,T05,SKU00481,1,7.0,12.0,1.8333333333333333,0.6509543361162056,1.272727272727273,11.0,0,0,48441.579090909094,5,0,-6.0,2.7272727272727275,146650.0,139,5.346153846153846,16,1,68,0.0,0.0,0.0,0.0,0,0.0,0.0,0.0,53100.0,0.44764595103578153,22,46,192,450,10,3.0,3.0,4.0,337716.43,20,6.947368421052632,-4.220095693779904,0.0,0.08772920732751233,0.002216225360028688,0.5755395683453237,0.8717948717948718,2.6153846153846154,0.9775568588053812,250,0.031496062992125984,1.0183447331549669,1.1132075471698113,576.0,2.0,5.7,0.0,0.0,0.0,2.0,0.9161456513931687,2,Decoracion,Velas,AMBA,Mediano,Proveedor B,0,0,train
2024-10-01,T06,SKU00047,1,2.0,6.0,1.1666666666666667,0.4948716593053936,0.5714285714285714,11.0,0,0,17553.835714285717,4,1,0.0,3.4285714285714284,45880.0,54,4.764705882352941,16,0,14,52.0,0.0,0.0,0.0,0,0.0,0.0,0.0,19000.0,0.3963157894736842,22,56,52,1500,10,0.0,1.0,2.0,35844.32,21,3.4285714285714284,0.0,0.25,0.076113909774436,0.0016157763725530656,1.1851851851851851,0.8235294117647058,1.2352941176470587,0.9445367023553063,246,0.02834008097165992,0.9735656941452908,0.4884318766066838,52.0,1.0,0.4,0.0,0.0,0.0,2.0,0.9038231351575897,2,Textil hogar,Toallas,Centro,Mediano,Proveedor F,0,0,train
2024-10-01,T07,SKU00321,0,6.0,9.0,1.6666666666666667,0.9341987329938277,1.2,9.0,1,0,49595.082500000004,12,1,1.0,7.199999999999999,332400.0,81,5.855421686746989,9,0,33,35.0,0.0,0.0,0.0,0,0.0,0.0,0.0,55000.0,0.49636363636363634,25,10,35,800,10,3.0,3.0,5.0,296059.02999999997,24,6.0,1.1999999999999993,0.08333333333333333,0.09827122727272719,0.002014611075843304,1.3333333333333333,1.2048192771084338,2.385542168674699,0.9283327837485946,246,0.024096385542168676,0.8906054937640647,1.1530398322851152,35.0,1.0,2.7,0.0,0.0,0.0,2.0,0.925365903783363,2,Decoracion,Velas,Centro,Mediano,Proveedor C,0,0,train
2024-10-01,T07,SKU00748,4,10.0,24.0,3.9166666666666665,0.549309395859119,0.8510638297872342,12.0,0,0,8419.169574468086,12,1,-15.0,3.0638297872340425,65400.0,154,4.421052631578947,10,0,60,0.0,0.0,0.0,0.0,0,0.0,0.0,0.0,9200.0,0.40760869565217395,20,56,52,800,10,3.0,3.0,8.0,86525.28,19,7.363636363636364,-4.299806576402322,0.08333333333333333,0.08487287234042551,0.004734336028231765,0.7792207792207793,0.9665071770334926,1.7224880382775118,0.9283327837485946,246,0.024096385542168676,0.9270051475090137,0.19166666666666668,52.0,1.0,5.3,0.0,0.0,0.0,4.0,0.9106336165092124,2,Iluminacion,Guirnaldas,Centro,Mediano,Proveedor F,0,0,train
2024-10-01,T08,SKU00511,0,0.0,1.0,0.5,1.348399724926484,0.0,5.0,5,0,9811.811666666666,1,1,-2.0,2.0,5500.0,50,5.958829902491875,15,2,13,0.0,0.0,0.0,0.0,0,0.0,0.0,0.0,10300.0,0.46601941747572817,13,46,192,600,10,0.0,0.0,2.0,0.0,11,4.5,-2.5,1.0,0.04739692556634301,0.0006070263962318815,0.3,0.9931383170819792,1.5492957746478875,0.9534361263482085,247,0.055776892430278883,0.9970487203057721,0.23094170403587444,384.0,2.0,6.2,0.0,1.0,0.0,2.0,0.9234939632414699,2,Textil hogar,Cortinas,Patagonia,Grande,Proveedor B,0,0,train
2024-10-01,T09,SKU00211,3,15.0,24.0,4.25,0.4028835979002644,1.1764705882352942,12.0,0,0,50664.1231372549,20,4,-10.0,4.705882352941177,536200.0,120,4.768211920529801,7,0,21,0.0,0.0,0.0,0.0,0,0.0,0.0,0.0,54500.0,0.5080733944954128,15,56,52,600,10,5.0,7.0,7.0,761328.1100000001,14,7.659574468085107,-2.95369211514393,0.2,0.07038306170174491,0.005010806558665588,1.1666666666666667,0.9801324503311258,0.8344370860927152,0.9652188947515831,263,0.026217228464419477,0.8965555618277846,1.0148975791433892,156.0,2.0,8.7,0.0,1.0,0.0,2.0,0.9328678048618473,2,Decoracion,Espejos,NOA,Mediano,Proveedor F,0,0,train
2024-10-01,T10,SKU00291,2,9.0,17.0,2.9166666666666665,0.39925719527359377,1.0285714285714287,12.0,0,0,51206.69,25,6,11.0,8.571428571428571,750750.0,352,6.148471615720524,17,0,83,0.0,0.0,0.0,0.0,0,0.0,0.0,0.0,55100.0,0.45499092558983667,17,11,36,450,10,5.0,2.0,5.0,457292.23,15,4.421052631578948,4.150375939849623,0.24,0.07065898366606171,0.0039040304805067197,1.2073863636363635,1.0771470160116448,1.4497816593886463,0.9690919089897824,231,0.038135593220338986,1.0155473874563394,0.8273273273273273,0.0,0.0,13.7,0.0,0.0,0.0,2.0,0.8933668208078982,2,Cocina y mesa,Manteleria,AMBA,Mediano,Proveedor H,0,0,train
2024-10-01,T11,SKU00464,1,5.0,15.0,3.0,0.4494665749754947,0.5555555555555556,12.0,0,0,62007.69861111111,15,5,-5.0,5.0,493500.0,267,5.269736842105264,17,0,138,0.0,0.0,0.0,0.0,0,0.0,0.0,0.0,66700.0,0.5067466266866567,15,56,52,800,10,1.0,3.0,5.0,316731.08000000013,13,6.2857142857142865,-1.2857142857142865,0.3333333333333333,0.07034934616025323,0.0035808668548358517,0.9550561797752809,1.019736842105263,2.723684210526316,0.9779745254651694,263,0.03773584905660377,0.9066665953036918,1.7460732984293195,104.0,2.0,6.5,13.0,0.0,0.0,1.0,0.9062276193580692,2,Bano,Cortinas de bano,AMBA,Grande,Proveedor F,0,0,train
2024-10-01,T12,SKU00048,1,10.0,18.0,2.9166666666666665,1.028138437001591,1.142857142857143,11.0,0,0,28937.221428571425,16,6,1.0,5.485714285714286,270080.0,106,5.1918367346938785,6,0,61,0.0,0.0,0.0,0.0,0,0.0,0.0,0.0,31400.0,0.4624203821656051,30,56,52,1200,10,3.0,6.0,6.0,296898.03,28,7.826086956521739,-2.3403726708074535,0.375,0.07843243858052784,0.0038978697382555157,0.9056603773584905,1.0612244897959187,2.9877551020408166,0.9626624576423052,232,0.042735042735042736,0.9538027251506433,0.6205533596837944,0.0,0.0,15.7,47.0,0.0,0.0,1.0,0.9180068222111559,2,Bano,Accesorios de bano,Cuyo,Chico,Proveedor F,0,0,train
2024-10-01,T13,SKU00384,3,3.0,3.0,0.6666666666666666,1.4770978917519928,1.5,5.0,0,0,34480.66375,4,1,-2.0,6.0,95440.0,34,4.689655172413793,12,0,16,384.0,0.0,0.0,0.0,0,0.0,0.0,0.0,37300.0,0.36032171581769434,27,46,192,1200,10,0.0,0.0,3.0,99901.72,24,14.399999999999999,-8.399999999999999,0.25,0.0755854222520107,0.0007753098711756361,1.4117647058823528,0.8275862068965517,2.206896551724138,0.956732381030735,257,0.030418250950570342,0.9824800861600145,0.7770833333333333,384.0,1.0,1.9,0.0,0.0,0.0,4.0,0.8787384287263664,2,Iluminacion,Guirnaldas,Centro,Chico,Proveedor B,0,0,train
2024-10-01,T13,SKU00549,0,2.0,6.0,0.9166666666666666,1.1821360030372705,0.7272727272727273,7.0,1,0,9612.916363636365,6,2,-6.0,6.545454545454546,31440.0,49,5.444444444444445,6,0,16,0.0,0.0,0.0,0.0,0,0.0,0.0,0.0,10100.0,0.48118811881188117,29,10,35,1200,10,1.0,1.0,3.0,18473.130000000005,27,9.0,-2.454545454545454,0.3333333333333333,0.048226102610260946,0.0010660510728664997,0.7346938775510204,1.0370370370370372,1.7777777777777777,0.956732381030735,257,0.030418250950570342,0.9348392146839407,0.2869318181818182,0.0,0.0,,31.0,0.0,0.0,1.0,0.88596715063317,2,Organizacion,Cajas,Centro,Chico,Proveedor C,0,0,train
2024-10-01,T15,SKU00146,1,7.0,13.0,1.6666666666666667,0.7385489458759964,1.4000000000000001,10.0,0,0,54772.9215,5,2,-3.0,3.0,173800.0,168,5.523287671232876,17,1,72,0.0,0.0,0.0,0.0,0,0.0,0.0,0.0,59500.0,0.41579831932773115,30,52,155,600,10,4.0,2.0,4.0,380958.16000000003,26,6.0,-3.0,0.4,0.07944669747899169,0.0019049796952667483,0.5059523809523809,1.0739726027397258,2.367123287671233,0.9886844618434423,261,0.04580152671755725,1.0561056105610562,1.328125,155.0,1.0,8.8,0.0,0.0,0.0,2.0,0.9043288752623397,2,Textil hogar,Sabanas,NOA,Mediano,Proveedor J,0,0,train
2024-10-01,T17,SKU00488,2,8.0,17.0,2.75,0.4933822002181587,0.9696969696969696,12.0,0,0,41525.997878787886,19,1,-6.0,6.909090909090909,463790.0,225,5.934065934065934,12,0,68,0.0,0.0,0.0,0.0,0,0.0,0.0,0.0,44600.0,0.45269058295964126,29,32,147,600,10,3.0,3.0,5.0,325342.84,25,9.090909090909092,-2.1818181818181825,0.05263157894736842,0.06892381437695327,0.0036753687518731215,1.0133333333333334,0.9582417582417584,1.7934065934065935,0.9582688709429193,239,0.028925619834710745,1.0017842695527341,1.0,0.0,0.0,26.2,0.0,0.0,0.0,2.0,0.9333142549010048,2,Textil hogar,Cortinas,Centro,Chico,Proveedor A,0,0,train
2024-10-01,T18,SKU00561,1,4.0,11.0,2.3333333333333335,0.49487165930539345,0.5714285714285714,11.0,0,0,73054.93107142857,7,2,-6.0,3.0,260610.0,92,4.95067264573991,11,0,25,0.0,0.0,0.0,0.0,0,0.0,0.0,0.0,78100.0,0.523303457106274,18,28,21,1200,10,3.0,0.0,4.0,300552.65,15,5.777777777777778,-2.7777777777777777,0.2857142857142857,0.06459755350283525,0.0029281908724107376,0.8369565217391305,0.7713004484304934,1.345291479820628,0.9642114229866786,255,0.03875968992248062,0.9227069168021076,1.4543761638733705,0.0,0.0,,0.0,0.0,0.0,2.0,0.9100394148345011,2,Decoracion,Espejos,NOA,Mediano,Proveedor G,0,0,train
2024-10-01,T18,SKU00662,5,15.0,29.0,4.25,0.3901911518065176,1.1764705882352942,12.0,0,0,21721.391960784313,27,5,8.0,6.352941176470588,301050.0,265,5.588752196836555,15,0,97,0.0,579.0,0.0,0.0,0,0.0,0.0,0.0,23600.0,0.527542372881356,18,37,193,1200,10,4.0,6.0,6.0,325842.81,16,5.3023255813953485,1.0506155950752394,0.18518518518518517,0.0796020355599868,0.005333490517605272,1.5283018867924527,0.8998242530755711,2.0456942003514937,0.9642114229866786,255,0.03875968992248062,0.9227069168021076,0.49166666666666664,0.0,0.0,15.3,0.0,0.0,0.0,2.0,0.9100394148345011,2,Decoracion,Plantas artificiales,NOA,Mediano,Proveedor E,0,0,train
2024-10-01,T20,SKU00191,3,19.0,45.0,6.416666666666667,0.4278732103533217,0.9870129870129869,12.0,0,0,62724.55493506494,48,7,22.0,7.48051948051948,1770720.0,283,4.928882438316401,9,0,55,0.0,0.0,0.0,0.0,0,0.0,0.0,0.0,68300.0,0.4598828696925329,16,11,36,450,10,8.0,8.0,12.0,1233499.6,13,4.268656716417911,3.2118627641015696,0.14583333333333334,0.08163169934019121,0.008044425381001028,1.5265017667844523,1.0275761973875182,0.9579100145137881,0.9644952612649544,264,0.041044776119402986,1.0361755154444527,1.694789081885856,36.0,1.0,7.3,0.0,0.0,0.0,4.0,0.9346202722041037,2,Iluminacion,Lamparas de mesa,AMBA,Mediano,Proveedor H,0,0,train
2024-10-01,T20,SKU00321,2,6.0,9.0,1.5833333333333333,0.828235055085162,1.2631578947368423,11.0,0,0,49710.317368421056,7,1,-2.0,4.421052631578948,193900.0,81,5.855421686746989,9,0,33,35.0,0.0,0.0,0.0,0,0.0,0.0,0.0,55000.0,0.49636363636363634,25,10,35,450,10,1.0,3.0,5.0,300532.09,21,5.142857142857143,-0.7218045112781954,0.14285714285714285,0.09617604784688993,0.0019849880810262274,0.7777777777777778,1.2048192771084338,2.385542168674699,0.9644952612649544,264,0.041044776119402986,0.9578457382994331,1.1530398322851152,35.0,1.0,2.7,0.0,0.0,0.0,2.0,0.8842056018909479,2,Decoracion,Velas,AMBA,Mediano,Proveedor C,0,0,train
2024-10-01,T23,SKU00511,1,2.0,4.0,0.6666666666666666,0.7385489458759964,1.0,8.0,0,0,9579.29,3,1,0.0,4.5,16500.0,50,5.958829902491875,15,2,13,0.0,0.0,0.0,0.0,0,0.0,0.0,0.0,10300.0,0.46601941747572817,13,46,192,450,10,1.0,0.0,1.0,20289.72,11,4.5,0.0,0.3333333333333333,0.06997184466019413,0.0008357028539116794,0.8999999999999999,0.9931383170819792,1.5492957746478875,0.9531191048862705,251,0.047058823529411764,0.987978634242754,0.23094170403587444,384.0,2.0,6.2,0.0,1.0,0.0,2.0,0.9089281741405228,2,Textil hogar,Cortinas,AMBA,Mediano,Proveedor B,0,0,train
2024-10-01,T24,SKU00354,8,23.0,47.0,7.666666666666667,0.4099635534289096,1.0,12.0,0,0,78728.86119565218,35,7,9.0,4.565217391304348,1569750.0,632,5.56419662509171,17,0,223,0.0,0.0,0.0,0.0,0,0.0,0.0,0.0,84800.0,0.47110849056603776,29,11,36,800,10,4.0,11.0,14.0,1848408.34,27,3.428571428571429,1.1366459627329188,0.2,0.07159361797579977,0.008449411356085198,0.9414556962025316,1.0183418928833456,1.963316214233309,0.9731517687943344,272,0.03636363636363636,0.8699061709630466,2.0632603406326036,0.0,0.0,19.0,0.0,0.0,0.0,2.0,0.8215202033352327,2,Cocina y mesa,Cristaleria,AMBA,Grande,Proveedor H,0,0,train
2024-10-01,T25,SKU00481,1,4.0,9.0,1.5,0.5318160234783104,0.8888888888888888,12.0,0,0,48842.598333333335,12,3,2.0,8.0,351960.0,139,5.346153846153846,16,1,68,0.0,0.0,0.0,0.0,0,0.0,0.0,0.0,53100.0,0.44764595103578153,22,46,192,1500,10,1.0,2.0,3.0,186172.73000000004,22,7.5,0.5,0.25,0.08017705586942869,0.0019592099832067716,1.381294964028777,0.8717948717948718,2.6153846153846154,0.9513052918459547,238,0.058091286307053944,0.8484503777205601,1.1132075471698113,576.0,2.0,5.7,0.0,0.0,0.0,2.0,0.9175223844921693,2,Decoracion,Velas,Centro,Grande,Proveedor B,0,0,train
2024-10-01,T26,SKU00633,7,22.0,36.0,5.75,0.37170965835600767,1.2753623188405796,12.0,0,0,8553.341014492755,24,6,-23.0,4.173913043478261,140400.0,670,5.230969420949902,19,0,174,0.0,0.0,0.0,0.0,0,0.0,0.0,0.0,9300.0,0.3709677419354839,26,32,147,1200,10,8.0,7.0,9.0,180885.89,24,8.676923076923076,-4.5030100334448155,0.25,0.08028591242013394,0.007171021138293316,0.6805970149253732,1.0357839947950551,1.3584905660377358,0.9640346678088232,256,0.046511627906976744,0.9089408528198074,0.21577726218097448,588.0,3.0,3.5,19.0,0.0,0.0,1.0,0.8983051530192695,2,Muebles,Sillas,NOA,Mediano,Proveedor A,0,0,train
2024-10-01,T26,SKU00718,2,7.0,10.0,1.6666666666666667,0.7816067367347155,1.4000000000000001,10.0,0,0,75993.073,7,0,-1.0,4.2,263620.0,116,4.296296296296297,16,0,40,0.0,0.0,0.0,0.0,0,0.0,0.0,0.0,82900.0,0.5457177322074789,18,32,147,1200,10,0.0,5.0,5.0,548165.1099999999,17,5.647058823529411,-1.447058823529411,0.0,0.08331636911942097,0.002078556851679222,0.9655172413793104,0.9259259259259259,1.4814814814814814,0.9640346678088232,256,0.046511627906976744,1.0491657890360846,1.5408921933085502,441.0,3.0,5.5,0.0,1.0,0.0,1.0,0.8812093626657562,2,Organizacion,Contenedores,NOA,Mediano,Proveedor A,0,0,train
2024-10-01,T26,SKU00740,3,9.0,21.0,2.8333333333333335,0.7191270791022134,1.0588235294117647,11.0,0,0,70037.16,11,1,5.0,3.8823529411764706,445830.0,110,5.5,11,0,37,182.0,0.0,0.0,0.0,0,0.0,0.0,0.0,74900.0,0.45887850467289715,28,31,182,1200,10,0.0,6.0,7.0,655604.66,26,2.4,1.4823529411764707,0.09090909090909091,0.06492443257676894,0.0035335466478546777,1.1,0.8666666666666666,1.85,0.9640346678088232,256,0.046511627906976744,0.9762052462958739,1.570230607966457,182.0,1.0,2.5,0.0,1.0,0.0,2.0,0.8990785666539591,2,Decoracion,Velas,NOA,Mediano,Proveedor I,0,0,train
2024-10-01,T27,SKU00690,0,0.0,0.0,0.16666666666666666,2.3354968324845724,0.0,2.0,8,0,49188.465000000004,2,0,-1.0,12.0,68900.0,32,4.626506024096385,12,0,6,0.0,0.0,0.0,0.0,0,0.0,0.0,0.0,55900.0,0.38372093023255816,30,32,147,1200,10,0.0,0.0,1.0,0.0,29,12.0,0.0,0.0,0.12006323792486573,0.00021206133254384092,0.75,0.674698795180723,0.8674698795180723,0.9521553831218458,243,0.05263157894736842,0.9425534199506067,1.1719077568134173,0.0,0.0,21.5,40.0,0.0,0.0,2.0,0.9180061383358531,2,Decoracion,Velas,AMBA,Chico,Proveedor A,0,1,train
2024-10-01,T28,SKU00309,0,1.0,4.0,1.1666666666666667,1.3093073414159546,0.2857142857142857,8.0,2,0,71593.93928571428,11,5,1.0,9.428571428571429,553850.0,47,6.130434782608695,6,0,6,0.0,0.0,0.0,0.0,0,0.0,0.0,0.0,78900.0,0.36185044359949303,28,28,21,1500,10,0.0,1.0,3.0,74050.16,24,6.666666666666667,2.761904761904762,0.45454545454545453,0.09259899511135261,0.0013349309024657133,1.4042553191489362,1.2608695652173911,0.7826086956521738,1.0023424033371127,251,0.023529411764705882,1.0269253469645563,1.1535087719298245,0.0,0.0,19.8,0.0,0.0,0.0,1.0,0.918464372544136,2,Muebles,Racks,AMBA,Grande,Proveedor G,0,0,train
2024-11-01,T01,SKU00255,2,4.0,10.0,1.25,0.8442317648177381,1.0666666666666667,9.0,0,0,18833.940666666665,10,1,5.0,8.0,121400.0,135,5.869565217391305,14,1,42,0.0,0.0,0.0,0.0,0,0.0,1.0,25.0,19800.0,0.3868686868686869,14,11,36,800,11,0.0,2.0,3.0,74481.38,12,4.545454545454545,3.454545454545455,0.1,0.04879087542087546,0.0015569452383941526,1.0370370370370372,1.0,1.826086956521739,0.9109167608098057,251,0.04365079365079365,0.9284997944090487,0.3687150837988827,180.0,4.0,6.7,5.0,0.0,0.0,2.0,0.929695674305039,1,Decoracion,Espejos,Cuyo,Grande,Proveedor H,0,0,train
2024-11-01,T02,SKU00428,1,4.0,11.0,1.6666666666666667,0.692820323027551,0.7999999999999999,10.0,0,0,12328.277,8,1,-3.0,4.8,64160.0,66,6.545454545454545,7,0,23,0.0,0.0,0.0,0.0,0,0.0,1.0,25.0,13300.0,0.39699248120300756,24,37,193,450,11,1.0,2.0,4.0,48869.38,20,6.285714285714286,-1.4857142857142858,0.125,0.07306187969924816,0.0020009862870070936,0.8484848484848485,0.9256198347107438,2.28099173553719,0.9484675000413624,255,0.04263565891472868,0.960658737419945,0.26232741617357,193.0,1.0,3.9,0.0,0.0,0.0,2.0,0.8793843098209663,1,Decoracion,Cuadros,AMBA,Grande,Proveedor E,0,0,train
2024-11-01,T03,SKU00302,1,11.0,19.0,3.4166666666666665,0.36295972957233524,1.0731707317073171,12.0,0,0,77114.52609756099,17,2,0.0,4.975609756097561,742900.0,319,6.021450021450022,16,0,61,0.0,459.0,0.0,0.0,0,0.0,1.0,35.0,81900.0,0.46642246642246643,15,25,153,450,11,5.0,5.0,5.0,819839.3599999999,13,4.675,0.30060975609756113,0.11764705882352941,0.058430694779475156,0.0042705219411084605,0.8526645768025078,0.9060489060489061,1.1514371514371515,0.9782620017290404,240,0.03305785123966942,0.9676521718315674,1.2297297297297298,459.0,1.0,12.0,0.0,0.0,0.0,3.0,0.8752014680019017,1,Cocina y mesa,Manteleria,Cuyo,Chico,Proveedor D,0,0,train
2024-11-01,T03,SKU00364,3,5.0,10.0,1.75,0.4948716593053936,0.9523809523809524,11.0,0,0,51156.107142857145,7,1,-4.0,4.0,218400.0,54,6.113207547169811,6,0,26,0.0,0.0,0.0,0.0,0,0.0,1.0,30.0,55900.0,0.4418604651162791,28,31,182,450,11,2.0,0.0,3.0,254961.36,24,7.333333333333333,-3.333333333333333,0.14285714285714285,0.08486391515461278,0.0021873405064214064,0.7777777777777778,1.2452830188679245,2.943396226415094,0.9782620017290404,240,0.03305785123966942,0.9663145175775191,1.2477678571428572,182.0,1.0,11.3,0.0,0.0,0.0,3.0,0.9055944842084882,1,Textil hogar,Sabanas,Cuyo,Chico,Proveedor I,0,0,train
2024-11-01,T07,SKU00244,3,8.0,12.0,1.5,0.778498944161523,1.7777777777777777,9.0,0,0,12540.965,10,0,4.0,6.666666666666667,65000.0,95,5.066666666666666,11,1,33,21.0,21.0,0.0,0.0,0,0.0,1.0,5.0,13500.0,0.5185185185185186,26,28,21,800,11,2.0,3.0,3.0,97775.79000000001,24,5.142857142857142,1.5238095238095246,0.0,0.07103962962962962,0.0017603551260330444,1.1578947368421053,0.8711111111111111,1.76,0.9603715187580276,259,0.034482758620689655,0.9547909258812761,0.19736842105263158,42.0,2.0,1.2,0.0,1.0,0.0,1.0,0.867105789540206,1,Muebles,Racks,Centro,Mediano,Proveedor G,0,0,train
2024-11-01,T07,SKU00692,2,4.0,10.0,1.9166666666666667,0.6841941759399164,0.6956521739130435,10.0,0,0,17411.854347826087,12,1,3.0,6.260869565217391,107640.0,56,4.51006711409396,7,0,29,0.0,0.0,0.0,0.0,0,0.0,1.0,20.0,18400.0,0.5125,26,46,192,800,11,1.0,1.0,4.0,68017.06,24,5.142857142857143,1.1180124223602474,0.08333333333333333,0.053703568052930084,0.0022493426610422232,1.5,1.12751677852349,2.335570469798658,0.9603715187580276,259,0.034482758620689655,0.9116276697667471,0.4116331096196868,384.0,2.0,8.4,0.0,0.0,0.0,4.0,0.8911515012066371,1,Iluminacion,Apliques,Centro,Mediano,Proveedor B,0,0,train
2024-11-01,T09,SKU00453,0,2.0,5.0,0.75,1.1547005383792515,0.8888888888888888,6.0,1,0,80707.33888888889,4,0,2.0,5.333333333333333,169040.0,204,4.163265306122449,18,1,88,35.0,0.0,0.0,0.0,0,0.0,1.0,40.0,84500.0,0.49988165680473373,24,10,35,600,11,2.0,0.0,2.0,165072.45,23,2.4,2.933333333333333,0.0,0.044883563445101915,0.0008677792801939919,0.3529411764705882,1.0408163265306123,1.7959183673469388,0.9761552702982194,271,0.040145985401459854,0.9823412466378203,1.8172043010752688,35.0,1.0,1.2,0.0,0.0,0.0,2.0,0.8553585043401092,1,Bano,Alfombras de bano,NOA,Mediano,Proveedor C,0,0,train
2024-11-01,T09,SKU00701,2,9.0,14.0,1.5,1.005037815259212,2.0,8.0,0,0,67050.2311111111,9,4,1.0,6.0,360990.0,156,5.273239436619718,18,0,37,0.0,0.0,0.0,58.0,0,0.0,1.0,35.0,73500.0,0.4542857142857143,19,10,35,600,11,5.0,2.0,5.0,602346.08,15,8.0,-2.0,0.4444444444444444,0.08775195767195776,0.0017355585603879837,1.0384615384615385,0.9126760563380282,1.2507042253521128,0.9761552702982194,271,0.040145985401459854,1.0396065938092902,1.1036036036036037,35.0,1.0,9.6,0.0,1.0,0.0,3.0,0.8559191651147098,1,Cocina y mesa,Manteleria,NOA,Mediano,Proveedor C,0,0,train
2024-11-01,T10,SKU00201,2,3.0,9.0,1.8333333333333333,0.6509543361162056,0.5454545454545455,10.0,0,0,29267.321363636365,10,2,5.0,5.454545454545455,203700.0,100,4.528301886792453,13,0,40,0.0,0.0,0.0,0.0,0,0.0,1.0,30.0,32400.0,0.37129629629629635,22,28,21,450,11,0.0,1.0,4.0,85758.07,21,2.608695652173913,2.845849802371542,0.2,0.09668761223344546,0.0023359705776185976,1.3,1.0264150943396229,1.8113207547169812,0.9564737710540149,242,0.036585365853658534,0.8711192442216854,0.8329048843187661,84.0,2.0,9.1,0.0,1.0,0.0,3.0,0.8902493540836415,1,Textil hogar,Toallas,AMBA,Mediano,Proveedor G,0,0,train
2024-11-01,T11,SKU00040,4,17.0,29.0,5.5,0.30522620351436996,1.0303030303030303,12.0,0,0,3420.043939393939,46,3,23.0,8.363636363636363,102580.0,483,5.557046979865771,13,0,144,0.0,0.0,0.0,0.0,0,0.0,1.0,5.0,3700.0,0.39729729729729735,26,46,192,800,11,8.0,5.0,8.0,59916.58,24,4.181818181818182,4.181818181818182,0.06521739130434782,0.07566380016380025,0.006686423324012865,1.2380952380952381,1.1006711409395973,1.6567593480345157,0.9778387564147298,267,0.05166051660516605,1.017241290335898,0.08390022675736962,384.0,2.0,9.5,0.0,0.0,0.0,1.0,0.9820397023294892,1,Muebles,Estanterias,AMBA,Grande,Proveedor B,0,0,train
2024-11-01,T11,SKU00678,10,23.0,47.0,7.666666666666667,0.2907758760118501,1.0,12.0,0,0,73692.26119565217,10,7,-19.0,1.3043478260869565,461200.0,417,4.959365708622399,12,0,168,0.0,0.0,0.0,0.0,0,0.0,1.0,25.0,79900.0,0.4227784730913642,31,11,36,800,11,7.0,6.0,11.0,1736101.3599999999,28,4.2439024390243905,-2.939554612937434,0.7,0.07769385236981008,0.00932046887589672,0.28776978417266186,0.8245787908820614,1.9980178394449952,0.9778387564147298,267,0.05166051660516605,0.9345100179616708,1.6750524109014675,72.0,2.0,8.6,0.0,0.0,0.0,2.0,0.9534032368719132,1,Decoracion,Velas,AMBA,Grande,Proveedor H,0,0,train
2024-11-01,T16,SKU00407,4,9.0,14.0,3.25,0.6309227171267111,0.9230769230769231,11.0,0,0,2623.232564102564,19,8,9.0,5.846153846153846,26030.0,302,5.707086614173229,16,1,151,0.0,0.0,0.0,0.0,0,0.0,1.0,30.0,2900.0,0.5275862068965518,34,11,36,600,11,2.0,3.0,7.0,23387.480000000007,30,3.0,2.846153846153846,0.42105263157894735,0.09543704686118482,0.004293993413874903,1.0066225165562914,0.9133858267716536,2.8535433070866145,0.9746264025543755,247,0.04838709677419355,1.000429320318149,0.06473214285714286,0.0,0.0,32.3,0.0,0.0,0.0,3.0,0.915176907198742,1,Textil hogar,Sabanas,NOA,Grande,Proveedor H,0,0,train
2024-11-01,T18,SKU00268,9,38.0,79.0,13.916666666666666,0.27139570431154053,0.9101796407185628,12.0,0,0,35676.07718562874,95,16,-31.0,6.826347305389222,1957950.0,600,4.891304347826087,9,0,257,0.0,0.0,0.0,0.0,0,0.0,1.0,35.0,39500.0,0.47822784810126584,14,25,153,1200,11,13.0,16.0,18.0,1415658.83,13,8.941935483870967,-2.1155881784817456,0.16842105263157894,0.09680817251572815,0.016224966007146353,1.4249999999999998,0.9836956521739131,2.095108695652174,0.9373561199817247,274,0.05776173285198556,0.9836494440810988,0.8127572016460906,0.0,0.0,,0.0,1.0,0.0,1.0,0.9287215848400782,1,Organizacion,Percheros,NOA,Mediano,Proveedor D,0,0,train
2024-11-01,T18,SKU00298,3,18.0,22.0,3.5,0.9784315949006422,1.7142857142857142,11.0,0,0,41223.92880952381,22,3,1.0,6.285714285714286,479820.0,272,4.514522821576763,17,0,141,0.0,0.0,0.0,0.0,0,0.0,1.0,30.0,44800.0,0.5131696428571428,17,56,52,1200,11,6.0,9.0,9.0,771850.47,15,8.689655172413794,-2.403940886699508,0.13636363636363635,0.0798230176445579,0.004080530373054772,1.375,1.095435684647303,2.340248962655602,0.9373561199817247,274,0.05776173285198556,0.8992796157950906,1.1516709511568124,0.0,0.0,,14.0,0.0,0.0,3.0,0.9192495342254866,1,Textil hogar,Toallas,NOA,Mediano,Proveedor F,0,0,train
2024-11-01,T18,SKU00391,0,1.0,4.0,0.6666666666666666,0.9770084209183945,0.5,7.0,2,0,39913.06,4,0,0.0,6.0,83560.0,43,4.867924528301886,13,0,32,0.0,0.0,0.0,0.0,0,0.0,1.0,25.0,42400.0,0.507311320754717,13,46,192,1200,11,0.0,1.0,2.0,40933.88,11,5.142857142857142,0.8571428571428577,0.0,0.05865424528301888,0.0007772438805818613,1.2093023255813955,1.0188679245283019,3.622641509433962,0.9373561199817247,274,0.05776173285198556,0.8668993005850149,0.8833333333333333,576.0,2.0,7.2,0.0,0.0,0.0,2.0,0.9090307851278868,1,Decoracion,Plantas artificiales,NOA,Mediano,Proveedor B,0,0,train
2024-11-01,T18,SKU00668,6,14.0,29.0,6.833333333333333,0.37870981475260423,0.6829268292682927,12.0,0,0,51469.166707317076,40,10,5.0,5.853658536585366,1454800.0,647,5.2530446549391066,19,0,182,0.0,0.0,0.0,0.0,0,0.0,1.0,25.0,56600.0,0.35742049469964665,24,11,36,1200,11,4.0,4.0,11.0,722010.54,21,4.666666666666667,1.1869918699186988,0.25,0.09065076488839086,0.007966749775964078,1.1746522411128284,0.9445196211096075,1.4776725304465492,0.9373561199817247,274,0.05776173285198556,0.8668993005850149,1.054003724394786,36.0,1.0,5.2,0.0,1.0,0.0,2.0,0.9090307851278868,1,Decoracion,Espejos,NOA,Mediano,Proveedor H,0,0,train
2024-11-01,T18,SKU00768,-3,-1.0,-1.0,0.16666666666666666,7.160497697278261,-2.0,4.0,1,0,32581.545,4,0,2.0,24.0,80760.0,45,5.3999999999999995,13,2,12,36.0,0.0,0.0,40.0,0,0.0,1.0,30.0,31500.0,0.35904761904761906,13,11,36,1200,11,1.0,1.0,2.0,-24946.180000000008,13,5.5,18.5,0.0,-0.03433476190476181,0.00019431097014546532,1.1555555555555554,0.9199999999999999,1.44,0.9373561199817247,274,0.05776173285198556,0.8992796157950906,0.703125,36.0,1.0,0.0,59.0,1.0,0.0,3.0,0.9192495342254866,1,Textil hogar,Sabanas,NOA,Mediano,Proveedor H,0,1,train
2024-11-01,T19,SKU00354,10,28.0,44.0,7.333333333333333,0.37382422736855003,1.272727272727273,12.0,0,0,78142.46647727273,56,4,24.0,7.636363636363637,2511600.0,531,4.654492330168006,16,0,216,0.0,0.0,0.0,0.0,0,0.0,1.0,35.0,84800.0,0.47110849056603776,30,11,36,800,11,8.0,10.0,12.0,2197358.52,28,5.052631578947369,2.5837320574162677,0.07142857142857142,0.07850865003216123,0.008360112246268968,1.6873822975517891,0.9642074506939372,1.8933528122717314,0.9146722807622458,267,0.026119402985074626,0.9532072415987043,2.0632603406326036,0.0,0.0,20.0,0.0,0.0,0.0,3.0,0.9090121004274795,1,Cocina y mesa,Cristaleria,Cuyo,Mediano,Proveedor H,0,0,train
2024-11-01,T21,SKU00372,3,4.0,9.0,1.75,0.6503887805479955,0.7619047619047619,10.0,0,0,61149.52285714286,10,0,0.0,5.714285714285714,411300.0,131,5.120521172638437,15,1,50,0.0,0.0,0.0,0.0,0,0.0,1.0,30.0,66700.0,0.3833583208395802,15,11,36,600,11,1.0,0.0,3.0,232292.33,14,6.0,-0.2857142857142856,0.0,0.08321554936817299,0.002065235646963484,1.1450381679389314,0.8990228013029317,1.9543973941368078,0.9858058154839031,268,0.05904059040590406,0.9253299349849883,1.378099173553719,0.0,0.0,15.0,0.0,1.0,0.0,3.0,0.9274246821116592,1,Textil hogar,Acolchados,Cuyo,Grande,Proveedor H,0,0,train
2024-11-01,T21,SKU00522,2,4.0,14.0,2.1666666666666665,0.5508075151752508,0.6153846153846154,11.0,0,0,70383.62692307692,11,0,6.0,5.0769230769230775,493130.0,64,5.224489795918367,7,0,19,0.0,0.0,0.0,0.0,0,0.0,1.0,30.0,75600.0,0.40701058201058204,19,31,182,600,11,0.0,2.0,5.0,291264.58999999997,18,2.0689655172413794,3.007957559681698,0.0,0.06899964387464386,0.0025569584200500275,1.203125,0.9251700680272109,1.5510204081632653,0.9858058154839031,268,0.05904059040590406,0.9253299349849883,1.695067264573991,0.0,0.0,,0.0,1.0,0.0,3.0,0.9274246821116592,1,Textil hogar,Cortinas,Cuyo,Grande,Proveedor I,0,0,train
2024-11-01,T23,SKU00798,1,2.0,5.0,1.4166666666666667,1.1041971458477855,0.4705882352941176,10.0,0,0,62889.198823529405,10,0,-5.0,7.0588235294117645,414700.0,69,5.52,8,0,14,0.0,0.0,0.0,0.0,0,0.0,1.0,40.0,69200.0,0.40072254335260116,24,25,153,450,11,0.0,1.0,6.0,128602.43999999994,21,10.0,-2.9411764705882355,0.0,0.09119654879292771,0.0016723536770381412,1.1594202898550725,0.9066666666666667,1.12,0.973113092544782,268,0.07749077490774908,1.0500408946784632,1.4881720430107528,306.0,2.0,5.9,0.0,0.0,0.0,2.0,0.894098660874854,1,Bano,Alfombras de bano,AMBA,Mediano,Proveedor D,0,0,train
2024-11-01,T26,SKU00549,3,5.0,9.0,1.5833333333333333,0.8282350550851622,1.0526315789473686,9.0,0,0,9247.542631578946,14,0,8.0,8.842105263157896,73360.0,48,5.142857142857142,6,0,34,0.0,0.0,0.0,0.0,0,0.0,1.0,35.0,10100.0,0.48118811881188117,30,10,35,1200,11,-1.0,3.0,3.0,43876.7,27,4.5,4.342105263157896,0.0,0.08440171964564891,0.00201195308248265,1.75,0.9642857142857142,3.642857142857143,0.9424411807418729,262,0.056818181818181816,0.9958644909327602,0.2869318181818182,0.0,0.0,,0.0,0.0,0.0,1.0,0.8938001186188959,1,Organizacion,Cajas,NOA,Mediano,Proveedor C,0,0,train
2024-11-01,T27,SKU00591,2,5.0,8.0,1.0,1.044465935734187,1.6666666666666667,7.0,0,0,58122.79083333333,2,0,-1.0,2.0,71480.0,58,6.519073569482289,17,3,9,0.0,0.0,0.0,0.0,0,0.0,1.0,5.0,62500.0,0.42816,13,37,193,1200,11,1.0,2.0,3.0,291166.16,11,3.857142857142857,-1.8571428571428572,0.0,0.07003534666666666,0.0012738919070547877,0.5862068965517242,1.0115803814713897,1.0115803814713897,0.9864169666960907,252,0.0392156862745098,0.974884368627841,0.9137426900584795,0.0,0.0,,0.0,0.0,0.0,1.0,0.8781876958194765,1,Muebles,Racks,AMBA,Chico,Proveedor E,0,0,train
2024-11-01,T28,SKU00493,1,6.0,11.0,2.1666666666666665,0.6477502756312956,0.9230769230769231,11.0,0,0,29048.974615384614,3,4,-8.0,1.3846153846153848,47730.0,84,4.869565217391305,11,0,35,0.0,0.0,0.0,0.0,0,0.0,1.0,25.0,30800.0,0.48344155844155845,23,56,52,1500,11,1.0,4.0,4.0,177483.1,20,5.279999999999999,-3.8953846153846143,1.3333333333333333,0.05685147352647357,0.0023688102703662067,0.39285714285714285,0.7149758454106281,2.028985507246377,0.9540838904336507,266,0.03345724907063197,0.9782360154761617,0.5735567970204841,0.0,0.0,,0.0,1.0,0.0,2.0,0.8845540423808891,1,Decoracion,Espejos,AMBA,Grande,Proveedor F,0,0,train
2024-11-01,T28,SKU00637,1,1.0,4.0,0.5,1.348399724926484,0.6666666666666666,5.0,0,0,45756.47833333333,2,1,1.0,4.0,57880.0,34,3.517241379310345,15,0,18,0.0,0.0,0.0,0.0,0,0.0,1.0,20.0,50400.0,0.42579365079365084,27,25,153,1500,11,0.0,0.0,2.0,45949.05,25,3.0,1.0,0.5,0.09213336640211645,0.0005466485239306631,0.8823529411764706,0.8275862068965518,1.8620689655172415,0.9540838904336507,266,0.03345724907063197,0.9487600557962668,1.250620347394541,153.0,1.0,8.0,0.0,0.0,0.0,4.0,0.8438450594518179,1,Iluminacion,Lamparas de mesa,AMBA,Grande,Proveedor D,0,0,train
2024-12-01,T01,SKU00493,2,5.0,8.0,1.0833333333333333,0.9195737722113432,1.5384615384615385,9.0,0,0,29206.522307692307,10,2,3.0,9.230769230769232,159100.0,136,5.132075471698113,16,1,51,0.0,0.0,0.0,0.0,0,0.0,1.0,30.0,30800.0,0.48344155844155845,24,56,52,800,12,2.0,1.0,2.0,150880.53000000003,21,7.636363636363637,1.594405594405595,0.2,0.05173628871128877,0.0013882956001708669,1.1764705882352942,0.8930817610062893,1.9245283018867925,0.9248184536522852,253,0.047244094488188976,0.9759165542669669,0.5735567970204841,0.0,0.0,,0.0,1.0,0.0,3.0,0.8978168420582369,0,Decoracion,Espejos,Cuyo,Grande,Proveedor F,0,0,train
2024-12-01,T02,SKU00510,0,3.0,13.0,2.25,0.8914105645620286,0.4444444444444444,10.0,2,0,29298.36962962963,12,2,-10.0,5.333333333333333,206280.0,203,4.730097087378641,13,0,69,156.0,0.0,0.0,0.0,0,0.0,1.0,25.0,31200.0,0.4490384615384615,20,56,52,450,12,0.0,3.0,6.0,84039.75,16,7.542857142857144,-2.2095238095238106,0.16666666666666666,0.06094969135802475,0.002688447821180503,0.768472906403941,1.0951456310679613,1.6077669902912621,0.9889505096283242,265,0.040740740740740744,1.0227333274131958,0.6964285714285714,260.0,3.0,0.4,32.0,0.0,0.0,4.0,0.9286829967538274,0,Textil hogar,Sabanas,AMBA,Grande,Proveedor F,0,0,train
2024-12-01,T02,SKU00511,1,2.0,2.0,0.5,1.348399724926484,1.3333333333333333,5.0,0,0,9393.71,3,1,-2.0,6.0,16500.0,44,4.888888888888889,15,1,24,0.0,0.0,0.0,0.0,0,0.0,1.0,25.0,10300.0,0.46601941747572817,15,46,192,450,12,0.0,1.0,2.0,18575.22,13,13.75,-7.75,0.3333333333333333,0.08798932038834961,0.0005974328491512229,1.0227272727272727,1.1851851851851851,2.6666666666666665,0.9889505096283242,265,0.040740740740740744,1.0227333274131958,0.23094170403587444,384.0,2.0,8.2,0.0,1.0,0.0,4.0,0.9286829967538274,0,Textil hogar,Cortinas,AMBA,Grande,Proveedor B,0,0,train
2024-12-01,T02,SKU00794,5,9.0,18.0,2.8333333333333335,0.6355317440318964,1.0588235294117647,11.0,0,0,34189.02117647059,4,3,-24.0,1.4117647058823528,74960.0,301,4.7651715039577835,20,0,142,0.0,0.0,0.0,0.0,0,0.0,1.0,25.0,36500.0,0.4865753424657534,30,28,21,450,12,1.0,3.0,5.0,312199.71,28,10.181818181818182,-8.770053475935828,0.75,0.06331448831587427,0.00338545281185693,0.26578073089700993,1.050131926121372,2.2480211081794197,0.9889505096283242,265,0.040740740740740744,1.0227333274131958,0.8147321428571429,0.0,0.0,13.2,0.0,0.0,0.0,4.0,0.9286829967538274,0,Textil hogar,Sabanas,AMBA,Grande,Proveedor G,0,0,train
2024-12-01,T03,SKU00469,0,0.0,1.0,0.4166666666666667,1.9031075066370218,0.0,3.0,5,0,38133.938,2,0,0.0,4.8,51000.0,23,4.928571428571428,7,0,3,0.0,0.0,0.0,0.0,0,0.0,1.0,20.0,41000.0,0.3780487804878049,16,37,193,450,12,0.0,0.0,2.0,0.0,14,3.0,1.7999999999999998,0.0,0.0699039512195121,0.0005498618275778987,0.6086956521739131,0.5714285714285714,0.6428571428571428,1.0011884156538378,236,0.04201680672268908,0.9746243266231925,0.9297052154195011,579.0,2.0,5.1,0.0,0.0,0.0,2.0,0.8863302437782762,0,Muebles,Estanterias,Cuyo,Chico,Proveedor E,0,0,train
2024-12-01,T05,SKU00500,2,6.0,13.0,1.75,0.4948716593053935,1.1428571428571428,11.0,0,0,20395.82619047619,5,1,-6.0,2.857142857142857,64200.0,151,4.93732970027248,18,0,60,63.0,0.0,0.0,0.0,0,0.0,2.0,30.0,21900.0,0.41369863013698627,34,28,21,450,12,1.0,3.0,3.0,122894.50999999998,31,6.947368421052632,-4.090225563909774,0.2,0.06868373559469454,0.001953883594374088,0.5960264900662251,1.013623978201635,1.9618528610354224,0.9326537690478981,266,0.03717472118959108,0.8324631687774618,0.6221590909090909,63.0,1.0,2.0,0.0,0.0,0.0,3.0,0.9422079069809816,0,Organizacion,Cajas,AMBA,Mediano,Proveedor G,0,0,train
2024-12-01,T05,SKU00637,0,1.0,4.0,0.5,1.0444659357341868,0.6666666666666666,6.0,1,0,45480.49333333334,3,2,-1.0,6.0,86820.0,44,4.512820512820513,14,1,21,0.0,0.0,0.0,0.0,0,0.0,2.0,30.0,50400.0,0.42579365079365084,28,25,153,450,12,1.0,0.0,1.0,43879.81,22,8.0,-2.0,0.6666666666666666,0.09760925925925912,0.0005582524555354537,0.9545454545454546,0.9572649572649573,2.1538461538461537,0.9326537690478981,266,0.03717472118959108,0.8700275508724442,1.250620347394541,153.0,1.0,9.0,0.0,0.0,0.0,7.0,0.8662850290919212,0,Iluminacion,Lamparas de mesa,AMBA,Mediano,Proveedor D,0,0,train
2024-12-01,T06,SKU00407,1,14.0,28.0,3.9166666666666665,0.6573557240992817,1.1914893617021278,12.0,0,0,2689.763404255319,11,2,-4.0,2.8085106382978724,15070.0,282,4.9985228951255545,17,1,105,0.0,0.0,0.0,0.0,0,0.0,1.0,25.0,2900.0,0.5275862068965518,35,11,36,1500,12,9.0,4.0,9.0,36937.95,31,4.090909090909091,-1.2823984526112184,0.18181818181818182,0.07249537784299342,0.004897645435642111,0.6631205673758864,0.980797636632201,1.861152141802068,0.9415983863077045,260,0.03816793893129771,0.999462654486835,0.06473214285714286,0.0,0.0,33.3,0.0,0.0,0.0,4.0,0.8950831303208819,0,Textil hogar,Sabanas,Centro,Mediano,Proveedor H,0,0,train
2024-12-01,T08,SKU00469,1,2.0,6.0,0.75,1.005037815259212,0.8888888888888888,7.0,0,0,37392.33111111111,4,1,3.0,5.333333333333333,102000.0,23,4.928571428571428,7,0,3,0.0,0.0,0.0,0.0,0,0.0,1.0,20.0,41000.0,0.3780487804878049,16,37,193,600,12,1.0,0.0,2.0,77606.98999999999,14,1.3333333333333333,4.0,0.25,0.08799192411924117,0.0008865624761728338,1.2173913043478262,0.5714285714285714,0.6428571428571428,0.9862515012713793,255,0.04980842911877394,1.1388235294117648,0.9297052154195011,579.0,2.0,5.1,0.0,0.0,0.0,2.0,0.9057073893198808,0,Muebles,Estanterias,Patagonia,Grande,Proveedor E,0,0,train
2024-12-01,T09,SKU00502,0,0.0,0.0,0.4166666666666667,1.604539016211652,0.0,4.0,7,0,35058.166000000005,4,2,1.0,9.6,79320.0,46,4.842105263157895,15,0,8,0.0,0.0,0.0,0.0,0,0.0,2.0,30.0,37400.0,0.46978609625668444,24,37,193,600,12,0.0,0.0,2.0,0.0,22,7.199999999999999,2.4000000000000004,0.5,0.06261588235294102,0.00047156921454084285,1.3043478260869565,0.8421052631578947,0.8421052631578947,0.979732200130055,269,0.047619047619047616,0.8771471832088967,0.8366890380313199,0.0,0.0,21.3,0.0,0.0,0.0,7.0,0.9505981679437336,0,Iluminacion,Apliques,NOA,Mediano,Proveedor E,0,0,train
2024-12-01,T10,SKU00564,0,3.0,8.0,1.8333333333333333,0.8000751279524594,0.5454545454545455,9.0,1,0,20441.943636363638,8,2,-2.0,4.363636363636364,93360.0,134,4.843373493975904,17,0,42,0.0,0.0,0.0,0.0,0,0.0,1.0,30.0,21800.0,0.46467889908256876,19,32,147,450,12,1.0,2.0,4.0,59971.22,17,5.0,-0.6363636363636358,0.25,0.06229616346955791,0.0023523250641068754,1.0149253731343284,1.0843373493975905,1.5180722891566267,0.9687302309458313,251,0.019762845849802372,0.9633607709295323,0.4059590316573557,294.0,1.0,11.3,0.0,0.0,0.0,3.0,0.8812988718313225,0,Decoracion,Espejos,AMBA,Mediano,Proveedor A,0,0,train
2024-12-01,T11,SKU00289,0,2.0,3.0,0.4166666666666667,2.600699206681996,1.5999999999999999,5.0,1,0,75834.142,5,0,2.0,12.0,239850.0,57,4.816901408450704,18,0,33,0.0,0.0,0.0,0.0,0,0.0,1.0,20.0,80300.0,0.4026151930261519,34,37,193,800,12,2.0,0.0,2.0,153212.42,30,9.0,3.0,0.0,0.055614669987546606,0.00047687378884895675,1.5789473684210527,0.9295774647887324,2.788732394366197,0.9922789798369092,280,0.07092198581560284,1.0249976593951877,1.863109048723898,0.0,0.0,19.3,0.0,0.0,0.0,2.0,0.9260857288003043,0,Muebles,Sillas,AMBA,Grande,Proveedor E,0,0,train
2024-12-01,T13,SKU00478,3,11.0,22.0,3.25,0.5268477818695766,1.1282051282051282,11.0,0,0,77015.20153846154,22,4,-4.0,6.769230769230769,1179640.0,108,3.868656716417911,9,0,78,0.0,0.0,0.0,0.0,0,0.0,1.0,25.0,83800.0,0.3601431980906922,13,56,52,1200,12,3.0,5.0,6.0,803478.0800000001,12,8.965517241379311,-2.1962864721485422,0.18181818181818182,0.08096418211859746,0.0037487262382499653,1.8333333333333333,1.146268656716418,2.794029850746269,0.9562135543105296,272,0.05454545454545454,0.9984319163907243,1.8705357142857142,208.0,4.0,5.7,0.0,0.0,0.0,4.0,0.9227952264055899,0,Textil hogar,Sabanas,Centro,Chico,Proveedor F,0,0,train
2024-12-01,T14,SKU00457,2,10.0,18.0,3.25,0.4376080516688676,1.0256410256410258,12.0,0,0,69534.14512820513,15,2,5.0,4.615384615384615,560850.0,324,5.289795918367347,19,0,160,21.0,0.0,0.0,0.0,0,0.0,1.0,30.0,73900.0,0.49404600811907984,19,28,21,1500,12,5.0,3.0,5.0,703874.52,18,3.6363636363636362,0.9790209790209787,0.13333333333333333,0.059077873772596434,0.004498076297239912,0.8796296296296295,1.1863945578231294,2.6122448979591835,0.9688164332516733,248,0.044,1.0032535068536987,1.5395833333333333,21.0,1.0,1.1,0.0,0.0,0.0,3.0,0.9132711367853275,0,Decoracion,Plantas artificiales,AMBA,Grande,Proveedor G,0,0,train
2024-12-01,T15,SKU00143,3,9.0,15.0,2.9166666666666665,0.4251813974990214,1.0285714285714287,11.0,0,0,7774.498,14,5,-10.0,4.8,61740.0,350,5.115712545676004,20,0,134,0.0,0.0,0.0,0.0,0,0.0,2.0,30.0,8400.0,0.475,19,10,35,600,12,3.0,3.0,5.0,72422.41999999998,17,8.727272727272727,-3.927272727272727,0.35714285714285715,0.07446452380952384,0.002995441371709859,0.8,1.0426309378806333,1.958587088915956,0.9657302982392585,279,0.02120141342756184,0.980085972453724,0.18791946308724833,70.0,2.0,8.5,0.0,0.0,0.0,7.0,0.9311575066103839,0,Iluminacion,Apliques,NOA,Mediano,Proveedor C,0,0,train
2024-12-01,T15,SKU00406,1,2.0,7.0,1.0833333333333333,1.0749232180442907,0.6153846153846154,8.0,0,0,43039.587692307694,7,4,-4.0,6.461538461538462,182490.0,159,5.678571428571429,18,0,45,0.0,0.0,0.0,0.0,0,0.0,1.0,30.0,48300.0,0.46024844720496894,16,32,147,600,12,0.0,1.0,4.0,86000.51000000001,14,7.764705882352941,-1.3031674208144794,0.5714285714285714,0.10891122790253227,0.0011125925094922333,0.7924528301886792,0.880952380952381,1.6071428571428572,0.9657302982392585,279,0.02120141342756184,0.9913293770841497,0.8994413407821229,147.0,1.0,5.2,0.0,0.0,0.0,3.0,0.942208704906112,0,Decoracion,Espejos,NOA,Mediano,Proveedor A,0,0,train
2024-12-01,T16,SKU00680,2,7.0,10.0,1.8333333333333333,0.511329199942414,1.272727272727273,12.0,0,0,22959.94090909091,8,1,5.0,4.363636363636364,102080.0,148,4.673684210526315,18,0,85,0.0,0.0,0.0,0.0,0,0.0,2.0,30.0,24500.0,0.4791836734693877,31,31,182,600,12,4.0,1.0,4.0,160002.5,26,1.7142857142857142,2.64935064935065,0.125,0.06285955473098326,0.0023184225128406255,0.972972972972973,1.0842105263157895,2.6842105263157894,0.9615130457799032,256,0.03861003861003861,0.8557538309909876,0.6960227272727273,0.0,0.0,12.8,0.0,0.0,0.0,3.0,0.9085247420970922,0,Organizacion,Cajas,NOA,Grande,Proveedor I,0,0,train
2024-12-01,T17,SKU00365,1,6.0,7.0,0.75,1.407052941362897,2.6666666666666665,5.0,0,0,31053.256666666668,2,1,-1.0,2.6666666666666665,34620.0,44,4.15748031496063,17,1,12,70.0,0.0,0.0,0.0,0,0.0,2.0,30.0,32800.0,0.47225609756097564,28,10,35,600,12,2.0,3.0,3.0,186528.72,26,7.199999999999999,-4.533333333333333,0.5,0.05325436991869914,0.0009155778234103605,0.7727272727272727,1.0708661417322836,1.1338582677165354,0.9310409155390688,262,0.05639097744360902,0.8915281146250433,0.8138957816377171,140.0,3.0,1.1,0.0,0.0,0.0,7.0,0.9001214988909584,0,Iluminacion,Lamparas de mesa,Centro,Chico,Proveedor C,0,0,train
2024-12-01,T17,SKU00590,8,21.0,42.0,6.916666666666667,0.18959597646527798,1.0120481927710843,12.0,0,0,73491.46819277108,48,11,46.0,6.9397590361445785,2218560.0,283,4.6267029972752045,9,0,136,0.0,0.0,0.0,0.0,0,0.0,2.0,30.0,78600.0,0.41195928753180666,26,56,52,600,12,7.0,6.0,9.0,1563609.7000000002,25,0.2962962962962963,6.643462739848282,0.22916666666666666,0.06499404334896852,0.00844366214922888,1.5265017667844523,1.0027247956403271,2.223433242506812,0.9310409155390688,262,0.05639097744360902,0.9131507815254437,1.617283950617284,52.0,1.0,5.0,0.0,0.0,0.0,3.0,0.9519115895467891,0,Organizacion,Percheros,Centro,Chico,Proveedor F,0,0,train
2024-12-01,T19,SKU00255,0,3.0,8.0,1.1666666666666667,1.7077798626782088,0.8571428571428571,9.0,1,0,17750.465,12,2,7.0,10.285714285714285,145680.0,157,6.408163265306122,16,2,48,0.0,0.0,0.0,0.0,0,0.0,1.0,30.0,19800.0,0.3868686868686869,15,11,36,800,12,3.0,0.0,3.0,50750.35999999999,13,4.230769230769231,6.054945054945054,0.16666666666666666,0.10351186868686868,0.001253261084937348,1.2229299363057324,1.034013605442177,1.9591836734693877,0.9560591705093483,283,0.02464788732394366,0.9413495127780841,0.3687150837988827,180.0,4.0,7.8,19.0,0.0,0.0,3.0,0.9101159466886004,0,Decoracion,Espejos,Cuyo,Mediano,Proveedor H,0,0,train
2024-12-01,T19,SKU00287,1,3.0,7.0,1.8333333333333333,0.7293359164598416,0.5454545454545455,11.0,0,0,29646.780454545456,9,1,6.0,4.909090909090909,162720.0,77,5.125567322239031,9,0,32,0.0,52.0,0.0,0.0,0,0.0,1.0,20.0,31700.0,0.4296529968454259,14,56,52,800,12,1.0,1.0,5.0,91750.07999999997,11,1.4210526315789473,3.488038277511962,0.1111111111111111,0.0647703326641812,0.001969410276330118,1.051948051948052,0.9097327281896116,2.130105900151286,0.9560591705093483,283,0.02464788732394366,0.9853415389237943,0.7354988399071926,0.0,0.0,,36.0,0.0,0.0,2.0,0.8717967921080653,0,Muebles,Sillas,Cuyo,Mediano,Proveedor F,0,0,train
2024-12-01,T19,SKU00546,6,23.0,44.0,6.916666666666667,0.30488442476432814,1.108433734939759,12.0,0,0,59325.864096385536,25,5,-2.0,3.614457831325301,1028500.0,680,5.934545454545455,18,0,269,147.0,0.0,0.0,0.0,0,0.0,2.0,30.0,64900.0,0.36610169491525424,20,32,147,800,12,9.0,8.0,10.0,1384702.3299999998,19,3.5604395604395607,0.05401827088574018,0.2,0.08588807247479913,0.007430047860699992,0.6617647058823529,1.1316363636363636,2.3476363636363637,0.9560591705093483,283,0.02464788732394366,0.932901434521055,1.3520833333333333,147.0,1.0,1.8,0.0,0.0,0.0,7.0,0.8996381720295902,0,Iluminacion,Guirnaldas,Cuyo,Mediano,Proveedor A,0,0,train
2024-12-01,T20,SKU00114,2,4.0,8.0,0.9166666666666666,0.9821854225947492,1.4545454545454546,8.0,0,0,32086.69727272727,3,1,0.0,3.272727272727273,61110.0,57,4.621621621621621,17,2,28,0.0,0.0,0.0,0.0,0,0.0,1.0,25.0,34900.0,0.41633237822349567,30,46,192,450,12,1.0,1.0,3.0,128933.39,29,4.0,-0.7272727272727271,0.3333333333333333,0.08061039333159681,0.0011674141762213765,0.8947368421052632,1.0,2.27027027027027,0.9657699094195026,268,0.025925925925925925,0.9741794310722101,0.6897233201581028,0.0,0.0,16.9,0.0,0.0,0.0,3.0,0.9442725238143012,0,Bano,Accesorios de bano,AMBA,Mediano,Proveedor B,0,0,train
2024-12-01,T22,SKU00049,6,18.0,28.0,6.083333333333333,0.5359203591628676,0.9863013698630138,12.0,0,0,27542.275616438354,51,4,24.0,8.383561643835616,865470.0,258,4.867924528301887,8,0,75,0.0,0.0,0.0,0.0,0,0.0,1.0,15.0,30100.0,0.43621262458471766,21,25,153,1500,12,4.0,8.0,13.0,499675.91,20,4.5,3.883561643835616,0.0784313725490196,0.08497423201201482,0.006908519331379218,1.5813953488372092,1.0880503144654088,1.4150943396226414,0.9520507462147252,274,0.05434782608695652,0.984685381075655,0.4519519519519519,153.0,1.0,8.7,55.0,0.0,0.0,4.0,0.9692772174947035,0,Cocina y mesa,Manteleria,AMBA,Mediano,Proveedor D,0,0,train
2024-12-01,T22,SKU00187,0,0.0,3.0,0.5833333333333334,1.3593625047407298,0.0,5.0,3,0,10593.474285714286,3,0,-1.0,5.142857142857142,16890.0,21,3.7611940298507465,7,0,5,0.0,0.0,0.0,0.0,0,0.0,1.0,25.0,11400.0,0.506140350877193,28,31,182,1500,12,0.0,0.0,2.0,0.0,25,4.8,0.3428571428571425,0.0,0.07074786967418545,0.0006624607578034867,1.0,0.7164179104477613,0.8955223880597015,0.9520507462147252,274,0.05434782608695652,1.0036097925294452,0.22529644268774704,0.0,0.0,,0.0,0.0,0.0,3.0,0.9158384140024768,0,Bano,Accesorios de bano,AMBA,Mediano,Proveedor I,0,0,train
2024-12-01,T22,SKU00375,12,23.0,46.0,10.416666666666666,0.43602168419805576,0.7360000000000001,12.0,0,0,32737.82608,82,14,16.0,7.872000000000001,1793340.0,706,5.403061224489797,10,0,318,105.0,0.0,0.0,0.0,0,0.0,1.0,30.0,35800.0,0.38910614525139664,16,10,35,1500,12,7.0,4.0,21.0,753195.55,15,5.462068965517241,2.40993103448276,0.17073170731707318,0.08553558435754194,0.011829656389347975,1.161473087818697,1.028061224489796,2.433673469387755,0.9520507462147252,274,0.05434782608695652,0.9728239546988983,0.7061143984220908,140.0,2.0,3.0,0.0,1.0,0.0,3.0,0.9371439938227153,0,Decoracion,Cuadros,AMBA,Mediano,Proveedor C,0,0,train
2024-12-01,T22,SKU00524,2,7.0,14.0,1.9166666666666667,0.46974085428444506,1.2173913043478262,11.0,0,0,16821.438260869567,8,0,-3.0,4.173913043478261,65360.0,126,5.361702127659575,14,0,29,155.0,0.0,0.0,0.0,0,0.0,1.0,30.0,18000.0,0.5461111111111111,22,52,155,1500,12,2.0,3.0,3.0,121895.23999999999,20,5.739130434782608,-1.5652173913043477,0.0,0.06547565217391293,0.002176656775640028,0.8888888888888888,1.0780141843971631,1.2340425531914894,0.9520507462147252,274,0.05434782608695652,0.9728239546988983,0.375,775.0,3.0,2.9,0.0,0.0,0.0,3.0,0.9371439938227153,0,Decoracion,Plantas artificiales,AMBA,Mediano,Proveedor J,0,0,train
2024-12-01,T25,SKU00678,4,13.0,35.0,6.833333333333333,0.2778970294260452,0.6341463414634146,12.0,0,0,76261.41902439024,43,2,0.0,6.2926829268292686,1983160.0,447,5.084360189573459,13,0,169,0.0,108.0,0.0,0.0,0,0.0,1.0,30.0,79900.0,0.4227784730913642,32,11,36,1500,12,4.0,5.0,10.0,1002228.46,30,5.608695652173913,0.6839872746553555,0.046511627906976744,0.04553918617784425,0.008016267835264893,1.250559284116331,0.9819905213270141,1.9222748815165875,0.9760294886254229,265,0.045112781954887216,0.9064606252538903,1.6750524109014675,72.0,2.0,9.7,44.0,0.0,0.0,3.0,0.8793861464730813,0,Decoracion,Velas,Centro,Grande,Proveedor H,0,0,train
2024-12-01,T25,SKU00730,12,28.0,50.0,7.416666666666667,0.34234899228207966,1.2584269662921348,12.0,0,0,33263.074044943816,24,3,-19.0,3.235955056179775,463440.0,154,4.4,5,0,91,576.0,0.0,0.0,0.0,0,0.0,1.0,30.0,36100.0,0.4650969529085872,32,46,192,1500,12,10.0,6.0,12.0,910049.2100000001,31,6.37037037037037,-3.134415314190595,0.125,0.07858520651125167,0.008700583382177749,0.7792207792207793,1.0666666666666667,2.6,0.9760294886254229,265,0.045112781954887216,0.9064606252538903,0.7568134171907757,576.0,1.0,1.2,0.0,0.0,0.0,3.0,0.8793861464730813,0,Decoracion,Velas,Centro,Grande,Proveedor B,0,0,train
2024-12-01,T26,SKU00475,1,1.0,3.0,0.8333333333333334,0.8612886750783282,0.39999999999999997,8.0,0,0,51731.208999999995,8,2,2.0,9.6,230480.0,61,4.518518518518518,8,0,45,182.0,0.0,0.0,0.0,0,0.0,1.0,30.0,54900.0,0.47522768670309656,16,31,182,1200,12,0.0,0.0,2.0,49942.05,14,5.538461538461539,4.06153846153846,0.25,0.057719326047358965,0.0010042436030660645,1.0491803278688525,1.1604938271604939,3.3333333333333335,0.941578802234742,267,0.06691449814126393,0.9826424369010267,1.0223463687150838,364.0,2.0,2.5,0.0,0.0,0.0,3.0,0.9434885941025102,0,Decoracion,Espejos,NOA,Mediano,Proveedor I,0,0,train
2024-12-01,T27,SKU00513,0,4.0,9.0,1.5,1.044465935734187,0.8888888888888888,8.0,1,0,47785.24277777778,12,2,5.0,8.0,327360.0,118,5.186813186813187,12,0,50,576.0,0.0,0.0,0.0,0,0.0,1.0,25.0,52800.0,0.4833333333333333,21,46,192,1200,12,3.0,1.0,5.0,186028.71000000002,18,4.421052631578948,3.578947368421052,0.16666666666666666,0.09497646254208758,0.0017570158619487537,1.2203389830508473,0.9377289377289377,2.197802197802198,0.9690918598570682,266,0.022304832713754646,0.9862642724699913,1.0434782608695652,768.0,2.0,1.5,43.0,0.0,0.0,3.0,0.8877661998881827,0,Bano,Accesorios de bano,AMBA,Chico,Proveedor B,0,0,train
2025-01-01,T01,SKU00508,5,7.0,22.0,3.1666666666666665,0.6710174491199313,0.736842105263158,11.0,0,0,64223.88684210527,15,5,1.0,4.736842105263158,630600.0,260,4.596839003482454,18,0,97,0.0,0.0,0.0,0.0,0,0.0,0.0,0.0,70500.0,0.4036879432624113,13,25,153,800,1,2.0,0.0,8.0,465944.94999999995,12,3.58974358974359,1.1470985155195685,0.3333333333333333,0.08902288167226569,0.003703612756528345,1.0384615384615385,1.1138494508438253,1.7149745512992232,0.931361144773286,268,0.03731343283582089,1.007334262066705,1.7153284671532847,306.0,2.0,8.9,0.0,0.0,0.0,4.0,0.8928595537824643,0,Cocina y mesa,Cristaleria,Cuyo,Grande,Proveedor D,0,0,embargo
2025-01-01,T04,SKU00013,7,23.0,44.0,5.166666666666667,0.853024689555579,1.4838709677419355,11.0,0,0,11073.619838709677,23,7,-6.0,4.451612903225806,126730.0,518,5.405217391304348,15,0,206,0.0,0.0,0.0,0.0,0,0.0,0.0,0.0,11800.0,0.5330508474576271,35,32,147,450,1,7.0,9.0,9.0,254480.3,31,6.2142857142857135,-1.7626728110599075,0.30434782608695654,0.061557640787315515,0.005237426720091687,0.666023166023166,1.0504347826086957,2.1495652173913045,0.9670655014775745,298,0.026578073089700997,0.9774119893187477,0.24737945492662475,441.0,1.0,5.4,0.0,0.0,0.0,3.0,0.9021064703941206,0,Decoracion,Velas,Centro,Grande,Proveedor A,0,0,embargo
2025-01-01,T04,SKU00372,2,4.0,11.0,1.8333333333333333,0.9254722432508706,0.7272727272727273,10.0,0,0,61196.026818181825,7,4,-3.0,3.8181818181818183,287910.0,146,5.544303797468355,15,0,48,0.0,0.0,0.0,0.0,0,0.0,0.0,0.0,66700.0,0.3833583208395802,17,11,36,450,1,1.0,1.0,4.0,245152.39999999997,16,4.285714285714286,-0.46753246753246724,0.5714285714285714,0.08251833855799362,0.0018584417393873725,0.7191780821917809,1.0886075949367089,1.8227848101265824,0.9670655014775745,298,0.026578073089700997,0.9482502381635449,1.378099173553719,0.0,0.0,17.0,0.0,1.0,0.0,4.0,0.9218916924829406,0,Textil hogar,Acolchados,Centro,Grande,Proveedor H,0,0,embargo
2025-01-01,T05,SKU00032,12,33.0,76.0,13.25,0.1879918869134855,0.8301886792452831,12.0,0,0,35391.051132075474,42,6,-7.0,3.169811320754717,815220.0,987,5.01864406779661,15,0,268,153.0,0.0,0.0,0.0,0,0.0,0.0,0.0,37200.0,0.47822580645161294,24,25,153,450,1,12.0,9.0,18.0,1173762.2500000002,22,3.7452229299363053,-0.5754116091815882,0.14285714285714285,0.04862765773990663,0.013974824009637222,0.6382978723404256,0.9949152542372881,1.3627118644067797,0.9123186994970715,273,0.04659498207885305,0.9590207262746272,0.7337278106508875,306.0,2.0,2.4,0.0,1.0,0.0,3.0,0.9247210929633299,0,Decoracion,Cuadros,AMBA,Mediano,Proveedor D,0,0,embargo
2025-01-01,T05,SKU00557,1,5.0,13.0,2.0,0.5222329678670938,0.8333333333333334,11.0,0,0,41336.543333333335,5,3,-8.0,2.5,145800.0,79,4.289592760180995,11,0,31,0.0,0.0,0.0,0.0,0,0.0,0.0,0.0,44900.0,0.3505567928730512,20,56,52,450,1,2.0,2.0,4.0,205400.69999999998,19,7.8,-5.3,0.6,0.07936429101707498,0.00210940739768109,0.6962025316455697,0.9773755656108597,1.683257918552036,0.9123186994970715,273,0.04659498207885305,0.936627603276104,0.9238683127572016,104.0,2.0,4.6,0.0,0.0,0.0,3.0,0.936298219057188,0,Organizacion,Percheros,AMBA,Mediano,Proveedor F,0,0,embargo
2025-01-01,T08,SKU00428,0,3.0,7.0,1.1666666666666667,0.8827348295047496,0.8571428571428571,9.0,1,0,12058.397142857142,4,0,-5.0,3.4285714285714284,32080.0,59,4.783783783783783,8,0,14,0.0,0.0,0.0,0.0,0,0.0,0.0,0.0,13300.0,0.39699248120300756,26,37,193,600,1,3.0,0.0,3.0,36448.28,25,6.352941176470588,-2.9243697478991595,0.0,0.09335359828141787,0.0012865145980421589,0.5423728813559322,1.054054054054054,1.135135135135135,0.967826553327144,270,0.033210332103321034,0.9976651390442909,0.26232741617357,193.0,1.0,6.0,0.0,0.0,0.0,3.0,0.8883417056729402,0,Decoracion,Cuadros,Patagonia,Grande,Proveedor E,0,0,embargo
2025-01-01,T09,SKU00627,0,4.0,5.0,1.5,0.9211323729436766,0.8888888888888888,8.0,2,0,71597.17944444444,9,0,1.0,6.0,363960.0,128,4.907348242811501,17,0,38,0.0,0.0,0.0,0.0,0,0.0,0.0,0.0,78400.0,0.48418367346938773,34,31,182,600,1,0.0,4.0,4.0,301960.48,33,6.0,0.0,0.0,0.08677067035147401,0.0016577690160817949,1.1953125,1.1501597444089455,1.4568690095846644,0.944928339166623,283,0.04225352112676056,0.9912520340401667,1.4599627560521415,0.0,0.0,16.7,0.0,0.0,0.0,3.0,0.9156537413461941,0,Decoracion,Espejos,NOA,Mediano,Proveedor I,0,0,embargo
2025-01-01,T09,SKU00737,2,16.0,29.0,5.333333333333333,0.4950034435141934,1.0,12.0,0,0,38266.03640625,49,8,25.0,9.1875,959910.0,570,4.981791697013838,25,0,268,0.0,0.0,0.0,0.0,0,0.0,0.0,0.0,41700.0,0.5302158273381294,33,52,155,600,1,8.0,6.0,9.0,586972.49,32,4.235294117647059,4.952205882352941,0.16326530612244897,0.08234924685251799,0.0058942898349574925,2.1491228070175437,1.0371449380917699,2.3423160961398395,0.944928339166623,283,0.04225352112676056,0.9778726664453354,1.0,0.0,0.0,23.0,0.0,0.0,0.0,4.0,0.9075143590214996,0,Cocina y mesa,Cubiertos,NOA,Mediano,Proveedor J,0,0,embargo
2025-01-01,T10,SKU00760,4,10.0,21.0,3.8333333333333335,0.5077167027140368,0.8695652173913043,12.0,0,0,63879.1854347826,24,5,12.0,6.260869565217391,757680.0,309,6.0,16,1,91,153.0,0.0,0.0,0.0,0,0.0,0.0,0.0,68700.0,0.5404657933042212,15,25,153,450,1,1.0,5.0,8.0,650217.97,12,3.1578947368421053,3.1029748283752854,0.20833333333333334,0.07017197329282965,0.004783946469502882,1.2427184466019416,0.9967637540453075,1.766990291262136,0.9405654754387838,248,0.024,0.9265468035195186,1.6474820143884892,153.0,1.0,1.7,24.0,0.0,0.0,4.0,0.9317644940545821,0,Cocina y mesa,Cubiertos,AMBA,Mediano,Proveedor D,0,0,embargo
2025-01-01,T12,SKU00001,4,12.0,21.0,3.0,0.37605071654517747,1.3333333333333333,12.0,0,0,16462.47611111111,13,4,-5.0,4.333333333333333,105560.0,208,6.432989690721649,10,1,69,0.0,0.0,0.0,0.0,0,0.0,0.0,0.0,17900.0,0.5463687150837988,17,11,36,1200,1,5.0,3.0,5.0,188058.72999999998,16,6.545454545454546,-2.212121212121213,0.3076923076923077,0.08030859714463068,0.0037717528908608193,0.625,1.0618556701030928,2.134020618556701,0.994485512223636,256,0.06589147286821706,1.0629135595000527,0.3849462365591398,0.0,0.0,14.2,0.0,0.0,0.0,3.0,0.9403440773381428,0,Bano,Alfombras de bano,Cuyo,Chico,Proveedor H,0,0,embargo
2025-01-01,T12,SKU00503,0,1.0,6.0,1.1666666666666667,0.8035173141952217,0.2857142857142857,9.0,1,0,6084.469285714285,1,3,-2.0,0.8571428571428571,4090.0,53,4.025316455696203,18,0,15,36.0,0.0,0.0,0.0,0,0.0,0.0,0.0,6300.0,0.35079365079365077,19,11,36,1200,1,1.0,0.0,3.0,6285.89,18,2.4,-1.5428571428571427,3.0,0.034211224489795966,0.0014667927908903187,0.33962264150943394,0.8860759493670886,1.139240506329114,0.994485512223636,256,0.06589147286821706,0.9942272083651018,0.14617169373549885,72.0,2.0,1.3,0.0,0.0,0.0,2.0,0.9090088613798142,0,Muebles,Sillas,Cuyo,Chico,Proveedor H,0,0,embargo
2025-01-01,T13,SKU00182,2,2.0,6.0,1.6666666666666667,1.0954451150103321,0.39999999999999997,7.0,0,0,58080.203,8,0,-2.0,4.8,326640.0,127,4.948051948051948,15,0,28,155.0,0.0,0.0,0.0,0,0.0,0.0,0.0,63700.0,0.3590266875981162,31,52,155,1200,1,0.0,0.0,6.0,125640.32000000007,27,5.217391304347826,-0.41739130434782634,0.0,0.08822287284144426,0.0019321162255733148,0.9448818897637795,0.8961038961038961,1.0909090909090908,0.9579432246392494,274,0.046762589928057555,0.9927360774818401,1.6763157894736842,310.0,2.0,2.7,0.0,0.0,0.0,2.0,0.9068404914276189,0,Muebles,Mesas auxiliares,Centro,Chico,Proveedor J,0,0,embargo
2025-01-01,T13,SKU00217,3,5.0,8.0,1.5833333333333333,0.9505528616999284,1.0526315789473686,7.0,0,0,31975.08210526316,5,1,-5.0,3.1578947368421053,84100.0,38,4.035398230088496,6,0,26,0.0,0.0,0.0,0.0,0,0.0,0.0,0.0,34500.0,0.5124637681159421,36,37,193,1200,1,2.0,0.0,4.0,161732.16999999998,32,7.5,-4.342105263157895,0.2,0.07318602593440116,0.0018355104142946488,0.7894736842105263,1.0265486725663717,2.761061946902655,0.9579432246392494,274,0.046762589928057555,0.9927360774818401,0.9078947368421053,193.0,1.0,7.5,0.0,0.0,0.0,2.0,0.9068404914276189,0,Muebles,Mesas auxiliares,Centro,Chico,Proveedor E,0,0,embargo
2025-01-01,T13,SKU00785,3,6.0,10.0,1.1666666666666667,1.0862609696792977,1.7142857142857142,8.0,0,0,71770.005,5,1,-3.0,4.285714285714286,202600.0,356,5.061611374407583,18,0,114,70.0,0.0,0.0,0.0,0,0.0,0.0,0.0,75000.0,0.4597333333333333,31,10,35,1200,1,0.0,3.0,3.0,433098.53,28,6.0,-1.7142857142857144,0.2,0.043066599999999955,0.0013524813579013203,0.25280898876404495,0.9620853080568722,1.6208530805687205,0.9579432246392494,274,0.046762589928057555,0.8842051150237759,1.963350785340314,70.0,1.0,0.8,0.0,1.0,0.0,3.0,0.9465803409079298,0,Bano,Cortinas de bano,Centro,Chico,Proveedor C,0,0,embargo
2025-01-01,T14,SKU00562,3,12.0,22.0,3.5833333333333335,0.27801067531970836,1.1162790697674418,12.0,0,0,25418.821860465112,11,7,-5.0,3.069767441860465,157960.0,202,4.530841121495327,13,0,85,0.0,0.0,0.0,0.0,0,0.0,0.0,0.0,27400.0,0.4759124087591241,21,10,35,1500,1,5.0,4.0,5.0,297934.05,18,4.363636363636364,-1.2938689217758994,0.6363636363636364,0.07230577151587181,0.004484513867048724,0.7079207920792079,1.0990654205607475,1.9065420560747663,0.9640661903953118,257,0.053231939163498096,0.997205371140345,0.541501976284585,140.0,3.0,3.5,46.0,1.0,0.0,3.0,0.9132933493447202,0,Bano,Accesorios de bano,AMBA,Grande,Proveedor C,0,0,embargo
2025-01-01,T14,SKU00696,3,17.0,22.0,3.5833333333333335,0.6779451430550896,1.5813953488372092,12.0,0,0,15867.706511627906,17,3,-3.0,4.7441860465116275,134640.0,284,5.25115562403698,17,0,141,0.0,0.0,0.0,0.0,0,0.0,0.0,0.0,17100.0,0.5368421052631579,23,10,35,1500,1,6.0,8.0,8.0,270710.32999999996,20,6.315789473684211,-1.5716034271725832,0.17647058823529413,0.07206394668842653,0.004484513867048724,1.0176056338028168,1.0292758089368257,2.6070878274268106,0.9640661903953118,257,0.053231939163498096,0.9330545532275119,0.33727810650887574,35.0,1.0,8.5,4.0,0.0,0.0,3.0,0.8876240706622279,0,Decoracion,Cuadros,AMBA,Grande,Proveedor C,0,0,embargo
2025-01-01,T14,SKU00794,4,10.0,19.0,3.1666666666666665,0.5524606707698013,1.0526315789473686,12.0,0,0,34229.56842105263,13,2,-13.0,4.105263157894737,243620.0,341,5.763380281690141,19,0,120,0.0,0.0,0.0,0.0,0,0.0,0.0,0.0,36500.0,0.4865753424657534,31,28,21,1500,1,4.0,2.0,6.0,340414.64,28,8.210526315789474,-4.105263157894737,0.15384615384615385,0.06220360490266763,0.003963058766229105,0.7243401759530792,1.0704225352112677,2.028169014084507,0.9640661903953118,257,0.053231939163498096,0.9566662475951812,0.8147321428571429,0.0,0.0,14.2,0.0,0.0,0.0,4.0,0.925921687984654,0,Textil hogar,Sabanas,AMBA,Grande,Proveedor G,0,0,embargo
2025-01-01,T16,SKU00376,4,16.0,33.0,5.833333333333333,0.22921985945880735,0.9142857142857143,12.0,0,0,9295.164714285715,51,10,2.0,8.742857142857144,268260.0,402,5.2663755458515285,12,0,138,155.0,0.0,0.0,7.0,0,0.0,0.0,0.0,10200.0,0.484313725490196,15,52,155,600,1,5.0,7.0,9.0,148530.03,13,8.421875,0.32098214285714377,0.19607843137254902,0.08870934173669465,0.006991846780228614,1.5223880597014925,0.9082969432314411,1.8078602620087338,0.9552860372300923,260,0.04182509505703422,0.8988636363636363,0.20987654320987653,620.0,2.0,0.0,0.0,2.0,0.0,3.0,0.9235552477877709,0,Organizacion,Percheros,NOA,Grande,Proveedor J,0,0,embargo
2025-01-01,T16,SKU00425,0,1.0,3.0,0.3333333333333333,2.662876093795784,1.0,6.0,2,0,40185.7375,5,0,3.0,15.0,103400.0,55,5.641025641025641,16,1,11,21.0,0.0,0.0,0.0,0,0.0,0.0,0.0,40300.0,0.48684863523573196,28,28,21,600,1,0.0,1.0,1.0,40248.12,27,6.0,9.0,0.0,0.0028352977667492896,0.00039953410172734936,1.4545454545454546,0.6495726495726496,1.1282051282051282,0.9552860372300923,260,0.04182509505703422,0.908431949048321,1.0,21.0,1.0,0.2,0.0,0.0,0.0,7.0,0.9121479397895059,0,Iluminacion,Lamparas de mesa,NOA,Grande,Proveedor G,0,1,embargo
2025-01-01,T17,SKU00528,0,1.0,7.0,1.75,0.9784315949006421,0.19047619047619047,9.0,1,0,60007.46523809524,12,3,8.0,6.857142857142857,477960.0,155,4.986595174262734,18,0,20,0.0,0.0,0.0,0.0,0,0.0,0.0,0.0,65400.0,0.3909785932721712,19,46,192,600,1,1.0,0.0,5.0,61201.93,18,1.8461538461538463,5.010989010989011,0.25,0.08245465996796275,0.0020012500902955293,1.3935483870967742,0.7828418230563002,0.6434316353887399,0.9323919468310219,274,0.05734767025089606,1.0025411042481729,1.4663677130044843,0.0,0.0,12.1,0.0,0.0,0.0,4.0,0.854012672306664,0,Textil hogar,Cortinas,Centro,Chico,Proveedor B,0,0,embargo
2025-01-01,T19,SKU00251,3,15.0,24.0,3.5,0.49487165930539356,1.4285714285714286,12.0,0,0,13871.585476190476,8,7,-13.0,2.2857142857142856,66160.0,268,4.872727272727273,16,0,83,153.0,306.0,0.0,0.0,0,0.0,0.0,0.0,14500.0,0.42965517241379314,22,25,153,800,1,5.0,7.0,7.0,215113.3,21,6.0,-3.7142857142857144,0.875,0.04333893267651889,0.003620309601025986,0.47761194029850745,1.018181818181818,1.509090909090909,0.9619679797011905,294,0.03741496598639456,0.9750139347273261,0.3251121076233184,306.0,2.0,1.7,28.0,0.0,0.0,4.0,0.923223585160337,0,Textil hogar,Cortinas,Cuyo,Mediano,Proveedor D,0,0,embargo
2025-01-01,T20,SKU00201,2,3.0,6.0,1.1666666666666667,1.0229282424683228,0.8571428571428571,7.0,0,0,29938.929285714286,10,1,6.0,8.571428571428571,203700.0,138,5.32475884244373,16,1,46,0.0,0.0,0.0,0.0,0,0.0,0.0,0.0,32400.0,0.37129629629629635,24,28,21,450,1,1.0,0.0,3.0,87767.85,20,3.4285714285714284,5.142857142857142,0.1,0.07595897266313933,0.0013800387255764831,1.1594202898550725,0.8231511254019291,1.77491961414791,0.9250202429149798,274,0.035842293906810034,0.9154900342569822,0.8329048843187661,21.0,1.0,11.1,0.0,1.0,0.0,4.0,0.8777694980080132,0,Textil hogar,Toallas,AMBA,Mediano,Proveedor G,0,0,embargo
2025-01-01,T20,SKU00476,2,12.0,19.0,3.3333333333333335,0.5477225575051661,1.2,11.0,0,0,12950.594000000001,12,3,-8.0,3.5999999999999996,108360.0,122,4.575,8,0,43,0.0,0.0,0.0,0.0,0,0.0,0.0,0.0,14500.0,0.37724137931034485,28,46,192,450,1,5.0,5.0,6.0,157369.7,24,6.153846153846154,-2.5538461538461545,0.25,0.1068555862068965,0.00394296778736138,0.7868852459016393,0.9500000000000001,1.6125,0.9250202429149798,274,0.035842293906810034,0.9359910857991829,0.3039832285115304,0.0,0.0,,0.0,0.0,0.0,3.0,0.9084690891110467,0,Decoracion,Velas,AMBA,Mediano,Proveedor B,0,0,embargo
2025-01-01,T20,SKU00644,1,2.0,4.0,0.4166666666666667,1.2358287613066492,1.5999999999999999,5.0,0,0,27731.683999999997,3,4,2.0,7.199999999999999,55890.0,52,5.073170731707317,15,0,20,0.0,0.0,0.0,0.0,0,0.0,0.0,0.0,30300.0,0.38514851485148516,26,46,192,450,1,0.0,1.0,1.0,55950.01,25,3.0,4.199999999999999,1.3333333333333333,0.0847629042904291,0.0004928709734201724,0.8653846153846153,0.8130081300813009,1.951219512195122,0.9250202429149798,274,0.035842293906810034,0.930808100498526,0.7266187050359713,0.0,0.0,,0.0,0.0,0.0,4.0,0.8653547472893713,0,Cocina y mesa,Cubiertos,AMBA,Mediano,Proveedor B,0,0,embargo
2025-01-01,T22,SKU00638,1,5.0,8.0,1.1666666666666667,0.9554064497532218,1.4285714285714286,8.0,0,0,46424.299999999996,5,1,0.0,4.285714285714286,134550.0,38,5.560975609756097,11,1,4,0.0,0.0,0.0,0.0,0,0.0,0.0,0.0,50300.0,0.4650099403578529,25,56,52,1500,1,1.0,3.0,3.0,237841.96,21,5.454545454545455,-1.1688311688311694,0.2,0.0770516898608351,0.001236578922202553,1.4473684210526316,1.121951219512195,0.5853658536585366,0.9546389279403708,284,0.03484320557491289,0.9736164288200487,1.1252796420581654,0.0,0.0,13.4,0.0,0.0,0.0,7.0,0.8999471344453822,0,Iluminacion,Apliques,AMBA,Mediano,Proveedor F,0,0,embargo
2025-01-01,T26,SKU00222,0,2.0,2.0,0.75,1.1547005383792515,0.8888888888888888,7.0,1,0,56362.83888888889,3,0,1.0,4.0,121080.0,33,3.7009345794392527,11,0,11,0.0,0.0,0.0,0.0,0,0.0,0.0,0.0,62800.0,0.35732484076433124,15,11,36,1200,1,1.0,1.0,3.0,110799.07,13,2.75,1.25,0.0,0.10250256546355274,0.0008334933635245824,1.0,0.7850467289719627,1.2336448598130842,0.960184354780319,280,0.04240282685512368,0.9615949694405266,1.3165618448637317,0.0,0.0,14.7,0.0,0.0,0.0,3.0,0.9186358441531551,0,Decoracion,Velas,NOA,Mediano,Proveedor H,0,0,embargo
2025-01-01,T26,SKU00562,4,14.0,24.0,3.5,0.46391093764913643,1.3333333333333335,12.0,0,0,24950.760238095238,15,4,-9.0,4.285714285714286,215400.0,202,4.530841121495327,13,0,85,0.0,0.0,0.0,13.0,0,0.0,0.0,0.0,27400.0,0.4759124087591241,21,10,35,1200,1,3.0,7.0,7.0,351051.49,18,7.024390243902439,-2.7386759581881535,0.26666666666666666,0.08938831247827606,0.003889635696448052,0.9653465346534653,1.0990654205607475,1.9065420560747663,0.960184354780319,280,0.04240282685512368,1.0216475374110126,0.541501976284585,140.0,3.0,3.5,0.0,1.0,0.0,3.0,0.9038148984439898,0,Bano,Accesorios de bano,NOA,Mediano,Proveedor C,0,0,embargo
2025-01-01,T26,SKU00589,1,9.0,24.0,4.416666666666667,0.5829380949559666,0.6792452830188679,12.0,0,0,47416.36641509434,16,2,-2.0,3.622641509433962,432000.0,201,5.532110091743119,11,0,105,0.0,0.0,0.0,0.0,0,0.0,0.0,0.0,51400.0,0.47470817120622566,26,37,193,1200,1,7.0,1.0,8.0,432911.21,23,4.319999999999999,-0.6973584905660375,0.125,0.07750259892812572,0.004908349807422541,0.8756218905472637,1.018348623853211,2.8899082568807337,0.960184354780319,280,0.04240282685512368,1.0216475374110126,1.0158102766798418,193.0,1.0,9.2,0.0,0.0,0.0,3.0,0.9038148984439898,0,Bano,Accesorios de bano,NOA,Mediano,Proveedor E,0,0,embargo
2025-01-01,T26,SKU00637,0,1.0,3.0,0.5833333333333334,1.1460992972940367,0.5714285714285714,6.0,2,0,48130.96428571428,2,0,-1.0,3.4285714285714284,57880.0,36,3.8571428571428568,13,0,15,0.0,0.0,46.0,0.0,0,0.0,0.0,0.0,50400.0,0.42579365079365084,29,25,153,1200,1,0.0,1.0,2.0,48127.73,27,6.0,-2.5714285714285716,0.0,0.04502054988662141,0.0006482726160746753,0.7222222222222222,0.8571428571428571,1.607142857142857,0.960184354780319,280,0.04240282685512368,0.8731646740850764,1.250620347394541,153.0,1.0,10.0,46.0,0.0,0.0,7.0,0.9326782910108552,0,Iluminacion,Lamparas de mesa,NOA,Mediano,Proveedor D,0,0,embargo
2025-01-01,T27,SKU00036,2,9.0,16.0,3.5833333333333335,0.497201964991932,0.8372093023255813,12.0,0,0,29080.080465116283,11,4,2.0,3.069767441860465,206470.0,116,4.64,7,0,34,0.0,0.0,0.0,0.0,0,0.0,0.0,0.0,31400.0,0.4022292993630573,20,11,36,1200,1,4.0,3.0,6.0,264948.49,17,2.8421052631578947,0.2276621787025701,0.36363636363636365,0.07388278773515022,0.004005384385041436,0.6637931034482758,0.96,1.36,0.9571937195508324,276,0.050359712230215826,0.9687341335405383,0.7008928571428571,0.0,0.0,14.6,0.0,0.0,0.0,4.0,0.8864248086182808,0,Textil hogar,Sabanas,AMBA,Chico,Proveedor H,0,0,embargo
2025-01-01,T27,SKU00773,10,26.0,44.0,7.833333333333333,0.33036388095439956,1.1063829787234043,12.0,0,0,48630.814468085104,38,4,10.0,4.851063829787234,1061340.0,452,5.328094302554028,13,0,152,0.0,0.0,0.0,0.0,0,0.0,0.0,0.0,52800.0,0.4710227272727273,28,10,35,1200,1,6.0,10.0,11.0,1270646.0,25,4.0,0.8510638297872344,0.10526315789473684,0.07896184719535793,0.00875595656264872,1.092920353982301,1.0019646365422397,1.7917485265225934,0.9571937195508324,276,0.050359712230215826,0.9378031829110994,1.1,35.0,1.0,10.7,3.0,0.0,0.0,7.0,0.8915943834695347,0,Iluminacion,Guirnaldas,AMBA,Chico,Proveedor C,0,0,embargo
2025-01-01,T28,SKU00534,10,26.0,38.0,6.416666666666667,0.4903897104436293,1.3506493506493504,12.0,0,0,4147.947792207792,31,6,10.0,4.831168831168831,88350.0,647,5.502480510276399,18,0,223,0.0,0.0,0.0,0.0,0,0.0,0.0,0.0,4500.0,0.3666666666666667,16,37,193,1500,1,9.0,7.0,10.0,108964.9,12,3.8181818181818183,1.0129870129870122,0.1935483870967742,0.07823382395382394,0.007015542145375428,0.8624420401854714,1.0545712260807938,1.8965272856130402,0.9315182194067321,278,0.06028368794326241,0.8104686590090051,0.11166253101736973,193.0,1.0,8.7,0.0,0.0,0.0,7.0,0.9401180368191281,0,Iluminacion,Lamparas de mesa,AMBA,Grande,Proveedor E,0,0,embargo
2025-02-01,T01,SKU00188,0,1.0,5.0,0.6666666666666666,0.9770084209183945,0.5,7.0,1,0,25861.19875,3,1,2.0,4.5,45270.0,50,4.580152671755726,16,0,19,0.0,0.0,0.0,0.0,0,0.0,0.0,0.0,27700.0,0.4552346570397112,19,56,52,800,2,1.0,0.0,2.0,25258.759999999984,18,1.0,3.5,0.3333333333333333,0.0663827166064982,0.000816801392487257,0.96,0.9770992366412213,1.7404580152671756,0.975260862629785,266,0.040740740740740744,0.9627785817655571,0.725130890052356,104.0,2.0,9.5,0.0,0.0,0.0,2.0,0.9132397287081337,0,Bano,Cortinas de bano,Cuyo,Grande,Proveedor F,0,0,embargo
2025-02-01,T01,SKU00731,0,5.0,14.0,2.75,0.6601231586021772,0.6060606060606061,10.0,2,0,55263.84818181818,14,0,4.0,5.090909090909091,391580.0,146,4.1913875598086126,9,0,57,0.0,0.0,0.0,0.0,0,0.0,0.0,0.0,60200.0,0.5353820598006644,32,37,193,800,2,0.0,5.0,5.0,267113.29,31,3.076923076923077,2.0139860139860137,0.0,0.0819958773784355,0.003369305744009935,0.863013698630137,0.9952153110047846,1.6363636363636362,0.975260862629785,266,0.040740740740740744,0.9540108691911308,1.464720194647202,386.0,2.0,7.0,0.0,0.0,0.0,4.0,0.8930575229439632,0,Cocina y mesa,Cristaleria,Cuyo,Grande,Proveedor E,0,0,embargo
2025-02-01,T02,SKU00316,0,1.0,3.0,0.75,1.6205747826813257,0.4444444444444444,5.0,1,0,26974.155555555553,4,0,1.0,5.333333333333333,67560.0,64,5.12,18,0,13,0.0,153.0,0.0,0.0,0,0.0,0.0,0.0,29000.0,0.4175862068965517,11,25,153,450,2,1.0,0.0,4.0,26423.1,11,3.375,1.958333333333333,0.0,0.06985670498084295,0.0007882363142327763,1.125,1.04,1.04,0.9402783410670096,278,0.02127659574468085,0.9829317947298764,0.7055961070559611,0.0,0.0,,0.0,1.0,0.0,4.0,0.9129149615765345,0,Cocina y mesa,Cristaleria,AMBA,Grande,Proveedor D,0,0,embargo
2025-02-01,T02,SKU00410,1,2.0,12.0,2.75,0.6780889750997029,0.2424242424242424,11.0,0,0,67885.54515151515,11,3,-15.0,4.0,388630.0,230,5.575757575757576,13,1,103,0.0,0.0,0.0,0.0,0,0.0,0.0,0.0,71800.0,0.5079387186629527,28,28,21,450,2,1.0,0.0,6.0,125437.48000000005,22,8.432432432432432,-4.432432432432432,0.2727272727272727,0.054518869756056354,0.002890199818853513,0.6217391304347826,0.9696969696969697,2.496969696969697,0.9402783410670096,278,0.02127659574468085,0.8943145188944517,1.4161735700197238,0.0,0.0,12.9,0.0,1.0,0.0,3.0,0.9087838997616731,0,Decoracion,Cuadros,AMBA,Grande,Proveedor G,0,0,embargo
2025-02-01,T03,SKU00006,4,13.0,27.0,4.083333333333333,0.36858172188364574,1.0612244897959184,12.0,0,0,60980.357959183675,20,3,10.0,4.8979591836734695,624600.0,229,5.3359223300970875,13,1,75,0.0,0.0,0.0,0.0,0,0.0,0.0,0.0,66200.0,0.5282477341389729,30,25,153,450,2,5.0,4.0,6.0,776076.3,27,2.608695652173913,2.2892635314995564,0.15,0.07884655650779948,0.004748638086066013,1.1353711790393013,1.0174757281553397,1.7475728155339807,0.967171593855894,256,0.0311284046692607,0.9886058310942802,1.3057199211045365,0.0,0.0,,0.0,0.0,0.0,3.0,0.9207762977433236,0,Decoracion,Cuadros,Cuyo,Chico,Proveedor D,0,0,embargo
2025-02-01,T03,SKU00228,1,17.0,33.0,5.166666666666667,1.1098069896392793,1.096774193548387,10.0,0,0,43090.34193548388,17,9,-1.0,3.290322580645161,431970.0,467,5.604,13,0,156,0.0,0.0,0.0,0.0,0,0.0,0.0,0.0,48000.0,0.47062499999999996,34,52,155,450,2,8.0,8.0,11.0,726317.46,32,2.9589041095890414,0.33141847105611966,0.5294117647058824,0.10228454301075252,0.006008480843593731,0.4732334047109208,1.016,1.872,0.967171593855894,256,0.0311284046692607,0.9886058310942802,1.0,0.0,0.0,23.3,0.0,0.0,0.0,3.0,0.9207762977433236,0,Decoracion,Plantas artificiales,Cuyo,Chico,Proveedor J,0,0,embargo
2025-02-01,T04,SKU00662,3,10.0,21.0,3.0833333333333335,0.5437252619678669,1.0810810810810811,12.0,0,0,21866.41054054054,22,5,1.0,7.135135135135135,245300.0,292,5.317147192716237,17,0,113,0.0,0.0,0.0,0.0,0,0.0,0.0,0.0,23600.0,0.527542372881356,22,37,193,450,2,5.0,2.0,6.0,221111.88999999998,21,7.0,0.1351351351351351,0.22727272727272727,0.07345718048557037,0.0031569839932379154,1.2808219178082192,1.1229135053110775,2.0576631259484066,0.9863441881575757,296,0.036303630363036306,0.9810986414648553,0.49166666666666664,579.0,1.0,3.9,0.0,0.0,0.0,3.0,0.8786944680970671,0,Decoracion,Plantas artificiales,Centro,Grande,Proveedor E,0,0,embargo
2025-02-01,T06,SKU00013,6,23.0,47.0,5.333333333333333,1.103004677316383,1.4375000000000002,11.0,0,0,10913.931875,29,6,-17.0,5.4375,159790.0,595,5.838103025347506,16,0,198,0.0,0.0,0.0,0.0,0,0.0,0.0,0.0,11800.0,0.5330508474576271,36,32,147,1500,2,12.0,5.0,12.0,257572.39,34,10.036363636363637,-4.598863636363637,0.20689655172413793,0.07509051906779662,0.006361262937881132,0.7798319327731092,1.0204415372035978,1.9427636958299264,0.9462378620098184,270,0.021897810218978103,1.0045740543300345,0.24737945492662475,441.0,1.0,6.3,0.0,0.0,0.0,3.0,0.9044670549694681,0,Decoracion,Velas,Centro,Mediano,Proveedor A,0,0,embargo
2025-02-01,T06,SKU00183,0,0.0,0.0,0.08333333333333333,6.179143806533247,0.0,2.0,6,0,16233.089999999998,5,1,0.0,60.0,54050.0,42,7.636363636363637,11,1,0,0.0,0.0,0.0,0.0,0,0.0,0.0,0.0,17400.0,0.37873563218390804,17,52,155,1500,2,0.0,0.0,1.0,0.0,15,30.0,30.0,0.2,0.06706379310344834,9.939473340439268e-05,1.3095238095238095,0.6666666666666666,0.0,0.9462378620098184,270,0.021897810218978103,0.965873035146941,0.3438735177865613,0.0,0.0,,0.0,0.0,0.0,2.0,0.8959743007891234,0,Bano,Accesorios de bano,Centro,Mediano,Proveedor J,0,0,embargo
2025-02-01,T06,SKU00322,1,9.0,19.0,3.5833333333333335,0.4678566207630482,0.8372093023255813,12.0,0,0,46051.072790697675,18,2,1.0,5.023255813953488,472140.0,325,5.46218487394958,19,0,100,193.0,0.0,0.0,0.0,0,0.0,0.0,0.0,49400.0,0.4690283400809716,15,37,193,1500,2,4.0,4.0,6.0,414656.7300000001,13,4.25,0.7732558139534884,0.1111111111111111,0.06779204877130207,0.004273973536388886,1.0523076923076924,0.9747899159663865,1.680672268907563,0.9462378620098184,270,0.021897810218978103,1.0045740543300345,0.9199255121042831,579.0,2.0,2.7,0.0,0.0,0.0,3.0,0.9044670549694681,0,Decoracion,Espejos,Centro,Mediano,Proveedor E,0,0,embargo
2025-02-01,T07,SKU00365,0,1.0,2.0,0.5,1.809068067466582,0.6666666666666666,5.0,2,0,30082.410000000003,2,0,-2.0,4.0,34620.0,59,5.283582089552239,18,1,22,0.0,35.0,0.0,0.0,0,0.0,0.0,0.0,32800.0,0.47225609756097564,30,10,35,800,2,0.0,1.0,2.0,32432.88,29,8.0,-4.0,0.0,0.08285335365853652,0.0005596180126583494,0.6101694915254238,1.0149253731343284,1.9701492537313434,0.96179682442215,271,0.014652014652014652,0.9630254991784982,0.8138957816377171,140.0,3.0,3.0,0.0,0.0,0.0,7.0,0.8982416999829683,0,Iluminacion,Lamparas de mesa,Centro,Mediano,Proveedor C,0,1,embargo
2025-02-01,T08,SKU00394,1,2.0,3.0,0.6666666666666666,0.9770084209183946,1.0,7.0,0,0,63943.77375,5,0,1.0,7.5,213450.0,40,5.853658536585366,11,1,21,35.0,0.0,0.0,0.0,0,0.0,0.0,0.0,70500.0,0.394468085106383,27,10,35,600,2,0.0,1.0,2.0,124914.86000000003,26,5.333333333333333,2.166666666666667,0.0,0.09299611702127664,0.0007284022524184197,1.375,1.024390243902439,3.0731707317073167,0.99099126441526,274,0.04727272727272727,0.9958005987663002,1.749379652605459,280.0,4.0,0.4,0.0,1.0,0.0,7.0,0.9129040450020286,0,Iluminacion,Lamparas de mesa,Patagonia,Grande,Proveedor C,0,0,embargo
2025-02-01,T09,SKU00747,3,4.0,10.0,2.0,0.674199862463242,0.6666666666666666,10.0,0,0,46992.64250000001,11,0,-6.0,5.5,341660.0,61,5.013698630136986,7,0,27,0.0,0.0,0.0,0.0,0,0.0,0.0,0.0,51600.0,0.398062015503876,21,25,153,600,2,0.0,1.0,4.0,192010.22999999998,20,8.5,-3.0,0.0,0.08928987403100763,0.0021338723131453003,1.2622950819672132,0.8767123287671231,2.219178082191781,0.9833594909744591,288,0.04844290657439446,1.0632189328574717,1.197215777262181,459.0,2.0,9.8,0.0,0.0,0.0,2.0,0.9049918434178962,0,Muebles,Sillas,NOA,Mediano,Proveedor D,0,0,embargo
2025-02-01,T09,SKU00760,2,9.0,20.0,2.75,0.6955909227272995,1.0909090909090908,11.0,0,0,64095.696363636365,23,0,9.0,8.363636363636363,726110.0,294,5.764705882352941,16,0,84,153.0,0.0,0.0,0.0,0,0.0,0.0,0.0,68700.0,0.5404657933042212,16,25,153,600,2,0.0,7.0,7.0,581036.78,13,4.967741935483871,3.3958944281524923,0.0,0.06702043138811697,0.0029340744305747877,1.251700680272109,0.9673202614379085,1.6470588235294117,0.9833594909744591,288,0.04844290657439446,0.9665035809330033,1.6474820143884892,153.0,1.0,2.6,0.0,0.0,0.0,4.0,0.937270104182267,0,Cocina y mesa,Cubiertos,NOA,Mediano,Proveedor D,0,0,embargo
2025-02-01,T10,SKU00281,7,20.0,44.0,7.666666666666667,0.30122622740328303,0.8695652173913043,12.0,0,0,81633.9679347826,19,1,-55.0,2.4782608695652173,927390.0,667,5.898305084745763,18,1,147,0.0,0.0,0.0,0.0,0,0.0,0.0,0.0,89400.0,0.4540268456375839,29,11,36,450,2,4.0,9.0,12.0,1613840.0700000003,27,9.652173913043478,-7.173913043478262,0.05263157894736842,0.08686836761988137,0.009231922870264421,0.512743628185907,0.9786293294030951,1.2999263080324246,0.9689505134268831,252,0.03125,0.9222390317700453,2.0,36.0,1.0,4.8,0.0,0.0,0.0,7.0,0.9210367557634843,0,Iluminacion,Apliques,AMBA,Mediano,Proveedor H,0,0,embargo
2025-02-01,T10,SKU00302,2,7.0,17.0,3.0833333333333335,0.5437252619678667,0.7567567567567568,12.0,0,0,77349.81243243243,13,1,-1.0,4.216216216216216,568100.0,236,5.205882352941177,14,0,59,459.0,0.0,0.0,0.0,0,0.0,0.0,0.0,81900.0,0.46642246642246643,18,25,153,450,2,1.0,4.0,6.0,547846.85,14,4.8,-0.583783783783784,0.07692307692307693,0.055557845757845725,0.0037128385456498218,0.771186440677966,1.051470588235294,1.3014705882352942,0.9689505134268831,252,0.03125,0.9387289372429348,1.2297297297297298,459.0,1.0,2.6,0.0,0.0,0.0,4.0,0.925260394707973,0,Cocina y mesa,Manteleria,AMBA,Mediano,Proveedor D,0,0,embargo
2025-02-01,T10,SKU00311,4,8.0,22.0,3.75,0.37926031144635197,0.711111111111111,12.0,0,0,79728.20622222222,22,2,-1.0,5.866666666666666,1051380.0,263,4.276422764227642,22,0,141,0.0,0.0,0.0,0.0,0,0.0,0.0,0.0,87800.0,0.45569476082004556,37,32,147,450,2,1.0,3.0,6.0,662451.99,33,6.0,-0.13333333333333375,0.09090909090909091,0.09193386990635288,0.0045156144474119446,1.8403041825095057,0.9105691056910569,2.292682926829268,0.9689505134268831,252,0.03125,0.9533930377635165,2.0371229698375872,0.0,0.0,,0.0,1.0,0.0,2.0,0.8943238449415498,0,Muebles,Sillas,AMBA,Mediano,Proveedor A,0,0,embargo
2025-02-01,T11,SKU00276,2,7.0,15.0,2.0833333333333335,0.6618980970731755,1.1199999999999999,11.0,0,0,46243.56,6,1,-3.0,2.88,149160.0,72,4.620320855614973,8,0,33,155.0,0.0,0.0,0.0,0,0.0,0.0,0.0,50700.0,0.5096646942800789,14,52,155,800,2,5.0,0.0,5.0,310448.66000000003,11,4.5,-1.62,0.16666666666666666,0.0878982248520711,0.002271701386327898,0.6666666666666666,1.0053475935828877,2.1176470588235294,0.9853731933335891,290,0.051194539249146756,1.0094638472329673,1.0,310.0,2.0,0.6,0.0,0.0,0.0,3.0,0.8770060206866008,0,Decoracion,Cuadros,AMBA,Grande,Proveedor J,0,0,embargo
2025-02-01,T11,SKU00525,0,3.0,4.0,0.6666666666666666,1.4770978917519928,1.5,5.0,2,0,75526.925,3,1,-1.0,4.5,159990.0,42,4.064516129032258,14,0,27,0.0,0.0,0.0,0.0,0,0.0,0.0,0.0,82900.0,0.3566948130277443,14,25,153,800,2,0.0,3.0,3.0,212052.91,11,7.199999999999999,-2.6999999999999993,0.3333333333333333,0.08893938480096497,0.0007269444436249274,1.0,1.161290322580645,2.6129032258064515,0.9853731933335891,290,0.051194539249146756,0.9995861513014666,1.705761316872428,306.0,2.0,6.5,0.0,1.0,0.0,3.0,0.8805428846400952,0,Organizacion,Percheros,AMBA,Grande,Proveedor D,0,0,embargo
2025-02-01,T13,SKU00426,0,7.0,14.0,1.3333333333333333,1.818465886899774,1.7500000000000002,9.0,1,0,64065.49375000001,7,5,3.0,5.25,272020.0,177,5.3908629441624365,17,0,94,0.0,0.0,0.0,0.0,0,0.0,0.0,0.0,73400.0,0.4705722070844687,22,28,21,1200,2,2.0,5.0,5.0,457869.9100000001,21,3.2,2.05,0.7142857142857143,0.12717310967302442,0.001432839709198668,0.672316384180791,1.1979695431472082,2.862944162436548,0.9639429143634041,288,0.034129692832764506,1.0886120721099113,1.6457399103139014,0.0,0.0,16.4,0.0,0.0,0.0,4.0,0.9434872223994369,0,Textil hogar,Cortinas,Centro,Chico,Proveedor G,0,0,embargo
2025-02-01,T13,SKU00431,8,18.0,27.0,5.833333333333333,0.47840179199346694,1.0285714285714287,12.0,0,0,51820.55157142857,37,5,27.0,6.342857142857143,1260960.0,259,4.788906009244992,8,0,74,364.0,0.0,0.0,0.0,0,0.0,0.0,0.0,55100.0,0.3814882032667877,16,31,182,1200,2,4.0,6.0,11.0,931568.6599999999,15,1.6438356164383563,4.699021526418787,0.13513513513513514,0.059518120300751876,0.006268673727744173,1.1428571428571428,0.8813559322033897,1.3682588597842835,0.9639429143634041,288,0.034129692832764506,0.9070946649934476,1.0889328063241106,364.0,2.0,0.1,0.0,0.0,0.0,2.0,0.9430645212571777,0,Bano,Accesorios de bano,Centro,Chico,Proveedor I,0,0,embargo
2025-02-01,T14,SKU00032,10,31.0,69.0,12.666666666666666,0.3252180950806971,0.8157894736842106,12.0,0,0,34680.58822368421,29,9,-33.0,2.2894736842105265,562890.0,1052,5.915651358950328,14,0,193,0.0,0.0,0.0,0.0,0,0.0,0.0,0.0,37200.0,0.47822580645161294,25,25,153,1500,2,8.0,13.0,24.0,1065731.0999999999,24,5.095890410958904,-2.8064167267483775,0.3103448275862069,0.06772612301924175,0.015361299631047936,0.38593155893536124,0.9128397375820057,1.085285848172446,0.968166121483153,265,0.04119850187265917,0.9385910685833195,0.7337278106508875,306.0,2.0,3.3,0.0,1.0,0.0,3.0,0.9033892344833085,0,Decoracion,Cuadros,AMBA,Grande,Proveedor D,0,0,embargo
2025-02-01,T14,SKU00376,3,12.0,42.0,7.0,0.37052837968018454,0.5714285714285714,12.0,0,0,9335.961904761905,35,7,-15.0,5.0,184100.0,464,5.635627530364372,13,0,158,155.0,0.0,0.0,0.0,0,0.0,0.0,0.0,10200.0,0.484313725490196,16,52,155,1500,2,5.0,4.0,10.0,109077.1,15,6.451612903225806,-1.451612903225806,0.2,0.08470961718020531,0.008489139269789649,0.980603448275862,0.9109311740890689,1.9190283400809718,0.968166121483153,265,0.04119850187265917,0.9850791507653307,0.20987654320987653,620.0,2.0,0.9,0.0,2.0,0.0,3.0,0.9459455582999053,0,Organizacion,Percheros,AMBA,Grande,Proveedor J,0,0,embargo
2025-02-01,T14,SKU00444,3,7.0,18.0,3.5,0.47964117695115277,0.6666666666666667,12.0,0,0,44292.93404761905,17,3,1.0,4.857142857142857,465630.0,180,5.242718446601941,11,0,77,0.0,0.0,0.0,0.0,0,0.0,0.0,0.0,47700.0,0.4257861635220126,35,32,147,1500,2,1.0,3.0,6.0,319262.61999999994,33,4.8,0.05714285714285694,0.17647058823529413,0.071426959169412,0.004244569634894824,1.038888888888889,1.0776699029126213,2.2427184466019416,0.968166121483153,265,0.04119850187265917,0.9385910685833195,1.0,147.0,1.0,9.3,0.0,0.0,0.0,3.0,0.9033892344833085,0,Decoracion,Velas,AMBA,Grande,Proveedor A,0,0,embargo
2025-02-01,T15,SKU00042,2,7.0,12.0,1.5,1.044465935734187,1.5555555555555556,9.0,0,0,63307.588888888895,5,1,-5.0,3.3333333333333335,179050.0,140,4.318766066838046,18,0,58,0.0,147.0,0.0,0.0,0,0.0,0.0,0.0,67100.0,0.4663189269746647,18,32,147,600,2,4.0,1.0,5.0,424952.61000000004,16,7.5,-4.166666666666666,0.2,0.05651879450240094,0.0014956595657249214,0.6428571428571429,1.1002570694087404,1.789203084832905,0.9558926468944164,292,0.03741496598639456,0.94071763460852,1.3979166666666667,0.0,0.0,,0.0,0.0,0.0,3.0,0.9401202370075302,0,Decoracion,Plantas artificiales,NOA,Mediano,Proveedor A,0,0,embargo
2025-02-01,T15,SKU00407,3,11.0,14.0,1.8333333333333333,1.0093477448444308,2.0,11.0,0,0,2652.744090909091,20,4,-12.0,10.90909090909091,27400.0,284,4.896551724137931,16,0,156,0.0,0.0,0.0,0.0,0,0.0,0.0,0.0,2900.0,0.5275862068965518,37,11,36,600,2,4.0,4.0,4.0,29307.260000000002,34,16.0,-5.09090909090909,0.2,0.08526065830720997,0.0018280283581082373,1.1267605633802817,1.0344827586206897,2.689655172413793,0.9558926468944164,292,0.03741496598639456,0.9446431053436272,0.06473214285714286,0.0,0.0,35.2,0.0,0.0,0.0,4.0,0.8947725164338706,0,Textil hogar,Sabanas,NOA,Mediano,Proveedor H,0,0,embargo
2025-02-01,T15,SKU00596,0,1.0,4.0,0.5,1.5954480704349312,0.6666666666666666,4.0,1,0,35951.136666666665,3,1,-2.0,6.0,63570.0,50,4.25531914893617,15,0,13,0.0,0.0,0.0,0.0,0,0.0,0.0,0.0,37800.0,0.4394179894179894,17,28,21,600,2,1.0,0.0,2.0,33701.77,15,8.571428571428571,-2.571428571428571,0.3333333333333333,0.04891172839506175,0.0004985531885749738,0.8999999999999999,0.7943262411347518,1.1063829787234043,0.9558926468944164,292,0.03741496598639456,0.9446431053436272,0.84375,63.0,3.0,4.8,0.0,0.0,0.0,4.0,0.8947725164338706,0,Textil hogar,Sabanas,NOA,Mediano,Proveedor G,0,0,embargo
2025-02-01,T19,SKU00183,0,2.0,5.0,0.75,1.1547005383792515,0.8888888888888888,6.0,2,0,16259.575555555555,3,0,-2.0,4.0,32430.0,42,7.636363636363637,11,1,0,0.0,0.0,0.0,0.0,0,0.0,0.0,0.0,17400.0,0.37873563218390804,17,52,155,800,2,0.0,2.0,2.0,32686.33,15,5.454545454545455,-1.454545454545455,0.0,0.06554163473818653,0.0007636692946832675,0.7857142857142857,0.6666666666666666,0.0,0.9622233113009171,292,0.04391891891891892,1.0343489672486592,0.3438735177865613,0.0,0.0,,0.0,0.0,0.0,2.0,0.865007511431709,0,Bano,Accesorios de bano,Cuyo,Mediano,Proveedor J,0,0,embargo
2025-02-01,T19,SKU00690,2,5.0,6.0,0.75,1.2870763988845637,2.2222222222222223,6.0,0,0,50914.276666666665,2,2,1.0,2.6666666666666665,68900.0,41,6.3896103896103895,12,4,24,441.0,0.0,0.0,0.0,0,0.0,0.0,0.0,55900.0,0.38372093023255816,34,32,147,800,2,0.0,3.0,3.0,256684.15,31,2.4,0.2666666666666666,1.0,0.0891900417412046,0.0007636692946832675,0.5853658536585367,1.2987012987012987,3.74025974025974,0.9622233113009171,292,0.04391891891891892,0.9916660503462423,1.1719077568134173,441.0,1.0,1.5,0.0,0.0,0.0,3.0,0.906234243979553,0,Decoracion,Velas,Cuyo,Mediano,Proveedor A,0,0,embargo
2025-02-01,T20,SKU00047,2,2.0,3.0,0.5,1.348399724926484,1.3333333333333333,5.0,0,0,17787.146666666667,5,0,2.0,10.0,57350.0,51,5.321739130434782,15,1,20,0.0,0.0,0.0,0.0,0,0.0,0.0,0.0,19000.0,0.3963157894736842,26,56,52,450,2,0.0,0.0,2.0,33058.33,24,5.142857142857142,4.857142857142858,0.0,0.0638343859649122,0.0005841290616725234,1.4705882352941178,0.7999999999999999,2.0869565217391304,0.9556351448962482,284,0.017421602787456445,0.945817914788844,0.4884318766066838,52.0,1.0,4.3,0.0,0.0,0.0,4.0,0.8778230732519462,0,Textil hogar,Toallas,AMBA,Mediano,Proveedor F,0,0,embargo
2025-02-01,T20,SKU00321,3,6.0,11.0,1.5,0.6030226891555271,1.3333333333333333,11.0,0,0,50697.44666666666,6,1,-3.0,4.0,166200.0,76,5.181818181818182,9,0,20,0.0,0.0,0.0,0.0,0,0.0,0.0,0.0,55000.0,0.49636363636363634,29,10,35,450,2,1.0,2.0,3.0,312947.72,25,6.75,-2.75,0.16666666666666666,0.07822824242424253,0.00175238718501757,0.7105263157894737,1.1136363636363635,1.3636363636363635,0.9556351448962482,284,0.017421602787456445,0.9291768167871169,1.1530398322851152,35.0,1.0,6.7,0.0,1.0,0.0,3.0,0.9318718808909714,0,Decoracion,Velas,AMBA,Mediano,Proveedor C,0,0,embargo
2025-02-01,T20,SKU00473,2,9.0,17.0,2.8333333333333335,0.495338446070991,1.0588235294117647,12.0,0,0,36896.647941176474,16,4,7.0,5.647058823529411,400640.0,289,4.539267015706806,19,0,133,0.0,0.0,0.0,0.0,0,0.0,0.0,0.0,38800.0,0.3546391752577319,33,28,21,450,2,5.0,2.0,5.0,330634.14999999997,32,2.769230769230769,2.877828054298642,0.25,0.04905546543359607,0.003310064682810966,1.0519031141868511,0.9947643979057592,2.0890052356020945,0.9556351448962482,284,0.017421602787456445,0.9812144539553053,0.8603104212860311,63.0,1.0,5.9,0.0,0.0,0.0,4.0,0.8837531790008749,0,Cocina y mesa,Vajilla,AMBA,Mediano,Proveedor G,0,0,embargo
2025-02-01,T20,SKU00628,2,12.0,24.0,5.0,0.39080336836735785,0.8,12.0,0,0,36449.660833333335,23,9,-22.0,4.6,587190.0,446,5.494866529774127,13,0,99,0.0,0.0,0.0,0.0,0,0.0,0.0,0.0,39800.0,0.3585427135678392,18,32,147,450,2,6.0,4.0,8.0,444097.98,17,8.307692307692307,-3.707692307692307,0.391304347826087,0.08417937604690118,0.005841290616725234,0.6704035874439462,0.9158110882956878,1.219712525667351,0.9556351448962482,284,0.017421602787456445,0.9316303531179565,0.9234338747099768,147.0,1.0,6.0,0.0,1.0,0.0,2.0,0.9497920938472078,0,Muebles,Sillas,AMBA,Mediano,Proveedor A,0,0,embargo
2025-02-01,T22,SKU00693,2,7.0,11.0,2.8333333333333335,0.6355317440318966,0.8235294117647058,10.0,0,0,8860.776176470588,18,3,7.0,6.352941176470588,105660.0,169,5.586776859504132,10,0,58,0.0,0.0,0.0,0.0,0,0.0,0.0,0.0,9400.0,0.37553191489361704,15,28,21,1500,2,3.0,2.0,6.0,61822.340000000004,13,3.1842105263157894,3.1687306501547985,0.16666666666666666,0.057364236545682123,0.0029985622249194266,1.0650887573964498,0.9586776859504132,1.9173553719008265,0.9690647566886664,289,0.04067796610169491,0.9675392670157069,0.24607329842931938,21.0,1.0,10.8,0.0,0.0,0.0,2.0,0.8867425428279304,0,Bano,Cortinas de bano,AMBA,Mediano,Proveedor G,0,0,embargo
2025-02-01,T23,SKU00164,0,2.0,11.0,1.75,0.7360325878080392,0.38095238095238093,11.0,1,0,51843.48285714285,8,2,-3.0,4.571428571428571,278240.0,154,5.617021276595745,18,0,47,156.0,0.0,0.0,0.0,0,0.0,0.0,0.0,56700.0,0.3865961199294533,27,56,52,450,2,1.0,1.0,4.0,104841.47000000009,26,5.279999999999999,-0.7085714285714282,0.25,0.08565285966238356,0.001991930852775122,0.935064935064935,0.8267477203647416,1.7142857142857142,0.988377118376989,275,0.039711191335740074,0.9240009058832411,1.053903345724907,312.0,3.0,0.5,0.0,0.0,0.0,3.0,0.87789181600053,0,Organizacion,Contenedores,AMBA,Mediano,Proveedor F,0,0,embargo
2025-02-01,T23,SKU00235,1,7.0,13.0,2.0,0.5222329678670936,1.1666666666666667,11.0,0,0,24459.632083333334,11,1,5.0,5.5,132990.0,111,5.103448275862069,14,0,11,0.0,0.0,0.0,0.0,0,0.0,0.0,0.0,26600.0,0.5454887218045112,22,32,147,450,2,4.0,2.0,4.0,175017.86000000002,17,3.7894736842105265,1.7105263157894735,0.09090909090909091,0.08046495927318298,0.002276492403171568,1.3873873873873874,0.8429118773946359,0.5057471264367817,0.988377118376989,275,0.039711191335740074,1.0280178929754205,0.6963350785340314,147.0,1.0,5.7,0.0,0.0,0.0,2.0,0.9024481817633054,0,Bano,Cortinas de bano,AMBA,Mediano,Proveedor A,0,0,embargo
2025-02-01,T23,SKU00631,0,4.0,6.0,0.75,1.7174093715520913,1.7777777777777777,5.0,1,0,32111.99555555555,2,0,-1.0,2.6666666666666665,45760.0,28,4.54054054054054,8,0,13,0.0,0.0,0.0,0.0,0,0.0,0.0,0.0,36000.0,0.36444444444444446,36,25,153,450,2,3.0,1.0,3.0,124508.55000000003,33,7.199999999999999,-4.533333333333333,0.0,0.10800012345679033,0.000853684651189338,0.5714285714285714,1.0810810810810811,2.108108108108108,0.988377118376989,275,0.039711191335740074,0.9920707867168189,0.7547169811320755,153.0,1.0,4.3,0.0,0.0,0.0,3.0,0.9016626813791818,0,Decoracion,Velas,AMBA,Mediano,Proveedor D,0,0,embargo
2025-02-01,T28,SKU00384,0,1.0,3.0,0.4166666666666667,1.6045390162116508,0.7999999999999999,4.0,2,0,35653.018,3,0,1.0,7.199999999999999,71580.0,30,4.186046511627906,10,0,20,0.0,0.0,0.0,0.0,0,0.0,0.0,0.0,37300.0,0.36032171581769434,31,46,192,1500,2,0.0,1.0,2.0,35948.62,29,4.0,3.1999999999999993,0.0,0.04415501340482586,0.0004362492700378827,1.0,1.3488372093023255,2.7906976744186047,0.9297344443047356,288,0.041379310344827586,0.878781566662174,0.7770833333333333,384.0,1.0,5.9,0.0,0.0,0.0,7.0,0.9486597482606461,0,Iluminacion,Guirnaldas,AMBA,Grande,Proveedor B,0,0,embargo
2025-03-01,T01,SKU00072,3,10.0,16.0,3.5,0.7155832370886188,0.9523809523809524,11.0,0,0,45441.03595238095,21,3,7.0,6.0,514080.0,289,5.302752293577981,17,0,73,0.0,0.0,0.0,0.0,0,0.0,0.0,0.0,49400.0,0.5044534412955466,28,31,182,800,3,2.0,5.0,9.0,482054.14,26,3.9069767441860463,2.0930232558139537,0.14285714285714285,0.08014097262386732,0.004300109718837446,1.2352941176470589,1.0458715596330275,1.3394495412844036,0.9714152621983257,263,0.03018867924528302,0.9069651465617554,1.0356394129979036,546.0,1.0,8.8,0.0,1.0,0.0,3.0,0.9186005782810115,1,Decoracion,Velas,Cuyo,Grande,Proveedor I,0,0,embargo
2025-03-01,T01,SKU00127,7,16.0,33.0,5.833333333333333,0.4251813974990213,0.9142857142857143,12.0,0,0,68363.33242857143,39,5,-11.0,6.685714285714286,1633320.0,439,6.168618266978922,11,0,73,0.0,0.0,0.0,0.0,0,0.0,0.0,0.0,74900.0,0.4408544726301735,25,37,193,800,3,5.0,4.0,10.0,1068348.01,21,7.6923076923076925,-1.0065934065934066,0.1282051282051282,0.08727193019263779,0.007166849531395742,0.9772209567198178,0.936768149882904,1.0257611241217799,0.9714152621983257,263,0.03018867924528302,0.9964840177113763,1.5411522633744856,579.0,1.0,3.7,0.0,0.0,0.0,3.0,0.9150417741666482,1,Organizacion,Percheros,Cuyo,Grande,Proveedor E,0,0,embargo
2025-03-01,T01,SKU00204,11,29.0,70.0,13.416666666666666,0.300596850964864,0.7204968944099379,12.0,0,0,57303.070124223595,110,12,56.0,8.198757763975156,3544200.0,1169,6.256913470115967,14,0,295,52.0,52.0,0.0,0.0,0,0.0,0.0,0.0,60900.0,0.47093596059113296,33,56,52,800,3,9.0,9.0,20.0,1648140.73,28,3.834319526627219,4.364438237347937,0.10909090909090909,0.05906288794378334,0.016483753922210208,1.3173652694610778,1.0205173951828723,1.5789473684210527,0.9714152621983257,263,0.03018867924528302,0.9153649137219224,1.4817518248175183,52.0,1.0,2.1,0.0,0.0,0.0,4.0,0.9027217992452564,1,Cocina y mesa,Cristaleria,Cuyo,Grande,Proveedor F,0,0,embargo
2025-03-01,T02,SKU00354,6,19.0,43.0,6.833333333333333,0.46626501149943644,0.926829268292683,12.0,0,0,79121.1237804878,50,1,2.0,7.317073170731708,2242500.0,694,5.807531380753138,18,0,258,0.0,0.0,0.0,0.0,0,0.0,0.0,0.0,84800.0,0.47110849056603776,34,11,36,450,3,4.0,9.0,13.0,1531042.49,31,7.578947368421053,-0.2618741976893455,0.02,0.06696787994707776,0.006909978253741755,1.296829971181556,1.0655509065550905,2.1589958158995817,0.9316673118703519,284,0.04529616724738676,0.9313060077719132,2.0632603406326036,0.0,0.0,23.9,0.0,0.0,0.0,4.0,0.919720422928255,1,Cocina y mesa,Cristaleria,AMBA,Grande,Proveedor H,0,0,embargo
2025-03-01,T02,SKU00681,17,49.0,102.0,16.5,0.23472626340651012,0.9898989898989898,12.0,0,0,54431.82646464646,60,7,6.0,3.6363636363636362,2134800.0,1485,5.768857235351246,20,0,400,147.0,0.0,0.0,0.0,0,0.0,0.0,0.0,58200.0,0.38865979381443294,18,32,147,450,3,16.0,16.0,24.0,2668809.6799999997,17,3.5217391304347823,0.11462450592885398,0.11666666666666667,0.06474524974834261,0.0166850694419618,0.8080808080808081,1.047588216251214,1.5539009388151503,0.9316673118703519,284,0.04529616724738676,0.898318015479384,1.0837988826815643,147.0,1.0,1.6,0.0,0.0,0.0,3.0,0.9173621834944948,1,Decoracion,Espejos,AMBA,Grande,Proveedor A,0,0,embargo
2025-03-01,T03,SKU00114,1,4.0,8.0,0.9166666666666666,0.7293359164598416,1.4545454545454546,9.0,0,0,32847.351818181814,3,0,0.0,3.272727272727273,61110.0,51,3.6213017751479293,16,1,24,0.0,0.0,0.0,0.0,0,0.0,0.0,0.0,34900.0,0.41633237822349567,33,46,192,450,3,1.0,2.0,2.0,130844.38999999998,30,3.272727272727273,0.0,0.0,0.05881513414951822,0.0010586586906879282,0.9411764705882353,0.757396449704142,1.7041420118343196,0.9654967259073906,267,0.025925925925925925,1.012153401251252,0.6897233201581028,0.0,0.0,19.8,0.0,0.0,0.0,2.0,0.8383857172693843,1,Bano,Accesorios de bano,Cuyo,Chico,Proveedor B,0,0,embargo
2025-03-01,T03,SKU00789,1,4.0,6.0,1.1666666666666667,1.0862609696792977,1.1428571428571428,8.0,0,0,20063.19428571429,2,0,-1.0,1.7142857142857142,28180.0,63,4.581818181818182,19,1,27,36.0,0.0,0.0,0.0,0,0.0,0.0,0.0,22000.0,0.3595454545454545,27,11,36,450,3,3.0,0.0,4.0,82817.61999999998,24,3.5999999999999996,-1.8857142857142855,0.0,0.08803662337662321,0.0013473837881482723,0.6031746031746031,0.896969696969697,1.9636363636363636,0.9654967259073906,267,0.025925925925925925,0.9258226436140546,0.49327354260089684,72.0,2.0,2.9,0.0,0.0,0.0,4.0,0.8953062850846083,1,Textil hogar,Cortinas,Cuyo,Chico,Proveedor H,0,0,embargo
2025-03-01,T05,SKU00207,0,2.0,5.0,1.0,1.2060453783110545,0.6666666666666666,6.0,1,0,71323.7625,3,2,0.0,3.0,121050.0,52,5.073170731707317,17,2,9,0.0,0.0,0.0,0.0,0,0.0,0.0,0.0,74500.0,0.4583892617449664,29,31,182,450,3,2.0,0.0,3.0,141980.38,24,3.5999999999999996,-0.5999999999999996,0.6666666666666666,0.04263406040268458,0.0010450194531200579,0.9807692307692308,0.975609756097561,0.8780487804878049,0.9676880135891737,281,0.03914590747330961,0.9351481423995338,1.7865707434052758,728.0,2.0,3.7,0.0,0.0,0.0,4.0,0.9342246235680307,1,Cocina y mesa,Cubiertos,AMBA,Mediano,Proveedor I,0,0,embargo
2025-03-01,T05,SKU00718,2,6.0,8.0,1.25,1.085440840479949,1.6,7.0,0,0,79526.67333333334,10,0,5.0,8.0,376600.0,131,5.402061855670103,15,1,56,0.0,147.0,0.0,0.0,0,0.0,0.0,0.0,82900.0,0.5457177322074789,23,32,147,450,3,3.0,1.0,4.0,479101.45,19,4.615384615384616,3.384615384615384,0.0,0.040691515882589346,0.0013062743164000724,1.1450381679389314,1.0859106529209621,2.3092783505154637,0.9676880135891737,281,0.03914590747330961,0.9223237889920178,1.5408921933085502,147.0,1.0,10.4,0.0,0.0,0.0,3.0,0.912234314375372,1,Organizacion,Contenedores,AMBA,Mediano,Proveedor A,0,0,embargo
2025-03-01,T06,SKU00013,3,21.0,41.0,6.5,0.47077014488690466,1.0769230769230769,12.0,0,0,10972.990897435899,61,8,22.0,9.384615384615385,336110.0,658,6.357487922705314,16,0,157,0.0,0.0,0.0,0.0,0,0.0,0.0,0.0,11800.0,0.5330508474576271,37,32,147,1500,3,6.0,12.0,12.0,236783.84,35,8.50909090909091,0.8755244755244753,0.13114754098360656,0.07008551716644928,0.007492467924041229,1.4832826747720365,0.9887278582930756,1.5169082125603865,0.9213814400949163,275,0.03225806451612903,0.9846828062695604,0.24737945492662475,441.0,1.0,7.3,0.0,0.0,0.0,3.0,0.8962743960660392,1,Decoracion,Velas,Centro,Mediano,Proveedor A,0,0,embargo
2025-03-01,T06,SKU00222,1,3.0,4.0,0.75,1.005037815259212,1.3333333333333333,7.0,0,0,57884.083333333336,4,1,1.0,5.333333333333333,161440.0,34,3.7090909090909094,12,0,8,0.0,108.0,0.0,0.0,0,0.0,0.0,0.0,62800.0,0.35732484076433124,17,11,36,1500,3,1.0,1.0,2.0,168999.45,15,6.0,-0.666666666666667,0.25,0.07827892781316348,0.0008645155296970649,1.4117647058823528,0.8,0.8727272727272728,0.9213814400949163,275,0.03225806451612903,0.9846828062695604,1.3165618448637317,0.0,0.0,16.7,0.0,1.0,0.0,3.0,0.8962743960660392,1,Decoracion,Velas,Centro,Mediano,Proveedor H,0,0,embargo
2025-03-01,T06,SKU00737,6,22.0,47.0,6.666666666666667,0.3404542420195274,1.0999999999999999,12.0,0,0,38890.910625,49,9,9.0,7.35,959910.0,665,5.511049723756906,25,0,175,0.0,0.0,0.0,0.0,0,0.0,0.0,0.0,41700.0,0.5302158273381294,35,52,155,1500,3,9.0,7.0,10.0,837409.5899999999,34,6.486486486486486,0.8635135135135137,0.1836734693877551,0.06736425359712239,0.0076845824861961325,1.8421052631578947,0.9972375690607734,1.4502762430939227,0.9213814400949163,275,0.03225806451612903,0.9399199908865112,1.0,0.0,0.0,24.9,0.0,0.0,0.0,4.0,0.8877230474446943,1,Cocina y mesa,Cubiertos,Centro,Mediano,Proveedor J,0,0,embargo
2025-03-01,T07,SKU00311,3,14.0,23.0,3.5833333333333335,0.5112433688487783,1.302325581395349,12.0,0,0,82767.95232558138,16,2,9.0,4.465116279069767,764640.0,261,4.267029972752043,22,0,127,0.0,0.0,0.0,0.0,0,0.0,0.0,0.0,87800.0,0.45569476082004556,38,32,147,800,3,4.0,7.0,7.0,1176528.9700000002,36,2.1,2.3651162790697673,0.125,0.05731261588176095,0.0038068473198978542,1.3486590038314177,0.9809264305177111,2.076294277929155,0.9518888926405052,286,0.017482517482517484,1.0133920103190561,2.0371229698375872,0.0,0.0,,0.0,1.0,0.0,2.0,0.884596378547992,1,Muebles,Sillas,Centro,Mediano,Proveedor A,0,0,embargo
2025-03-01,T09,SKU00182,0,3.0,9.0,1.4166666666666667,0.7649115313770576,0.7058823529411764,9.0,1,0,58867.91,9,2,0.0,6.352941176470588,367470.0,128,4.830188679245283,15,0,38,0.0,155.0,0.0,0.0,0,0.0,0.0,0.0,63700.0,0.3590266875981162,33,52,155,600,3,1.0,2.0,3.0,173776.82,31,6.0,0.35294117647058787,0.2222222222222222,0.07585698587127154,0.0015324692657376635,1.0546875,0.9685534591194969,1.4339622641509433,0.9677994139387972,284,0.03508771929824561,1.0433788085823181,1.6763157894736842,310.0,2.0,4.6,0.0,0.0,0.0,2.0,0.9287036284757108,1,Muebles,Mesas auxiliares,NOA,Mediano,Proveedor J,0,0,embargo
2025-03-01,T12,SKU00080,2,7.0,20.0,2.75,0.5171731519722981,0.8484848484848485,11.0,0,0,20349.610909090905,24,7,7.0,8.727272727272727,319200.0,124,5.450549450549451,8,0,38,0.0,182.0,0.0,0.0,0,0.0,0.0,0.0,22500.0,0.40888888888888886,19,31,182,1200,3,3.0,2.0,5.0,148052.97,17,6.0,2.7272727272727266,0.2916666666666667,0.0955728484848487,0.003330734605904362,1.5483870967741935,0.9377289377289377,1.6703296703296704,0.9564254886530222,262,0.049429657794676805,0.9512981367290433,0.5890052356020943,0.0,0.0,14.3,0.0,0.0,0.0,2.0,0.9053789852671685,1,Bano,Cortinas de bano,Cuyo,Chico,Proveedor I,0,0,embargo
2025-03-01,T12,SKU00142,2,2.0,4.0,0.6666666666666666,1.331438046897892,1.0,5.0,0,0,26135.6175,3,0,0.0,4.5,42210.0,57,4.016227180527384,19,0,41,0.0,0.0,0.0,0.0,0,0.0,0.0,0.0,28600.0,0.5080419580419581,12,25,153,1200,3,0.0,0.0,2.0,49789.64,11,4.5,0.0,0.0,0.08616722027972024,0.0008074508135525726,1.0,0.939468346322195,2.8888651649407495,0.9564254886530222,262,0.049429657794676805,0.9512981367290433,0.6150537634408603,765.0,4.0,3.9,0.0,0.0,0.0,2.0,0.9053789852671685,1,Bano,Alfombras de bano,Cuyo,Chico,Proveedor D,0,0,embargo
2025-03-01,T12,SKU00616,2,4.0,10.0,1.8333333333333333,0.561740346048477,0.7272727272727273,11.0,0,0,54760.579545454544,8,0,1.0,4.363636363636364,211040.0,134,5.377926421404682,16,1,62,0.0,0.0,0.0,0.0,0,0.0,0.0,0.0,58000.0,0.5451724137931034,31,10,35,1200,3,1.0,1.0,3.0,212123.43999999994,29,3.5,0.8636363636363642,0.0,0.05585207680250781,0.0022204897372695744,0.9552238805970149,0.842809364548495,2.4882943143812706,0.9564254886530222,262,0.049429657794676805,1.0088165169661982,1.2860310421286032,35.0,1.0,5.7,0.0,1.0,0.0,4.0,0.9065363212196105,1,Cocina y mesa,Vajilla,Cuyo,Chico,Proveedor C,0,0,embargo
2025-03-01,T12,SKU00711,1,7.0,8.0,1.3333333333333333,1.0766108438479103,1.7500000000000002,10.0,0,0,81064.41625,8,4,-2.0,6.0,368640.0,81,3.919354838709677,11,0,30,0.0,0.0,0.0,0.0,0,0.0,0.0,0.0,86700.0,0.46851211072664356,29,56,52,1200,3,3.0,3.0,3.0,559631.29,27,8.0,-2.0,0.5,0.06500096597462524,0.0016149016271051451,1.0864197530864197,0.9354838709677418,1.4516129032258063,0.9564254886530222,262,0.049429657794676805,1.0088165169661982,2.1094890510948905,104.0,1.0,11.0,0.0,0.0,0.0,4.0,0.9065363212196105,1,Cocina y mesa,Cristaleria,Cuyo,Chico,Proveedor F,0,0,embargo
2025-03-01,T13,SKU00433,2,6.0,11.0,1.6666666666666667,0.590839156700797,1.2,10.0,0,0,35138.563500000004,8,1,-3.0,4.8,193280.0,190,5.402843601895735,22,1,74,0.0,364.0,44.0,0.0,0,0.0,0.0,0.0,38000.0,0.36421052631578943,15,31,182,1200,3,1.0,3.0,3.0,214985.64,14,8.25,-3.45,0.125,0.07530096052631574,0.001896827605098722,0.9263157894736842,1.052132701421801,2.104265402843602,0.9692789062054468,274,0.039568345323741004,0.9913146120366485,1.0795454545454546,0.0,0.0,,44.0,2.0,0.0,3.0,0.892526429613931,1,Organizacion,Cajas,Centro,Chico,Proveedor I,0,0,embargo
2025-03-01,T14,SKU00271,2,11.0,21.0,3.8333333333333335,0.5762081310400606,0.9565217391304347,12.0,0,0,39502.54804347826,22,2,-1.0,5.739130434782608,504020.0,311,5.408695652173913,18,0,85,0.0,0.0,0.0,0.0,0,0.0,0.0,0.0,42300.0,0.4583924349881797,16,28,21,1500,3,2.0,7.0,7.0,448451.94000000006,15,6.731707317073171,-0.992576882290563,0.09090909090909091,0.06613361599342182,0.004625321935639338,1.2733118971061093,1.0782608695652174,1.4782608695652173,0.9399458577034028,269,0.04814814814814815,0.769852822254569,0.8359683794466403,21.0,1.0,7.6,0.0,1.0,0.0,2.0,0.9691326443070174,1,Bano,Accesorios de bano,AMBA,Grande,Proveedor G,0,0,embargo
2025-03-01,T14,SKU00501,1,3.0,4.0,0.75,1.0050378152592125,1.3333333333333333,7.0,0,0,12803.915555555555,4,0,0.0,5.333333333333333,27160.0,33,4.351648351648351,12,0,11,0.0,0.0,0.0,0.0,0,0.0,0.0,0.0,13900.0,0.5115107913669065,36,25,153,1500,3,0.0,2.0,2.0,37163.889999999985,33,6.857142857142857,-1.5238095238095237,0.0,0.07885499600319745,0.0009049542917555225,1.4545454545454546,1.1428571428571428,1.4505494505494505,0.9399458577034028,269,0.04814814814814815,1.042530890624308,0.258364312267658,306.0,2.0,3.1,0.0,0.0,0.0,3.0,0.9202100453449306,1,Organizacion,Contenedores,AMBA,Grande,Proveedor D,0,0,embargo
2025-03-01,T14,SKU00701,0,6.0,10.0,1.5,0.6666666666666666,1.3333333333333333,11.0,1,0,67859.5911111111,6,4,-2.0,4.0,240660.0,152,5.612307692307692,17,0,36,0.0,0.0,0.0,0.0,0,0.0,0.0,0.0,73500.0,0.4542857142857143,23,10,35,1500,3,2.0,4.0,4.0,394618.56999999995,22,6.857142857142857,-2.8571428571428568,0.6666666666666666,0.07674025699168563,0.001809908583511045,0.6710526315789473,0.8246153846153846,1.3292307692307692,0.9399458577034028,269,0.04814814814814815,0.984353465448122,1.1036036036036037,0.0,0.0,13.6,0.0,1.0,0.0,4.0,0.9158677790235799,1,Cocina y mesa,Manteleria,AMBA,Grande,Proveedor C,0,0,embargo
2025-03-01,T15,SKU00596,0,1.0,4.0,0.3333333333333333,1.954016841836789,1.0,3.0,2,0,35544.4825,3,2,0.0,9.0,63570.0,44,4.15748031496063,15,0,11,0.0,0.0,0.0,0.0,0,0.0,0.0,0.0,37800.0,0.4394179894179894,18,28,21,600,3,0.0,1.0,2.0,33701.77,16,7.199999999999999,1.8000000000000007,0.6666666666666666,0.05966977513227523,0.0003305577690126704,1.0227272727272727,0.7244094488188976,1.0393700787401574,0.9685342632071244,298,0.043478260869565216,1.007721502421149,0.84375,63.0,3.0,5.8,0.0,0.0,0.0,4.0,0.8980899332783316,1,Textil hogar,Sabanas,NOA,Mediano,Proveedor G,0,0,embargo
2025-03-01,T16,SKU00453,1,7.0,18.0,3.0833333333333335,0.5437252619678666,0.7567567567567568,12.0,0,0,75154.76972972971,17,3,3.0,5.513513513513513,718420.0,268,5.001555209953343,19,0,99,0.0,0.0,0.0,0.0,0,0.0,0.0,0.0,84500.0,0.49988165680473373,28,10,35,600,3,2.0,4.0,6.0,526080.5700000001,27,4.421052631578948,1.0924608819345654,0.17647058823529413,0.11059444106828742,0.003686561605196297,1.205223880597015,0.9082426127527216,1.8475894245723172,0.9258251469049726,263,0.022813688212927757,0.9405889085422952,1.8172043010752688,35.0,1.0,5.2,0.0,0.0,0.0,2.0,0.9156112578804351,1,Bano,Alfombras de bano,NOA,Grande,Proveedor C,0,0,embargo
2025-03-01,T18,SKU00225,3,5.0,12.0,1.8333333333333333,0.6079859225702321,0.9090909090909092,11.0,0,0,2389.6536363636365,4,1,-4.0,2.181818181818182,5720.0,73,5.959183673469388,7,0,25,0.0,0.0,0.0,0.0,0,0.0,0.0,0.0,2600.0,0.44999999999999996,22,28,21,1200,3,1.0,1.0,4.0,12567.92,19,4.8,-2.6181818181818177,0.25,0.08090244755244747,0.0019165290866286987,0.3835616438356164,1.08843537414966,2.0408163265306123,0.9756875350109739,294,0.026845637583892617,1.0284851476523706,0.05591397849462366,0.0,0.0,,0.0,0.0,0.0,2.0,0.9082720382675628,1,Bano,Alfombras de bano,NOA,Mediano,Proveedor G,0,0,embargo
2025-03-01,T18,SKU00668,7,18.0,35.0,6.166666666666667,0.37767572525880466,0.9729729729729729,12.0,0,0,52025.61297297297,35,5,4.0,5.675675675675675,1272950.0,606,4.5764631843927,20,0,192,0.0,0.0,0.0,0.0,0,0.0,0.0,0.0,56600.0,0.35742049469964665,28,11,36,1200,3,8.0,3.0,11.0,944548.43,25,4.708860759493671,0.9668149161820043,0.14285714285714285,0.08081955878139624,0.006446506927751078,1.155115511551155,1.0673379483952172,1.4499685336689743,0.9756875350109739,294,0.026845637583892617,0.9605152850751597,1.054003724394786,36.0,1.0,9.1,0.0,1.0,0.0,3.0,0.9198832146871353,1,Decoracion,Espejos,NOA,Mediano,Proveedor H,0,0,embargo
2025-03-01,T19,SKU00724,0,1.0,4.0,0.9166666666666666,0.9821854225947492,0.36363636363636365,7.0,1,0,40707.83090909091,2,1,-2.0,2.181818181818182,42920.0,58,4.296296296296297,19,1,12,0.0,0.0,0.0,0.0,0,0.0,0.0,0.0,44100.0,0.5133786848072562,28,37,193,800,3,1.0,0.0,2.0,39750.14,27,3.6923076923076925,-1.5104895104895104,0.5,0.0769199340342197,0.0009033728764871344,0.6551724137931034,0.9135802469135803,0.8888888888888888,0.9634882351770057,295,0.03355704697986577,0.8788127809735583,1.0,0.0,0.0,22.1,0.0,0.0,0.0,2.0,0.9413003084352355,1,Muebles,Estanterias,Cuyo,Mediano,Proveedor E,0,0,embargo
2025-03-01,T20,SKU00042,2,6.0,12.0,1.8333333333333333,0.8650488666531918,1.090909090909091,9.0,0,0,61558.92363636364,11,3,5.0,6.0,393910.0,173,4.990384615384616,18,0,80,147.0,0.0,0.0,0.0,0,0.0,0.0,0.0,67100.0,0.4663189269746647,19,32,147,450,3,1.0,3.0,5.0,377187.75,17,3.1304347826086953,2.8695652173913047,0.2727272727272727,0.0825793794878743,0.002037920478995524,1.1445086705202312,1.1346153846153848,2.307692307692308,0.9785723609140327,289,0.010273972602739725,0.9618750793575035,1.3979166666666667,147.0,1.0,0.6,0.0,1.0,0.0,3.0,0.9051008028442744,1,Decoracion,Plantas artificiales,AMBA,Mediano,Proveedor A,0,0,embargo
2025-03-01,T21,SKU00589,6,12.0,14.0,2.75,1.2319317748240715,1.4545454545454546,10.0,0,0,47284.59,17,2,9.0,6.181818181818182,459000.0,194,5.196428571428571,12,0,61,0.0,0.0,0.0,0.0,0,0.0,0.0,0.0,51400.0,0.47470817120622566,28,37,193,600,3,3.0,3.0,8.0,576108.5700000001,26,3.4285714285714284,2.7532467532467533,0.11764705882352941,0.08006634241245147,0.003277979216760342,1.0515463917525771,1.0089285714285714,1.6339285714285714,0.9754471487450473,267,0.025830258302583026,0.9695442066562846,1.0158102766798418,193.0,1.0,11.1,0.0,0.0,0.0,2.0,0.8669129967082208,1,Bano,Accesorios de bano,Cuyo,Grande,Proveedor E,0,0,embargo
2025-03-01,T22,SKU00025,6,13.0,28.0,3.6666666666666665,0.4699856928301795,1.1818181818181819,12.0,0,0,67617.3075,9,5,-12.0,2.4545454545454546,363420.0,216,4.975047984644914,14,0,59,0.0,0.0,0.0,0.0,0,0.0,0.0,0.0,71800.0,0.43760445682451254,18,10,35,1500,3,2.0,5.0,6.0,884334.3400000001,17,6.146341463414634,-3.6917960088691797,0.5555555555555556,0.05825477019498615,0.0037962437505214977,0.5833333333333334,1.1055662188099808,1.3589251439539347,0.971148173997045,290,0.023809523809523808,0.8963106986414285,1.4834710743801653,0.0,0.0,,0.0,0.0,0.0,4.0,0.8654409194283508,1,Textil hogar,Acolchados,AMBA,Mediano,Proveedor C,0,0,embargo
2025-03-01,T23,SKU00357,1,2.0,8.0,1.4166666666666667,0.7032034728674977,0.4705882352941176,10.0,0,0,48322.09176470589,10,3,1.0,7.0588235294117645,237300.0,78,5.08695652173913,10,0,33,294.0,0.0,0.0,0.0,0,0.0,0.0,0.0,51500.0,0.5392233009708738,17,32,147,450,3,1.0,0.0,3.0,96424.83,16,4.0,3.0588235294117645,0.3,0.06170695602512832,0.001598567240859102,1.2820512820512822,0.8913043478260869,2.152173913043478,0.9486086073992128,282,0.028268551236749116,0.9197452229299362,1.1948955916473318,294.0,1.0,1.9,0.0,1.0,0.0,2.0,0.9349958320957464,1,Muebles,Sillas,AMBA,Mediano,Proveedor A,0,0,embargo
2025-03-01,T24,SKU00045,1,2.0,2.0,0.4166666666666667,1.2358287613066494,1.5999999999999999,5.0,0,0,63328.68000000001,5,0,1.0,12.0,208150.0,26,3.9133409350057016,9,0,17,0.0,0.0,0.0,0.0,0,0.0,0.0,0.0,66600.0,0.3749249249249249,12,25,153,800,3,0.0,1.0,1.0,127686.95000000001,11,12.0,0.0,0.0,0.04911891891891884,0.00041158223042361684,1.7307692307692308,0.8027366020524516,2.5587229190421894,0.9370904222284907,298,0.023178807947019868,0.9984933748355657,1.4866071428571428,153.0,1.0,9.2,0.0,0.0,0.0,4.0,0.8944894591882144,1,Textil hogar,Sabanas,AMBA,Grande,Proveedor D,0,0,embargo
2025-03-01,T24,SKU00447,18,47.0,83.0,13.833333333333334,0.2519929405260814,1.1325301204819276,12.0,0,0,40274.343855421685,68,13,-37.0,4.9156626506024095,1516400.0,1330,5.461026882088355,19,0,407,0.0,0.0,55.0,0.0,0,0.0,0.0,0.0,43100.0,0.48259860788863107,13,46,192,800,3,16.0,13.0,19.0,1903699.0900000003,11,7.9411764705882355,-3.025513819985826,0.19117647058823528,0.06556046739160826,0.013664530050064079,0.9714285714285714,1.1127355526661233,1.6711563466240302,0.9370904222284907,298,0.023178807947019868,0.9340018463341423,1.0,768.0,2.0,4.2,55.0,0.0,0.0,2.0,0.8889788024186698,1,Muebles,Sillas,AMBA,Grande,Proveedor B,0,0,embargo
2025-03-01,T26,SKU00430,2,4.0,11.0,1.5833333333333333,0.6291820546709191,0.8421052631578947,10.0,0,0,53678.23052631579,8,0,-3.0,5.052631578947369,290800.0,135,5.56701030927835,19,1,59,0.0,0.0,0.0,0.0,0,0.0,0.0,0.0,56900.0,0.36115992970123023,15,32,147,1200,3,0.0,2.0,3.0,213197.39,14,7.333333333333333,-2.280701754385964,0.0,0.05662160762186663,0.001642737310134993,1.1259259259259258,1.0309278350515463,2.4329896907216493,0.9507126032760203,288,0.03793103448275862,0.862948144661489,1.0595903165735567,0.0,0.0,,0.0,1.0,0.0,3.0,0.9157458408168094,1,Decoracion,Espejos,NOA,Mediano,Proveedor A,0,0,embargo
2025-03-01,T26,SKU00729,10,24.0,43.0,6.333333333333333,0.37080567980856577,1.2631578947368423,12.0,0,0,68245.8930263158,11,5,-26.0,1.736842105263158,385990.0,232,5.1940298507462686,7,0,94,0.0,310.0,0.0,0.0,0,0.0,0.0,0.0,72500.0,0.516,25,52,155,1200,3,9.0,5.0,10.0,1606910.5699999998,24,6.7272727272727275,-4.990430622009569,0.45454545454545453,0.05867733756805793,0.006570949240539972,0.3318965517241379,0.9104477611940298,2.1044776119402986,0.9507126032760203,288,0.03793103448275862,0.9683392387701453,1.5104166666666667,155.0,1.0,10.1,0.0,0.0,0.0,7.0,0.9008719917265161,1,Iluminacion,Guirnaldas,NOA,Mediano,Proveedor J,0,0,embargo
2025-03-01,T27,SKU00179,8,19.0,38.0,6.0,0.34082490543036337,1.0555555555555556,12.0,0,0,11062.183194444444,44,6,-7.0,7.333333333333333,333960.0,400,5.87515299877601,11,0,64,0.0,0.0,0.0,0.0,0,0.0,0.0,0.0,11800.0,0.35677966101694913,22,11,36,1200,3,6.0,5.0,9.0,219534.78,20,9.0,-1.666666666666667,0.13636363636363635,0.06252684792843699,0.006449070759164044,1.21,0.930232558139535,0.9400244798041616,0.9558955991916482,290,0.041237113402061855,1.0103791569582716,0.3033419023136247,0.0,0.0,,0.0,0.0,0.0,4.0,0.922634700915308,1,Textil hogar,Toallas,AMBA,Chico,Proveedor H,0,0,embargo
2025-03-01,T27,SKU00704,1,4.0,9.0,1.5,0.778498944161523,0.8888888888888888,10.0,0,0,19265.48,10,1,2.0,6.666666666666667,111500.0,75,5.421686746987953,9,0,22,294.0,0.0,0.0,0.0,0,0.0,0.0,0.0,20700.0,0.46135265700483097,22,32,147,1200,3,1.0,2.0,4.0,79149.77000000002,17,4.8,1.8666666666666671,0.1,0.06930048309178749,0.001612267689791011,1.2,0.819277108433735,1.5903614457831328,0.9558955991916482,290,0.041237113402061855,0.9027955201281697,0.5447368421052632,441.0,2.0,0.1,0.0,0.0,0.0,2.0,0.9640579059736928,1,Muebles,Mesas auxiliares,AMBA,Chico,Proveedor A,0,0,embargo
2025-03-01,T28,SKU00425,1,4.0,6.0,1.0,0.8528028654224417,1.3333333333333333,8.0,0,0,37651.11833333333,1,0,-2.0,1.0,20680.0,41,4.315789473684211,15,1,3,21.0,0.0,0.0,0.0,0,0.0,0.0,0.0,40300.0,0.48684863523573196,30,28,21,1500,3,2.0,1.0,2.0,151608.56,27,4.0,-3.0,0.0,0.06572907361455749,0.0010520165643271885,0.36585365853658536,0.9122807017543859,0.3157894736842105,0.9387494475679612,289,0.0410958904109589,0.8916575974781401,1.0,21.0,1.0,2.1,0.0,0.0,0.0,7.0,0.9283520923416116,1,Iluminacion,Lamparas de mesa,AMBA,Grande,Proveedor G,0,0,embargo
2025-03-01,T28,SKU00447,10,34.0,71.0,10.583333333333334,0.6439560348450001,1.0708661417322836,11.0,0,0,40768.30236220472,48,16,-65.0,4.535433070866142,1070400.0,1330,5.461026882088355,19,0,407,0.0,0.0,0.0,0.0,0,0.0,0.0,0.0,43100.0,0.48259860788863107,13,46,192,1500,3,12.0,12.0,18.0,1328281.9200000002,12,10.660377358490566,-6.124944287624424,0.3333333333333333,0.054099713173904496,0.011133841972462746,0.6857142857142857,1.1127355526661233,1.6711563466240302,0.9387494475679612,289,0.0410958904109589,0.8085237801111796,1.0,768.0,2.0,4.2,31.0,0.0,0.0,2.0,0.9482228861343609,1,Muebles,Sillas,AMBA,Grande,Proveedor B,0,0,embargo
2025-03-01,T28,SKU00654,3,12.0,18.0,2.5833333333333335,0.48004351330534667,1.5483870967741935,12.0,0,0,12016.386451612905,13,4,-6.0,5.032258064516129,89700.0,146,5.579617834394904,8,0,37,0.0,0.0,0.0,0.0,0,0.0,0.0,0.0,13000.0,0.46923076923076923,22,32,147,1500,3,5.0,4.0,5.0,146137.07,19,9.12,-4.08774193548387,0.3076923076923077,0.07566258064516118,0.002717709457845237,0.7123287671232876,1.0445859872611465,1.414012738853503,0.9387494475679612,289,0.0410958904109589,1.040449887793202,0.3341902313624679,294.0,1.0,6.7,0.0,0.0,0.0,4.0,0.8853499980042954,1,Textil hogar,Toallas,AMBA,Grande,Proveedor A,0,0,embargo
2025-04-01,T02,SKU00464,4,7.0,13.0,2.25,0.7122465682345127,1.0370370370370372,10.0,0,0,64034.03703703704,8,1,-13.0,3.5555555555555554,263200.0,357,5.9582753824756605,19,0,119,0.0,0.0,0.0,0.0,0,0.0,0.0,0.0,66700.0,0.5067466266866567,21,56,52,450,4,0.0,3.0,5.0,443149.83999999997,17,7.2,-3.644444444444445,0.125,0.03996945971458721,0.002446566144192536,0.4257703081232493,1.051460361613352,1.9860917941585536,0.9659405591515715,279,0.03914590747330961,0.9512384568913437,1.7460732984293195,0.0,0.0,12.4,40.0,1.0,0.0,2.0,0.935783125092357,1,Bano,Cortinas de bano,AMBA,Grande,Proveedor F,0,0,validacion
2025-04-01,T03,SKU00080,3,8.0,8.0,2.25,1.0227490956644152,1.1851851851851851,11.0,0,0,20699.63074074074,16,3,3.0,7.111111111111111,212800.0,143,6.04225352112676,8,0,52,182.0,0.0,0.0,0.0,0,0.0,0.0,0.0,22500.0,0.40888888888888886,20,31,182,450,4,3.0,2.0,5.0,164444.31,16,6.0,1.1111111111111107,0.1875,0.08001641152263372,0.0024580861239757433,0.8951048951048951,1.0140845070422535,2.197183098591549,1.0007141731385691,266,0.03333333333333333,1.0272774803036038,0.5890052356020943,182.0,1.0,0.2,0.0,0.0,0.0,2.0,0.8312720228489892,1,Bano,Cortinas de bano,Cuyo,Chico,Proveedor I,0,0,validacion
2025-04-01,T03,SKU00322,3,9.0,19.0,3.25,0.43760805166886746,0.9230769230769231,12.0,0,0,46059.87410256411,16,6,4.0,4.923076923076923,419680.0,371,5.912350597609562,20,1,170,0.0,0.0,0.0,0.0,0,0.0,0.0,0.0,49400.0,0.4690283400809716,17,37,193,450,4,1.0,5.0,5.0,415972.82000000007,15,3.5121951219512195,1.4108818011257038,0.375,0.06761388456347961,0.00355056884574274,0.8625336927223719,0.9083665338645418,2.7091633466135456,1.0007141731385691,266,0.03333333333333333,0.9636400812228552,0.9199255121042831,579.0,2.0,4.7,0.0,0.0,0.0,3.0,0.9436019626167328,1,Decoracion,Espejos,Cuyo,Chico,Proveedor E,0,0,validacion
2025-04-01,T04,SKU00062,-5,-4.0,-1.0,0.6666666666666666,3.0226418306447824,-2.0,8.0,1,0,61214.60625,10,2,4.0,15.0,360600.0,174,6.069767441860465,18,1,24,52.0,52.0,0.0,0.0,0,0.0,0.0,0.0,65700.0,0.4511415525114155,31,56,52,450,4,1.0,0.0,3.0,-237087.22000000003,28,4.8,10.2,0.2,0.06827083333333339,0.0006591519304180959,1.0344827586206897,0.9534883720930232,0.8372093023255813,0.9788406166708725,312,0.03184713375796178,1.0446805676077588,1.6889460154241644,104.0,2.0,0.4,0.0,0.0,0.0,4.0,0.9077592990412817,1,Textil hogar,Toallas,Centro,Grande,Proveedor F,0,0,validacion
2025-04-01,T05,SKU00155,2,3.0,7.0,1.5,0.5318160234783104,0.6666666666666666,11.0,0,0,8136.0344444444445,7,1,-5.0,4.666666666666667,30800.0,68,4.434782608695652,9,0,28,0.0,0.0,0.0,0.0,0,0.0,0.0,0.0,8700.0,0.49425287356321834,36,52,155,450,4,1.0,0.0,3.0,24359.329999999994,34,8.470588235294118,-3.803921568627451,0.14285714285714285,0.06482362707535116,0.001519838720183217,0.9264705882352942,1.1739130434782608,1.826086956521739,0.9723590389794403,294,0.050505050505050504,0.9100061772846567,0.2471590909090909,0.0,0.0,24.7,0.0,0.0,0.0,3.0,0.8791374330322771,1,Organizacion,Cajas,AMBA,Mediano,Proveedor J,0,0,validacion
2025-04-01,T05,SKU00662,4,12.0,26.0,3.8333333333333335,0.3113259868381853,1.0434782608695652,12.0,0,0,21257.69847826087,13,3,-5.0,3.391304347826087,144950.0,258,4.755760368663594,16,0,75,0.0,0.0,0.0,0.0,0,0.0,0.0,0.0,23600.0,0.527542372881356,24,37,193,450,4,5.0,3.0,6.0,255740.18,22,5.142857142857143,-1.7515527950310563,0.23076923076923078,0.09925006448047158,0.003884032284912666,0.8062015503875969,0.9831029185867896,1.3824884792626728,0.9723590389794403,294,0.050505050505050504,0.9865844574412379,0.49166666666666664,579.0,1.0,5.9,0.0,0.0,0.0,3.0,0.9075199230343594,1,Decoracion,Plantas artificiales,AMBA,Mediano,Proveedor E,0,0,validacion
2025-04-01,T06,SKU00548,0,4.0,13.0,2.25,0.7370277311900885,0.5925925925925926,10.0,1,0,22847.095555555556,9,4,-2.0,4.0,127620.0,162,5.820359281437126,9,1,44,0.0,0.0,0.0,0.0,0,0.0,0.0,0.0,24600.0,0.42357723577235773,24,25,153,1500,4,3.0,1.0,5.0,89001.91,21,4.4,-0.40000000000000036,0.4444444444444444,0.07125627822944891,0.002629641272576042,0.5,1.0179640718562875,1.5808383233532934,0.9229066925529841,277,0.0425531914893617,0.8574310692669805,0.35964912280701755,153.0,1.0,11.3,0.0,0.0,0.0,2.0,0.9162722398320913,1,Muebles,Racks,Centro,Mediano,Proveedor D,0,1,validacion
2025-04-01,T07,SKU00212,0,1.0,4.0,1.25,0.6928203230275509,0.26666666666666666,9.0,2,0,34117.295333333335,8,2,1.0,6.4,170240.0,112,5.8104071686841685,13,0,47,0.0,0.0,0.0,0.0,0,0.0,0.0,0.0,37400.0,0.4310160427807487,13,10,35,800,4,0.0,1.0,2.0,32245.570000000014,12,5.0,1.4000000000000004,0.25,0.08777285204991081,0.0013149584243541989,0.9285714285714286,0.9165225593460148,2.438295865429964,0.9355490869805341,291,0.023890784982935155,0.9636501761090266,0.5467836257309941,0.0,0.0,,0.0,1.0,0.0,2.0,0.8917261737086479,1,Muebles,Racks,Centro,Mediano,Proveedor C,0,0,validacion
2025-04-01,T07,SKU00711,0,5.0,8.0,1.6666666666666667,0.5908391567007972,1.0,10.0,1,0,79167.7285,4,1,-6.0,2.4,184320.0,110,5.301204819277109,13,1,39,0.0,0.0,0.0,0.0,0,0.0,0.0,0.0,86700.0,0.46851211072664356,30,56,52,800,4,2.0,3.0,3.0,395133.27,29,7.0588235294117645,-4.658823529411764,0.25,0.08687741061130339,0.0017532778991389318,0.4727272727272727,0.78714859437751,1.8795180722891567,0.9355490869805341,291,0.023890784982935155,0.8300817438692097,2.1094890510948905,0.0,0.0,12.0,0.0,0.0,0.0,4.0,0.8785941727299346,1,Cocina y mesa,Cristaleria,Centro,Mediano,Proveedor F,0,0,validacion
2025-04-01,T08,SKU00153,2,8.0,23.0,3.5833333333333335,0.5112433688487785,0.7441860465116278,12.0,0,0,67261.13023255813,16,3,4.0,4.465116279069767,622400.0,270,5.151033386327504,16,0,97,0.0,0.0,0.0,0.0,0,0.0,0.0,0.0,71700.0,0.45746164574616455,21,28,21,600,4,2.0,4.0,7.0,525452.4,19,3.3488372093023253,1.116279069767442,0.1875,0.06190892283740401,0.003842041761481576,0.9481481481481482,0.985691573926868,1.850556438791733,0.9978586602843311,280,0.031914893617021274,1.024023505012098,1.4753086419753085,21.0,1.0,8.6,25.0,0.0,0.0,3.0,0.8864945336695984,1,Organizacion,Percheros,Patagonia,Grande,Proveedor G,0,0,validacion
2025-04-01,T08,SKU00252,0,2.0,10.0,1.4166666666666667,0.7649115313770576,0.4705882352941176,10.0,1,0,11018.714705882352,6,1,2.0,4.235294117647059,34020.0,111,4.843636363636364,13,1,25,0.0,0.0,0.0,0.0,0,0.0,0.0,0.0,11900.0,0.5235294117647059,36,10,35,600,4,1.0,1.0,4.0,23489.73,33,3.0,1.2352941176470589,0.16666666666666666,0.07405758774097881,0.0015189467429113208,0.7027027027027027,0.9745454545454545,1.0909090909090908,0.9978586602843311,280,0.031914893617021274,0.9791850525153369,0.2638580931263858,0.0,0.0,,0.0,0.0,0.0,4.0,0.9251032107540729,1,Cocina y mesa,Vajilla,Patagonia,Grande,Proveedor C,0,0,validacion
2025-04-01,T08,SKU00474,8,19.0,40.0,7.416666666666667,0.3067006000315343,0.8539325842696629,12.0,0,0,68284.49359550561,30,7,3.0,4.044943820224719,1406400.0,317,4.964289951358405,10,0,124,0.0,0.0,0.0,0.0,0,0.0,0.0,0.0,74800.0,0.3732620320855615,13,25,153,600,4,7.0,4.0,11.0,1268335.3,12,3.375,0.6699438202247192,0.23333333333333334,0.08710570059484479,0.007952132948182797,0.9463722397476341,1.0857752995610392,1.941867362676474,0.9978586602843311,280,0.031914893617021274,1.024023505012098,1.3903345724907064,0.0,0.0,,0.0,0.0,0.0,3.0,0.8864945336695984,1,Organizacion,Contenedores,Patagonia,Grande,Proveedor D,0,0,validacion
2025-04-01,T09,SKU00383,14,37.0,39.0,11.083333333333334,0.9107935068569939,1.112781954887218,11.0,0,0,54443.91872180451,21,12,-57.0,1.894736842105263,578550.0,1166,5.084302325581395,18,0,645,0.0,0.0,0.0,0.0,0,0.0,0.0,0.0,58600.0,0.5298634812286689,31,46,192,600,4,13.0,10.0,22.0,2020110.44,27,6.985074626865672,-5.090337784760409,0.5714285714285714,0.07092288870640762,0.011482327650161063,0.32418524871355064,1.005813953488372,2.8125,0.984544846033359,299,0.03642384105960265,1.0351224186435057,1.4540942928039702,0.0,0.0,12.1,0.0,0.0,0.0,7.0,0.9224904077763697,1,Iluminacion,Lamparas de mesa,NOA,Mediano,Proveedor B,0,0,validacion
2025-04-01,T09,SKU00503,0,1.0,1.0,0.3333333333333333,1.954016841836789,1.0,3.0,2,0,5565.300000000001,4,1,0.0,12.0,16360.0,54,4.32,18,1,29,0.0,0.0,0.0,0.0,0,0.0,0.0,0.0,6300.0,0.35079365079365077,22,11,36,600,4,0.0,1.0,2.0,5987.42,18,9.6,2.4000000000000004,0.25,0.1166190476190474,0.000345333162410859,1.3333333333333333,1.04,2.32,0.984544846033359,299,0.03642384105960265,1.06367188352651,0.14617169373549885,72.0,2.0,4.2,0.0,0.0,0.0,2.0,0.9165928840405121,1,Muebles,Sillas,NOA,Mediano,Proveedor H,0,1,validacion
2025-04-01,T10,SKU00025,4,12.0,22.0,2.6666666666666665,1.2924606552829938,1.5,9.0,0,0,66879.51875,28,2,6.0,10.5,1130640.0,269,5.508532423208191,16,0,96,0.0,0.0,0.0,0.0,0,0.0,0.0,0.0,71800.0,0.43760445682451254,19,10,35,450,4,2.0,6.0,8.0,791241.11,17,9.10344827586207,1.3965517241379306,0.07142857142857142,0.06853037952646235,0.0031167277798854853,1.6654275092936803,0.9965870307167235,1.9658703071672354,0.9607313381497009,266,0.03745318352059925,0.9784925897334963,1.4834710743801653,0.0,0.0,,0.0,0.0,0.0,4.0,0.9342057671203153,1,Textil hogar,Acolchados,AMBA,Mediano,Proveedor C,0,0,validacion
2025-04-01,T10,SKU00623,1,3.0,6.0,1.0,0.852802865422442,1.0,9.0,0,0,21699.855,9,1,-1.0,9.0,102690.0,78,4.610837438423645,10,0,45,0.0,0.0,0.0,0.0,0,0.0,0.0,0.0,23800.0,0.5205882352941176,35,56,52,450,4,1.0,1.0,3.0,67195.94,33,9.230769230769232,-0.23076923076923173,0.1111111111111111,0.08824138655462188,0.0011687729174570572,1.153846153846154,1.1822660098522166,2.6600985221674875,0.9607313381497009,266,0.03745318352059925,0.9066223684630866,0.5790754257907542,52.0,1.0,3.4,0.0,0.0,0.0,4.0,0.8800250863940418,1,Cocina y mesa,Cristaleria,AMBA,Mediano,Proveedor F,0,0,validacion
2025-04-01,T11,SKU00433,3,6.0,9.0,1.75,0.8484406738213544,1.1428571428571428,10.0,0,0,35603.32857142857,4,1,-6.0,2.2857142857142856,96640.0,175,4.861111111111111,22,0,60,364.0,0.0,0.0,0.0,0,0.0,0.0,0.0,38000.0,0.36421052631578943,16,31,182,800,4,0.0,3.0,5.0,221015.16,15,6.0,-3.7142857142857144,0.25,0.0630703007518798,0.0018941002350347633,0.5028571428571429,1.0092592592592593,1.6666666666666667,0.9611205764062113,296,0.053691275167785234,0.9497332760008004,1.0795454545454546,364.0,2.0,0.3,0.0,2.0,0.0,3.0,0.9361886405776503,1,Organizacion,Cajas,AMBA,Grande,Proveedor I,0,0,validacion
2025-04-01,T12,SKU00537,14,47.0,96.0,15.0,0.21461734799546406,1.0444444444444445,12.0,0,0,4657.657666666667,84,11,2.0,5.6,257880.0,553,5.935599284436495,7,0,275,0.0,0.0,0.0,0.0,0,0.0,0.0,0.0,5100.0,0.39803921568627454,36,25,153,1200,4,18.0,15.0,20.0,221005.07,32,5.622857142857143,-0.02285714285714313,0.13095238095238096,0.08673379084967314,0.01807662061272962,1.0632911392405062,1.1091234347048302,2.9516994633273708,0.9500268388690123,261,0.04924242424242424,0.867283950617284,0.13350785340314136,459.0,1.0,8.3,0.0,0.0,0.0,2.0,0.8809266860192396,1,Bano,Cortinas de bano,Cuyo,Chico,Proveedor D,0,0,validacion
2025-04-01,T14,SKU00302,1,8.0,18.0,3.1666666666666665,0.4632013898672133,0.8421052631578947,12.0,0,0,74330.33,20,1,7.0,6.315789473684211,874000.0,312,5.859154929577465,16,0,119,0.0,0.0,0.0,0.0,0,0.0,0.0,0.0,81900.0,0.46642246642246643,20,25,153,1500,4,2.0,5.0,5.0,607688.05,17,3.391304347826087,2.9244851258581237,0.05,0.09242576312576312,0.003659504646149288,1.0256410256410255,0.9765258215962441,2.2347417840375585,0.939914877537291,281,0.042105263157894736,0.963701463418482,1.2297297297297298,459.0,1.0,4.6,0.0,0.0,0.0,4.0,0.880953764552363,1,Cocina y mesa,Manteleria,AMBA,Grande,Proveedor D,0,0,validacion
2025-04-01,T15,SKU00275,2,17.0,30.0,5.25,0.37329975995342163,1.0793650793650795,12.0,0,0,33184.73396825397,40,7,11.0,7.619047619047619,835600.0,333,5.271767810026385,10,0,141,0.0,0.0,0.0,0.0,0,0.0,0.0,0.0,36900.0,0.4338753387533876,18,52,155,600,4,6.0,9.0,9.0,570078.7999999999,16,5.8,1.8190476190476188,0.175,0.10068471630748055,0.0051875815293865825,1.2012012012012012,1.0554089709762533,2.232189973614776,0.973289105989673,294,0.0436241610738255,0.951513177900033,0.7592592592592593,155.0,1.0,6.0,0.0,1.0,0.0,3.0,0.9578941889624817,1,Organizacion,Percheros,NOA,Mediano,Proveedor J,0,0,validacion
2025-04-01,T17,SKU00416,0,3.0,3.0,0.5,1.5954480704349312,2.0,4.0,1,0,16071.81,2,0,1.0,4.0,16640.0,46,4.487804878048781,16,0,18,192.0,0.0,0.0,0.0,0,0.0,0.0,0.0,17300.0,0.5190751445086705,23,46,192,600,4,1.0,2.0,2.0,50124.729999999996,19,3.0,1.0,0.0,0.0709936416184972,0.0005409853380483107,0.6956521739130435,0.8455284552845528,1.7560975609756098,0.9791834618674423,282,0.03125,0.9532852259779719,0.3720430107526882,960.0,4.0,2.5,0.0,0.0,0.0,2.0,0.8399959223802324,1,Bano,Alfombras de bano,Centro,Chico,Proveedor B,0,0,validacion
2025-04-01,T18,SKU00062,1,5.0,7.0,1.3333333333333333,0.8660254037844388,1.2500000000000002,9.0,0,0,59916.025624999995,11,0,1.0,8.25,396660.0,174,6.069767441860465,18,1,24,52.0,52.0,0.0,0.0,0,0.0,0.0,0.0,65700.0,0.4511415525114155,31,56,52,1200,4,0.0,4.0,4.0,290861.13,28,10.0,-1.75,0.0,0.08803613964992396,0.0013830017041679278,1.1379310344827587,0.9534883720930232,0.8372093023255813,0.9494306699112826,300,0.033112582781456956,0.9703542528657142,1.6889460154241644,104.0,2.0,0.4,0.0,0.0,0.0,4.0,0.9001504721379762,1,Textil hogar,Toallas,NOA,Mediano,Proveedor F,0,0,validacion
2025-04-01,T19,SKU00210,0,4.0,6.0,1.6666666666666667,0.8612886750783282,0.7999999999999999,8.0,1,0,54981.0065,10,1,7.0,6.0,288400.0,81,5.202919708029197,9,0,18,35.0,0.0,0.0,0.0,0,0.0,0.0,0.0,58500.0,0.507008547008547,13,10,35,800,4,1.0,3.0,4.0,214385.78000000003,11,1.6875,4.3125,0.1,0.060153735042735024,0.0016283701269790337,1.1111111111111112,0.8778588807785888,1.1562043795620438,0.9610640489430257,302,0.04262295081967213,0.9663388963059201,1.5038560411311055,105.0,2.0,1.8,0.0,0.0,0.0,4.0,0.9785890893305186,1,Textil hogar,Toallas,Cuyo,Mediano,Proveedor C,0,0,validacion
2025-04-01,T19,SKU00680,1,11.0,17.0,1.8333333333333333,1.0867690035224966,2.0,9.0,0,0,22701.56272727273,9,1,3.0,4.909090909090909,114840.0,140,4.565217391304349,18,0,46,0.0,0.0,0.0,0.0,0,0.0,0.0,0.0,24500.0,0.4791836734693877,35,31,182,800,4,7.0,3.0,7.0,241560.29,34,3.5999999999999996,1.3090909090909095,0.1111111111111111,0.0734056029684601,0.001791207139676937,1.1571428571428573,0.9891304347826088,1.5000000000000002,0.9610640489430257,302,0.04262295081967213,0.9366255275546829,0.6960227272727273,0.0,0.0,16.7,0.0,0.0,0.0,3.0,0.9271316890558013,1,Organizacion,Cajas,Cuyo,Mediano,Proveedor I,0,0,validacion
2025-04-01,T21,SKU00313,11,27.0,49.0,6.75,0.39004957461480355,1.3333333333333333,12.0,0,0,6360.568518518518,38,7,0.0,5.62962962962963,134140.0,667,4.895412844036697,20,0,230,0.0,0.0,0.0,0.0,0,0.0,0.0,0.0,6900.0,0.48840579710144927,30,28,21,600,4,10.0,6.0,11.0,170334.44999999998,26,6.514285714285714,-0.8846560846560845,0.18421052631578946,0.07817847557702629,0.00718955629628918,1.1394302848575713,1.0470948012232415,1.688073394495413,0.9781346961124293,288,0.034482758620689655,0.9618111607778099,0.15436241610738255,42.0,2.0,11.5,46.0,0.0,0.0,7.0,0.9329123533731667,1,Iluminacion,Apliques,Cuyo,Grande,Proveedor G,0,0,validacion
2025-04-01,T21,SKU00415,1,6.0,10.0,1.5,0.6030226891555275,1.3333333333333333,11.0,0,0,26264.683333333334,11,2,5.0,7.333333333333333,185130.0,178,5.591623036649215,19,1,72,0.0,0.0,0.0,0.0,0,0.0,0.0,0.0,28800.0,0.415625,17,46,192,600,4,2.0,3.0,3.0,164124.47999999998,14,3.5999999999999996,3.7333333333333334,0.18181818181818182,0.08803182870370363,0.0015976791769531512,1.1741573033707866,1.057591623036649,2.261780104712042,0.9781346961124293,288,0.034482758620689655,1.0093573519106311,0.6682134570765661,576.0,3.0,5.8,0.0,0.0,0.0,2.0,0.8880351663008662,1,Muebles,Sillas,Cuyo,Grande,Proveedor B,0,0,validacion
2025-04-01,T24,SKU00337,7,21.0,31.0,4.166666666666667,0.7714920608794364,1.68,12.0,0,0,19964.995199999998,16,4,-9.0,3.84,157440.0,325,5.1861702127659575,19,0,167,0.0,0.0,0.0,0.0,0,0.0,0.0,0.0,21100.0,0.5336492890995261,26,46,192,800,4,3.0,11.0,11.0,428251.42,24,10.0,-6.16,0.25,0.05379169668246453,0.004136422583234224,0.9353846153846154,1.1276595744680853,2.664893617021277,0.9685847120901258,309,0.05825242718446602,0.9232282388940495,0.39219330855018586,0.0,0.0,14.0,0.0,0.0,0.0,3.0,0.9221938906607849,1,Organizacion,Contenedores,AMBA,Grande,Proveedor B,0,0,validacion
2025-04-01,T25,SKU00642,9,28.0,50.0,5.75,1.2344930908150022,1.6231884057971016,11.0,0,0,46306.107826086954,28,5,-22.0,4.869565217391305,680400.0,385,8.133802816901408,8,1,119,0.0,0.0,0.0,0.0,0,0.0,0.0,0.0,47700.0,0.49056603773584906,16,32,147,1500,4,9.0,10.0,10.0,1269515.27,16,11.11111111111111,-6.241545893719806,0.17857142857142858,0.029222058153313357,0.006301756521224809,0.5818181818181818,1.0774647887323943,2.5140845070422535,0.9666346524730924,284,0.0313588850174216,0.9635736129531525,0.7162162162162162,441.0,2.0,6.0,0.0,0.0,0.0,4.0,0.8975336648946257,1,Cocina y mesa,Manteleria,Centro,Grande,Proveedor A,0,0,validacion
2025-04-01,T25,SKU00650,13,33.0,51.0,7.916666666666667,0.31617201709967535,1.3894736842105262,12.0,0,0,19011.773368421054,42,5,16.0,5.3052631578947365,396060.0,542,5.5212224108658745,15,0,148,0.0,0.0,0.0,0.0,0,0.0,0.0,0.0,20200.0,0.5331683168316832,30,46,192,1500,4,10.0,10.0,13.0,619692.13,26,3.466666666666667,1.8385964912280697,0.11904761904761904,0.05882310057321516,0.008676331442266042,1.1623616236162362,1.1035653650254669,1.5076400679117148,0.9666346524730924,284,0.0313588850174216,0.8554667858539583,0.39920948616600793,384.0,2.0,4.8,0.0,0.0,0.0,2.0,0.8765394122299974,1,Bano,Accesorios de bano,Centro,Grande,Proveedor B,0,0,validacion
2025-04-01,T25,SKU00760,2,7.0,12.0,3.5833333333333335,0.6458557520003644,0.6511627906976745,11.0,0,0,63415.53674418605,14,5,-6.0,3.9069767441860463,441980.0,203,4.561797752808989,14,0,54,0.0,0.0,0.0,0.0,0,0.0,0.0,0.0,68700.0,0.5404657933042212,18,25,153,1500,4,4.0,1.0,7.0,441077.69000000006,17,5.217391304347826,-1.3104145601617798,0.35714285714285715,0.07692086253004293,0.0039271816001835765,0.9655172413793104,0.8389513108614233,1.2134831460674158,0.9666346524730924,284,0.0313588850174216,0.9635736129531525,1.6474820143884892,153.0,1.0,4.6,0.0,0.0,0.0,4.0,0.8975336648946257,1,Cocina y mesa,Cubiertos,Centro,Grande,Proveedor D,0,0,validacion
2025-04-01,T27,SKU00289,0,0.0,1.0,0.3333333333333333,1.4770978917519928,0.0,4.0,4,0,70566.4075,2,0,-2.0,6.0,95940.0,57,4.684931506849315,20,0,29,0.0,0.0,0.0,0.0,0,0.0,0.0,0.0,80300.0,0.4026151930261519,38,37,193,1200,4,0.0,0.0,1.0,0.0,35,12.0,-6.0,0.0,0.12121534869240347,0.0003563622266221558,0.7017543859649122,1.0684931506849316,2.3835616438356166,0.9450726250019572,290,0.05782312925170068,0.9750792173431079,1.863109048723898,0.0,0.0,23.3,0.0,0.0,0.0,2.0,0.9579381338209234,1,Muebles,Sillas,AMBA,Chico,Proveedor E,0,0,validacion
2025-04-01,T28,SKU00311,1,7.0,18.0,4.0,0.5539117094069973,0.5833333333333334,12.0,0,0,79641.089375,17,1,2.0,4.25,812430.0,340,5.454545454545454,23,0,100,0.0,441.0,0.0,0.0,0,1.0,0.0,0.0,87800.0,0.45569476082004556,39,32,147,1500,4,4.0,2.0,8.0,554030.8200000001,36,3.5294117647058822,0.7205882352941178,0.058823529411764705,0.09292608912300693,0.004117508371208679,1.15,1.0213903743315507,1.6042780748663101,0.9384487829379781,295,0.05704697986577181,0.8172043010752688,2.0371229698375872,0.0,0.0,,0.0,1.0,0.0,2.0,0.9087511176173996,1,Muebles,Sillas,AMBA,Grande,Proveedor A,0,0,validacion
2025-04-01,T28,SKU00413,0,1.0,5.0,0.8333333333333334,1.0018165319240662,0.39999999999999997,7.0,1,0,77400.212,4,0,2.0,4.8,191360.0,51,5.506298053328972,14,2,12,36.0,0.0,0.0,15.0,0,0.0,0.0,0.0,86900.0,0.44948216340621405,12,11,36,1500,4,1.0,0.0,2.0,75545.09,11,2.0,2.8,0.0,0.10931861910241658,0.0008578142440018082,1.0980392156862746,1.259610665794209,1.295599541959758,0.9384487829379781,295,0.05704697986577181,0.9585269537594651,1.6182495344506518,36.0,1.0,1.3,0.0,0.0,0.0,3.0,0.88449398441978,1,Decoracion,Espejos,AMBA,Grande,Proveedor H,0,0,validacion
2025-05-01,T01,SKU00117,2,4.0,10.0,0.9166666666666666,2.690663379445226,1.4545454545454546,8.0,0,0,39090.12454545454,9,1,-3.0,9.818181818181818,169470.0,104,5.83177570093458,13,0,22,0.0,0.0,0.0,0.0,0,0.0,0.0,0.0,41400.0,0.5451690821256039,13,56,52,800,5,2.0,0.0,4.0,148686.15000000002,12,15.0,-5.181818181818182,0.1111111111111111,0.05579409310496275,0.0011094462867540103,1.125,1.046728971962617,1.2336448598130842,0.9742955572767037,270,0.04779411764705882,1.000566060158747,0.9282511210762332,104.0,2.0,5.7,0.0,0.0,0.0,4.0,0.8667234724507235,1,Textil hogar,Cortinas,Cuyo,Grande,Proveedor F,0,0,validacion
2025-05-01,T02,SKU00343,2,8.0,11.0,1.5,0.9211323729436766,1.7777777777777777,8.0,0,0,12715.988333333333,6,0,-1.0,4.0,37560.0,146,5.440993788819876,17,0,30,42.0,0.0,0.0,0.0,0,0.0,0.0,0.0,13500.0,0.5362962962962963,30,28,21,450,5,2.0,4.0,4.0,105239.92000000001,24,6.0,-2.0,0.0,0.058074938271604926,0.0016004998424904917,0.6986301369863014,1.0310559006211182,1.1180124223602486,0.9659905716009278,279,0.035211267605633804,0.9599296807431064,0.2830188679245283,42.0,1.0,2.7,0.0,0.0,0.0,3.0,0.9146939181806198,1,Decoracion,Velas,AMBA,Grande,Proveedor G,0,0,validacion
2025-05-01,T02,SKU00478,5,13.0,21.0,3.1666666666666665,0.422247109529382,1.368421052631579,12.0,0,0,76061.79026315789,18,2,-8.0,5.684210526315789,965160.0,135,5.328947368421053,8,0,56,0.0,0.0,0.0,0.0,0,0.0,0.0,0.0,83800.0,0.3601431980906922,18,56,52,450,5,3.0,5.0,5.0,990617.8400000001,16,9.176470588235293,-3.492260061919504,0.1111111111111111,0.09234140497424947,0.00337883300081326,1.0666666666666667,1.0394736842105263,2.210526315789474,0.9659905716009278,279,0.035211267605633804,1.0833449509057915,1.8705357142857142,52.0,1.0,10.6,0.0,0.0,0.0,4.0,0.8580439331119707,1,Textil hogar,Sabanas,AMBA,Grande,Proveedor F,0,0,validacion
2025-05-01,T04,SKU00138,1,4.0,6.0,1.4166666666666667,0.9733795545193757,0.9411764705882352,8.0,0,0,27212.295882352944,4,0,-6.0,2.8235294117647056,74600.0,123,5.252669039145907,14,0,59,768.0,0.0,40.0,0.0,0,0.0,0.0,0.0,29700.0,0.3720538720538721,23,46,192,450,5,3.0,0.0,4.0,105289.37,22,8.571428571428571,-5.7478991596638656,0.0,0.0837610814022578,0.001392654578718089,0.45528455284552843,1.1103202846975089,2.5195729537366547,0.981739557138681,316,0.04075235109717868,0.9527545335876347,0.7634961439588689,1344.0,5.0,0.2,40.0,1.0,0.0,4.0,0.946768463548364,1,Textil hogar,Toallas,Centro,Grande,Proveedor B,0,0,validacion
2025-05-01,T04,SKU00488,3,9.0,20.0,3.0833333333333335,1.0482736987668801,0.9729729729729729,11.0,0,0,41379.15945945946,25,3,25.0,8.108108108108107,610250.0,230,5.786163522012578,12,0,107,147.0,0.0,0.0,0.0,0,0.0,0.0,0.0,44600.0,0.45269058295964126,36,32,147,450,5,3.0,3.0,12.0,383757.32999999996,35,0.0,8.108108108108107,0.12,0.07221615561750094,0.0030310717301511346,1.3043478260869565,1.0566037735849056,2.691823899371069,0.981739557138681,316,0.04075235109717868,0.9527545335876347,1.0,147.0,1.0,0.3,0.0,0.0,0.0,4.0,0.946768463548364,1,Textil hogar,Cortinas,Centro,Grande,Proveedor A,0,0,validacion
2025-05-01,T06,SKU00122,3,6.0,12.0,2.0,0.6396021490668312,1.0,11.0,0,0,50303.42458333333,8,2,3.0,4.0,246080.0,101,5.0924369747899165,11,0,34,0.0,0.0,0.0,0.0,0,0.0,0.0,0.0,54200.0,0.43247232472324726,40,31,182,1500,5,2.0,1.0,4.0,300831.03,39,2.5,1.5,0.25,0.07189253536285367,0.002446852565966708,0.8712871287128713,0.9075630252100841,1.7142857142857144,0.9518256481610495,275,0.04285714285714286,0.9364295414468039,1.1198347107438016,0.0,0.0,12.0,0.0,0.0,0.0,4.0,0.9917867291462169,1,Textil hogar,Acolchados,Centro,Mediano,Proveedor I,0,0,validacion
2025-05-01,T07,SKU00232,0,0.0,3.0,0.6666666666666666,1.4770978917519928,0.0,5.0,3,0,77408.795,4,0,1.0,6.0,196840.0,17,5.230769230769231,5,0,0,0.0,0.0,0.0,0.0,0,0.0,0.0,0.0,84700.0,0.4190082644628099,21,31,182,800,5,0.0,0.0,3.0,0.0,19,3.0,3.0,0.0,0.08608270365997639,0.0006919305175954785,1.1764705882352942,1.3333333333333333,0.0,0.9517504269525807,293,0.03678929765886288,0.9434278967657505,1.9206349206349207,364.0,2.0,6.4,0.0,0.0,0.0,2.0,0.8941716850505612,1,Muebles,Estanterias,Centro,Mediano,Proveedor I,0,0,validacion
2025-05-01,T07,SKU00316,0,0.0,3.0,0.6666666666666666,1.331438046897892,0.0,6.0,3,0,26712.10125,4,1,0.0,6.0,67560.0,64,5.086092715231787,19,2,21,306.0,0.0,0.0,0.0,0,0.0,0.0,0.0,29000.0,0.4175862068965517,14,25,153,800,5,0.0,0.0,3.0,0.0,13,4.4,1.5999999999999996,0.25,0.07889306034482757,0.0006919305175954785,1.1875,0.9536423841059603,1.6688741721854303,0.9517504269525807,293,0.03678929765886288,0.8902280421336881,0.7055961070559611,306.0,2.0,1.5,0.0,1.0,0.0,3.0,0.883388977772432,1,Cocina y mesa,Cristaleria,Centro,Mediano,Proveedor D,0,0,validacion
2025-05-01,T07,SKU00737,3,7.0,12.0,2.3333333333333335,0.5582905262390826,1.0,11.0,0,0,37340.87678571429,5,3,-5.0,2.142857142857143,97950.0,505,4.522388059701492,25,0,213,0.0,0.0,0.0,0.0,0,0.0,0.0,0.0,41700.0,0.5302158273381294,37,52,155,800,5,0.0,4.0,4.0,262324.06,33,4.444444444444445,-2.301587301587302,0.6,0.10453532887975325,0.002421756811584175,0.24752475247524752,0.9701492537313432,1.907462686567164,0.9517504269525807,293,0.03678929765886288,0.8902280421336881,1.0,0.0,0.0,26.9,0.0,0.0,0.0,3.0,0.883388977772432,1,Cocina y mesa,Cubiertos,Centro,Mediano,Proveedor J,0,0,validacion
2025-05-01,T08,SKU00179,4,19.0,38.0,6.083333333333333,0.4346826147755624,1.0410958904109588,11.0,0,0,11065.99904109589,12,3,-70.0,1.9726027397260275,91080.0,371,5.274881516587678,11,0,134,0.0,0.0,0.0,0.0,0,0.0,0.0,0.0,11800.0,0.35677966101694913,24,11,36,600,5,9.0,6.0,9.0,205524.65,21,12.455696202531646,-10.483093462805618,0.25,0.06220347109356861,0.006717677139345928,0.3557951482479784,0.9668246445497631,1.9052132701421802,1.0225592927727665,277,0.04659498207885305,0.9785122722917445,0.3033419023136247,0.0,0.0,,0.0,0.0,0.0,4.0,0.8739076883846861,1,Textil hogar,Toallas,Patagonia,Grande,Proveedor H,0,0,validacion
2025-05-01,T08,SKU00727,3,3.0,9.0,1.5833333333333333,0.8709185487804941,0.6315789473684211,8.0,0,0,33442.2052631579,10,1,4.0,6.315789473684211,169300.0,63,5.323943661971832,8,0,24,546.0,0.0,0.0,0.0,0,0.0,0.0,0.0,36400.0,0.5348901098901099,17,31,182,600,5,0.0,0.0,4.0,95711.18,15,4.0,2.3157894736842106,0.1,0.08125809716599175,0.001748436515720173,1.2698412698412698,0.7887323943661974,2.0281690140845074,1.0225592927727665,277,0.04659498207885305,1.0127928785376368,0.6778398510242085,910.0,3.0,1.1,0.0,0.0,0.0,3.0,0.8790624969746005,1,Decoracion,Espejos,Patagonia,Grande,Proveedor I,0,0,validacion
2025-05-01,T08,SKU00734,2,4.0,7.0,1.6666666666666667,0.7385489458759964,0.7999999999999999,10.0,0,0,80211.2405,10,3,0.0,6.0,483100.0,153,4.8315789473684205,18,0,28,0.0,155.0,0.0,0.0,0,0.0,0.0,0.0,87100.0,0.44535017221584383,33,52,155,600,5,0.0,2.0,4.0,309777.24000000005,29,5.454545454545455,0.545454545454545,0.3,0.07909023536165327,0.0018404594902317612,1.1764705882352942,0.9789473684210526,0.8842105263157894,1.0225592927727665,277,0.04659498207885305,1.0386119867513277,1.6189591078066914,155.0,1.0,6.0,0.0,0.0,0.0,3.0,0.8643520481526795,1,Organizacion,Contenedores,Patagonia,Grande,Proveedor J,0,0,validacion
2025-05-01,T11,SKU00727,1,2.0,5.0,1.4166666666666667,0.8220001079162225,0.4705882352941176,10.0,0,0,33997.294117647056,8,1,-4.0,5.647058823529411,135440.0,63,5.323943661971832,8,0,24,546.0,0.0,0.0,0.0,0,0.0,0.0,0.0,36400.0,0.5348901098901099,17,31,182,800,5,0.0,1.0,4.0,68074.22,15,6.857142857142857,-1.2100840336134455,0.125,0.06600840336134461,0.0015078428562805746,1.0158730158730158,0.7887323943661974,2.0281690140845074,0.961116775920959,309,0.054838709677419356,0.9718510336238181,0.6778398510242085,910.0,3.0,1.1,0.0,0.0,0.0,3.0,0.8886547844084878,1,Decoracion,Espejos,AMBA,Grande,Proveedor I,0,0,validacion
2025-05-01,T13,SKU00501,0,1.0,3.0,0.25,1.8090680674665818,1.3333333333333333,3.0,1,0,12995.699999999999,4,0,1.0,16.0,27160.0,37,5.045454545454546,11,1,3,0.0,0.0,0.0,0.0,0,0.0,0.0,0.0,13900.0,0.5115107913669065,38,25,153,1200,5,1.0,0.0,1.0,13090.56,35,9.0,7.0,0.0,0.06505755395683466,0.0002687523399486741,1.1891891891891893,1.3181818181818181,0.4090909090909091,0.9560416573107502,292,0.037162162162162164,0.8891868320685211,0.258364312267658,153.0,1.0,5.1,0.0,0.0,0.0,3.0,0.8881741990039183,1,Organizacion,Contenedores,Centro,Chico,Proveedor D,0,0,validacion
2025-05-01,T16,SKU00737,10,22.0,43.0,6.333333333333333,0.3035921929036425,1.1578947368421053,12.0,0,0,38436.775789473686,26,4,-1.0,4.105263157894737,509340.0,505,4.522388059701492,25,0,213,0.0,0.0,0.0,0.0,0,0.0,0.0,0.0,41700.0,0.5302158273381294,37,52,155,600,5,5.0,7.0,10.0,828096.98,36,4.32,-0.21473684210526311,0.15384615384615385,0.07825477723084684,0.007457243501895382,1.2871287128712872,0.9701492537313432,1.907462686567164,0.9827861962497914,273,0.029197080291970802,1.0170089779621485,1.0,0.0,0.0,26.9,43.0,0.0,0.0,3.0,0.9307098273001099,1,Cocina y mesa,Cubiertos,NOA,Grande,Proveedor J,0,0,validacion
2025-05-01,T17,SKU00447,15,40.0,82.0,13.5,0.1855215799859382,0.9876543209876544,12.0,0,0,39626.50864197531,89,14,14.0,6.592592592592593,1984700.0,1281,5.497496586253983,17,0,501,0.0,0.0,0.0,0.0,0,0.0,0.0,0.0,43100.0,0.48259860788863107,15,46,192,600,5,15.0,10.0,17.0,1574990.79,14,5.660377358490566,0.9322152341020269,0.15730337078651685,0.08059144682191843,0.014734989315341175,1.1811085089773614,1.0228233305156382,2.1500747772937125,0.9997963120631493,287,0.030821917808219176,1.0587759503909409,1.0,768.0,2.0,6.2,0.0,0.0,0.0,2.0,0.969966911330962,1,Muebles,Sillas,Centro,Chico,Proveedor B,0,0,validacion
2025-05-01,T18,SKU00246,0,0.0,2.0,0.5,1.348399724926484,0.0,5.0,3,0,7688.774999999999,4,0,-1.0,8.0,16000.0,30,4.235294117647059,10,0,4,0.0,0.0,0.0,0.0,0,0.0,0.0,0.0,8100.0,0.5061728395061729,18,31,182,1200,5,0.0,0.0,2.0,0.0,16,8.571428571428571,-0.5714285714285712,0.0,0.05076851851851871,0.0005158498783063241,1.3333333333333333,0.8470588235294116,0.5647058823529412,0.9570734742176668,299,0.023411371237458192,0.9533146408893944,0.18120805369127516,182.0,1.0,6.5,0.0,0.0,0.0,7.0,0.8821863915434851,1,Iluminacion,Apliques,NOA,Mediano,Proveedor I,0,0,validacion
2025-05-01,T18,SKU00378,0,0.0,0.0,0.25,2.4863262420322445,0.0,4.0,3,0,7551.970000000001,4,0,0.0,16.0,16280.0,44,4.672566371681416,16,1,11,0.0,0.0,0.0,0.0,0,0.0,0.0,0.0,8400.0,0.5154761904761904,40,46,192,1200,5,0.0,0.0,1.0,0.0,37,9.6,6.4,0.0,0.10095595238095223,0.00025792493915316206,1.4545454545454546,0.9203539823008849,1.168141592920354,0.9570734742176668,299,0.023411371237458192,0.898483080513419,0.22105263157894736,384.0,2.0,3.9,0.0,1.0,0.0,2.0,0.8775654993892267,1,Muebles,Mesas auxiliares,NOA,Mediano,Proveedor B,0,0,validacion
2025-05-01,T19,SKU00271,2,7.0,23.0,4.0,0.4767312946227962,0.5833333333333334,12.0,0,0,39590.92958333333,15,5,-3.0,3.75,343650.0,281,4.544474393530997,19,0,105,0.0,0.0,0.0,0.0,0,0.0,1.0,10.0,42300.0,0.4583924349881797,18,28,21,800,5,2.0,3.0,7.0,276350.16,17,4.408163265306123,-0.6581632653061229,0.3333333333333333,0.06404421788810089,0.004028735405826057,1.0142348754448398,0.9380053908355794,1.6981132075471697,0.9746182402594202,299,0.02631578947368421,1.0271150105204654,0.8359683794466403,21.0,1.0,9.6,58.0,1.0,0.0,3.0,0.8751197201450034,1,Bano,Accesorios de bano,Cuyo,Mediano,Proveedor G,0,0,validacion
2025-05-01,T20,SKU00052,2,4.0,5.0,0.8333333333333334,1.1249242398733104,1.5999999999999999,6.0,0,0,71359.236,4,1,4.0,4.8,156000.0,28,4.8,8,0,0,384.0,0.0,0.0,53.0,0,0.0,0.0,0.0,76400.0,0.4895287958115183,30,46,192,450,5,0.0,2.0,2.0,295617.77,29,0.0,4.8,0.25,0.06597858638743448,0.0009019785896053645,1.1428571428571428,0.9714285714285714,0.0,0.9968667372318488,297,0.02666666666666667,1.0361447995372879,1.8588807785888077,768.0,2.0,2.7,0.0,0.0,0.0,3.0,0.8805517966461527,1,Cocina y mesa,Cristaleria,AMBA,Mediano,Proveedor B,0,0,validacion
2025-05-01,T22,SKU00104,2,9.0,17.0,3.1666666666666665,0.5686336657127495,0.9473684210526316,11.0,0,0,75621.57894736843,19,2,-3.0,6.0,860320.0,230,5.6557377049180335,12,0,87,0.0,0.0,0.0,0.0,0,0.0,0.0,0.0,81400.0,0.4437346437346438,17,28,21,1500,5,5.0,2.0,6.0,674586.66,14,6.0,0.0,0.10526315789473684,0.07098797361955245,0.0032481117806327877,0.9913043478260869,0.959016393442623,2.139344262295082,0.9713563756608158,303,0.05573770491803279,0.9286720450761942,1.6748971193415638,0.0,0.0,16.6,0.0,0.0,0.0,3.0,0.8978052234519681,1,Organizacion,Percheros,AMBA,Mediano,Proveedor G,0,0,validacion
2025-05-01,T22,SKU00778,5,9.0,14.0,3.0,0.5504818825631803,1.0,12.0,0,0,13959.507222222222,18,4,7.0,6.0,127620.0,314,5.161643835616438,19,0,78,0.0,192.0,0.0,0.0,0,0.0,0.0,0.0,15000.0,0.5273333333333333,30,46,192,1500,5,3.0,1.0,6.0,129895.71000000005,27,3.771428571428572,2.228571428571428,0.2222222222222222,0.06936618518518511,0.0030771585290205357,1.089171974522293,1.0794520547945206,1.2821917808219176,0.9713563756608158,303,0.05573770491803279,0.9299684542586751,0.21929824561403508,0.0,0.0,22.2,0.0,0.0,0.0,2.0,0.9441492341453592,1,Muebles,Racks,AMBA,Mediano,Proveedor B,0,0,validacion
2025-05-01,T28,SKU00650,8,19.0,37.0,6.75,0.33501260508640407,0.9382716049382716,12.0,0,0,18367.596790123454,58,3,17.0,8.592592592592593,546940.0,606,6.334494773519164,15,0,116,0.0,0.0,0.0,0.0,0,0.0,1.0,10.0,20200.0,0.5331683168316832,31,46,192,1500,5,6.0,5.0,10.0,356838.49000000005,28,5.788235294117647,2.8043572984749465,0.05172413793103448,0.09071303019190824,0.007110083132227407,1.4356435643564356,0.9686411149825784,1.2125435540069687,0.9743447255274593,298,0.04950495049504951,0.9986555794734695,0.39920948616600793,384.0,2.0,5.8,0.0,0.0,0.0,3.0,0.8890212735912467,1,Bano,Accesorios de bano,AMBA,Grande,Proveedor B,0,0,validacion
2025-06-01,T01,SKU00517,0,2.0,7.0,1.3333333333333333,0.8048150549829898,0.5,9.0,1,0,53361.499375,7,2,-1.0,5.25,232190.0,159,5.712574850299402,18,0,51,0.0,21.0,0.0,0.0,0,0.0,2.0,25.0,58500.0,0.43299145299145303,15,28,21,800,6,2.0,0.0,3.0,104034.21000000004,14,5.333333333333333,-0.08333333333333304,0.2857142857142857,0.08783761752136754,0.0015107787688493767,0.7924528301886792,1.0419161676646707,1.8323353293413174,1.0046678812848355,284,0.04482758620689655,1.0326836393099268,1.21875,21.0,1.0,5.6,0.0,1.0,0.0,4.0,0.9324873605239761,0,Decoracion,Plantas artificiales,Cuyo,Grande,Proveedor G,0,0,validacion
2025-06-01,T02,SKU00684,3,10.0,13.0,2.1666666666666665,0.6477502756312957,1.5384615384615385,10.0,0,0,19731.747692307694,4,0,-8.0,1.8461538461538463,51680.0,92,3.9288256227758005,13,0,54,0.0,0.0,0.0,0.0,0,0.0,0.0,0.0,21100.0,0.3876777251184834,17,32,147,450,6,3.0,4.0,4.0,200726.08000000002,15,6.857142857142857,-5.010989010989011,0.0,0.0648460809332847,0.0022118693934948057,0.5652173913043479,1.0391459074733096,2.3060498220640566,1.0055498550426387,284,0.034722222222222224,0.9746465229783351,0.4895591647331787,0.0,0.0,,0.0,0.0,0.0,2.0,0.9079825231487577,0,Muebles,Sillas,AMBA,Grande,Proveedor A,0,0,validacion
2025-06-01,T04,SKU00278,7,30.0,16.0,3.6666666666666665,2.148506024366535,2.7272727272727275,9.0,0,0,12757.300454545453,44,9,0.0,12.0,312400.0,205,5.970873786407767,6,0,76,0.0,0.0,0.0,0.0,0,0.0,0.0,0.0,13400.0,0.4701492537313433,25,28,21,450,6,12.0,11.0,12.0,379248.88,23,17.6,-5.600000000000001,0.20454545454545456,0.04796265264586175,0.0034956496976558784,1.2878048780487805,1.1067961165048543,2.2135922330097086,0.947321068064743,326,0.030303030303030304,0.957813294177444,0.3526315789473684,0.0,0.0,18.3,18.0,0.0,0.0,2.0,0.9627869615459203,0,Muebles,Mesas auxiliares,Centro,Grande,Proveedor G,0,0,validacion
2025-06-01,T05,SKU00061,2,11.0,21.0,3.0,0.6356417261637283,1.222222222222222,10.0,0,0,44062.4925,17,3,0.0,5.666666666666667,514590.0,249,5.205574912891986,13,0,84,0.0,0.0,0.0,0.0,0,0.0,1.0,20.0,47700.0,0.36540880503144657,24,11,36,450,6,3.0,6.0,6.0,496124.8299999999,23,6.181818181818182,-0.5151515151515147,0.17647058823529413,0.07625801886792449,0.003041290121413524,0.8875502008032129,0.8989547038327527,1.75609756097561,0.9742266022261322,294,0.016778523489932886,0.9705101841533883,1.057649667405765,0.0,0.0,16.6,0.0,0.0,0.0,3.0,0.8784071123095157,0,Cocina y mesa,Vajilla,AMBA,Mediano,Proveedor H,0,0,validacion
2025-06-01,T05,SKU00667,0,0.0,2.0,0.4166666666666667,1.604539016211652,0.0,4.0,3,0,55607.328,4,1,1.0,9.6,136560.0,44,5.5,13,1,15,0.0,0.0,0.0,0.0,0,0.0,0.0,0.0,63500.0,0.4623622047244095,28,56,52,450,6,0.0,0.0,2.0,0.0,26,6.0,3.5999999999999996,0.25,0.12429404724409443,0.00042240140575187837,1.1818181818181819,0.6666666666666666,1.875,0.9742266022261322,294,0.016778523489932886,1.0298141501723466,1.3229166666666667,0.0,0.0,20.7,0.0,0.0,0.0,6.0,0.9004033341481532,0,Iluminacion,Guirnaldas,AMBA,Mediano,Proveedor F,0,0,validacion
2025-06-01,T06,SKU00701,2,9.0,13.0,1.75,0.6503887805479955,1.7142857142857142,10.0,0,0,67172.94904761904,10,1,0.0,5.714285714285714,401100.0,148,5.365558912386707,16,0,39,0.0,0.0,0.0,0.0,0,0.0,1.0,20.0,73500.0,0.4542857142857143,26,10,35,1500,6,4.0,3.0,4.0,608311.97,24,8.0,-2.2857142857142856,0.1,0.08608232588273412,0.002005089148553422,1.0810810810810811,1.16012084592145,1.4138972809667671,0.9357082693249301,297,0.03,0.9279934974055449,1.1036036036036037,0.0,0.0,16.6,0.0,1.0,0.0,3.0,0.9069952346922425,0,Cocina y mesa,Manteleria,Centro,Mediano,Proveedor C,0,0,validacion
2025-06-01,T07,SKU00525,0,2.0,2.0,0.75,1.005037815259212,0.8888888888888888,7.0,1,0,77360.38111111111,5,2,3.0,6.666666666666667,266650.0,65,5.611510791366907,17,1,22,0.0,0.0,0.0,0.0,0,0.0,0.0,0.0,82900.0,0.3566948130277443,18,25,153,800,6,1.0,1.0,2.0,152299.4,15,3.0,3.666666666666667,0.4,0.06682290577670547,0.0007809494023295432,1.3076923076923077,0.8920863309352519,1.8992805755395685,0.9603942205537094,302,0.039603960396039604,0.9809688581314879,1.705761316872428,153.0,1.0,10.5,0.0,1.0,0.0,3.0,0.9436248910536978,0,Organizacion,Percheros,Centro,Mediano,Proveedor D,0,0,validacion
2025-06-01,T08,SKU00013,7,24.0,40.0,6.583333333333333,0.3069457127337252,1.2151898734177216,12.0,0,0,11088.746202531645,73,1,33.0,11.08860759493671,402230.0,619,5.83503534956795,16,0,144,0.0,0.0,0.0,0.0,0,0.0,2.0,25.0,11800.0,0.5330508474576271,40,32,147,600,6,10.0,7.0,10.0,265996.89,34,6.075949367088608,5.012658227848101,0.0136986301369863,0.060275745548165616,0.007068984831955018,1.8869143780290791,1.0274941084053417,1.3574234092694424,0.9925212627347477,282,0.04225352112676056,1.0374839818760981,0.24737945492662475,441.0,1.0,10.3,0.0,0.0,0.0,4.0,0.8583711230876631,0,Decoracion,Velas,Patagonia,Grande,Proveedor A,0,0,validacion
2025-06-01,T08,SKU00059,0,2.0,4.0,0.4166666666666667,2.3908918077494925,1.5999999999999999,6.0,2,0,45370.526,2,0,-3.0,4.8,61960.0,41,6.227848101265823,12,1,0,0.0,0.0,0.0,0.0,0,0.0,1.0,15.0,49000.0,0.3677551020408163,36,46,192,600,6,0.0,2.0,2.0,94559.55,33,20.0,-15.2,0.0,0.07407089795918376,0.00044740410328829235,0.5853658536585367,1.0632911392405064,0.0,0.9925212627347477,282,0.04225352112676056,0.9867088373273815,1.09375,384.0,2.0,9.1,0.0,0.0,0.0,4.0,0.8631776700544901,0,Textil hogar,Sabanas,Patagonia,Grande,Proveedor B,0,0,validacion
2025-06-01,T08,SKU00383,13,37.0,78.0,14.166666666666666,0.3416371590027205,0.8705882352941178,12.0,0,0,53913.422941176475,34,10,-52.0,2.4,936700.0,1167,5.005003573981416,18,0,436,0.0,0.0,0.0,0.0,0,0.0,0.0,0.0,58600.0,0.5298634812286689,33,46,192,600,6,10.0,14.0,22.0,1995129.94,29,6.254545454545455,-3.854545454545455,0.29411764705882354,0.0799757177273639,0.015211739511801938,0.5244215938303343,1.089349535382416,1.8699070764832024,0.9925212627347477,282,0.04225352112676056,0.8918682599825124,1.4540942928039702,0.0,0.0,14.1,0.0,0.0,0.0,6.0,0.939436792152264,0,Iluminacion,Lamparas de mesa,Patagonia,Grande,Proveedor B,0,0,validacion
2025-06-01,T09,SKU00372,3,7.0,7.0,1.0833333333333333,1.5967961467805836,2.153846153846154,8.0,0,0,63811.75538461539,10,0,1.0,9.230769230769232,411300.0,127,4.495575221238938,16,0,44,0.0,0.0,0.0,0.0,0,0.0,1.0,15.0,66700.0,0.3833583208395802,22,11,36,600,6,1.0,3.0,3.0,442069.15,19,6.75,2.4807692307692317,0.0,0.043302018221658356,0.0011892614326121226,1.2598425196850394,1.0973451327433628,1.5575221238938053,1.0066640618818306,296,0.046511627906976744,1.0055120955633483,1.378099173553719,0.0,0.0,21.9,0.0,1.0,0.0,4.0,0.8810597484054086,0,Textil hogar,Acolchados,NOA,Mediano,Proveedor H,0,0,validacion
2025-06-01,T09,SKU00533,4,8.0,21.0,3.4166666666666665,0.6044559001828049,0.7804878048780488,12.0,0,0,42011.2956097561,23,4,2.0,6.731707317073171,551540.0,273,4.803519061583578,16,0,131,0.0,0.0,0.0,0.0,0,0.0,1.0,15.0,45400.0,0.4718061674008811,18,32,147,600,6,1.0,3.0,8.0,353996.15,16,6.146341463414634,0.5853658536585371,0.17391304347826086,0.07464106586440311,0.00375074759516131,1.347985347985348,0.9912023460410557,2.3049853372434015,1.0066640618818306,296,0.046511627906976744,1.0055120955633483,0.9380165289256198,0.0,0.0,15.0,0.0,0.0,0.0,4.0,0.8810597484054086,0,Textil hogar,Acolchados,NOA,Mediano,Proveedor A,0,0,validacion
2025-06-01,T10,SKU00289,0,2.0,6.0,0.75,1.005037815259211,0.8888888888888888,7.0,2,0,74864.18111111112,7,0,4.0,9.333333333333334,335790.0,64,5.296551724137931,20,0,14,0.0,193.0,0.0,0.0,0,0.0,0.0,0.0,80300.0,0.4026151930261519,40,37,193,450,6,0.0,2.0,2.0,149582.46000000002,37,4.5,4.833333333333334,0.0,0.06769388404593879,0.0008364493317296895,2.1875,0.9655172413793103,1.1586206896551723,0.9821773930799287,276,0.03597122302158273,0.8389316027861301,1.863109048723898,0.0,0.0,25.3,0.0,0.0,0.0,2.0,0.9377390764113678,0,Muebles,Sillas,AMBA,Mediano,Proveedor E,0,0,validacion
2025-06-01,T10,SKU00302,2,11.0,15.0,3.0,0.5504818825631804,1.222222222222222,12.0,0,0,77421.01555555555,14,3,0.0,4.666666666666667,611800.0,207,4.669172932330826,14,0,108,0.0,0.0,0.0,0.0,0,0.0,1.0,20.0,81900.0,0.46642246642246643,22,25,153,450,6,5.0,4.0,6.0,860432.8,18,4.666666666666667,0.0,0.21428571428571427,0.05468845475512141,0.003345797326918758,0.9468599033816425,0.9473684210526315,2.43609022556391,0.9821773930799287,276,0.03597122302158273,0.9804332341727071,1.2297297297297298,459.0,1.0,6.6,0.0,1.0,0.0,3.0,0.8532998739683939,0,Cocina y mesa,Manteleria,AMBA,Mediano,Proveedor D,0,0,validacion
2025-06-01,T10,SKU00508,3,0.0,5.0,1.9166666666666667,1.4833671399332153,0.0,10.0,0,0,66095.64869565217,12,4,3.0,6.260869565217391,504480.0,309,5.010810810810811,18,0,157,459.0,0.0,0.0,0.0,0,0.0,1.0,20.0,70500.0,0.4036879432624113,18,25,153,450,6,3.0,-6.0,5.0,-452.7400000000198,15,4.319999999999999,1.9408695652173913,0.3333333333333333,0.06247306814677778,0.0021375927366425397,0.6990291262135921,1.0216216216216216,2.545945945945946,0.9821773930799287,276,0.03597122302158273,0.9804332341727071,1.7153284671532847,459.0,2.0,2.5,0.0,0.0,0.0,3.0,0.8532998739683939,0,Cocina y mesa,Cristaleria,AMBA,Mediano,Proveedor D,0,1,validacion
2025-06-01,T11,SKU00093,3,17.0,18.0,3.4166666666666665,0.9783774489095437,1.6585365853658538,11.0,0,0,66194.3456097561,20,2,0.0,5.853658536585366,719600.0,159,3.9667359667359663,12,0,105,0.0,0.0,0.0,0.0,0,0.0,1.0,20.0,73700.0,0.5118046132971505,24,28,21,800,6,9.0,5.0,9.0,1106960.0699999998,22,7.0588235294117645,-1.2051649928263988,0.1,0.10184062944700001,0.0036726867163330555,1.509433962264151,1.2058212058212059,2.6195426195426195,0.9720974694060078,305,0.05825242718446602,0.9959993717258138,1.6341463414634145,42.0,2.0,7.4,0.0,1.0,0.0,3.0,0.8975974496268464,0,Cocina y mesa,Vajilla,AMBA,Grande,Proveedor G,0,0,validacion
2025-06-01,T11,SKU00166,0,2.0,2.0,0.5833333333333334,1.146099297294037,1.1428571428571428,6.0,2,0,51642.04428571429,5,1,2.0,8.571428571428571,176600.0,54,4.661870503597122,17,1,31,0.0,192.0,0.0,0.0,0,1.0,2.0,25.0,57500.0,0.3857391304347826,29,46,192,800,6,0.0,2.0,2.0,104200.81,26,6.0,2.571428571428571,0.2,0.10187749068322971,0.0006270440735202779,1.5740740740740742,0.9496402877697842,2.676258992805755,0.9720974694060078,305,0.05825242718446602,0.9702950357466519,1.0707635009310987,384.0,2.0,4.9,17.0,1.0,0.0,4.0,0.8787213661058803,0,Decoracion,Espejos,AMBA,Grande,Proveedor B,0,0,validacion
2025-06-01,T11,SKU00407,5,12.0,25.0,3.8333333333333335,0.4563805541141835,1.0434782608695652,11.0,0,0,2570.074565217391,14,5,-5.0,3.652173913043478,19180.0,287,5.440758293838862,16,0,108,0.0,0.0,0.0,0.0,0,0.0,1.0,15.0,2900.0,0.5275862068965518,41,11,36,800,6,3.0,4.0,7.0,30474.690000000006,35,5.181818181818182,-1.5296442687747036,0.35714285714285715,0.11376739130434799,0.0041205753402761116,0.7804878048780488,0.9605055292259084,2.0473933649289098,0.9720974694060078,305,0.05825242718446602,0.9956238263034626,0.06473214285714286,0.0,0.0,39.2,0.0,0.0,0.0,4.0,0.8949558483195494,0,Textil hogar,Sabanas,AMBA,Grande,Proveedor H,0,0,validacion
2025-06-01,T11,SKU00447,15,41.0,89.0,15.333333333333334,0.15061311370164143,0.8913043478260869,12.0,0,0,39259.615326086954,27,10,-77.0,1.7608695652173911,602100.0,1398,5.719740879645414,19,0,419,0.0,0.0,0.0,0.0,0,0.0,0.0,0.0,43100.0,0.48259860788863107,16,46,192,800,6,12.0,14.0,19.0,1619274.4699999997,15,7.011235955056179,-5.2503663898387885,0.37037037037037035,0.08910405275900335,0.016482301361104446,0.3669527896995708,1.0214797136038185,1.7142857142857144,0.9720974694060078,305,0.05825242718446602,0.998364330284122,1.0,768.0,2.0,7.2,0.0,0.0,0.0,2.0,0.9054571353823014,0,Muebles,Sillas,AMBA,Grande,Proveedor B,0,0,validacion
2025-06-01,T12,SKU00218,5,19.0,37.0,6.416666666666667,0.21490197956921286,0.9870129870129869,12.0,0,0,24596.953896103896,42,5,0.0,6.545454545454545,508200.0,344,5.015795868772783,10,0,152,0.0,0.0,0.0,0.0,0,0.0,0.0,0.0,26600.0,0.5451127819548872,22,52,155,1200,6,6.0,8.0,9.0,465175.04000000004,18,6.545454545454545,0.0,0.11904761904761904,0.07530248510887605,0.007339309174062196,1.2209302325581395,0.957472660996355,2.216281895504253,0.9790829069606086,278,0.03180212014134275,0.8997555012224938,0.5950782997762863,155.0,1.0,10.5,0.0,1.0,0.0,6.0,0.9061844432469413,0,Iluminacion,Apliques,Cuyo,Chico,Proveedor J,0,0,validacion
2025-06-01,T12,SKU00528,1,4.0,5.0,1.0833333333333333,0.9195737722113428,1.2307692307692308,8.0,0,0,60902.062307692315,11,2,2.0,10.153846153846155,438130.0,187,6.032258064516129,20,0,74,0.0,0.0,0.0,0.0,0,0.0,1.0,15.0,65400.0,0.3909785932721712,24,46,192,1200,6,1.0,2.0,3.0,237786.27000000002,20,4.695652173913043,5.458193979933112,0.18181818181818182,0.06877580569277808,0.0012391041462702407,1.1764705882352942,0.989247311827957,2.3870967741935485,0.9790829069606086,278,0.03180212014134275,1.0416006205005248,1.4663677130044843,0.0,0.0,17.0,0.0,0.0,0.0,4.0,0.9845619979790227,0,Textil hogar,Cortinas,Cuyo,Chico,Proveedor B,0,0,validacion
2025-06-01,T13,SKU00287,2,6.0,11.0,1.9166666666666667,0.6470151701072064,1.0434782608695652,10.0,0,0,28830.637826086957,4,0,-4.0,2.0869565217391304,72320.0,72,6.171428571428572,8,0,15,0.0,0.0,0.0,0.0,0,0.0,0.0,0.0,31700.0,0.4296529968454259,20,56,52,1200,6,1.0,3.0,4.0,176225.09,19,5.333333333333333,-3.2463768115942027,0.0,0.09051615690577419,0.001991681123192694,0.4444444444444444,0.9714285714285715,1.2857142857142858,0.9362633175634524,302,0.033003300330033,0.9249624895391148,0.7354988399071926,52.0,1.0,4.7,0.0,0.0,0.0,2.0,0.9407701008215732,0,Muebles,Sillas,Centro,Chico,Proveedor F,0,0,validacion
2025-06-01,T14,SKU00287,0,1.0,3.0,1.1666666666666667,0.9554064497532215,0.2857142857142857,8.0,1,0,27992.657857142858,9,2,3.0,7.7142857142857135,162720.0,72,6.171428571428572,8,0,15,0.0,0.0,0.0,0.0,0,0.0,0.0,0.0,31700.0,0.4296529968454259,20,56,52,1500,6,1.0,0.0,3.0,27984.69,19,4.235294117647059,3.4789915966386546,0.2222222222222222,0.11695085624155022,0.0013826755541551134,1.0,0.9714285714285715,1.2857142857142858,0.9536510822086981,273,0.04363636363636364,0.9759144160933203,0.7354988399071926,52.0,1.0,4.7,0.0,0.0,0.0,2.0,0.9160960681888749,0,Muebles,Sillas,AMBA,Grande,Proveedor F,0,0,validacion
2025-06-01,T14,SKU00389,8,20.0,37.0,6.166666666666667,0.2378601731750555,1.0810810810810811,12.0,0,0,25539.636486486488,7,7,-53.0,1.135135135135135,84560.0,179,3.8983666061705984,7,0,64,104.0,0.0,0.0,0.0,0,0.0,0.0,0.0,26800.0,0.5492537313432836,15,56,52,1500,6,5.0,7.0,8.0,508595.07999999996,14,9.863013698630137,-8.727878563495002,1.0,0.047028489310205646,0.007308427929105599,0.2737430167597765,0.9655172413793103,1.3938294010889292,0.9536510822086981,273,0.04363636363636364,0.920053563794267,0.551440329218107,104.0,1.0,0.1,0.0,0.0,0.0,3.0,0.9034589306298992,0,Organizacion,Percheros,AMBA,Grande,Proveedor F,0,0,validacion
2025-06-01,T14,SKU00546,7,17.0,39.0,5.833333333333333,0.371528458097428,0.9714285714285715,12.0,0,0,60306.95457142856,38,5,-1.0,6.514285714285714,1563320.0,676,5.87400434467777,18,0,185,147.0,441.0,0.0,0.0,0,0.0,0.0,0.0,64900.0,0.36610169491525424,26,32,147,1500,6,7.0,3.0,9.0,1056316.8,21,6.324324324324324,0.18996138996139056,0.13157894736842105,0.07077111600264152,0.006913377770775566,1.0118343195266273,1.002172338884866,1.607530774800869,0.9536510822086981,273,0.04363636363636364,0.9490301545489713,1.3520833333333333,294.0,2.0,1.2,0.0,0.0,0.0,6.0,0.9016902921385346,0,Iluminacion,Guirnaldas,AMBA,Grande,Proveedor A,0,0,validacion
2025-06-01,T14,SKU00739,12,49.0,102.0,14.583333333333334,0.28864985432951934,1.1199999999999999,12.0,0,0,23451.74897142857,52,19,-16.0,3.5657142857142854,837720.0,974,4.6344171292624905,16,0,355,0.0,192.0,0.0,0.0,0,0.0,0.0,0.0,25700.0,0.37315175097276265,35,46,192,1500,6,22.0,15.0,22.0,1097502.07,32,5.197452229299363,-1.6317379435850774,0.36538461538461536,0.08748058476931642,0.017283444426938917,0.8542094455852156,0.9865186360031721,1.6891356066613799,0.9536510822086981,273,0.04363636363636364,0.920053563794267,0.7301136363636364,0.0,0.0,15.5,0.0,0.0,0.0,3.0,0.9034589306298992,0,Organizacion,Cajas,AMBA,Grande,Proveedor B,0,0,validacion
2025-06-01,T15,SKU00492,4,11.0,24.0,4.0,0.5740604972870496,0.9166666666666666,12.0,0,0,59868.60729166667,30,2,14.0,7.5,1089900.0,220,4.528301886792453,15,0,99,0.0,0.0,0.0,0.0,0,0.0,0.0,0.0,65400.0,0.4444954128440367,26,25,153,600,6,1.0,6.0,9.0,663865.09,24,3.6923076923076925,3.8076923076923075,0.06666666666666667,0.084577870158002,0.003839703594828991,2.0454545454545454,1.0017152658662092,2.0377358490566038,1.0021626382503668,314,0.04777070063694268,0.8903644298300103,1.8579545454545454,918.0,4.0,8.9,0.0,0.0,0.0,3.0,0.8891575161978021,0,Organizacion,Cajas,NOA,Mediano,Proveedor D,0,0,validacion
2025-06-01,T17,SKU00045,0,1.0,2.0,0.6666666666666666,1.477097891751993,0.5,5.0,1,0,62694.65625,3,0,0.0,4.5,124890.0,32,5.647058823529411,9,0,4,0.0,0.0,0.0,0.0,0,0.0,1.0,15.0,66600.0,0.3749249249249249,15,25,153,600,6,1.0,0.0,3.0,63958.87,14,3.5999999999999996,0.9000000000000004,0.0,0.0586387950450451,0.0007026104105875785,0.84375,0.8823529411764706,0.7058823529411764,1.0145694328884634,287,0.040955631399317405,0.9716289570411394,1.4866071428571428,0.0,0.0,12.2,0.0,1.0,0.0,4.0,0.9207511072504706,0,Textil hogar,Sabanas,Centro,Chico,Proveedor D,0,0,validacion
2025-06-01,T17,SKU00337,4,15.0,29.0,3.8333333333333335,0.5762081310400606,1.3043478260869565,11.0,0,0,19659.73347826087,12,7,0.0,3.1304347826086953,118080.0,357,5.727272727272727,19,0,91,0.0,0.0,0.0,0.0,0,0.0,0.0,0.0,21100.0,0.5336492890995261,28,46,192,600,6,3.0,8.0,8.0,293979.99,27,3.272727272727273,-0.14229249011857759,0.5833333333333334,0.06825907685967436,0.0040400098608785765,0.6386554621848739,1.0481283422459893,1.459893048128342,1.0145694328884634,287,0.040955631399317405,0.9571933766548788,0.39219330855018586,0.0,0.0,16.0,0.0,0.0,0.0,3.0,0.8920898325733528,0,Organizacion,Contenedores,Centro,Chico,Proveedor B,0,0,validacion
2025-06-01,T17,SKU00638,1,3.0,7.0,0.5833333333333334,2.2480665780882965,1.7142857142857142,4.0,0,0,46570.73,1,1,-2.0,1.7142857142857142,26910.0,35,4.7727272727272725,12,1,19,52.0,0.0,0.0,0.0,0,0.0,0.0,0.0,50300.0,0.4650099403578529,30,56,52,600,6,2.0,0.0,4.0,132099.31,27,4.5,-2.7857142857142856,1.0,0.07414055666003971,0.0006147841092641312,0.34285714285714286,1.090909090909091,2.590909090909091,1.0145694328884634,287,0.040955631399317405,1.085972850678733,1.1252796420581654,52.0,1.0,0.4,0.0,0.0,0.0,6.0,0.9005057297119892,0,Iluminacion,Apliques,Centro,Chico,Proveedor F,0,0,validacion
2025-06-01,T18,SKU00350,1,2.0,8.0,1.5,0.8287754140107482,0.4444444444444444,10.0,0,0,29663.835000000003,10,1,1.0,6.666666666666667,205000.0,60,5.413533834586467,7,0,23,0.0,0.0,0.0,0.0,0,0.0,1.0,20.0,31600.0,0.3512658227848101,41,52,155,1200,6,1.0,0.0,4.0,58476.53999999999,38,5.142857142857143,1.5238095238095237,0.1,0.06127104430379737,0.001577484358605217,1.1666666666666667,0.9924812030075189,2.075187969924812,0.9626160108288725,298,0.02,0.8815765760990555,0.4744744744744745,0.0,0.0,14.4,0.0,0.0,0.0,3.0,0.9431449810035015,0,Cocina y mesa,Manteleria,NOA,Mediano,Proveedor J,0,0,validacion
2025-06-01,T19,SKU00183,0,0.0,0.0,0.4166666666666667,1.9031075066370218,0.0,3.0,6,0,16725.594,4,3,2.0,9.6,43240.0,30,5.625,11,0,5,0.0,0.0,0.0,0.0,0,0.0,0.0,0.0,17400.0,0.37873563218390804,21,52,155,800,6,0.0,0.0,2.0,0.0,19,3.0,6.6,0.75,0.03875896551724134,0.00041687492366316334,1.4666666666666668,1.2500000000000002,0.9375,1.006836315631272,306,0.02922077922077922,1.0402065658428623,0.3438735177865613,0.0,0.0,,0.0,0.0,0.0,3.0,0.8765758478219008,0,Bano,Accesorios de bano,Cuyo,Mediano,Proveedor J,0,0,validacion
2025-06-01,T19,SKU00530,10,30.0,83.0,13.833333333333334,0.3835518175257752,0.7228915662650602,12.0,0,0,67289.38921686746,80,12,23.0,5.783132530120482,3724800.0,1266,5.8296239447429015,17,0,322,0.0,21.0,0.0,0.0,0,0.0,0.0,0.0,72800.0,0.3604395604395605,37,28,21,800,6,8.0,12.0,26.0,1926012.6099999999,35,3.9767441860465116,1.8063883440739703,0.15,0.07569520306500732,0.013840247465617024,1.0742496050552923,1.0084420567920185,1.4827321565617806,1.006836315631272,306,0.02922077922077922,0.9543652701648663,1.5166666666666666,0.0,0.0,,0.0,0.0,0.0,6.0,0.935396636879995,0,Iluminacion,Guirnaldas,Cuyo,Mediano,Proveedor G,0,0,validacion
2025-06-01,T19,SKU00608,2,3.0,6.0,0.9166666666666666,0.7293359164598416,1.090909090909091,9.0,0,0,78057.94909090908,4,1,2.0,4.363636363636364,176800.0,44,4.888888888888889,15,0,9,0.0,0.0,0.0,0.0,0,0.0,1.0,15.0,82600.0,0.46489104116222757,20,32,147,800,6,1.0,0.0,2.0,228062.86000000004,18,2.4,1.9636363636363643,0.25,0.054988509795289575,0.0009171248320589593,1.3636363636363638,0.7037037037037037,1.0,1.006836315631272,306,0.02922077922077922,0.9444858420268256,1.7066115702479339,0.0,0.0,16.3,0.0,1.0,0.0,4.0,0.8857657745706256,0,Textil hogar,Acolchados,Cuyo,Mediano,Proveedor A,0,0,validacion
2025-06-01,T20,SKU00220,3,11.0,16.0,1.75,0.9476070829586858,2.0952380952380953,8.0,0,0,71082.10619047619,10,1,5.0,5.714285714285714,378200.0,168,5.390374331550802,19,0,35,0.0,0.0,0.0,0.0,0,0.0,1.0,15.0,76100.0,0.5030223390275952,30,10,35,450,6,4.0,4.0,4.0,759363.1199999999,29,3.3333333333333335,2.380952380952381,0.1,0.06593815781240231,0.0019155107724677252,1.130952380952381,0.9946524064171123,1.1229946524064172,0.9811063746982311,300,0.019543973941368076,1.0791847226403692,1.572314049586777,0.0,0.0,21.8,0.0,0.0,0.0,4.0,0.9067335126215165,0,Textil hogar,Acolchados,AMBA,Mediano,Proveedor C,0,0,validacion
2025-06-01,T21,SKU00162,0,2.0,4.0,0.75,0.8287754140107481,0.8888888888888888,8.0,1,0,39316.37333333333,2,0,-1.0,2.6666666666666665,53880.0,41,4.5786802030456855,14,0,17,0.0,35.0,0.0,0.0,0,0.0,0.0,0.0,43000.0,0.3734883720930232,16,10,35,600,6,1.0,1.0,2.0,77738.15,12,4.285714285714286,-1.619047619047619,0.0,0.08566573643410857,0.0007700104664385623,0.6829268292682927,0.9678510998307951,1.898477157360406,1.0047781019838307,298,0.04666666666666667,1.022141267085356,0.8847736625514403,105.0,2.0,5.5,0.0,0.0,0.0,3.0,0.8876421850800674,0,Organizacion,Percheros,Cuyo,Grande,Proveedor C,0,0,validacion
2025-06-01,T24,SKU00696,6,14.0,25.0,3.1666666666666665,0.5186037858311666,1.473684210526316,12.0,0,0,15545.088421052631,8,1,-18.0,2.5263157894736845,63360.0,299,5.528505392912172,17,0,92,0.0,0.0,0.0,0.0,0,0.0,2.0,25.0,17100.0,0.5368421052631579,28,10,35,800,6,5.0,3.0,6.0,218501.93999999997,26,8.914285714285715,-6.38796992481203,0.125,0.09093050169282857,0.0030238348667864325,0.45484949832775917,1.0539291217257318,1.7010785824345145,0.9778127063966233,314,0.03773584905660377,1.0031088575434624,0.33727810650887574,0.0,0.0,13.4,0.0,0.0,0.0,4.0,0.8573285801091686,0,Decoracion,Cuadros,AMBA,Grande,Proveedor C,0,0,validacion
2025-06-01,T25,SKU00274,2,8.0,18.0,3.25,0.41747724633844197,0.8205128205128205,12.0,0,0,75509.74025641025,20,2,1.0,6.153846153846154,774600.0,214,5.015625,13,0,61,0.0,0.0,0.0,0.0,0,0.0,1.0,20.0,80000.0,0.515875,15,46,192,1500,6,2.0,4.0,5.0,605224.46,12,5.757575757575758,0.3962703962703964,0.1,0.05612824679487183,0.003595419557605753,1.2149532710280375,0.8515625000000001,1.4296875,0.986804383195179,286,0.024054982817869417,1.0343551749343487,1.2012012012012012,576.0,1.0,9.3,0.0,0.0,0.0,3.0,0.9064471801762606,0,Cocina y mesa,Manteleria,Centro,Grande,Proveedor B,0,0,validacion
2025-06-01,T26,SKU00732,10,19.0,46.0,6.25,0.5794040825788948,1.0133333333333332,11.0,0,0,6010.2256,29,5,-19.0,4.64,91350.0,669,6.072617246596067,18,1,300,0.0,0.0,0.0,0.0,0,0.0,2.0,25.0,6500.0,0.5153846153846153,37,11,36,1200,6,6.0,3.0,11.0,109804.20999999999,32,8.470588235294118,-3.830588235294118,0.1724137931034483,0.07534990769230776,0.00636078878627265,0.7802690582959642,1.016641452344932,2.7231467473524966,0.9451284031229654,312,0.05714285714285714,0.9423637650027059,0.12104283054003724,72.0,2.0,7.6,42.0,0.0,0.0,4.0,0.9169883844061409,0,Decoracion,Espejos,NOA,Mediano,Proveedor H,0,0,validacion
2025-06-01,T27,SKU00188,0,0.0,2.0,0.25,1.8090680674665816,0.0,3.0,3,0,25770.559999999998,3,0,1.0,12.0,45270.0,44,4.258064516129032,17,0,17,52.0,0.0,0.0,0.0,0,0.0,0.0,0.0,27700.0,0.4552346570397112,23,56,52,1200,6,0.0,0.0,1.0,0.0,21,6.0,6.0,0.0,0.06965487364620948,0.00026117018867039953,1.159090909090909,0.8709677419354839,1.6451612903225805,0.9687672865080686,303,0.05245901639344262,0.8964079067171851,0.725130890052356,52.0,1.0,1.2,0.0,0.0,0.0,3.0,0.9354184293773653,0,Bano,Cortinas de bano,AMBA,Chico,Proveedor F,0,0,validacion
2025-06-01,T27,SKU00528,0,2.0,4.0,1.5,0.9639984073082951,0.4444444444444444,9.0,1,0,60457.131666666675,10,2,1.0,6.666666666666667,398300.0,187,6.032258064516129,20,0,74,0.0,0.0,0.0,0.0,0,0.0,1.0,15.0,65400.0,0.3909785932721712,24,46,192,1200,6,2.0,0.0,5.0,121314.27,21,6.352941176470588,0.3137254901960791,0.2,0.07557902650356763,0.0015670211320223972,1.0695187165775402,0.989247311827957,2.3870967741935485,0.9687672865080686,303,0.05245901639344262,0.9219323329200091,1.4663677130044843,0.0,0.0,17.0,0.0,0.0,0.0,4.0,0.9487643069935991,0,Textil hogar,Cortinas,AMBA,Chico,Proveedor B,0,1,validacion
2025-07-01,T01,SKU00525,0,1.0,3.0,0.75,1.0050378152592119,0.4444444444444444,7.0,2,0,74488.62,4,2,1.0,5.333333333333333,213320.0,52,5.473684210526316,15,2,8,0.0,0.0,0.0,0.0,0,0.0,0.0,0.0,82900.0,0.3566948130277443,19,25,153,800,7,0.0,1.0,2.0,72717.17,17,2.7692307692307696,2.5641025641025634,0.5,0.101464173703257,0.0008331203780402933,1.1538461538461537,0.7368421052631579,0.8421052631578947,0.9875253547704277,295,0.050505050505050504,1.0322253235219487,1.705761316872428,153.0,1.0,11.5,0.0,1.0,0.0,3.0,0.9007433735555068,0,Organizacion,Percheros,Cuyo,Grande,Proveedor D,0,0,validacion
2025-07-01,T02,SKU00042,0,3.0,11.0,2.1666666666666665,0.7319644256296238,0.46153846153846156,11.0,1,0,62841.82423076923,8,4,-5.0,3.6923076923076925,286480.0,143,4.366412213740458,17,0,65,147.0,0.0,0.0,0.0,0,0.0,0.0,0.0,67100.0,0.4663189269746647,23,32,147,450,7,2.0,1.0,5.0,190319.52999999997,21,5.571428571428571,-1.8791208791208787,0.5,0.06346014559211288,0.0021925709592041614,0.951048951048951,0.9363867684478372,1.984732824427481,0.9967764899151228,290,0.030716723549488054,0.9968723592645835,1.3979166666666667,294.0,2.0,1.4,0.0,1.0,0.0,4.0,0.8853937982720113,0,Decoracion,Plantas artificiales,AMBA,Grande,Proveedor A,0,0,validacion
2025-07-01,T02,SKU00503,2,5.0,6.0,1.0,0.7385489458759965,1.6666666666666667,9.0,0,0,5909.6483333333335,3,1,-1.0,3.0,12270.0,61,4.632911392405063,19,1,22,0.0,0.0,0.0,0.0,0,0.0,0.0,0.0,6300.0,0.35079365079365077,25,11,36,450,7,2.0,1.0,2.0,30151.630000000005,22,6.857142857142857,-3.8571428571428568,0.3333333333333333,0.061960582010581966,0.0010119558273249977,0.9344262295081966,0.9873417721518988,1.6708860759493671,0.9967764899151228,290,0.030716723549488054,1.0151977011565978,0.14617169373549885,36.0,1.0,7.2,0.0,0.0,0.0,2.0,0.8718418194767859,0,Muebles,Sillas,AMBA,Grande,Proveedor H,0,0,validacion
2025-07-01,T02,SKU00719,8,18.0,31.0,4.916666666666667,0.8735580125947375,1.2203389830508473,11.0,0,0,4360.530677966101,32,7,0.0,6.508474576271186,72320.0,475,5.677290836653386,14,0,111,0.0,0.0,0.0,0.0,0,0.0,0.0,0.0,4500.0,0.49777777777777776,20,10,35,450,7,5.0,5.0,11.0,79096.91,18,7.245283018867924,-0.7368084425967378,0.21875,0.030993182674199704,0.004975449484347905,0.9431578947368421,1.0796812749003983,1.3266932270916334,0.9967764899151228,290,0.030716723549488054,0.9531068233783946,0.09977827050997783,0.0,0.0,17.8,0.0,0.0,0.0,3.0,0.921538039935042,0,Cocina y mesa,Vajilla,AMBA,Grande,Proveedor C,0,0,validacion
2025-07-01,T03,SKU00110,13,49.0,60.0,12.333333333333334,0.6733621325294953,1.3243243243243241,11.0,0,0,52949.68148648648,58,10,-11.0,4.702702702702703,1735360.0,412,4.5109489051094895,7,0,219,386.0,0.0,0.0,0.0,0,0.0,0.0,0.0,56900.0,0.47416520210896307,31,37,193,450,7,20.0,16.0,21.0,2576093.3200000003,28,5.914285714285715,-1.211583011583012,0.1724137931034483,0.0694256329264239,0.013023369916960209,0.9854368932038835,0.9854014598540146,2.397810218978102,0.972176965152543,288,0.05136986301369863,1.0104447109166639,1.1222879684418146,579.0,3.0,0.5,0.0,0.0,0.0,4.0,0.9356313787449768,0,Decoracion,Cuadros,Cuyo,Chico,Proveedor E,0,0,validacion
2025-07-01,T03,SKU00529,19,57.0,98.0,14.75,0.25714820460768434,1.2881355932203389,12.0,0,0,21512.514350282487,74,10,19.0,5.016949152542373,953860.0,1185,5.959765297569153,16,0,289,0.0,36.0,0.0,0.0,0,0.0,0.0,0.0,22900.0,0.43711790393013106,27,11,36,450,7,17.0,21.0,21.0,1277991.25,23,4.074074074074074,0.9428750784682984,0.13513513513513514,0.060588893000764754,0.01557524645474295,0.99915611814346,1.0243084660519697,1.4534786253143335,0.972176965152543,288,0.05136986301369863,0.9234806264068274,0.4731404958677686,108.0,2.0,3.1,0.0,1.0,0.0,4.0,0.8938428711822811,0,Textil hogar,Acolchados,Cuyo,Chico,Proveedor H,0,0,validacion
2025-07-01,T04,SKU00042,0,1.0,5.0,1.4166666666666667,0.9733795545193757,0.2352941176470588,8.0,2,0,62672.98882352941,9,3,-2.0,6.352941176470588,322290.0,143,4.366412213740458,17,0,65,147.0,0.0,0.0,0.0,0,0.0,0.0,0.0,67100.0,0.4663189269746647,23,32,147,450,7,0.0,1.0,4.0,60093.57,21,5.279999999999999,1.0729411764705885,0.3333333333333333,0.06597632155693867,0.001366270792574835,1.0699300699300698,0.9363867684478372,1.984732824427481,0.9554251283605668,329,0.02710843373493976,0.94194792242199,1.3979166666666667,294.0,2.0,1.4,18.0,1.0,0.0,4.0,0.8602291683401776,0,Decoracion,Plantas artificiales,Centro,Grande,Proveedor A,0,0,validacion
2025-07-01,T04,SKU00722,1,10.0,21.0,3.3333333333333335,0.5009082659620329,1.0,12.0,0,0,63631.516749999995,21,5,9.0,6.3,711060.0,312,5.698630136986301,17,0,73,192.0,0.0,0.0,0.0,0,0.0,0.0,0.0,67300.0,0.49687964338781576,26,46,192,450,7,5.0,4.0,6.0,624558.44,22,3.2,3.0999999999999996,0.23809523809523808,0.05450940936106996,0.003214754806058435,1.1442307692307694,1.0532724505327244,1.3333333333333333,0.9554251283605668,329,0.02710843373493976,0.9956371157325695,1.6699751861042185,576.0,3.0,1.8,0.0,0.0,0.0,4.0,0.9328953246790258,0,Iluminacion,Lamparas de mesa,Centro,Grande,Proveedor B,0,0,validacion
2025-07-01,T05,SKU00255,1,3.0,9.0,0.8333333333333334,1.432099539455652,1.2,6.0,0,0,18098.472,9,0,4.0,10.799999999999999,109260.0,146,5.341463414634147,16,0,24,36.0,0.0,0.0,0.0,0,0.0,0.0,0.0,19800.0,0.3868686868686869,22,11,36,450,7,2.0,0.0,4.0,54615.94,18,5.0,5.799999999999999,0.0,0.08593575757575744,0.0008101593562410628,0.9863013698630136,0.8170731707317073,0.8780487804878049,0.9968200719190035,305,0.06774193548387097,0.9724934460927338,0.3687150837988827,72.0,2.0,0.8,0.0,0.0,0.0,4.0,0.9118806439160223,0,Decoracion,Espejos,AMBA,Mediano,Proveedor H,0,0,validacion
2025-07-01,T06,SKU00711,0,3.0,5.0,1.5833333333333333,0.7354737807671462,0.6315789473684211,10.0,1,0,82536.59947368421,10,2,7.0,6.315789473684211,460800.0,105,5.526315789473684,13,0,28,0.0,0.0,0.0,0.0,0,0.0,0.0,0.0,86700.0,0.46851211072664356,33,56,52,1500,7,2.0,1.0,3.0,244577.61999999994,30,1.7999999999999998,4.515789473684211,0.2,0.04802076731621441,0.0018010237644449677,1.2380952380952381,0.8421052631578947,1.4736842105263157,0.9778611133691729,292,0.07167235494880546,0.9792965367762099,2.1094890510948905,0.0,0.0,15.0,0.0,0.0,0.0,3.0,0.8893149259007028,0,Cocina y mesa,Cristaleria,Centro,Mediano,Proveedor F,0,0,validacion
2025-07-01,T07,SKU00015,1,5.0,12.0,1.8333333333333333,0.561740346048477,0.9090909090909092,11.0,0,0,6300.628181818182,11,1,5.0,6.0,41470.0,85,5.3125,11,1,27,386.0,0.0,0.0,0.0,0,0.0,0.0,0.0,6900.0,0.4536231884057971,15,37,193,800,7,4.0,0.0,4.0,32004.649999999998,14,3.4285714285714284,2.5714285714285716,0.09090909090909091,0.08686548089591561,0.0018994495969163882,1.423529411764706,0.9166666666666666,1.6875,0.980461346481023,299,0.033003300330033,0.9254583644843176,0.15299334811529933,386.0,1.0,2.7,44.0,1.0,0.0,3.0,0.8899690869964684,0,Cocina y mesa,Vajilla,Centro,Mediano,Proveedor E,0,0,validacion
2025-07-01,T09,SKU00312,0,0.0,3.0,0.5833333333333334,1.7077798626782088,0.0,4.0,3,0,19362.557142857142,1,0,-2.0,1.7142857142857142,12300.0,30,5.901639344262295,11,0,0,0.0,0.0,0.0,0.0,0,0.0,0.0,0.0,21100.0,0.41706161137440756,34,46,192,600,7,0.0,0.0,3.0,0.0,33,4.5,-2.7857142857142856,0.0,0.0823432633716994,0.0005871883988712329,0.3666666666666667,0.918032786885246,0.0,0.9683575537956447,318,0.05625,1.0526917361984227,0.43415637860082307,0.0,0.0,,0.0,1.0,0.0,3.0,0.9235425971853048,0,Organizacion,Percheros,NOA,Mediano,Proveedor B,0,0,validacion
2025-07-01,T09,SKU00537,15,41.0,76.0,11.583333333333334,0.19979710313680377,1.1798561151079137,12.0,0,0,4888.36107913669,77,14,34.0,6.647482014388489,236390.0,582,4.877094972067039,9,0,229,0.0,0.0,0.0,0.0,0,0.0,1.0,20.0,5100.0,0.39803921568627454,39,25,153,600,7,15.0,11.0,15.0,204656.75,35,3.739130434782609,2.90835157960588,0.18181818181818182,0.04149782762025689,0.011659883920443054,1.190721649484536,0.9748603351955307,1.9189944134078214,0.9683575537956447,318,0.05625,0.9133010231556274,0.13350785340314136,459.0,1.0,11.3,0.0,0.0,0.0,4.0,0.8564377706312333,0,Bano,Cortinas de bano,NOA,Mediano,Proveedor D,0,0,validacion
2025-07-01,T09,SKU00720,16,48.0,79.0,14.416666666666666,0.26694485705563314,1.1098265895953758,12.0,0,0,71966.45283236993,91,14,37.0,6.3121387283237,4449900.0,832,5.321961620469083,12,0,262,192.0,0.0,0.0,0.0,0,0.0,0.0,0.0,78700.0,0.3786531130876747,30,46,192,600,7,14.0,18.0,21.0,3494638.6899999995,28,3.7241379310344827,2.5880007972892174,0.15384615384615385,0.08555968446798046,0.014511941857817613,1.3125,0.9872068230277186,1.6759061833688698,0.9683575537956447,318,0.05625,1.0105230377972985,1.1816816816816818,1152.0,4.0,1.9,0.0,0.0,0.0,3.0,0.931615137009182,0,Cocina y mesa,Manteleria,NOA,Mediano,Proveedor B,0,0,validacion
2025-07-01,T11,SKU00628,9,20.0,36.0,6.25,0.38668756474351845,1.0666666666666667,12.0,0,0,36514.181333333334,27,5,-4.0,4.32,689310.0,527,6.193927522037219,14,1,131,0.0,0.0,0.0,0.0,0,0.0,0.0,0.0,39800.0,0.3585427135678392,23,32,147,800,7,3.0,8.0,10.0,717380.81,22,5.23943661971831,-0.9194366197183097,0.18518518518518517,0.08255825795644889,0.006945071638864934,0.7172675521821631,0.9911851126346719,1.5396669931439766,0.9526786269418992,312,0.041666666666666664,0.9399268317937763,0.9234338747099768,147.0,1.0,11.0,0.0,0.0,0.0,2.0,0.9069083146473714,0,Muebles,Sillas,AMBA,Grande,Proveedor A,0,0,validacion
2025-07-01,T14,SKU00435,1,2.0,9.0,1.75,0.7360325878080393,0.38095238095238093,10.0,0,0,5372.84,12,0,2.0,6.857142857142857,36360.0,59,5.851239669421488,7,1,10,52.0,52.0,0.0,0.0,0,0.0,0.0,0.0,5800.0,0.47758620689655173,16,56,52,1500,7,1.0,0.0,4.0,10439.09,14,5.0,1.8571428571428568,0.0,0.0736482758620689,0.001968061418121525,1.423728813559322,0.5289256198347106,0.9917355371900826,0.9806568894868399,285,0.03484320557491289,1.0399143665092105,0.13004484304932734,208.0,2.0,0.9,39.0,1.0,0.0,4.0,0.9502532507587104,0,Textil hogar,Cortinas,AMBA,Grande,Proveedor F,0,0,validacion
2025-07-01,T14,SKU00686,2,4.0,5.0,0.8333333333333334,1.1249242398733106,1.5999999999999999,7.0,0,0,20959.154000000002,5,1,-1.0,6.0,51550.0,29,5.7049180327868845,8,0,10,0.0,0.0,0.0,0.0,0,0.0,0.0,0.0,21700.0,0.5248847926267282,30,56,52,1500,7,1.0,1.0,3.0,85437.75,28,9.0,-3.0,0.2,0.03414036866359438,0.0009371721038673929,1.3793103448275863,1.2459016393442621,1.967213114754098,0.9806568894868399,285,0.03484320557491289,1.0399143665092105,0.48654708520179374,104.0,2.0,4.7,0.0,0.0,0.0,4.0,0.9502532507587104,0,Textil hogar,Cortinas,AMBA,Grande,Proveedor F,0,0,validacion
2025-07-01,T15,SKU00013,3,17.0,29.0,5.5,0.3677453795254047,1.0303030303030303,12.0,0,0,10904.485909090909,45,3,0.0,8.181818181818182,247950.0,534,4.975155279503106,16,0,259,0.0,0.0,0.0,0.0,0,0.0,0.0,0.0,11800.0,0.5330508474576271,41,32,147,600,7,5.0,9.0,9.0,196445.98,38,7.605633802816901,0.5761843790012806,0.06666666666666667,0.07589102465331288,0.0052059516258303705,1.348314606741573,1.0062111801242237,2.4130434782608696,1.0162648598060378,312,0.05362776025236593,1.0819618463736198,0.24737945492662475,441.0,1.0,11.3,0.0,0.0,0.0,4.0,0.9283288147711327,0,Decoracion,Velas,NOA,Mediano,Proveedor A,0,0,validacion
2025-07-01,T16,SKU00311,1,7.0,15.0,2.3333333333333335,0.7608217410845095,1.0,11.0,0,0,81365.89321428572,16,8,-13.0,6.857142857142857,764640.0,354,5.827160493827161,23,1,135,441.0,0.0,0.0,0.0,0,0.0,0.0,0.0,87800.0,0.45569476082004556,42,32,147,600,7,1.0,5.0,5.0,537909.52,41,10.875,-4.017857142857143,0.5,0.07328139847054982,0.0027144489133622022,1.03954802259887,1.0260631001371743,2.2222222222222223,0.9671193699893332,278,0.031914893617021274,1.0495226460919338,2.0371229698375872,441.0,1.0,2.4,0.0,1.0,0.0,2.0,0.8881385245618421,0,Muebles,Sillas,NOA,Grande,Proveedor A,0,0,validacion
2025-07-01,T18,SKU00251,3,10.0,17.0,3.25,0.39632523958894406,1.0256410256410258,12.0,0,0,13549.935897435897,18,0,4.0,5.538461538461538,148860.0,270,5.42713567839196,15,0,134,0.0,0.0,0.0,0.0,0,0.0,0.0,0.0,14500.0,0.42965517241379314,28,25,153,1200,7,2.0,5.0,5.0,136239.94999999998,25,3.9069767441860463,1.631484794275492,0.0,0.06552166224580025,0.003325212050090117,1.0,0.9715242881072027,2.693467336683417,0.9542505965284254,312,0.025396825396825397,0.9911968686170501,0.3251121076233184,765.0,5.0,4.1,0.0,0.0,0.0,4.0,0.8944618314839888,0,Textil hogar,Cortinas,NOA,Mediano,Proveedor D,0,0,validacion
2025-07-01,T20,SKU00506,4,7.0,11.0,1.4166666666666667,0.8753734654391614,1.6470588235294117,9.0,0,0,55404.30176470588,5,2,-4.0,3.5294117647058822,187850.0,147,5.70873786407767,18,2,56,52.0,0.0,0.0,0.0,0,0.0,1.0,20.0,60800.0,0.38207236842105263,39,56,52,450,7,1.0,2.0,4.0,389581.01,35,6.352941176470588,-2.8235294117647056,0.4,0.08874503676470591,0.0014401379011803558,0.6122448979591837,1.0485436893203883,2.174757281553398,0.9352424958253603,314,0.025236593059936908,0.9959430179584224,1.2015810276679841,104.0,2.0,0.0,0.0,0.0,0.0,4.0,0.9484909093131154,0,Bano,Accesorios de bano,AMBA,Mediano,Proveedor F,0,0,validacion
2025-07-01,T20,SKU00593,0,1.0,5.0,0.6666666666666666,1.331438046897892,0.5,6.0,2,0,72992.20125,3,3,-1.0,4.5,120120.0,43,4.03125,14,1,21,0.0,0.0,0.0,0.0,0,0.0,1.0,20.0,78700.0,0.49123252858958066,26,31,182,450,7,0.0,1.0,3.0,70346.11999999997,22,4.8,-0.2999999999999998,1.0,0.07252603240152478,0.0006777119534966379,0.9767441860465116,1.3125,1.96875,0.9352424958253603,314,0.025236593059936908,0.9959430179584224,1.6924731182795698,182.0,1.0,5.5,0.0,1.0,0.0,4.0,0.9484909093131154,0,Bano,Alfombras de bano,AMBA,Mediano,Proveedor I,0,0,validacion
2025-07-01,T21,SKU00298,5,16.0,24.0,3.3333333333333335,0.5477225575051661,1.5999999999999999,11.0,0,0,41285.321500000005,6,5,-8.0,1.7999999999999998,130860.0,260,4.63595839524517,16,0,110,52.0,0.0,0.0,0.0,0,0.0,0.0,0.0,44800.0,0.5131696428571428,25,56,52,600,7,6.0,5.0,6.0,680181.76,22,4.2,-2.4000000000000004,0.8333333333333334,0.07845264508928562,0.0034112212862571012,0.36923076923076925,1.0341753343239226,1.9613670133729568,0.966057868268011,298,0.05921052631578947,0.9282771168397285,1.1516709511568124,52.0,1.0,0.4,0.0,0.0,0.0,4.0,0.9216623980379812,0,Textil hogar,Toallas,Cuyo,Grande,Proveedor F,0,0,validacion
2025-07-01,T22,SKU00243,3,14.0,24.0,3.4166666666666665,0.5063012172718924,1.3658536585365855,12.0,0,0,76331.73829268293,13,6,-12.0,3.804878048780488,598910.0,313,4.937931254282664,20,0,100,0.0,0.0,0.0,0.0,0,0.0,0.0,0.0,85800.0,0.46305361305361303,12,10,35,1500,7,6.0,5.0,6.0,1041501.2000000001,11,8.333333333333334,-4.528455284552846,0.46153846153846156,0.11035270055148094,0.00344968508101351,0.8306709265175719,1.0832948225582841,1.577613819259637,0.92182316457522,308,0.03503184713375796,0.9172543246358179,1.2882882882882882,35.0,1.0,8.4,0.0,0.0,0.0,3.0,0.9817494325356069,0,Cocina y mesa,Manteleria,AMBA,Mediano,Proveedor C,0,0,validacion
2025-07-01,T24,SKU00355,2,4.0,4.0,0.5833333333333334,1.3593625047407298,2.2857142857142856,5.0,0,0,30137.765714285717,3,1,0.0,5.142857142857142,57090.0,32,5.1891891891891895,9,0,6,192.0,192.0,0.0,0.0,0,0.0,0.0,0.0,32500.0,0.41446153846153844,21,46,192,800,7,2.0,0.0,2.0,121024.89,20,7.199999999999999,-2.057142857142857,0.3333333333333333,0.07268413186813183,0.0005361154842485491,0.84375,0.9189189189189191,0.972972972972973,0.9702158506372315,320,0.037037037037037035,1.0020979883993584,0.6770833333333334,576.0,3.0,1.0,0.0,0.0,0.0,4.0,0.9068086954821445,0,Iluminacion,Guirnaldas,AMBA,Grande,Proveedor B,0,0,validacion
2025-07-01,T24,SKU00732,8,25.0,38.0,6.333333333333333,0.43284910537411087,1.3157894736842106,12.0,0,0,5746.668552631579,37,5,17.0,5.842105263157895,116550.0,709,6.107681263460158,19,0,243,0.0,0.0,0.0,0.0,0,0.0,0.0,0.0,6500.0,0.5153846153846153,38,11,36,800,7,8.0,9.0,10.0,142929.96000000002,35,3.2,2.6421052631578945,0.13513513513513514,0.1158971457489879,0.005820682400412819,0.9915373765867418,0.9791816223977029,2.09332376166547,0.9702158506372315,320,0.037037037037037035,1.0001824219424562,0.12104283054003724,36.0,1.0,8.6,22.0,0.0,0.0,4.0,0.8508579634995941,0,Decoracion,Espejos,AMBA,Grande,Proveedor H,0,0,validacion
2025-07-01,T27,SKU00036,1,8.0,20.0,3.0,0.47140452079103173,0.8888888888888888,12.0,0,0,29437.593333333338,16,2,4.0,5.333333333333333,300320.0,188,6.372881355932203,9,0,53,0.0,0.0,0.0,0.0,0,0.0,0.0,0.0,31400.0,0.4022292993630573,26,11,36,1200,7,3.0,4.0,6.0,238256.69,23,3.2,2.133333333333333,0.125,0.062497027600849075,0.0030885493333361064,0.7659574468085106,0.9378531073446328,1.7966101694915255,0.9420075466675125,310,0.05128205128205128,0.8932752492980476,0.7008928571428571,0.0,0.0,20.5,0.0,0.0,0.0,4.0,0.9293180201035315,0,Textil hogar,Sabanas,AMBA,Chico,Proveedor H,0,0,validacion
2025-07-01,T28,SKU00002,6,16.0,34.0,6.666666666666667,0.458257569495584,0.7999999999999999,12.0,0,0,41043.0675,22,10,3.0,3.3,560340.0,424,5.3,13,0,106,0.0,0.0,0.0,0.0,0,0.0,0.0,0.0,42800.0,0.4049065420560748,19,10,35,1500,7,5.0,5.0,14.0,643143.65,16,2.886075949367089,0.41392405063291093,0.45454545454545453,0.041049824766355214,0.006721023795224662,0.6745283018867925,0.9541666666666666,1.325,0.9537132765423795,318,0.046583850931677016,0.9508282415832013,1.0620347394540943,0.0,0.0,,0.0,0.0,0.0,4.0,0.922228767167504,0,Iluminacion,Lamparas de mesa,AMBA,Grande,Proveedor C,0,0,validacion
2025-07-01,T28,SKU00668,16,36.0,60.0,8.166666666666666,0.478059764215866,1.469387755102041,12.0,0,0,51189.72744897959,34,7,3.0,4.163265306122449,1236580.0,532,4.632801161103048,15,0,212,0.0,36.0,0.0,0.0,0,0.0,0.0,0.0,56600.0,0.35742049469964665,32,11,36,1500,7,7.0,13.0,16.0,1837511.25,30,4.428571428571429,-0.26530612244897966,0.20588235294117646,0.09558785425831118,0.00823325414915021,0.9586466165413533,1.0188679245283019,1.8461538461538463,0.9537132765423795,318,0.046583850931677016,0.941990201325703,1.054003724394786,0.0,0.0,13.1,0.0,0.0,0.0,4.0,0.8819305558244533,0,Decoracion,Espejos,AMBA,Grande,Proveedor H,0,0,validacion
2025-08-01,T01,SKU00525,2,2.0,5.0,0.75,1.0050378152592119,0.8888888888888888,7.0,0,0,74503.89222222223,4,1,3.0,5.333333333333333,213320.0,66,6.1875,17,4,18,0.0,0.0,0.0,0.0,0,0.0,0.0,0.0,82900.0,0.3566948130277443,20,25,153,800,8,0.0,0.0,2.0,144223.82,18,0.9230769230769231,4.41025641025641,0.25,0.10127994906848936,0.0008368505341473257,1.0303030303030303,0.9687500000000001,1.6875,1.0250489209377909,290,0.05423728813559322,1.0991584546038107,1.705761316872428,0.0,0.0,12.5,0.0,1.0,0.0,3.0,0.9224181270807322,1,Organizacion,Percheros,Cuyo,Grande,Proveedor D,0,0,validacion
2025-08-01,T02,SKU00077,3,9.0,13.0,2.75,0.6780889750997029,1.0909090909090908,10.0,0,0,30845.458181818183,21,1,-7.0,7.636363636363637,322980.0,401,6.075757575757576,19,0,102,0.0,0.0,0.0,0.0,0,0.0,0.0,0.0,33500.0,0.5408955223880597,40,10,35,450,8,3.0,3.0,7.0,275789.58999999997,39,10.5,-2.8636363636363633,0.047619047619047616,0.07924005427408409,0.0028023459418314153,0.9950124688279302,0.9898989898989898,1.5454545454545454,1.0088445390593095,288,0.02768166089965398,1.0088307662861014,0.7023060796645703,0.0,0.0,,0.0,0.0,0.0,4.0,0.8627900591608504,1,Decoracion,Velas,AMBA,Grande,Proveedor C,0,0,validacion
2025-08-01,T02,SKU00718,2,4.0,9.0,1.1666666666666667,0.8035173141952217,1.1428571428571428,9.0,0,0,75673.10357142857,7,4,-3.0,6.0,263620.0,159,5.46704871060172,17,0,58,0.0,0.0,0.0,0.0,0,0.0,0.0,0.0,82900.0,0.5457177322074789,28,32,147,450,8,1.0,1.0,3.0,311537.52,26,8.571428571428571,-2.571428571428571,0.5714285714285714,0.08717607272100647,0.0011888740359284793,0.7484276729559748,1.0429799426934097,1.994269340974212,1.0088445390593095,288,0.02768166089965398,0.9851956162082128,1.5408921933085502,147.0,1.0,4.0,29.0,0.0,0.0,3.0,0.8860683688442207,1,Organizacion,Contenedores,AMBA,Grande,Proveedor A,0,0,validacion
2025-08-01,T02,SKU00743,4,13.0,21.0,4.083333333333333,0.4236397940438283,1.0612244897959184,12.0,0,0,50215.09020408163,13,3,-2.0,3.1836734693877555,335010.0,236,5.499029126213593,14,0,49,0.0,0.0,0.0,12.0,0,0.0,0.0,0.0,53500.0,0.5183177570093458,26,10,35,450,8,4.0,5.0,7.0,673536.81,23,4.285714285714286,-1.10204081632653,0.23076923076923078,0.06140018310127793,0.004161059125749677,0.771186440677966,0.963106796116505,1.141747572815534,1.0088445390593095,288,0.02768166089965398,1.0563602831928531,0.7821637426900585,0.0,0.0,17.2,0.0,0.0,0.0,2.0,0.8777189916275558,1,Muebles,Racks,AMBA,Grande,Proveedor C,0,0,validacion
2025-08-01,T03,SKU00350,1,3.0,6.0,1.3333333333333333,0.8048150549829902,0.75,9.0,0,0,29697.263124999998,9,0,3.0,6.75,184500.0,64,6.0,7,0,22,0.0,0.0,28.0,0.0,0,0.0,0.0,0.0,31600.0,0.3512658227848101,43,52,155,450,8,0.0,2.0,3.0,87227.56,39,3.4285714285714284,3.3214285714285716,0.0,0.06021319224683552,0.0014751367025865381,0.984375,1.0625000000000002,2.0625,0.9794907705174614,277,0.03571428571428571,0.9715528348319278,0.4744744744744745,0.0,0.0,16.4,28.0,0.0,0.0,3.0,0.9294095706143585,1,Cocina y mesa,Manteleria,Cuyo,Chico,Proveedor J,0,0,validacion
2025-08-01,T03,SKU00785,4,22.0,45.0,6.5,0.3908584227267725,1.1282051282051282,12.0,0,0,68008.58371794871,21,2,-39.0,3.230769230769231,850920.0,351,5.086956521739131,18,0,101,0.0,0.0,0.0,0.0,0,0.0,0.0,0.0,75000.0,0.4597333333333333,38,10,35,450,8,12.0,6.0,12.0,1564946.9200000002,37,9.72972972972973,-6.498960498960499,0.09523809523809523,0.09321888376068377,0.007191291425109374,1.0769230769230769,0.855072463768116,1.463768115942029,0.9794907705174614,277,0.03571428571428571,1.0142577672598798,1.963350785340314,70.0,1.0,7.7,0.0,1.0,0.0,4.0,0.8861396948012923,1,Bano,Cortinas de bano,Cuyo,Chico,Proveedor C,0,0,validacion
2025-08-01,T04,SKU00074,9,28.0,47.0,7.666666666666667,0.36187060547815336,1.2173913043478262,12.0,0,0,43809.19413043478,37,7,-7.0,4.826086956521739,821030.0,555,5.731497418244406,16,0,158,0.0,0.0,0.0,0.0,0,0.0,0.0,0.0,46500.0,0.5227956989247311,30,46,192,450,8,8.0,11.0,11.0,1227337.42,29,6.13953488372093,-1.3134479271991903,0.1891891891891892,0.05786679289387575,0.007236941665455516,1.0666666666666667,0.9018932874354562,1.6316695352839932,1.0156890302648003,328,0.024242424242424242,1.0516785572013183,1.0,0.0,0.0,22.5,0.0,0.0,0.0,4.0,0.8960048180636804,1,Bano,Alfombras de bano,Centro,Grande,Proveedor B,0,0,validacion
2025-08-01,T04,SKU00114,1,1.0,5.0,0.9166666666666666,1.5043138569844898,0.36363636363636365,5.0,0,0,32308.762727272722,1,0,-1.0,1.090909090909091,20370.0,56,4.392156862745098,19,1,18,0.0,384.0,0.0,0.0,0,0.0,0.0,0.0,34900.0,0.41633237822349567,38,46,192,450,8,0.0,0.0,4.0,31800.57,35,2.4,-1.3090909090909089,0.0,0.0742474863245638,0.0008652865034783769,0.3392857142857143,0.6797385620915032,1.411764705882353,1.0156890302648003,328,0.024242424242424242,1.0516785572013183,0.6897233201581028,0.0,0.0,24.8,0.0,0.0,0.0,4.0,0.8960048180636804,1,Bano,Accesorios de bano,Centro,Grande,Proveedor B,0,0,validacion
2025-08-01,T04,SKU00355,2,4.0,5.0,1.0833333333333333,1.0002689256469217,1.2307692307692308,8.0,0,0,30078.951538461537,3,1,-3.0,2.7692307692307696,57090.0,33,5.424657534246576,9,0,18,384.0,0.0,0.0,0.0,0,0.0,0.0,0.0,32500.0,0.41446153846153844,22,46,192,450,8,1.0,1.0,3.0,123956.35,18,6.545454545454546,-3.7762237762237763,0.3333333333333333,0.07449379881656815,0.0010226113222926271,0.8181818181818182,1.2602739726027399,2.9589041095890414,1.0156890302648003,328,0.024242424242424242,1.0217269994419744,0.6770833333333334,768.0,4.0,0.7,26.0,0.0,0.0,4.0,0.9396816036613592,1,Iluminacion,Guirnaldas,Centro,Grande,Proveedor B,0,0,validacion
2025-08-01,T06,SKU00453,1,3.0,5.0,0.6666666666666666,0.9770084209183942,1.5,7.0,0,0,77308.29000000001,1,1,-2.0,1.5,42260.0,286,5.153153153153153,20,0,74,0.0,0.0,0.0,0.0,0,0.0,0.0,0.0,84500.0,0.49988165680473373,33,10,35,1500,8,0.0,2.0,2.0,239003.24999999997,30,4.5,-3.0,1.0,0.08510899408284012,0.000775032349632191,0.06993006993006992,0.918918918918919,1.3333333333333333,0.998241666326262,297,0.03355704697986577,1.0757537370154546,1.8172043010752688,35.0,1.0,10.2,0.0,0.0,0.0,4.0,0.9008889993046423,1,Bano,Alfombras de bano,Centro,Mediano,Proveedor C,0,0,validacion
2025-08-01,T06,SKU00503,3,3.0,3.0,0.4166666666666667,2.1608079297084477,2.4,3.0,0,0,5754.7,2,2,1.0,4.8,8180.0,56,4.421052631578948,19,1,31,0.0,0.0,0.0,0.0,0,0.0,0.0,0.0,6300.0,0.35079365079365077,26,11,36,1500,8,0.0,0.0,3.0,17041.56,24,1.5,3.3,1.0,0.08655555555555561,0.0004843952185201194,0.6785714285714286,1.0263157894736843,2.447368421052632,0.998241666326262,297,0.03355704697986577,1.0448954288883814,0.14617169373549885,36.0,1.0,8.2,0.0,0.0,0.0,2.0,0.8947293856292855,1,Muebles,Sillas,Centro,Mediano,Proveedor H,0,0,validacion
2025-08-01,T07,SKU00444,4,10.0,22.0,3.75,0.3434818743104186,0.888888888888889,12.0,0,0,43753.66888888889,24,0,-1.0,6.4,657360.0,198,5.643705463182897,11,0,60,0.0,0.0,0.0,0.0,0,0.0,0.0,0.0,47700.0,0.4257861635220126,41,32,147,800,8,4.0,2.0,6.0,442073.87,39,6.122448979591837,0.27755102040816304,0.0,0.082732308409038,0.003991868646131731,1.3333333333333333,0.9406175771971496,1.7102137767220902,1.0020477383712008,298,0.016556291390728478,0.9634409623050291,1.0,0.0,0.0,15.4,0.0,0.0,0.0,4.0,0.9069348805787407,1,Decoracion,Velas,Centro,Mediano,Proveedor A,0,0,validacion
2025-08-01,T09,SKU00016,5,17.0,36.0,4.916666666666667,1.2155788001966832,1.152542372881356,11.0,0,0,34724.56966101695,50,3,-11.0,10.169491525423728,1155500.0,175,4.506437768240344,9,0,46,0.0,0.0,0.0,0.0,0,0.0,0.0,0.0,37300.0,0.3804289544235925,18,10,35,600,8,11.0,1.0,11.0,602309.5700000001,15,13.81132075471698,-3.6418292292932524,0.06,0.0690463897850685,0.005226105464717883,2.5714285714285716,1.0042918454935623,1.1845493562231761,0.9927828821789497,308,0.04516129032258064,0.9497591794124337,0.8654292343387471,0.0,0.0,,0.0,0.0,0.0,2.0,0.9254719730727905,1,Muebles,Sillas,NOA,Mediano,Proveedor C,0,0,validacion
2025-08-01,T10,SKU00295,8,20.0,48.0,6.333333333333333,0.49168354368096184,1.0526315789473686,12.0,0,0,17334.98855263158,30,4,-17.0,4.736842105263158,300600.0,575,4.584717607973421,19,0,282,0.0,52.0,0.0,0.0,0,0.0,0.0,0.0,18600.0,0.4612903225806452,15,56,52,450,8,5.0,7.0,11.0,348685.44,14,7.139240506329115,-2.4023984010659563,0.13333333333333333,0.06801136813808706,0.00697948232564175,0.9913043478260869,1.0471760797342193,2.2485049833887043,0.9918211725911961,283,0.04225352112676056,0.9771211936952418,0.4460431654676259,156.0,2.0,5.5,0.0,1.0,0.0,3.0,0.8651144568144763,1,Cocina y mesa,Cubiertos,AMBA,Mediano,Proveedor F,0,0,validacion
2025-08-01,T10,SKU00571,0,3.0,11.0,2.1666666666666665,0.6477502756312957,0.46153846153846156,10.0,1,0,32440.265,12,1,7.0,5.538461538461539,258720.0,117,4.7593220338983055,14,0,25,0.0,0.0,0.0,0.0,0,0.0,0.0,0.0,35400.0,0.39096045197740115,20,11,36,450,8,1.0,2.0,4.0,94160.75,19,2.0689655172413794,3.4694960212201598,0.08333333333333333,0.0836083333333334,0.002387717637719546,1.435897435897436,0.840677966101695,1.0169491525423728,0.9918211725911961,283,0.04225352112676056,1.014793371475462,0.7901785714285714,36.0,1.0,8.6,0.0,0.0,0.0,3.0,0.9063347936924585,1,Textil hogar,Sabanas,AMBA,Mediano,Proveedor H,0,0,validacion
2025-08-01,T12,SKU00422,3,8.0,14.0,1.6666666666666667,0.7385489458759964,1.5999999999999999,9.0,0,0,23993.872499999998,11,0,-1.0,6.6,174900.0,88,5.253731343283582,10,0,37,84.0,0.0,0.0,0.0,0,0.0,0.0,0.0,26400.0,0.3977272727272727,13,28,21,1200,8,3.0,2.0,3.0,192229.86,12,9.23076923076923,-2.6307692307692303,0.0,0.09114119318181824,0.001929665932224118,1.25,1.1542288557213929,2.208955223880597,0.9802702935698518,281,0.031578947368421054,0.9241268409389524,0.5853658536585366,147.0,5.0,0.2,0.0,1.0,0.0,3.0,0.8140432539836921,1,Cocina y mesa,Vajilla,Cuyo,Chico,Proveedor G,0,0,validacion
2025-08-01,T13,SKU00076,4,21.0,33.0,6.666666666666667,0.42103767916034224,1.05,12.0,0,0,79769.880625,45,8,5.0,6.75,2492100.0,607,5.456179775280899,17,0,231,0.0,0.0,0.0,0.0,0,0.0,0.0,0.0,86100.0,0.356794425087108,40,31,182,1200,8,9.0,8.0,11.0,1659372.97,38,6.575342465753425,0.17465753424657482,0.17777777777777778,0.07352055023228798,0.0067866373754222374,1.2602965403624382,0.9647940074906367,2.0764044943820226,0.9945817073681288,304,0.02912621359223301,0.9850715445679009,1.8050314465408805,182.0,1.0,5.5,0.0,0.0,0.0,4.0,0.8917137747959502,1,Decoracion,Velas,Centro,Chico,Proveedor I,0,0,validacion
2025-08-01,T14,SKU00059,2,4.0,5.0,0.9166666666666666,1.0867690035224968,1.4545454545454546,7.0,0,0,45584.785454545454,3,0,1.0,3.272727272727273,92940.0,38,5.772151898734178,12,0,30,0.0,0.0,0.0,0.0,0,0.0,0.0,0.0,49000.0,0.3677551020408163,38,46,192,1500,8,1.0,1.0,3.0,188224.56,36,2.181818181818182,1.0909090909090908,0.0,0.0696982560296846,0.0010626104193781666,0.9473684210526316,1.1139240506329113,4.556962025316456,1.0096731003036907,285,0.027874564459930314,1.0353678165919866,1.09375,192.0,1.0,11.1,0.0,0.0,0.0,3.0,0.9613810583541132,1,Textil hogar,Sabanas,AMBA,Grande,Proveedor B,0,0,validacion
2025-08-01,T14,SKU00472,0,1.0,2.0,0.75,1.005037815259212,0.4444444444444444,7.0,1,0,69129.21111111112,2,0,0.0,2.6666666666666665,76780.0,51,5.884615384615385,14,2,10,0.0,0.0,0.0,0.0,0,0.0,0.0,0.0,77300.0,0.5033635187580854,18,52,155,1500,8,1.0,0.0,2.0,67078.33,17,2.6666666666666665,0.0,0.0,0.1057023142158976,0.0008694085249457727,0.5490196078431373,0.7307692307692308,1.153846153846154,1.0096731003036907,285,0.027874564459930314,0.9974478911857149,1.620545073375262,0.0,0.0,,0.0,0.0,0.0,4.0,0.925497917513128,1,Decoracion,Velas,AMBA,Grande,Proveedor J,0,0,validacion
2025-08-01,T15,SKU00063,2,10.0,16.0,2.5833333333333335,0.7091440277579829,1.2903225806451613,12.0,0,0,42626.79064516129,16,4,-10.0,6.193548387096774,424800.0,171,5.846153846153846,10,0,40,0.0,0.0,0.0,0.0,0,0.0,0.0,0.0,45800.0,0.42030567685589515,32,28,21,600,8,5.0,3.0,7.0,432574.71,30,11.142857142857142,-4.949308755760368,0.25,0.06928404704888025,0.002501197770207161,0.935672514619883,0.9116809116809117,1.3675213675213675,1.0279115997561044,311,0.0380952380952381,1.0403692235788982,1.2052631578947368,0.0,0.0,20.7,51.0,0.0,0.0,2.0,0.9207637026095981,1,Muebles,Mesas auxiliares,NOA,Mediano,Proveedor G,0,0,validacion
2025-08-01,T15,SKU00660,0,3.0,13.0,2.5833333333333335,0.6055274670778176,0.3870967741935484,10.0,1,0,74346.10225806451,4,2,-6.0,1.5483870967741935,181680.0,98,4.47148288973384,11,0,46,0.0,0.0,0.0,0.0,0,0.0,0.0,0.0,79200.0,0.4265151515151515,43,32,147,600,8,2.0,1.0,5.0,229048.9,42,3.8709677419354835,-2.32258064516129,0.5,0.06128658765070061,0.002501197770207161,0.44897959183673475,0.8821292775665398,2.0988593155893533,1.0279115997561044,311,0.0380952380952381,0.9805924412665986,1.7678571428571428,0.0,0.0,31.5,0.0,0.0,0.0,3.0,0.929603405662451,1,Textil hogar,Sabanas,NOA,Mediano,Proveedor A,0,0,validacion
2025-08-01,T16,SKU00413,1,3.0,5.0,0.6666666666666666,0.9770084209183945,1.5,7.0,0,0,78016.46625000001,4,0,2.0,6.0,191360.0,54,4.348993288590604,17,0,28,0.0,0.0,0.0,0.0,0,0.0,0.0,0.0,86900.0,0.44948216340621405,16,11,36,600,8,0.0,2.0,2.0,230432.78,15,3.0,3.0,0.0,0.10222708573072481,0.0007486444795126227,1.2592592592592593,1.0201342281879195,2.25503355704698,0.9732378233664094,285,0.020689655172413793,0.968669819860838,1.6182495344506518,36.0,1.0,5.4,0.0,0.0,0.0,4.0,0.9153035389177532,1,Decoracion,Espejos,NOA,Grande,Proveedor H,0,0,validacion
2025-08-01,T16,SKU00680,0,3.0,6.0,1.25,0.8442317648177381,0.8,10.0,1,0,23162.001999999997,10,2,-3.0,8.0,127600.0,144,5.574193548387097,15,0,66,0.0,0.0,0.0,0.0,0,0.0,0.0,0.0,24500.0,0.4791836734693877,39,31,182,600,8,2.0,1.0,4.0,70711.40000000001,33,9.176470588235293,-1.1764705882352935,0.2,0.05461216326530627,0.0014037083990861676,1.0416666666666667,1.1225806451612903,2.5548387096774197,0.9732378233664094,285,0.020689655172413793,1.0570128738747457,0.6960227272727273,0.0,0.0,20.8,0.0,0.0,0.0,3.0,0.8624242807664086,1,Organizacion,Cajas,NOA,Grande,Proveedor I,0,0,validacion
2025-08-01,T17,SKU00113,7,6.0,28.0,5.916666666666667,0.7330342914972432,0.3380281690140845,11.0,0,0,42873.1238028169,50,10,1.0,8.450704225352112,1106500.0,365,4.845132743362832,11,0,118,0.0,0.0,0.0,0.0,0,0.0,0.0,0.0,45400.0,0.5125550660792951,19,28,21,600,8,5.0,-6.0,11.0,276293.53,18,7.636363636363636,0.8143405889884763,0.2,0.055658066017248875,0.006293452392052959,1.5068493150684932,0.9203539823008849,1.5663716814159292,1.028226024617103,283,0.037800687285223365,1.0442206382759163,1.0066518847006651,63.0,3.0,5.9,43.0,0.0,0.0,3.0,0.8868233232597647,1,Cocina y mesa,Vajilla,Centro,Chico,Proveedor G,0,0,validacion
2025-08-01,T17,SKU00447,15,42.0,82.0,14.0,0.19738550848793077,1.0,12.0,0,0,39890.55315476191,103,12,14.0,7.357142857142857,2296900.0,1398,5.325714285714286,20,0,475,0.0,0.0,0.0,0.0,0,0.0,0.0,0.0,43100.0,0.48259860788863107,18,46,192,600,8,9.0,18.0,18.0,1717151.42,17,6.592592592592593,0.7645502645502642,0.11650485436893204,0.07446512401944527,0.014891549322040804,1.4735336194563662,0.9612698412698413,1.8095238095238095,1.028226024617103,283,0.037800687285223365,0.9725447001320507,1.0,768.0,2.0,9.2,0.0,0.0,0.0,2.0,0.8962362779689944,1,Muebles,Sillas,Centro,Chico,Proveedor B,0,0,validacion
2025-08-01,T18,SKU00446,4,13.0,31.0,4.5,0.3849001794597504,0.9629629629629629,12.0,0,0,78723.00962962963,23,7,7.0,5.111111111111111,1216240.0,259,5.51063829787234,14,0,99,0.0,192.0,0.0,0.0,0,0.0,0.0,0.0,84600.0,0.37494089834515365,21,46,192,1200,8,3.0,6.0,7.0,1025962.7899999999,20,3.84,1.2711111111111109,0.30434782608695654,0.0694679712809737,0.004704134135929867,1.2432432432432432,1.070921985815603,2.106382978723404,0.9505835498382723,302,0.01948051948051948,0.9975215215426811,1.7479338842975207,0.0,0.0,18.5,0.0,1.0,0.0,3.0,0.8945333485649818,1,Textil hogar,Acolchados,NOA,Mediano,Proveedor B,0,0,validacion
2025-08-01,T20,SKU00572,0,3.0,8.0,1.0833333333333333,1.0002689256469215,0.9230769230769231,8.0,2,0,6196.4400000000005,2,0,0.0,1.8461538461538463,6540.0,38,3.5076923076923077,16,0,3,0.0,0.0,0.0,0.0,0,0.0,0.0,0.0,6700.0,0.5119402985074627,36,11,36,450,8,0.0,3.0,3.0,19216.039999999994,34,2.181818181818182,-0.33566433566433584,0.0,0.07515820895522385,0.0011136149007681235,0.8421052631578947,0.8615384615384616,0.2769230769230769,0.9669603846054291,313,0.018808777429467086,0.9456509776587549,0.1630170316301703,36.0,1.0,8.1,0.0,0.0,0.0,3.0,0.9195084895990141,1,Cocina y mesa,Cristaleria,AMBA,Mediano,Proveedor H,0,0,validacion
2025-08-01,T20,SKU00662,4,11.0,15.0,2.6666666666666665,0.5838742081211422,1.375,10.0,0,0,21818.230624999997,15,1,-11.0,5.625,167250.0,302,5.734177215189874,17,0,103,0.0,0.0,0.0,0.0,0,0.0,0.0,0.0,23600.0,0.527542372881356,28,37,193,450,8,4.0,3.0,5.0,239314.08000000002,26,10.4,-4.775,0.06666666666666667,0.0754987023305086,0.0027412059095830734,0.8443708609271523,1.0063291139240507,1.9556962025316456,0.9669603846054291,313,0.018808777429467086,0.9988246369644819,0.49166666666666664,579.0,1.0,10.0,0.0,0.0,0.0,4.0,0.8978485124769023,1,Decoracion,Plantas artificiales,AMBA,Mediano,Proveedor E,0,0,validacion
2025-08-01,T21,SKU00248,0,2.0,4.0,0.6666666666666666,0.9770084209183946,1.0,7.0,1,0,18381.24625,2,0,-1.0,3.0,18080.0,43,4.3,15,0,7,0.0,0.0,0.0,0.0,0,0.0,0.0,0.0,19600.0,0.5387755102040817,30,11,36,600,8,1.0,1.0,2.0,37208.380000000005,26,5.142857142857142,-2.1428571428571423,0.0,0.06218131377551017,0.0006875944674988271,0.6976744186046512,0.8,0.7,0.9853228719258192,303,0.049342105263157895,0.9921092987892738,0.43458980044345896,0.0,0.0,17.8,0.0,0.0,0.0,3.0,0.9482029688829621,1,Cocina y mesa,Vajilla,Cuyo,Grande,Proveedor H,0,0,validacion
2025-08-01,T21,SKU00268,6,35.0,70.0,12.833333333333334,0.3637206851131229,0.909090909090909,12.0,0,0,36030.4312987013,63,11,25.0,4.909090909090909,1298430.0,592,4.875772134522992,9,0,159,153.0,0.0,0.0,0.0,0,0.0,0.0,0.0,39500.0,0.47822784810126584,23,25,153,600,8,13.0,16.0,20.0,1198830.4,21,2.730538922155689,2.1785519869352203,0.1746031746031746,0.0878371823113594,0.013236193499352423,0.9577702702702704,1.0350034317089911,1.3095401509951956,0.9853228719258192,303,0.049342105263157895,1.0293599651907257,0.8127572016460906,306.0,2.0,1.8,56.0,0.0,0.0,3.0,0.8913697830725499,1,Organizacion,Percheros,Cuyo,Grande,Proveedor D,0,0,validacion
2025-08-01,T22,SKU00001,1,13.0,22.0,3.5,0.5096471914376257,1.238095238095238,12.0,0,0,16463.972619047618,23,7,12.0,6.571428571428571,186760.0,202,5.281045751633987,11,0,62,36.0,0.0,0.0,0.0,0,0.0,0.0,0.0,17900.0,0.5463687150837988,24,11,36,1500,8,4.0,8.0,8.0,209850.85,23,3.3846153846153846,3.1868131868131866,0.30434782608695654,0.08022499334929512,0.0037005760265837297,1.2524752475247525,1.0196078431372548,1.6209150326797386,0.9494620776777684,306,0.03225806451612903,0.9465685394603003,0.3849462365591398,72.0,2.0,1.2,0.0,0.0,0.0,4.0,0.8553800807763913,1,Bano,Alfombras de bano,AMBA,Mediano,Proveedor H,0,0,validacion
2025-08-01,T23,SKU00464,2,10.0,19.0,4.333333333333333,0.6625297500602525,0.7692307692307693,11.0,0,0,62107.943846153845,17,3,-6.0,3.9230769230769234,559300.0,359,5.318518518518519,20,1,140,0.0,0.0,0.0,0.0,0,0.0,0.0,0.0,66700.0,0.5067466266866567,25,56,52,450,8,2.0,6.0,10.0,613385.2799999999,23,5.0181818181818185,-1.0951048951048952,0.17647058823529413,0.06884641909814326,0.0044523533144734725,0.947075208913649,1.0469135802469136,2.074074074074074,1.0010945183235356,309,0.02903225806451613,0.9579100145137882,1.7460732984293195,0.0,0.0,16.5,0.0,1.0,0.0,4.0,0.9236768703713668,1,Bano,Cortinas de bano,AMBA,Mediano,Proveedor F,0,0,validacion
2025-08-01,T24,SKU00430,1,3.0,9.0,1.5833333333333333,0.7354737807671461,0.6315789473684211,10.0,0,0,53547.951578947366,13,1,3.0,8.210526315789474,472550.0,121,5.006896551724138,17,1,58,0.0,0.0,0.0,0.0,0,0.0,0.0,0.0,56900.0,0.36115992970123023,20,32,147,800,8,0.0,2.0,4.0,149072.63999999996,18,6.0,2.2105263157894743,0.07692307692307693,0.05891122005364913,0.0015001240704118385,1.8264462809917357,0.993103448275862,2.4,0.9701855040642459,321,0.027607361963190184,0.9809535665380306,1.0595903165735567,441.0,1.0,3.4,0.0,1.0,0.0,4.0,0.8660085175059788,1,Decoracion,Espejos,AMBA,Grande,Proveedor A,0,0,validacion
2025-08-01,T24,SKU00767,2,6.0,17.0,2.5833333333333335,0.5337887879622383,0.7741935483870968,11.0,0,0,36945.53290322581,11,1,6.0,4.258064516129032,223960.0,128,5.585454545454545,13,0,23,0.0,0.0,0.0,0.0,0,0.0,0.0,0.0,39900.0,0.48972431077694234,29,31,182,800,8,1.0,3.0,4.0,220510.65999999997,28,1.7647058823529411,2.493358633776091,0.09090909090909091,0.07404679440536821,0.002447570851724579,1.1171875,0.8727272727272727,1.0036363636363637,0.9701855040642459,321,0.027607361963190184,0.9809535665380306,0.83125,182.0,1.0,11.3,0.0,0.0,0.0,4.0,0.8660085175059788,1,Decoracion,Plantas artificiales,AMBA,Grande,Proveedor I,0,0,validacion
2025-08-01,T25,SKU00047,0,1.0,-2.0,0.16666666666666666,6.6878451482725545,2.0,5.0,2,0,17063.984999999997,3,1,0.0,18.0,34410.0,56,6.339622641509433,16,2,22,0.0,0.0,0.0,0.0,0,0.0,0.0,0.0,19000.0,0.3963157894736842,32,56,52,1500,8,0.0,1.0,1.0,16555.0,30,18.0,0.0,0.3333333333333333,0.10189552631578969,0.00017919865850798188,0.8571428571428571,1.1320754716981132,2.490566037735849,0.9612216042368148,291,0.02711864406779661,0.9370430024818034,0.4884318766066838,52.0,1.0,10.4,0.0,1.0,0.0,3.0,0.9200419621149167,1,Textil hogar,Toallas,Centro,Grande,Proveedor F,0,0,validacion
2025-08-01,T26,SKU00551,0,0.0,4.0,0.5833333333333334,1.3593625047407298,0.0,5.0,4,0,46764.24571428571,4,2,3.0,6.857142857142857,108440.0,55,5.739130434782608,15,2,27,0.0,0.0,0.0,0.0,0,0.0,0.0,0.0,51300.0,0.47153996101364526,20,37,193,1200,8,0.0,0.0,2.0,0.0,18,1.090909090909091,5.766233766233766,0.5,0.08841626287942084,0.000616173725780743,1.090909090909091,1.0782608695652174,2.817391304347826,0.971089791830451,297,0.013377926421404682,0.9191876834601329,1.06875,0.0,0.0,,0.0,0.0,0.0,4.0,0.896433849662397,1,Decoracion,Plantas artificiales,NOA,Mediano,Proveedor E,0,0,validacion
2025-08-01,T26,SKU00681,16,40.0,78.0,12.25,0.31926043803086346,1.08843537414966,12.0,0,0,54185.03578231292,83,8,-19.0,6.775510204081633,2953140.0,1203,5.251364132411786,18,0,509,294.0,0.0,0.0,0.0,0,0.0,0.0,0.0,58200.0,0.38865979381443294,23,32,147,1200,8,10.0,14.0,21.0,2247038.54,21,7.69811320754717,-0.9226030034655368,0.0963855421686747,0.06898563947915937,0.012939648241395603,1.2418952618453867,1.017097126227719,2.221898872317206,0.971089791830451,297,0.013377926421404682,0.9191876834601329,1.0837988826815643,441.0,3.0,1.7,0.0,0.0,0.0,4.0,0.896433849662397,1,Decoracion,Espejos,NOA,Mediano,Proveedor A,0,0,validacion
2025-08-01,T27,SKU00059,1,2.0,4.0,0.5833333333333334,1.1460992972940371,1.1428571428571428,6.0,0,0,46069.71571428572,3,0,-2.0,5.142857142857142,92940.0,38,5.772151898734178,12,0,30,0.0,0.0,0.0,0.0,0,0.0,0.0,0.0,49000.0,0.3677551020408163,38,46,192,1200,8,1.0,0.0,2.0,92946.57,33,15.0,-9.857142857142858,0.0,0.059801720116617996,0.0006118659539052657,0.9473684210526316,1.1139240506329113,4.556962025316456,0.9709438594256701,306,0.02922077922077922,0.875802062686868,1.09375,192.0,1.0,11.1,0.0,0.0,0.0,3.0,0.9150015876259323,1,Textil hogar,Sabanas,AMBA,Chico,Proveedor B,0,0,validacion
2025-08-01,T28,SKU00517,1,3.0,7.0,1.75,0.7753148860571064,0.5714285714285714,11.0,0,0,55424.600952380955,10,3,-2.0,5.714285714285714,331700.0,137,4.996960486322188,16,0,63,21.0,0.0,0.0,0.0,0,0.0,0.0,0.0,58500.0,0.43299145299145303,17,28,21,1500,8,1.0,1.0,5.0,163113.27,15,6.0,-0.2857142857142856,0.3,0.05257092389092388,0.0017793477478229584,1.167883211678832,1.0212765957446808,2.2978723404255317,0.9855891906036501,311,0.047619047619047616,1.0006716330542051,1.21875,42.0,2.0,1.9,0.0,1.0,0.0,4.0,0.8774733725849669,1,Decoracion,Plantas artificiales,AMBA,Grande,Proveedor G,0,0,validacion
2025-09-01,T01,SKU00199,4,11.0,23.0,4.083333333333333,0.6218175574103081,0.8979591836734694,11.0,0,0,51617.471224489804,25,2,12.0,6.122448979591837,890000.0,167,5.964285714285714,9,0,68,1728.0,0.0,0.0,0.0,0,0.0,0.0,0.0,57000.0,0.375438596491228,15,46,192,800,9,7.0,0.0,8.0,558815.49,13,3.3255813953488373,2.796867584243,0.08,0.09443032939491569,0.004599884236856285,1.3473053892215567,1.0357142857142858,2.4285714285714284,1.0198600479429936,286,0.03103448275862069,1.0477920987896834,1.2723214285714286,1920.0,5.0,0.3,0.0,1.0,0.0,3.0,0.9214291482451739,2,Textil hogar,Sabanas,Cuyo,Grande,Proveedor B,0,0,validacion
2025-09-01,T02,SKU00150,2,4.0,10.0,1.5833333333333333,0.9879658673374921,0.8421052631578947,9.0,0,0,57702.94947368421,4,1,-3.0,2.5263157894736845,114760.0,108,5.422594142259414,14,1,41,0.0,0.0,0.0,0.0,0,0.0,0.0,0.0,60500.0,0.5257851239669422,28,56,52,450,9,1.0,1.0,5.0,237124.06999999995,27,4.421052631578948,-1.8947368421052633,0.25,0.046232240104393196,0.0017002701488695179,0.5185185185185185,1.02092050209205,2.0585774058577404,0.9976111378735466,280,0.010526315789473684,0.9658858568891585,1.1266294227188083,104.0,1.0,7.8,0.0,0.0,0.0,4.0,0.8682267665562668,2,Decoracion,Espejos,AMBA,Grande,Proveedor F,0,0,validacion
2025-09-01,T03,SKU00427,3,6.0,17.0,3.0833333333333335,0.4472284439683619,0.6486486486486486,12.0,0,0,12906.65945945946,12,2,-4.0,3.8918918918918917,105360.0,99,4.432835820895523,7,0,55,0.0,0.0,0.0,0.0,0,0.0,0.0,0.0,13700.0,0.3591240875912409,40,31,182,450,9,2.0,1.0,6.0,78489.59,37,5.052631578947369,-1.1607396870554774,0.16666666666666666,0.057908068652594125,0.0034934332895867363,0.8484848484848485,0.8955223880597015,2.4626865671641793,0.9845816849678509,274,0.050724637681159424,1.079308817013735,0.2946236559139785,0.0,0.0,14.8,0.0,0.0,0.0,4.0,0.8754866921127203,2,Bano,Alfombras de bano,Cuyo,Chico,Proveedor I,0,0,validacion
2025-09-01,T03,SKU00659,4,12.0,20.0,4.333333333333333,0.4437116665514772,0.9230769230769231,12.0,0,0,32553.696346153847,12,4,-14.0,2.7692307692307696,259320.0,168,5.463414634146342,9,0,76,0.0,0.0,0.0,0.0,0,0.0,0.0,0.0,34700.0,0.37723342939481264,35,52,155,450,9,6.0,2.0,8.0,386304.55999999994,32,6.367346938775511,-3.5981161695447414,0.3333333333333333,0.06185313123475944,0.004909690028608386,0.6428571428571428,0.997289972899729,2.4715447154471546,0.9845816849678509,274,0.050724637681159424,0.9809117448910847,0.7139917695473251,155.0,1.0,6.1,52.0,0.0,0.0,3.0,0.9594715909712981,2,Organizacion,Percheros,Cuyo,Chico,Proveedor J,0,0,validacion
2025-09-01,T04,SKU00034,0,2.0,2.0,0.5,1.5954480704349312,1.3333333333333333,4.0,2,0,54070.78833333333,3,1,0.0,6.0,109080.0,58,5.2727272727272725,17,0,24,0.0,0.0,0.0,0.0,0,0.0,0.0,0.0,59400.0,0.38787878787878793,28,46,192,450,9,0.0,2.0,2.0,114335.48,25,7.199999999999999,-1.1999999999999993,0.3333333333333333,0.08971736812570152,0.0005115776367785491,0.8793103448275862,1.0606060606060606,2.1818181818181817,0.999622702265285,311,0.015772870662460567,1.012128086554402,1.173913043478261,384.0,1.0,8.0,0.0,0.0,0.0,4.0,0.9096218205531458,2,Bano,Accesorios de bano,Centro,Grande,Proveedor B,0,0,validacion
2025-09-01,T05,SKU00425,0,0.0,1.0,0.3333333333333333,1.9540168418367885,0.0,3.0,4,0,37679.25,4,1,3.0,12.0,82720.0,49,4.9,17,2,16,21.0,0.0,0.0,0.0,0,0.0,0.0,0.0,40300.0,0.48684863523573196,36,28,21,450,9,0.0,0.0,2.0,0.0,30,2.0,10.0,0.25,0.06503101736972705,0.0003550847599619337,1.3877551020408163,1.2333333333333334,1.6,1.0102161420917015,295,0.04040404040404041,1.0399981210512719,1.0,105.0,3.0,2.9,0.0,1.0,0.0,4.0,0.9169626031314383,2,Iluminacion,Lamparas de mesa,AMBA,Mediano,Proveedor G,0,0,validacion
2025-09-01,T05,SKU00734,3,5.0,14.0,1.8333333333333333,0.7293359164598416,0.9090909090909092,10.0,0,0,79802.98818181817,5,1,-4.0,2.7272727272727275,241550.0,165,5.103092783505154,19,0,52,310.0,0.0,0.0,0.0,0,0.0,0.0,0.0,87100.0,0.44535017221584383,37,52,155,450,9,2.0,0.0,4.0,377559.0299999999,32,4.909090909090909,-2.1818181818181817,0.2,0.08377740319382121,0.0019529661797906353,0.5757575757575758,0.8453608247422679,1.6082474226804122,1.0102161420917015,295,0.04040404040404041,0.9649187816232897,1.6189591078066914,620.0,3.0,0.7,0.0,0.0,0.0,3.0,0.9180799421725641,2,Organizacion,Contenedores,AMBA,Mediano,Proveedor J,0,0,validacion
2025-09-01,T07,SKU00256,3,9.0,22.0,3.9166666666666665,0.8603937340949566,0.7659574468085106,11.0,0,0,21805.415531914896,17,6,-4.0,4.340425531914894,198050.0,185,5.78125,10,0,67,0.0,0.0,0.0,0.0,0,0.0,0.0,0.0,23100.0,0.4956709956709957,43,31,182,800,9,6.0,0.0,11.0,203164.86999999994,37,5.25,-0.9095744680851059,0.35294117647058826,0.05604261766602181,0.004199655904402107,0.918918918918919,0.96875,2.09375,1.0207844479125463,287,0.02422145328719723,1.0297772424413374,0.4967741935483871,0.0,0.0,,0.0,1.0,0.0,4.0,0.9367111179682384,2,Bano,Alfombras de bano,Centro,Mediano,Proveedor I,0,0,validacion
2025-09-01,T09,SKU00383,18,41.0,80.0,10.166666666666666,0.9177666209851038,1.3442622950819672,11.0,0,0,53726.61598360656,84,8,26.0,8.262295081967213,2314200.0,1438,5.624511082138201,19,0,419,0.0,0.0,0.0,0.0,0,0.0,0.0,0.0,58600.0,0.5298634812286689,36,46,192,600,9,14.0,9.0,18.0,2242515.1799999997,32,6.052173913043478,2.2101211689237354,0.09523809523809523,0.08316354976780604,0.010491068520279865,1.109874826147427,1.0521512385919165,1.6388526727509778,1.0209013563341196,307,0.019543973941368076,1.041206769683591,1.4540942928039702,0.0,0.0,17.1,0.0,0.0,0.0,4.0,0.9075764294615356,2,Iluminacion,Lamparas de mesa,NOA,Mediano,Proveedor B,0,0,validacion
2025-09-01,T10,SKU00455,3,16.0,39.0,6.833333333333333,0.38381624503946526,0.7804878048780488,12.0,0,0,62526.98951219513,35,5,-9.0,5.121951219512195,1263150.0,402,5.203883495145631,12,0,135,0.0,0.0,0.0,0.0,0,0.0,0.0,0.0,66800.0,0.45973053892215565,38,31,182,450,9,6.0,7.0,12.0,999905.9499999997,32,6.518518518518518,-1.396567299006323,0.14285714285714285,0.06396722287133039,0.007871395149729584,1.044776119402985,0.9579288025889967,1.7475728155339805,0.976820939556686,278,0.03571428571428571,0.9831221840882449,1.3916666666666666,364.0,2.0,5.9,0.0,0.0,0.0,4.0,0.9018938940365958,2,Decoracion,Plantas artificiales,AMBA,Mediano,Proveedor I,0,0,validacion
2025-09-01,T11,SKU00188,1,2.0,3.0,0.4166666666666667,1.2358287613066492,1.5999999999999999,5.0,0,0,26155.862,2,1,0.0,4.8,30180.0,50,5.76923076923077,15,0,19,0.0,0.0,0.0,0.0,0,0.0,0.0,0.0,27700.0,0.4552346570397112,26,56,52,800,9,1.0,0.0,1.0,52212.149999999994,24,4.8,0.0,0.5,0.05574505415162456,0.0004572866730945468,0.6,1.0384615384615385,2.1923076923076925,1.010054803531235,301,0.03618421052631579,0.9391717852189421,0.725130890052356,52.0,1.0,4.3,0.0,0.0,0.0,4.0,0.8798915857300725,2,Bano,Cortinas de bano,AMBA,Grande,Proveedor F,0,0,validacion
2025-09-01,T11,SKU00455,6,25.0,39.0,6.416666666666667,0.4012431043203407,1.2987012987012987,12.0,0,0,62917.81831168832,22,8,-10.0,3.4285714285714284,793980.0,402,5.203883495145631,12,0,135,0.0,0.0,0.0,0.0,0,0.0,0.0,0.0,66800.0,0.45973053892215565,38,31,182,800,9,10.0,9.0,11.0,1545161.71,35,4.923076923076923,-1.494505494505495,0.36363636363636365,0.05811649233999516,0.007042214765656021,0.6567164179104478,0.9579288025889967,1.7475728155339805,1.010054803531235,301,0.03618421052631579,1.0203750248712982,1.3916666666666666,364.0,2.0,5.9,0.0,0.0,0.0,4.0,0.9137361539608508,2,Decoracion,Plantas artificiales,AMBA,Grande,Proveedor I,0,0,validacion
2025-09-01,T12,SKU00433,1,7.0,10.0,2.1666666666666665,0.6477502756312957,1.076923076923077,11.0,0,0,35140.3,6,0,3.0,2.7692307692307696,144960.0,149,4.425742574257426,19,0,68,0.0,0.0,0.0,0.0,0,0.0,0.0,0.0,38000.0,0.36421052631578943,21,31,182,1200,9,4.0,2.0,5.0,247862.22000000003,18,1.5652173913043477,1.204013377926422,0.0,0.07525526315789466,0.002567280290541239,0.7651006711409396,0.9504950495049506,2.01980198019802,0.991760124546008,273,0.025454545454545455,1.0111989459815547,1.0795454545454546,546.0,3.0,3.2,0.0,1.0,0.0,3.0,0.9355688703882575,2,Organizacion,Cajas,Cuyo,Chico,Proveedor I,0,0,validacion
2025-09-01,T12,SKU00539,0,0.0,1.0,0.4166666666666667,1.2358287613066494,0.0,5.0,4,0,54241.888,3,0,0.0,7.199999999999999,90030.0,29,6.959999999999999,10,3,0,0.0,0.0,0.0,0.0,0,0.0,0.0,0.0,58700.0,0.4887563884156729,17,37,193,1200,9,0.0,0.0,1.0,0.0,14,6.0,1.1999999999999993,0.0,0.07594739352640545,0.0004937077481810076,1.0344827586206897,0.5599999999999999,0.0,0.991760124546008,273,0.025454545454545455,1.0362930837708286,1.2229166666666667,0.0,0.0,,0.0,1.0,0.0,4.0,0.9143889042934261,2,Iluminacion,Guirnaldas,Cuyo,Chico,Proveedor E,0,0,validacion
2025-09-01,T12,SKU00543,1,8.0,19.0,2.6666666666666665,0.5140083126317565,1.0,12.0,0,0,50736.9275,10,0,3.0,3.75,278400.0,132,4.33972602739726,16,0,79,192.0,0.0,0.0,0.0,0,0.0,0.0,0.0,55500.0,0.4983783783783784,15,46,192,1200,9,4.0,3.0,5.0,404008.32,12,2.8,0.9500000000000002,0.0,0.08582112612612613,0.0031597295883584483,1.2121212121212122,0.9643835616438355,2.5972602739726027,0.991760124546008,273,0.025454545454545455,1.0111989459815547,1.0315985130111525,768.0,3.0,0.6,0.0,1.0,0.0,3.0,0.9355688703882575,2,Organizacion,Contenedores,Cuyo,Chico,Proveedor B,0,0,validacion
2025-09-01,T14,SKU00503,1,1.0,2.0,0.5833333333333334,1.146099297294037,0.5714285714285714,6.0,0,0,5765.612857142858,4,2,2.0,6.857142857142857,16360.0,52,4.521739130434782,18,0,23,0.0,0.0,0.0,0.0,0,0.0,0.0,0.0,6300.0,0.35079365079365077,27,11,36,1500,9,0.0,0.0,2.0,6183.24,25,3.0,3.8571428571428568,0.5,0.0848233560090702,0.000689674762689184,1.3846153846153846,0.8115942028985508,2.0,1.0400295421352894,281,0.03484320557491289,1.1173184357541899,0.14617169373549885,36.0,1.0,9.2,0.0,0.0,0.0,2.0,0.8948361377767263,2,Muebles,Sillas,AMBA,Grande,Proveedor H,0,0,validacion
2025-09-01,T14,SKU00547,3,9.0,21.0,3.5833333333333335,0.4200117295883404,0.8372093023255813,12.0,0,0,76189.89255813953,20,3,-7.0,5.5813953488372094,917000.0,240,6.0136674259681095,12,0,86,147.0,0.0,0.0,0.0,0,0.0,0.0,0.0,82300.0,0.4428918590522479,14,32,147,1500,9,4.0,2.0,7.0,687044.6599999999,12,7.5,-1.9186046511627906,0.15,0.0742418887224845,0.004236573542233559,1.0,0.9354593773728171,2.1548974943052395,1.0400295421352894,281,0.03484320557491289,0.9904048203751994,1.6934156378600822,147.0,1.0,1.0,0.0,0.0,0.0,3.0,0.9570311655926037,2,Organizacion,Percheros,AMBA,Grande,Proveedor A,0,0,validacion
2025-09-01,T14,SKU00785,2,6.0,11.0,1.6666666666666667,0.6928203230275508,1.2,11.0,0,0,69906.175,7,4,-3.0,4.2,283640.0,294,4.399002493765586,16,0,136,0.0,0.0,0.0,0.0,0,0.0,0.0,0.0,75000.0,0.4597333333333333,39,10,35,1500,9,1.0,3.0,4.0,419229.6699999999,35,7.0588235294117645,-2.8588235294117643,0.5714285714285714,0.06791766666666665,0.001970499321969097,0.38095238095238093,0.9276807980049876,2.034912718204489,1.0400295421352894,281,0.03484320557491289,1.0627316040232928,1.963350785340314,70.0,1.0,8.7,0.0,0.0,0.0,4.0,0.9561723886897179,2,Bano,Cortinas de bano,AMBA,Grande,Proveedor C,0,0,validacion
2025-09-01,T15,SKU00501,1,4.0,5.0,0.8333333333333334,0.8612886750783277,1.5999999999999999,8.0,0,0,12832.818000000001,3,1,0.0,3.5999999999999996,20370.0,38,4.56,11,1,20,0.0,0.0,0.0,0.0,0,0.0,0.0,0.0,13900.0,0.5115107913669065,42,25,153,600,9,1.0,2.0,2.0,50203.71,38,6.0,-2.4000000000000004,0.3333333333333333,0.07677568345323738,0.0008414684695753961,0.868421052631579,1.1199999999999999,2.4,1.0084158139391546,302,0.03594771241830065,0.9709521501939133,0.258364312267658,153.0,1.0,9.1,0.0,0.0,0.0,3.0,0.8966822749548513,2,Organizacion,Contenedores,NOA,Mediano,Proveedor D,0,0,validacion
2025-09-01,T16,SKU00143,4,17.0,29.0,4.333333333333333,0.39768020162553647,1.307692307692308,12.0,0,0,7628.639038461538,19,0,-2.0,4.384615384615385,83790.0,352,5.662198391420912,19,0,90,0.0,0.0,0.0,0.0,0,0.0,0.0,0.0,8400.0,0.475,28,10,35,600,9,6.0,7.0,7.0,125319.40999999997,27,5.7272727272727275,-1.3426573426573425,0.0,0.09182868589743598,0.005041108620866496,1.0255681818181819,1.0187667560321716,1.447721179624665,0.9942617310693612,276,0.017857142857142856,0.9746821688579811,0.18791946308724833,0.0,0.0,17.4,0.0,0.0,0.0,4.0,0.9228966443715868,2,Iluminacion,Apliques,NOA,Grande,Proveedor C,0,0,validacion
2025-09-01,T17,SKU00074,3,13.0,22.0,5.0,0.4748205402618401,0.8666666666666666,12.0,0,0,42235.92466666666,14,5,-43.0,2.8,310660.0,642,5.867479055597867,18,1,178,0.0,0.0,0.0,0.0,0,0.0,0.0,0.0,46500.0,0.5227956989247311,31,46,192,600,9,5.0,5.0,10.0,530633.0399999999,27,10.208955223880597,-7.408955223880597,0.35714285714285715,0.0917005448028676,0.005420656856112106,0.39252336448598135,0.9535415079969535,1.6268088347296268,1.0237813915577063,293,0.027210884353741496,0.9183734045710893,1.0,0.0,0.0,23.5,0.0,0.0,0.0,4.0,0.8285456318106051,2,Bano,Alfombras de bano,Centro,Chico,Proveedor B,0,0,validacion
2025-09-01,T17,SKU00106,0,1.0,3.0,0.5833333333333334,1.3593625047407298,0.5714285714285714,5.0,1,0,13519.531428571428,1,0,-3.0,1.7142857142857142,7120.0,8,1.959183673469388,4,0,4,153.0,0.0,0.0,0.0,0,0.0,0.0,0.0,14400.0,0.5055555555555555,19,25,153,600,9,1.0,0.0,2.0,13266.47,15,6.857142857142857,-5.142857142857142,0.0,0.061143650793650806,0.0006324099665464124,0.5,0.653061224489796,0.979591836734694,1.0237813915577063,293,0.027210884353741496,1.0369820778921182,0.2975206611570248,306.0,2.0,1.9,0.0,1.0,0.0,3.0,0.9155298645349915,2,Textil hogar,Acolchados,Centro,Chico,Proveedor D,0,0,validacion
2025-09-01,T17,SKU00500,1,3.0,5.0,1.1666666666666667,0.955406449753222,0.8571428571428571,8.0,0,0,19862.84071428571,6,1,-5.0,5.142857142857142,77040.0,146,4.697050938337801,18,0,45,0.0,0.0,0.0,0.0,0,0.0,0.0,0.0,21900.0,0.41369863013698627,43,28,21,600,9,0.0,2.0,3.0,57215.970000000016,38,7.764705882352941,-2.6218487394957988,0.16666666666666666,0.09302097195042414,0.0012648199330928247,0.7397260273972603,0.9758713136729221,1.4477211796246647,1.0237813915577063,293,0.027210884353741496,1.0171499573779492,0.6221590909090909,84.0,2.0,4.6,0.0,0.0,0.0,3.0,0.8983676551997545,2,Organizacion,Cajas,Centro,Chico,Proveedor G,0,0,validacion
2025-09-01,T20,SKU00704,1,6.0,11.0,1.6666666666666667,0.590839156700797,1.2,11.0,0,0,18850.6995,5,5,-1.0,3.0,55750.0,82,6.188679245283019,9,1,25,294.0,147.0,0.0,0.0,0,0.0,0.0,0.0,20700.0,0.46135265700483097,28,32,147,450,9,3.0,2.0,3.0,112550.72,25,4.235294117647059,-1.2352941176470589,1.0,0.08933818840579721,0.001810852888192769,0.5487804878048781,1.0817610062893082,1.8867924528301887,0.9590276895868903,301,0.01644736842105263,0.9707287235781089,0.5447368421052632,588.0,3.0,1.2,0.0,0.0,0.0,2.0,0.921085348346493,2,Muebles,Mesas auxiliares,AMBA,Mediano,Proveedor A,0,0,validacion
2025-09-01,T21,SKU00054,2,5.0,7.0,1.5,0.9211323729436766,1.1111111111111112,9.0,0,0,26529.816666666666,11,1,-1.0,7.333333333333333,146410.0,154,4.888888888888889,18,0,81,0.0,0.0,0.0,0.0,0,0.0,0.0,0.0,28500.0,0.5329824561403509,42,56,52,600,9,1.0,2.0,4.0,132074.71000000002,34,7.199999999999999,0.13333333333333375,0.09090909090909091,0.06912923976608187,0.001592508789629742,1.2857142857142858,1.0264550264550265,2.5714285714285716,0.968953125779163,302,0.033003300330033,0.9303025741381906,0.6129032258064516,52.0,1.0,8.2,0.0,1.0,0.0,4.0,0.8884432742075797,2,Bano,Alfombras de bano,Cuyo,Grande,Proveedor F,0,0,validacion
2025-09-01,T21,SKU00713,2,2.0,3.0,0.4166666666666667,1.6045390162116513,1.5999999999999999,4.0,0,0,38674.240000000005,6,0,6.0,14.399999999999999,149280.0,21,4.581818181818182,6,2,11,0.0,0.0,0.0,0.0,0,0.0,0.0,0.0,41100.0,0.39464720194647207,44,28,21,600,9,0.0,0.0,2.0,80393.32,43,0.0,14.399999999999999,0.0,0.059020924574209155,0.00044236355267492837,1.7142857142857142,1.0181818181818183,2.4000000000000004,0.968953125779163,302,0.033003300330033,0.9702058778896252,1.0,63.0,2.0,3.4,0.0,1.0,0.0,3.0,0.9290500460663116,2,Cocina y mesa,Cristaleria,Cuyo,Grande,Proveedor G,0,0,validacion
2025-09-01,T22,SKU00049,7,24.0,42.0,6.5,0.3908584227267726,1.2307692307692308,12.0,0,0,27371.979102564103,36,5,32.0,5.538461538461538,610920.0,320,5.00651890482399,10,0,140,612.0,0.0,0.0,0.0,0,0.0,0.0,0.0,30100.0,0.43621262458471766,30,25,153,1500,9,6.0,11.0,11.0,641518.27,29,0.75,4.788461538461538,0.1388888888888889,0.09063192350285376,0.006670756444825203,1.125,0.9960886571056062,2.1903520208604954,0.992403304945534,308,0.028938906752411574,0.9832717872117558,0.4519519519519519,612.0,2.0,1.9,0.0,0.0,0.0,3.0,0.9247250897978299,2,Cocina y mesa,Manteleria,AMBA,Mediano,Proveedor D,0,0,validacion
2025-09-01,T22,SKU00416,1,3.0,6.0,0.6666666666666666,1.1677484162422844,1.5,6.0,0,0,16673.495,2,0,1.0,3.0,16640.0,49,4.355555555555555,16,1,18,192.0,0.0,0.0,0.0,0,0.0,0.0,0.0,17300.0,0.5190751445086705,28,46,192,1500,9,0.0,2.0,2.0,49190.11,27,1.3333333333333333,1.6666666666666667,0.0,0.036214161849711046,0.0006841801481872003,0.6530612244897959,1.2444444444444445,1.6,0.992403304945534,308,0.028938906752411574,1.0481891041899158,0.3720430107526882,768.0,3.0,1.0,4.0,0.0,0.0,4.0,0.8658856717176862,2,Bano,Alfombras de bano,AMBA,Mediano,Proveedor B,0,0,validacion
2025-09-01,T22,SKU00660,1,3.0,10.0,1.9166666666666667,0.816145716496189,0.5217391304347826,11.0,0,0,74797.87478260869,10,1,-4.0,5.217391304347826,454200.0,102,4.671755725190839,11,0,49,0.0,0.0,0.0,0.0,0,0.0,0.0,0.0,79200.0,0.4265151515151515,44,32,147,1500,9,1.0,1.0,5.0,230297.57,42,6.461538461538462,-1.2441471571906355,0.1,0.05558238910847613,0.0019670179260382007,1.0784313725490196,0.9007633587786259,2.2442748091603053,0.992403304945534,308,0.028938906752411574,0.9590086310142275,1.7678571428571428,0.0,0.0,32.5,36.0,0.0,0.0,3.0,0.9244315913722524,2,Textil hogar,Sabanas,AMBA,Mediano,Proveedor A,0,0,validacion
2025-09-01,T24,SKU00082,1,1.0,3.0,0.5,1.044465935734187,0.6666666666666666,6.0,0,0,82624.71166666667,6,0,2.0,12.0,266760.0,37,4.774193548387097,10,0,15,0.0,0.0,0.0,0.0,0,0.0,0.0,0.0,89000.0,0.5004494382022472,24,37,193,800,9,0.0,0.0,1.0,85258.77,21,6.857142857142857,5.142857142857143,0.0,0.07163245318352052,0.00045898866715254563,1.6216216216216215,0.7741935483870968,1.935483870967742,0.9791758232587641,318,0.018575851393188854,0.975763962065332,1.3011695906432748,0.0,0.0,,0.0,0.0,0.0,2.0,0.9593536744985606,2,Muebles,Racks,AMBA,Grande,Proveedor E,0,0,validacion
2025-09-01,T24,SKU00182,2,5.0,8.0,1.3333333333333333,0.7385489458759962,1.2500000000000002,9.0,0,0,58561.535625000004,19,0,9.0,14.25,775770.0,142,5.623762376237623,15,1,39,0.0,0.0,0.0,0.0,0,0.0,0.0,0.0,63700.0,0.3590266875981162,39,52,155,800,9,2.0,1.0,3.0,295326.31,35,7.5,6.75,0.0,0.08066663069073776,0.001223969779073455,2.0070422535211265,0.8580858085808581,1.5445544554455446,0.9791758232587641,318,0.018575851393188854,0.975763962065332,1.6763157894736842,310.0,2.0,4.2,0.0,0.0,0.0,2.0,0.9593536744985606,2,Muebles,Mesas auxiliares,AMBA,Grande,Proveedor J,0,0,validacion
2025-09-01,T24,SKU00528,1,1.0,7.0,1.4166666666666667,0.7032034728674976,0.2352941176470588,10.0,0,0,59148.461764705884,10,3,0.0,7.0588235294117645,398300.0,160,6.0,19,1,60,0.0,192.0,0.0,0.0,0,0.0,0.0,0.0,65400.0,0.3909785932721712,27,46,192,800,9,0.0,0.0,3.0,55857.990000000056,25,5.454545454545455,1.6042780748663095,0.3,0.09558926965281522,0.001300467890265546,1.1875,1.05,2.25,0.9791758232587641,318,0.018575851393188854,0.9943331576172904,1.4663677130044843,0.0,0.0,20.0,0.0,0.0,0.0,3.0,0.8783351287743707,2,Textil hogar,Cortinas,AMBA,Grande,Proveedor B,0,0,validacion
2025-09-01,T24,SKU00607,4,18.0,40.0,6.5,0.3312648750301262,0.9230769230769231,12.0,0,0,77338.99192307693,31,6,-15.0,4.769230769230769,1479940.0,483,5.221621621621622,14,0,149,0.0,0.0,0.0,0.0,0,0.0,0.0,0.0,85500.0,0.44163742690058483,18,25,153,800,9,8.0,6.0,10.0,1366128.0,16,6.650602409638554,-1.8813716404077852,0.1935483870967742,0.09545038686459728,0.005966852672983093,0.8985507246376812,1.0306306306306305,1.6108108108108108,0.9791758232587641,318,0.018575851393188854,0.9946344197965884,2.050359712230216,459.0,1.0,6.2,0.0,1.0,0.0,3.0,0.9003265917753122,2,Cocina y mesa,Cubiertos,AMBA,Grande,Proveedor D,0,0,validacion
2025-09-01,T24,SKU00655,3,7.0,16.0,3.0833333333333335,0.40219861925583084,0.7567567567567568,12.0,0,0,4377.026216216216,10,7,10.0,3.243243243243243,28200.0,142,4.47244094488189,9,0,42,0.0,0.0,26.0,28.0,0,0.0,0.0,0.0,4700.0,0.4,22,10,35,800,9,2.0,2.0,5.0,29721.989999999998,19,0.0,3.243243243243243,0.7,0.06871782633697532,0.0028304301141073647,0.6338028169014084,0.8083989501312336,1.3228346456692914,0.9791758232587641,318,0.018575851393188854,0.9597334283642935,0.09853249475890985,70.0,2.0,3.5,26.0,0.0,0.0,4.0,0.8642642456010226,2,Decoracion,Velas,AMBA,Grande,Proveedor C,0,0,validacion
2025-09-01,T26,SKU00372,1,4.0,9.0,1.75,0.6030226891555274,0.7619047619047619,11.0,0,0,62265.39333333333,5,0,-4.0,2.857142857142857,205650.0,144,5.082352941176471,16,0,37,0.0,0.0,0.0,0.0,0,0.0,0.0,0.0,66700.0,0.3833583208395802,25,11,36,1200,9,3.0,0.0,3.0,250475.78,22,5.3999999999999995,-2.5428571428571423,0.0,0.06648585707146426,0.001892076369522398,0.5555555555555556,0.9882352941176471,1.3058823529411765,0.9763114066735573,303,0.022653721682847898,0.9912128060535608,1.378099173553719,0.0,0.0,25.0,0.0,1.0,0.0,3.0,0.8742732751047282,2,Textil hogar,Acolchados,NOA,Mediano,Proveedor H,0,0,validacion
2025-09-01,T27,SKU00132,3,6.0,14.0,3.1666666666666665,0.6146044296012023,0.6315789473684211,11.0,0,0,24531.706842105265,21,3,9.0,6.631578947368421,304290.0,207,5.365010799136069,12,0,80,0.0,0.0,0.0,0.0,0,0.0,0.0,0.0,26500.0,0.4532075471698114,15,31,182,1200,9,0.0,3.0,6.0,148391.54,13,3.0697674418604652,3.561811505507956,0.14285714285714285,0.07427521350546173,0.003444429459375646,1.2173913043478262,0.958963282937365,2.073434125269978,1.016650547798875,293,0.03389830508474576,1.0535862430511629,0.4934823091247672,182.0,1.0,9.2,0.0,0.0,0.0,4.0,0.9134248666866812,2,Decoracion,Espejos,AMBA,Chico,Proveedor I,0,0,validacion
2025-09-01,T27,SKU00146,4,4.0,10.0,1.5,0.8761716542303614,0.8888888888888888,9.0,0,0,54296.692777777775,8,1,0.0,5.333333333333333,278080.0,177,5.418367346938776,18,0,69,0.0,0.0,0.0,0.0,0,0.0,0.0,0.0,59500.0,0.41579831932773115,41,52,155,1200,9,0.0,0.0,4.0,225217.38,38,5.333333333333333,0.0,0.125,0.08745054154995335,0.0016315718491779379,0.8135593220338982,0.8979591836734694,2.112244897959184,1.016650547798875,293,0.03389830508474576,0.9880951720849251,1.328125,0.0,0.0,19.8,0.0,0.0,0.0,3.0,0.8916537625472245,2,Textil hogar,Sabanas,AMBA,Chico,Proveedor J,0,0,validacion
2025-09-01,T27,SKU00716,1,3.0,8.0,0.9166666666666666,0.9821854225947493,1.090909090909091,8.0,0,0,16006.3,9,0,-3.0,9.818181818181818,72090.0,106,5.367088607594937,14,0,33,0.0,0.0,0.0,0.0,0,0.0,0.0,0.0,17100.0,0.531578947368421,19,37,193,1200,9,0.0,2.0,3.0,47447.700000000004,17,11.076923076923078,-1.25874125874126,0.0,0.06395906432748544,0.0009970716856087397,1.1886792452830188,1.080168776371308,1.6708860759493671,1.016650547798875,293,0.03389830508474576,0.9396643263546604,0.42431761786600497,193.0,1.0,5.3,0.0,0.0,0.0,4.0,0.9335699266203288,2,Iluminacion,Lamparas de mesa,AMBA,Chico,Proveedor E,0,0,validacion
2025-09-01,T28,SKU00483,4,7.0,10.0,1.3333333333333333,0.8048150549829898,1.7500000000000002,10.0,0,0,57187.625625,7,2,-2.0,5.25,205310.0,98,5.2313167259786475,12,0,24,0.0,0.0,0.0,0.0,0,0.0,0.0,0.0,61400.0,0.5223127035830619,12,10,35,1500,9,2.0,1.0,4.0,405080.57999999996,11,9.0,-3.75,0.2857142857142857,0.06860544584690553,0.0014411319249050172,0.8571428571428572,0.9252669039145907,1.281138790035587,0.9940207452032357,296,0.026755852842809364,1.0614268615962443,1.4245939675174013,70.0,2.0,7.0,0.0,1.0,0.0,2.0,0.9043910230530938,2,Muebles,Sillas,AMBA,Grande,Proveedor C,0,0,validacion
2025-09-01,T28,SKU00724,1,3.0,4.0,0.5,1.3483997249264843,2.0,5.0,0,0,41510.42833333334,1,0,-2.0,2.0,21460.0,53,3.9018404907975457,18,0,29,0.0,0.0,0.0,0.0,0,0.0,0.0,0.0,44100.0,0.5133786848072562,34,37,193,1500,9,1.0,1.0,2.0,123391.06999999998,30,12.0,-10.0,0.0,0.058720445956160106,0.0005404244718393814,0.33962264150943394,1.2269938650306749,2.1349693251533743,0.9940207452032357,296,0.026755852842809364,1.0614268615962443,1.0,0.0,0.0,28.1,0.0,0.0,0.0,2.0,0.9043910230530938,2,Muebles,Estanterias,AMBA,Grande,Proveedor E,0,0,validacion
2025-10-01,T01,SKU00500,2,7.0,14.0,2.0833333333333335,0.4321615859416892,1.1199999999999999,12.0,0,0,19912.272,8,2,0.0,3.84,102720.0,124,4.495468277945619,16,0,48,0.0,0.0,0.0,0.0,0,0.0,0.0,0.0,21900.0,0.41369863013698627,44,28,21,800,10,3.0,2.0,4.0,141804.02,38,4.173913043478261,-0.3339130434782609,0.25,0.0907638356164383,0.0023679783394153133,1.032258064516129,0.8942598187311178,1.7401812688821752,1.0108425935296088,285,0.031578947368421054,1.001233423064111,0.6221590909090909,21.0,1.0,5.7,21.0,0.0,0.0,3.0,0.9500414749338444,2,Organizacion,Cajas,Cuyo,Grande,Proveedor G,0,0,embargo
2025-10-01,T02,SKU00734,0,4.0,9.0,1.6666666666666667,0.5325752187591565,0.7999999999999999,11.0,1,0,79792.122,9,4,1.0,5.3999999999999995,434790.0,132,4.33972602739726,18,0,60,310.0,0.0,0.0,0.0,0,0.0,0.0,0.0,87100.0,0.44535017221584383,38,52,155,450,10,2.0,2.0,3.0,318075.69,36,5.333333333333333,0.06666666666666643,0.4444444444444444,0.08390215843857629,0.001734650055377389,1.2272727272727273,0.8547945205479451,1.9726027397260273,1.0043623820635081,281,0.01060070671378092,0.9342210928096764,1.6189591078066914,620.0,3.0,1.7,0.0,0.0,0.0,3.0,0.8940318829796964,2,Organizacion,Contenedores,AMBA,Grande,Proveedor J,0,0,embargo
2025-10-01,T03,SKU00623,1,2.0,9.0,1.8333333333333333,0.8331955809010619,0.36363636363636365,9.0,0,0,21844.73409090909,7,2,-2.0,3.8181818181818183,79870.0,78,4.565853658536586,10,0,32,0.0,52.0,0.0,0.0,0,0.0,0.0,0.0,23800.0,0.5205882352941176,41,56,52,450,10,1.0,0.0,4.0,42977.76999999999,37,4.319999999999999,-0.501818181818181,0.2857142857142857,0.08215402979373576,0.002029660115800856,0.8974358974358975,1.0146341463414634,1.8731707317073172,1.0122468541166816,276,0.028985507246376812,1.0257657727785778,0.5790754257907542,52.0,1.0,9.4,0.0,0.0,0.0,3.0,0.8817488033760867,2,Cocina y mesa,Cristaleria,Cuyo,Chico,Proveedor F,0,0,embargo
2025-10-01,T04,SKU00145,5,12.0,15.0,3.3333333333333335,0.7603826787755085,1.2,11.0,0,0,4596.076,22,2,3.0,6.6,50380.0,353,5.255583126550868,20,0,119,36.0,0.0,5.0,0.0,0,0.0,0.0,0.0,4900.0,0.5326530612244897,20,11,36,450,10,4.0,3.0,6.0,53829.78,19,6.333333333333333,0.2666666666666666,0.09090909090909091,0.06202530612244894,0.0033490369579638963,1.246458923512748,0.9478908188585607,1.7717121588089328,0.9755744658548828,311,0.015772870662460567,1.0557690979814487,0.13920454545454544,72.0,2.0,1.3,5.0,0.0,0.0,3.0,0.910613806180076,2,Organizacion,Cajas,Centro,Grande,Proveedor H,0,0,embargo
2025-10-01,T04,SKU00288,0,1.0,2.0,0.5833333333333334,0.8827348295047496,0.5714285714285714,7.0,2,0,21702.36857142857,5,0,3.0,8.571428571428571,61950.0,59,5.057142857142857,19,1,26,0.0,0.0,0.0,0.0,0,0.0,0.0,0.0,23000.0,0.461304347826087,20,56,52,450,10,0.0,1.0,1.0,20170.37,19,2.6666666666666665,5.904761904761905,0.0,0.0564187577639752,0.0005860814676436818,1.6101694915254239,0.9428571428571427,2.228571428571428,0.9755744658548828,311,0.015772870662460567,0.9284424677440662,0.6020942408376964,52.0,1.0,5.2,0.0,1.0,0.0,4.0,0.9179749391023521,2,Bano,Cortinas de bano,Centro,Grande,Proveedor F,0,0,embargo
2025-10-01,T05,SKU00266,2,6.0,7.0,1.1666666666666667,1.1460992972940371,1.7142857142857142,7.0,0,0,54407.99,13,3,-1.0,11.142857142857142,456300.0,75,4.945054945054945,9,0,22,0.0,0.0,0.0,0.0,0,0.0,0.0,0.0,58200.0,0.3969072164948454,17,37,193,450,10,0.0,4.0,4.0,321346.74,15,10.5,0.6428571428571423,0.23076923076923078,0.06515481099656362,0.0011860333678789085,1.5599999999999998,0.9230769230769231,1.4505494505494505,0.9993178291071145,293,0.030405405405405407,1.0421836228287842,1.5235602094240839,579.0,2.0,4.6,0.0,1.0,0.0,4.0,0.9527009011370842,2,Bano,Cortinas de bano,AMBA,Mediano,Proveedor E,0,0,embargo
2025-10-01,T05,SKU00358,1,0.0,3.0,0.5,1.5954480704349312,0.0,6.0,0,0,40402.24166666667,4,0,0.0,8.0,102880.0,53,4.711111111111111,17,1,8,0.0,104.0,0.0,0.0,0,0.0,0.0,0.0,44800.0,0.4258928571428572,17,56,52,450,10,0.0,-1.0,2.0,132.5,14,8.0,0.0,0.0,0.09816424851190475,0.0005083000148052465,1.2830188679245282,0.7407407407407408,0.7111111111111111,0.9993178291071145,293,0.030405405405405407,1.0017115575173408,0.6726726726726727,156.0,2.0,6.1,0.0,1.0,0.0,3.0,0.9013241429442334,2,Cocina y mesa,Manteleria,AMBA,Mediano,Proveedor F,0,0,embargo
2025-10-01,T05,SKU00651,10,19.0,33.0,6.25,0.3806215013274044,1.0133333333333332,12.0,0,0,34858.74026666667,33,4,-5.0,5.28,731610.0,505,5.425246195165623,14,0,197,0.0,0.0,0.0,0.0,0,0.0,0.0,0.0,38000.0,0.41657894736842105,43,25,153,450,10,3.0,6.0,11.0,641912.38,42,5.560975609756098,-0.2809756097560978,0.12121212121212122,0.08266472982456141,0.006353750185065581,0.9148514851485149,0.9955237242614146,2.116383169203223,0.9993178291071145,293,0.030405405405405407,0.9995595037075103,1.0,612.0,4.0,4.8,0.0,0.0,0.0,2.0,0.9496151690936746,2,Muebles,Mesas auxiliares,AMBA,Mediano,Proveedor D,0,0,embargo
2025-10-01,T06,SKU00286,3,6.0,13.0,2.4166666666666665,0.32812198390293495,0.8275862068965518,12.0,0,0,42023.75862068965,12,1,3.0,4.9655172413793105,328920.0,145,5.225225225225225,16,0,75,0.0,0.0,0.0,0.0,0,0.0,0.0,0.0,45600.0,0.3989035087719298,23,25,153,1500,10,1.0,2.0,3.0,251365.00000000006,20,3.724137931034483,1.2413793103448274,0.08333333333333333,0.07842634603750764,0.0028916390322837964,1.3241379310344827,1.009009009009009,2.7027027027027026,1.0413888983852404,283,0.017482517482517484,1.0038225512349084,0.8491620111731844,0.0,0.0,13.5,0.0,0.0,0.0,4.0,0.9315596411767949,2,Decoracion,Espejos,Centro,Mediano,Proveedor D,0,0,embargo
2025-10-01,T07,SKU00231,3,3.0,4.0,0.8333333333333334,1.1249242398733104,1.2,7.0,0,0,35756.71000000001,2,0,-2.0,2.4,45780.0,36,5.204819277108434,11,1,30,0.0,0.0,0.0,0.0,0,0.0,0.0,0.0,38900.0,0.41156812339331617,40,28,21,800,10,0.0,0.0,3.0,102774.49,37,8.0,-5.6,0.0,0.08080437017994846,0.0009048687934373745,0.611111111111111,1.2048192771084338,4.337349397590361,0.9895645125031127,280,0.02112676056338028,1.0383046550025388,1.0,0.0,0.0,,0.0,0.0,0.0,3.0,0.8584401144466596,2,Textil hogar,Toallas,Centro,Mediano,Proveedor G,0,0,embargo
2025-10-01,T08,SKU00650,8,28.0,41.0,6.25,0.6068697628741352,1.4933333333333334,12.0,0,0,18313.7924,33,3,-4.0,5.28,311190.0,522,5.1683168316831685,15,0,152,0.0,0.0,26.0,0.0,0,0.0,0.0,0.0,20200.0,0.5331683168316832,36,46,192,600,10,15.0,5.0,15.0,527599.2999999999,33,6.7272727272727275,-1.4472727272727273,0.09090909090909091,0.09337661386138618,0.006865178435993078,0.9482758620689656,1.0627062706270627,1.504950495049505,1.0178771227765737,277,0.017921146953405017,1.0719008839702096,0.39920948616600793,192.0,1.0,10.8,26.0,0.0,0.0,4.0,0.8403926822510867,2,Bano,Accesorios de bano,Patagonia,Grande,Proveedor B,0,0,embargo
2025-10-01,T11,SKU00145,3,11.0,20.0,3.5,0.3551894631474634,1.0476190476190477,12.0,0,0,4546.271190476191,21,3,-8.0,6.0,48090.0,353,5.255583126550868,20,0,119,36.0,0.0,0.0,0.0,0,0.0,0.0,0.0,4900.0,0.5326530612244897,20,11,36,800,10,4.0,4.0,5.0,50252.38,19,8.7,-2.6999999999999993,0.14285714285714285,0.07218955296404272,0.0038960233215265326,1.189801699716714,0.9478908188585607,1.7717121588089328,0.9992372195115192,293,0.04391891891891892,0.9928690337167988,0.13920454545454544,72.0,2.0,1.3,0.0,0.0,0.0,3.0,0.9198908127661348,2,Organizacion,Cajas,AMBA,Grande,Proveedor H,0,0,embargo
2025-10-01,T11,SKU00477,4,8.0,14.0,2.4166666666666665,0.5131499624988188,1.103448275862069,12.0,0,0,11330.01551724138,6,1,-1.0,2.4827586206896552,46200.0,163,6.2492012779552715,17,2,69,0.0,0.0,0.0,0.0,0,0.0,0.0,0.0,12100.0,0.36363636363636365,43,37,193,800,10,2.0,2.0,5.0,89879.42000000001,40,3.111111111111111,-0.6283524904214559,0.16666666666666666,0.06363508121972072,0.002690111341054034,0.6257668711656442,1.1629392971246006,2.6453674121405752,0.9992372195115192,293,0.04391891891891892,1.0461917895210986,0.28074245939675174,0.0,0.0,18.4,0.0,0.0,0.0,2.0,0.9485703670436232,2,Muebles,Sillas,AMBA,Grande,Proveedor E,0,0,embargo
2025-10-01,T12,SKU00673,9,13.0,29.0,5.5,0.4933822002181584,0.7878787878787878,12.0,0,0,61380.47969696969,43,8,-7.0,7.818181818181818,1673130.0,678,5.762039660056657,18,0,289,0.0,182.0,24.0,0.0,0,0.0,0.0,0.0,67600.0,0.4244082840236686,39,31,182,1200,10,3.0,1.0,10.0,776234.6899999998,35,7.59493670886076,0.22324510932105834,0.18604651162790697,0.09200473821050759,0.006546242033709497,1.1415929203539823,0.9915014164305949,2.4560906515580734,0.9454360464442262,268,0.022222222222222223,0.9692787352919618,1.2588454376163873,546.0,2.0,10.6,24.0,0.0,0.0,4.0,0.9180978213307126,2,Decoracion,Espejos,Cuyo,Chico,Proveedor I,0,0,embargo
2025-10-01,T13,SKU00039,0,1.0,2.0,0.75,1.5175738212786563,0.4444444444444444,6.0,2,0,39822.7,5,0,-1.0,6.666666666666667,99050.0,54,4.127388535031847,18,0,19,0.0,0.0,0.0,0.0,0,0.0,0.0,0.0,42600.0,0.5349765258215963,45,10,35,1200,10,0.0,1.0,4.0,39049.42,43,5.538461538461539,1.1282051282051277,0.0,0.06519483568075124,0.0008064492354364734,1.6666666666666667,0.9936305732484076,1.4522292993630572,1.0100328646488808,291,0.02711864406779661,1.0046697572222054,1.2102272727272727,0.0,0.0,,0.0,0.0,0.0,3.0,0.895037090254821,2,Organizacion,Cajas,Centro,Chico,Proveedor C,0,0,embargo
2025-10-01,T13,SKU00192,0,1.0,2.0,0.16666666666666666,2.3354968324845693,2.0,2.0,2,0,37239.08500000001,2,0,0.0,12.0,42700.0,36,5.023255813953488,12,0,12,0.0,0.0,0.0,0.0,0,0.0,0.0,0.0,37800.0,0.43518518518518523,25,46,192,1200,10,0.0,1.0,1.0,37481.54,23,12.0,0.0,0.0,0.014839021164021027,0.00017921094120810517,0.6666666666666666,0.8837209302325582,1.6744186046511629,1.0100328646488808,291,0.02711864406779661,1.0256160703857982,0.7924528301886793,192.0,1.0,10.1,0.0,0.0,0.0,4.0,0.8713943872307987,2,Decoracion,Velas,Centro,Chico,Proveedor B,0,0,embargo
2025-10-01,T15,SKU00036,0,5.0,14.0,3.3333333333333335,0.500908265962033,0.5,11.0,1,0,29189.007250000002,13,2,-10.0,3.9,244010.0,123,4.823529411764706,8,0,27,36.0,0.0,0.0,0.0,0,0.0,0.0,0.0,31400.0,0.4022292993630573,29,11,36,600,10,3.0,2.0,6.0,137869.91,25,5.63265306122449,-1.73265306122449,0.15384615384615385,0.07041378184713365,0.0033615309022916474,0.8455284552845529,0.8104575163398693,1.0588235294117647,0.9667762874990777,297,0.023178807947019868,0.9822072947315827,0.7008928571428571,36.0,1.0,2.0,0.0,0.0,0.0,3.0,0.930660101821037,2,Textil hogar,Sabanas,NOA,Mediano,Proveedor H,0,0,embargo
2025-10-01,T15,SKU00207,0,3.0,5.0,1.0,0.7385489458759966,1.0,9.0,1,0,68171.55583333333,4,0,3.0,4.0,161400.0,41,4.241379310344827,15,1,5,0.0,0.0,0.0,0.0,0,0.0,0.0,0.0,74500.0,0.4583892617449664,36,31,182,600,10,2.0,1.0,2.0,214179.69,33,1.2,2.8,0.0,0.0849455592841164,0.001008459270687494,1.4634146341463414,0.9310344827586208,0.5172413793103449,0.9667762874990777,297,0.023178807947019868,0.889478295288742,1.7865707434052758,182.0,1.0,10.8,0.0,0.0,0.0,3.0,0.865675560523741,2,Cocina y mesa,Cubiertos,NOA,Mediano,Proveedor I,0,0,embargo
2025-10-01,T16,SKU00629,5,7.0,11.0,1.75,0.8827348295047494,1.3333333333333335,10.0,0,0,24339.639047619046,9,2,-1.0,5.142857142857143,127260.0,109,4.605633802816901,13,0,38,0.0,0.0,0.0,0.0,0,0.0,0.0,0.0,26800.0,0.47238805970149256,21,46,192,600,10,1.0,1.0,5.0,165147.37999999998,20,6.0,-0.8571428571428568,0.2222222222222222,0.0918045131485431,0.002084225391253059,1.073394495412844,1.0,1.6056338028169013,1.002016169051947,265,0.01858736059479554,1.0185466707205837,0.5583333333333333,0.0,0.0,,0.0,1.0,0.0,4.0,0.9575205241937876,2,Iluminacion,Guirnaldas,NOA,Grande,Proveedor B,0,0,embargo
2025-10-01,T18,SKU00416,2,5.0,5.0,0.75,1.1547005383792515,2.2222222222222223,6.0,0,0,16153.70888888889,3,1,-1.0,4.0,24960.0,61,5.38235294117647,17,1,15,192.0,0.0,0.0,0.0,0,0.0,0.0,0.0,17300.0,0.5190751445086705,29,46,192,1200,10,1.0,2.0,2.0,80983.69,27,12.0,-8.0,0.3333333333333333,0.06625960179833001,0.0008015421377718694,0.8360655737704917,1.0588235294117647,1.3235294117647058,1.004599479340743,295,0.026936026936026935,0.9434070625351767,0.3720430107526882,384.0,2.0,2.0,0.0,0.0,0.0,4.0,0.893367476885009,2,Bano,Alfombras de bano,NOA,Mediano,Proveedor B,0,0,embargo
2025-10-01,T19,SKU00158,4,11.0,23.0,3.5,0.4796411769511528,1.0476190476190477,12.0,0,0,62971.81357142857,18,6,6.0,5.142857142857143,676980.0,97,4.9113924050632916,6,0,18,0.0,0.0,0.0,0.0,0,0.0,0.0,0.0,69600.0,0.4596264367816092,25,37,193,800,10,4.0,3.0,7.0,707570.61,22,3.5121951219512195,1.6306620209059237,0.3333333333333333,0.09523256362889987,0.0034077668000058164,1.11340206185567,0.759493670886076,0.9113924050632911,1.0220054907826968,307,0.02280130293159609,1.0021418878043196,1.43801652892562,193.0,1.0,11.7,0.0,0.0,0.0,3.0,0.9159531953013819,2,Textil hogar,Acolchados,Cuyo,Mediano,Proveedor E,0,0,embargo
2025-10-01,T19,SKU00268,14,34.0,73.0,12.083333333333334,0.22166711435878947,0.9379310344827586,12.0,0,0,36230.967586206905,83,11,5.0,6.868965517241379,1710630.0,762,5.761814744801512,10,0,186,0.0,0.0,0.0,0.0,0,0.0,0.0,0.0,39500.0,0.47822784810126584,25,25,153,800,10,10.0,10.0,18.0,1247538.98,24,6.41095890410959,0.45800661313178903,0.13253012048192772,0.08276031427324293,0.011764909190496272,1.0892388451443569,0.9930686830497796,1.4064272211720228,1.0220054907826968,307,0.02280130293159609,1.0249915850443743,0.8127572016460906,306.0,2.0,3.8,0.0,0.0,0.0,3.0,0.9511942472263791,2,Organizacion,Percheros,Cuyo,Mediano,Proveedor D,0,0,embargo
2025-10-01,T20,SKU00162,0,5.0,7.0,0.8333333333333334,1.6841507166413687,2.0,6.0,2,0,40743.388,2,1,-3.0,2.4,53880.0,35,4.9411764705882355,10,0,8,0.0,0.0,0.0,0.0,0,0.0,0.0,0.0,43000.0,0.3734883720930232,20,10,35,450,10,0.0,5.0,5.0,209368.97,18,10.0,-7.6,0.5,0.05247934883720928,0.0009785760058501054,0.5714285714285714,1.411764705882353,1.1294117647058823,0.9828817402758457,281,0.014084507042253521,1.0078349103052617,0.8847736625514403,140.0,3.0,3.2,31.0,0.0,0.0,3.0,0.8935323755986843,2,Organizacion,Percheros,AMBA,Mediano,Proveedor C,0,0,embargo
2025-10-01,T20,SKU00661,18,25.0,44.0,6.916666666666667,0.627053430075955,1.2048192771084338,12.0,0,0,31325.63168674699,57,7,1.0,8.240963855421686,1072170.0,466,5.231057062675398,14,0,182,0.0,0.0,0.0,0.0,0,0.0,0.0,0.0,33200.0,0.433433734939759,26,28,21,450,10,3.0,4.0,18.0,784712.64,23,8.842105263157896,-0.6011414077362094,0.12280701754385964,0.05645687690521117,0.008122180848555875,1.7124463519313304,1.0739008419083256,2.0430308699719366,0.9828817402758457,281,0.014084507042253521,1.0066228805408228,0.7443946188340808,0.0,0.0,,0.0,0.0,0.0,3.0,0.8948138610096527,2,Textil hogar,Cortinas,AMBA,Mediano,Proveedor G,0,0,embargo
2025-10-01,T22,SKU00173,3,8.0,12.0,1.6666666666666667,0.46709936649691397,1.5999999999999999,12.0,0,0,60202.189,11,1,3.0,6.6,391050.0,139,5.712328767123288,14,0,59,153.0,0.0,0.0,0.0,0,0.0,0.0,0.0,64500.0,0.4488372093023256,18,25,153,1500,10,2.0,3.0,3.0,490159.41,16,4.363636363636364,2.2363636363636354,0.09090909090909091,0.06663272868217052,0.0016929541775568143,1.1079136690647482,0.9178082191780822,2.4246575342465753,1.0029060547846569,305,0.04854368932038835,0.9286452215437319,1.34375,459.0,2.0,2.3,0.0,0.0,0.0,4.0,0.8890922046421477,2,Decoracion,Plantas artificiales,AMBA,Mediano,Proveedor D,0,0,embargo
2025-10-01,T22,SKU00697,6,12.0,22.0,3.0833333333333335,0.40219861925583095,1.2972972972972971,12.0,0,0,8340.85864864865,12,2,-18.0,3.8918918918918917,62640.0,228,5.549695740365111,13,1,54,0.0,0.0,0.0,0.0,0,0.0,0.0,0.0,9300.0,0.43870967741935485,32,28,21,1500,10,3.0,3.0,6.0,98694.82,31,12.0,-8.108108108108109,0.16666666666666666,0.10313347863993017,0.0031319652284801064,0.6842105263157894,1.0141987829614603,1.3144016227180526,1.0029060547846569,305,0.04854368932038835,0.9999655659240385,0.22302158273381295,63.0,1.0,6.1,0.0,0.0,0.0,3.0,0.8950511112931289,2,Cocina y mesa,Cubiertos,AMBA,Mediano,Proveedor G,0,0,embargo
2025-10-01,T24,SKU00628,6,9.0,31.0,5.75,0.8964231686744336,0.5217391304347826,11.0,0,0,36508.31492753623,65,3,20.0,11.304347826086957,1659450.0,390,5.518867924528301,12,0,165,0.0,0.0,0.0,0.0,0,0.0,0.0,0.0,39800.0,0.3585427135678392,26,32,147,800,10,-8.0,11.0,11.0,332657.42000000004,23,6.585365853658537,4.71898197242842,0.046153846153846156,0.08270565508702943,0.005474380917377651,2.0,0.981132075471698,2.334905660377358,0.9780893905714736,309,0.03536977491961415,0.9439690400397076,0.9234338747099768,0.0,0.0,14.1,0.0,0.0,0.0,2.0,0.923785175611332,2,Muebles,Sillas,AMBA,Grande,Proveedor A,0,0,embargo
2025-10-01,T25,SKU00312,1,2.0,3.0,0.5833333333333334,1.1460992972940367,1.1428571428571428,6.0,0,0,18898.455714285716,3,1,0.0,5.142857142857142,36900.0,42,5.04,14,1,23,0.0,0.0,0.0,0.0,0,0.0,0.0,0.0,21100.0,0.41706161137440756,37,46,192,1500,10,0.0,1.0,2.0,37762.22,35,5.142857142857142,0.0,0.3333333333333333,0.10433859174001348,0.0006486979084446948,1.0,1.48,2.76,0.9674865948803735,286,0.024305555555555556,0.9818904772853297,0.43415637860082307,0.0,0.0,,0.0,1.0,0.0,3.0,0.9454621046863954,2,Organizacion,Percheros,Centro,Grande,Proveedor B,0,0,embargo
2025-10-01,T25,SKU00678,10,24.0,50.0,6.916666666666667,0.44223149274285123,1.1566265060240963,12.0,0,0,73175.21361445784,27,7,-1.0,3.903614457831325,1245240.0,463,5.014440433212997,13,0,117,0.0,0.0,0.0,0.0,0,0.0,0.0,0.0,79900.0,0.4227784730913642,42,11,36,1500,10,5.0,9.0,12.0,1734614.59,40,4.3076923076923075,-0.4040778498609825,0.25925925925925924,0.08416503611442006,0.007691703771558525,0.7580993520518359,1.0144404332129966,1.2671480144404332,0.9674865948803735,286,0.024305555555555556,0.9908307534557215,1.6750524109014675,144.0,2.0,5.7,0.0,0.0,0.0,4.0,0.8998178940603937,2,Decoracion,Velas,Centro,Grande,Proveedor H,0,0,embargo
2025-10-01,T26,SKU00235,0,2.0,4.0,1.0833333333333333,1.0002689256469217,0.6153846153846154,7.0,2,0,24654.320000000003,13,1,4.0,12.0,157170.0,124,6.358974358974359,14,1,42,0.0,0.0,0.0,0.0,0,0.0,0.0,0.0,26600.0,0.5454887218045112,30,32,147,1200,10,0.0,2.0,3.0,51681.6,29,5.684210526315789,6.315789473684211,0.07692307692307693,0.07314586466165396,0.0011966209623605925,1.4677419354838708,1.0085470085470085,2.1538461538461537,0.9768108963515852,296,0.016835016835016835,0.9642365185449722,0.6963350785340314,0.0,0.0,13.7,0.0,0.0,0.0,4.0,0.8975385796623018,2,Bano,Cortinas de bano,NOA,Mediano,Proveedor A,0,0,embargo
2025-10-01,T26,SKU00607,8,9.0,26.0,4.75,1.1811496859882529,0.631578947368421,10.0,0,0,81154.76754385965,35,8,-20.0,7.368421052631579,1670900.0,398,5.124463519313305,12,0,123,0.0,153.0,0.0,0.0,0,0.0,0.0,0.0,85500.0,0.44163742690058483,19,25,153,1200,10,7.0,-6.0,11.0,731067.1900000002,17,9.565217391304348,-2.196796338672769,0.22857142857142856,0.05082143223555968,0.005246722681119521,1.0552763819095479,0.9785407725321887,1.5836909871244633,0.9768108963515852,296,0.016835016835016835,0.9947090790926888,2.050359712230216,459.0,1.0,7.2,51.0,1.0,0.0,3.0,0.9642723214698588,2,Cocina y mesa,Cubiertos,NOA,Mediano,Proveedor D,0,0,embargo
2025-10-01,T27,SKU00143,6,11.0,17.0,3.1666666666666665,0.4431975570108864,1.1578947368421053,12.0,0,0,7888.6602631578935,15,3,-5.0,4.736842105263158,66150.0,331,5.192156862745098,19,0,110,0.0,0.0,0.0,50.0,0,0.0,0.0,0.0,8400.0,0.475,29,10,35,1200,10,2.0,3.0,6.0,89068.03999999998,27,6.857142857142858,-2.1203007518796992,0.2,0.06087377819548889,0.0032076310778451646,0.8610271903323262,1.0980392156862746,1.7254901960784315,1.0379218877153722,293,0.03355704697986577,0.9917355371900826,0.18791946308724833,0.0,0.0,18.5,0.0,0.0,0.0,4.0,0.8729404254454117,2,Iluminacion,Apliques,AMBA,Chico,Proveedor C,0,0,embargo
2025-10-01,T27,SKU00396,1,2.0,3.0,0.5,1.3483997249264843,1.3333333333333333,5.0,0,0,4561.678333333333,3,0,-2.0,6.0,7650.0,61,5.365138592750533,19,2,21,0.0,0.0,0.0,0.0,0,0.0,0.0,0.0,5200.0,0.5096153846153846,13,56,52,1200,10,0.0,1.0,2.0,9057.23,12,8.333333333333334,-2.333333333333334,0.0,0.12275416666666672,0.0005064680649229207,0.9344262295081966,1.0261194029850746,1.8470149253731345,1.0379218877153722,293,0.03355704697986577,0.9823120656980417,0.11607142857142858,364.0,5.0,5.6,0.0,1.0,0.0,3.0,0.9185073995668707,2,Textil hogar,Sabanas,AMBA,Chico,Proveedor F,0,0,embargo
2025-11-01,T01,SKU00312,0,1.0,4.0,0.5,1.5954480704349314,0.6666666666666666,4.0,1,0,18773.465,3,2,-2.0,6.0,36900.0,40,5.052631578947368,12,0,12,0.0,0.0,0.0,0.0,0,0.0,1.0,20.0,21100.0,0.41706161137440756,38,46,192,800,11,1.0,0.0,2.0,18214.06,32,10.0,-4.0,0.6666666666666666,0.11026232227488153,0.0005937330321830292,0.8999999999999999,1.4736842105263157,1.5157894736842106,0.9923258077885694,275,0.028985507246376812,0.9885941007396853,0.43415637860082307,0.0,0.0,,0.0,1.0,0.0,3.0,0.9578614895397801,1,Organizacion,Percheros,Cuyo,Grande,Proveedor B,0,0,embargo
2025-11-01,T01,SKU00626,0,1.0,8.0,1.4166666666666667,0.9256744733304748,0.2352941176470588,10.0,2,0,9131.872352941178,9,1,-1.0,6.352941176470588,51750.0,75,4.326923076923077,10,0,25,0.0,0.0,0.0,0.0,0,0.0,0.0,0.0,9700.0,0.4072164948453608,39,31,182,800,11,0.0,1.0,5.0,8371.239999999985,37,6.315789473684211,0.03715170278637725,0.1111111111111111,0.05856986052152802,0.0016822435911852493,1.2,1.0576923076923075,1.442307692307692,0.9923258077885694,275,0.028985507246376812,0.9438631548758939,0.20335429769392033,364.0,2.0,5.7,0.0,0.0,0.0,3.0,0.9488982153193408,1,Decoracion,Velas,Cuyo,Grande,Proveedor I,0,0,embargo
2025-11-01,T05,SKU00073,12,23.0,35.0,7.25,0.45223713960703454,1.0574712643678161,12.0,0,0,60923.55609195402,32,3,-16.0,4.413793103448276,1147520.0,571,6.1897018970189706,15,0,234,0.0,36.0,0.0,0.0,0,0.0,2.0,25.0,64700.0,0.44574961360123644,14,11,36,450,11,4.0,7.0,13.0,1441595.49,13,6.518518518518519,-2.1047254150702432,0.09375,0.05836853026346178,0.007466051976456805,0.8406304728546409,1.127371273712737,2.5365853658536586,0.999249531193828,295,0.023728813559322035,1.159724050766233,1.3913978494623656,72.0,2.0,8.2,0.0,0.0,0.0,5.0,0.9112315329513104,1,Bano,Alfombras de bano,AMBA,Mediano,Proveedor H,0,0,embargo
2025-11-01,T05,SKU00118,1,3.0,3.0,0.5,1.348399724926484,2.0,5.0,0,0,24489.62166666667,3,3,0.0,6.0,50130.0,56,6.787878787878788,15,1,14,0.0,0.0,0.0,0.0,0,0.0,2.0,25.0,26100.0,0.35977011494252875,18,52,155,450,11,1.0,1.0,2.0,74858.01000000001,15,7.199999999999999,-1.1999999999999993,1.0,0.06170031928480191,0.0005149001363073659,0.8035714285714286,0.8484848484848485,1.696969696969697,0.999249531193828,295,0.023728813559322035,1.159724050766233,0.5612903225806452,155.0,1.0,11.3,0.0,0.0,0.0,5.0,0.9112315329513104,1,Bano,Alfombras de bano,AMBA,Mediano,Proveedor J,0,0,embargo
2025-11-01,T05,SKU00497,4,10.0,20.0,3.75,0.5584972622307043,0.888888888888889,12.0,0,0,4206.201555555555,16,2,3.0,4.266666666666667,46240.0,196,5.226666666666667,12,0,41,153.0,0.0,0.0,0.0,0,0.0,0.0,0.0,4600.0,0.37173913043478257,36,25,153,450,11,2.0,4.0,8.0,43295.07,33,3.627906976744186,0.6387596899224808,0.125,0.08560835748792273,0.0038617510223052437,0.979591836734694,0.7911111111111111,1.0933333333333333,0.999249531193828,295,0.023728813559322035,0.9974928366762178,0.11031175059952038,306.0,2.0,2.9,0.0,0.0,0.0,2.0,0.9186206924010119,1,Cocina y mesa,Cubiertos,AMBA,Mediano,Proveedor D,0,0,embargo
2025-11-01,T06,SKU00711,2,5.0,11.0,1.6666666666666667,0.8224133002108103,1.0,9.0,0,0,82267.0125,8,2,1.0,4.8,368640.0,126,6.196721311475409,13,1,36,0.0,0.0,0.0,0.0,0,0.0,0.0,0.0,86700.0,0.46851211072664356,37,56,52,1500,11,3.0,0.0,4.0,391861.07999999996,34,3.8181818181818183,0.9818181818181815,0.25,0.051130190311418744,0.0019359814514539034,0.8253968253968255,1.1311475409836065,1.7704918032786883,1.0516251244297603,278,0.03508771929824561,1.086903304773562,2.1094890510948905,0.0,0.0,19.0,0.0,0.0,0.0,2.0,0.8942926095871956,1,Cocina y mesa,Cristaleria,Centro,Mediano,Proveedor F,0,0,embargo
2025-11-01,T07,SKU00744,2,13.0,21.0,3.0,0.8040302522073696,1.4444444444444444,11.0,0,0,49659.02166666667,16,2,-9.0,5.333333333333333,562080.0,209,6.414322250639386,10,0,77,0.0,0.0,0.0,0.0,0,0.0,0.0,0.0,54400.0,0.3542279411764706,25,11,36,800,11,6.0,5.0,6.0,644088.3300000001,24,11.11111111111111,-5.777777777777778,0.125,0.0871503370098039,0.0033046220122000796,0.7655502392344498,1.0230179028132993,2.363171355498721,0.9946912256722239,282,0.021052631578947368,1.0614079605597042,1.1333333333333333,108.0,1.0,10.3,0.0,1.0,0.0,3.0,0.8665266797755959,1,Decoracion,Plantas artificiales,Centro,Mediano,Proveedor H,0,0,embargo
2025-11-01,T07,SKU00751,8,27.0,42.0,6.416666666666667,0.4174250854808369,1.4025974025974026,12.0,0,0,73801.83012987013,16,8,-15.0,2.4935064935064934,602880.0,277,4.946428571428571,9,0,107,155.0,0.0,0.0,0.0,0,0.0,0.0,0.0,78800.0,0.5218274111675127,30,52,155,800,11,9.0,10.0,10.0,2053629.9999999998,29,4.769230769230769,-2.2757242757242757,0.5,0.06342855165139438,0.007068219303872392,0.51985559566787,0.9702380952380952,1.9107142857142858,0.9946912256722239,282,0.021052631578947368,1.0614079605597042,1.6519916142557651,155.0,1.0,0.3,0.0,0.0,0.0,3.0,0.8665266797755959,1,Decoracion,Velas,Centro,Mediano,Proveedor J,0,0,embargo
2025-11-01,T08,SKU00072,3,9.0,18.0,3.25,0.37397879600338335,0.9230769230769231,12.0,0,0,46526.419743589744,11,3,-1.0,3.3846153846153846,269280.0,276,4.9655172413793105,17,0,115,364.0,0.0,0.0,0.0,0,0.0,0.0,0.0,49400.0,0.5044534412955466,36,31,182,600,11,3.0,3.0,6.0,418764.55,33,3.2,0.1846153846153844,0.2727272727272727,0.05816964081802134,0.0034945484230021113,0.677536231884058,0.9835082458770614,2.068965517241379,1.035461578877241,272,0.018315018315018316,0.9946944473379741,1.0356394129979036,546.0,2.0,2.0,0.0,0.0,0.0,3.0,0.8613242119856723,1,Decoracion,Velas,Patagonia,Grande,Proveedor I,0,0,embargo
2025-11-01,T08,SKU00187,1,1.0,2.0,0.5833333333333334,1.9962859763679692,0.5714285714285714,4.0,0,0,10789.752857142857,4,0,-1.0,6.857142857142857,22520.0,23,5.75,7,1,0,0.0,0.0,0.0,0.0,0,0.0,2.0,25.0,11400.0,0.506140350877193,39,31,182,600,11,0.0,0.0,4.0,11064.03,31,8.571428571428571,-1.7142857142857144,0.0,0.05353045112781951,0.0006272266400260201,1.2173913043478262,0.9166666666666666,0.0,1.035461578877241,272,0.018315018315018316,1.1384874045589901,0.22529644268774704,546.0,2.0,3.9,0.0,0.0,0.0,5.0,0.8362983345954444,1,Bano,Accesorios de bano,Patagonia,Grande,Proveedor I,0,0,embargo
2025-11-01,T09,SKU00752,2,7.0,20.0,3.75,0.6739001514626735,0.6222222222222222,11.0,0,0,3380.4284444444443,22,5,1.0,5.866666666666666,42020.0,321,5.68141592920354,17,0,103,0.0,0.0,0.0,0.0,0,0.0,0.0,0.0,3700.0,0.48378378378378384,17,25,153,600,11,5.0,0.0,8.0,23420.06,15,5.361702127659575,0.5049645390070916,0.22727272727272727,0.0863706906906907,0.003983738070773952,1.1651090342679127,0.9321533923303834,1.823008849557522,0.9954033526173849,291,0.02,1.0156200284890522,0.08258928571428571,153.0,1.0,9.4,0.0,0.0,0.0,2.0,0.8943530158553099,1,Textil hogar,Sabanas,NOA,Mediano,Proveedor D,0,0,embargo
2025-11-01,T10,SKU00563,7,22.0,40.0,5.416666666666667,1.128361930192763,1.3538461538461537,11.0,0,0,7627.633999999999,45,7,5.0,8.307692307692307,181350.0,609,5.781645569620253,16,0,191,0.0,193.0,0.0,0.0,0,0.0,0.0,0.0,8200.0,0.5085365853658537,31,37,193,450,11,7.0,8.0,11.0,168954.45,28,6.956521739130435,1.351170568561872,0.15555555555555556,0.06980073170731715,0.006409238523557314,1.1822660098522169,1.0664556962025316,1.8132911392405064,0.9682880354051203,269,0.029411764705882353,1.018236899366457,0.21079691516709512,0.0,0.0,13.7,0.0,0.0,0.0,2.0,0.9405937639531426,1,Textil hogar,Toallas,AMBA,Mediano,Proveedor E,0,0,embargo
2025-11-01,T11,SKU00179,8,26.0,45.0,6.916666666666667,0.42019765244015767,1.253012048192771,12.0,0,0,11420.050481927712,27,10,2.0,3.903614457831325,204930.0,349,5.08252427184466,11,0,123,72.0,0.0,0.0,0.0,0,0.0,0.0,0.0,11800.0,0.35677966101694913,30,11,36,800,11,14.0,4.0,14.0,294070.95999999996,27,4.285714285714286,-0.3820998278829606,0.37037037037037035,0.032199111701041394,0.0076237226646121495,0.8510028653295129,0.9951456310679611,1.79126213592233,1.010005474940665,298,0.03,1.0532352574491959,0.3033419023136247,72.0,2.0,2.8,0.0,0.0,0.0,2.0,0.9242227479981034,1,Textil hogar,Toallas,AMBA,Grande,Proveedor H,0,0,embargo
2025-11-01,T11,SKU00474,10,20.0,42.0,7.0,0.2436579615492694,0.9523809523809524,12.0,0,0,70563.65702380952,25,5,0.0,3.5714285714285716,1172000.0,318,5.474892395982783,9,0,99,0.0,0.0,0.0,0.0,0,0.0,1.0,20.0,74800.0,0.3732620320855615,20,25,153,800,11,5.0,5.0,10.0,1393109.5699999998,17,3.5714285714285716,0.0,0.2,0.056635601285969006,0.007715574744908681,0.7075471698113207,1.084648493543759,1.7044476327116211,1.010005474940665,298,0.03,0.9498170034576481,1.3903345724907064,153.0,1.0,5.2,0.0,1.0,0.0,3.0,0.9247462454934046,1,Organizacion,Contenedores,AMBA,Grande,Proveedor D,0,0,embargo
2025-11-01,T12,SKU00539,1,1.0,1.0,0.3333333333333333,1.4770978917519928,1.0,4.0,0,0,54499.8725,3,1,0.0,9.0,90030.0,36,7.854545454545455,11,2,7,0.0,0.0,0.0,0.0,0,0.0,1.0,35.0,58700.0,0.4887563884156729,19,37,193,1200,11,0.0,0.0,1.0,56005.45,16,7.199999999999999,1.8000000000000007,0.3333333333333333,0.07155242759795577,0.00039513145026969215,0.9166666666666666,1.4545454545454548,1.5272727272727273,0.9581937669040036,270,0.03296703296703297,1.0105469708118715,1.2229166666666667,0.0,0.0,,0.0,1.0,0.0,4.0,0.8718301256572464,1,Iluminacion,Guirnaldas,Cuyo,Chico,Proveedor E,0,0,embargo
2025-11-01,T13,SKU00352,2,10.0,14.0,1.8333333333333333,0.6912569807050077,1.8181818181818183,11.0,0,0,16041.569545454548,4,0,-4.0,2.181818181818182,40240.0,121,5.4792452830188685,14,0,27,0.0,0.0,0.0,0.0,0,0.0,0.0,0.0,17200.0,0.41511627906976745,18,31,182,1200,11,3.0,5.0,5.0,164822.14,16,6.0,-3.818181818181818,0.0,0.06735060782240998,0.0020249241789016127,0.4628099173553719,0.9811320754716982,1.2226415094339624,1.0176164419061924,295,0.02356902356902357,1.0408148496580671,0.3202979515828678,364.0,2.0,5.1,46.0,1.0,0.0,3.0,0.9152446196807457,1,Decoracion,Espejos,Centro,Chico,Proveedor I,0,0,embargo
2025-11-01,T14,SKU00136,13,46.0,88.0,13.666666666666666,0.28310262907380873,1.1219512195121952,12.0,0,0,63050.514451219504,79,13,8.0,5.7804878048780495,3037550.0,1188,5.3897920604914935,17,1,467,182.0,0.0,0.0,0.0,0,0.0,0.0,0.0,68500.0,0.4386861313868613,18,31,182,1500,11,12.0,21.0,21.0,2791934.29,17,5.29192546583851,0.4885623390395395,0.16455696202531644,0.07955453355883935,0.01563674928310928,1.1304713804713806,1.0495274102079395,2.1187145557655955,1.0167700875309595,283,0.028070175438596492,0.9784485515124385,1.6666666666666667,182.0,1.0,2.3,0.0,1.0,0.0,2.0,0.894990973604009,1,Cocina y mesa,Cristaleria,AMBA,Grande,Proveedor I,0,0,embargo
2025-11-01,T14,SKU00253,0,1.0,6.0,1.1666666666666667,1.0862609696792977,0.2857142857142857,7.0,1,0,45618.60214285714,2,0,-1.0,1.7142857142857142,63420.0,14,2.847457627118644,5,0,13,0.0,0.0,0.0,0.0,0,0.0,0.0,0.0,49600.0,0.36068548387096777,28,52,155,1500,11,1.0,0.0,3.0,44405.61,27,2.571428571428571,-0.857142857142857,0.0,0.08027011808755768,0.001334844450997134,0.7142857142857143,1.0847457627118642,2.6440677966101696,1.0167700875309595,283,0.028070175438596492,1.0358178752107925,1.1071428571428572,0.0,0.0,14.0,0.0,0.0,0.0,2.0,0.9247261550922318,1,Textil hogar,Sabanas,AMBA,Grande,Proveedor J,0,0,embargo
2025-11-01,T14,SKU00438,1,2.0,2.0,0.9166666666666666,1.0867690035224966,0.7272727272727273,7.0,0,0,2682.597272727273,3,0,0.0,3.272727272727273,3990.0,52,4.394366197183099,18,2,23,104.0,104.0,0.0,0.0,0,0.0,0.0,0.0,2900.0,0.5413793103448277,15,56,52,1500,11,0.0,1.0,3.0,5096.550000000001,13,3.3000000000000003,-0.027272727272727337,0.0,0.07496645768025079,0.0010488063543548907,1.0384615384615385,0.7605633802816902,1.9436619718309862,1.0167700875309595,283,0.028070175438596492,0.9784485515124385,0.04354354354354354,156.0,2.0,1.4,56.0,1.0,0.0,2.0,0.894990973604009,1,Cocina y mesa,Manteleria,AMBA,Grande,Proveedor F,0,0,embargo
2025-11-01,T16,SKU00049,5,16.0,34.0,3.75,1.0304456229312546,1.422222222222222,11.0,0,0,27451.963333333337,20,6,-23.0,5.333333333333333,339400.0,328,6.027565084226646,9,0,59,0.0,0.0,0.0,0.0,0,0.0,0.0,0.0,30100.0,0.43621262458471766,32,25,153,600,11,7.0,4.0,9.0,421131.43999999994,32,9.923076923076923,-4.58974358974359,0.3,0.08797464008859346,0.004514491517772048,0.5487804878048781,0.9065849923430322,1.0842266462480858,1.0052267779572428,262,0.011320754716981131,1.0279684321133942,0.4519519519519519,612.0,2.0,3.9,0.0,0.0,0.0,2.0,0.91766388579432,1,Cocina y mesa,Manteleria,NOA,Grande,Proveedor D,0,0,embargo
2025-11-01,T16,SKU00472,1,2.0,4.0,0.4166666666666667,1.2358287613066494,1.5999999999999999,5.0,0,0,73333.25200000001,3,1,3.0,7.199999999999999,115170.0,46,6.202247191011237,15,1,26,0.0,0.0,0.0,0.0,0,0.0,0.0,0.0,77300.0,0.5033635187580854,21,52,155,600,11,1.0,0.0,1.0,145690.42,20,0.0,7.199999999999999,0.3333333333333333,0.05131627425614482,0.0005016101686413387,0.9782608695652173,1.1685393258426966,3.50561797752809,1.0052267779572428,262,0.011320754716981131,1.0566173877050091,1.620545073375262,0.0,0.0,,0.0,0.0,0.0,3.0,0.9232563023277811,1,Decoracion,Velas,NOA,Grande,Proveedor J,0,0,embargo
2025-11-01,T16,SKU00563,7,23.0,35.0,5.916666666666667,0.452700444817246,1.295774647887324,12.0,0,0,7597.024647887324,33,3,-13.0,5.577464788732394,132990.0,609,5.781645569620253,16,0,191,0.0,193.0,0.0,0.0,0,0.0,0.0,0.0,8200.0,0.5085365853658537,31,37,193,600,11,8.0,8.0,10.0,170670.57,30,8.625,-3.047535211267606,0.09090909090909091,0.07353357952593609,0.00712286439470701,0.8669950738916257,1.0664556962025316,1.8132911392405064,1.0052267779572428,262,0.011320754716981131,1.0015847527154667,0.21079691516709512,0.0,0.0,13.7,0.0,0.0,0.0,2.0,0.9509617704801326,1,Textil hogar,Toallas,NOA,Grande,Proveedor E,0,0,embargo
2025-11-01,T17,SKU00188,0,2.0,4.0,0.5833333333333334,1.3593625047407298,1.1428571428571428,5.0,2,0,26349.68,3,0,-1.0,5.142857142857142,45270.0,54,5.102362204724409,17,0,25,0.0,0.0,0.0,0.0,0,0.0,2.0,25.0,27700.0,0.4552346570397112,28,56,52,600,11,0.0,2.0,2.0,51969.63,24,6.857142857142857,-1.7142857142857144,0.0,0.048748014440433196,0.0006421783196945566,0.9444444444444445,1.2283464566929134,2.3622047244094486,0.9610657253028821,283,0.0313588850174216,0.8738452758854371,0.725130890052356,52.0,1.0,6.3,0.0,0.0,0.0,5.0,0.8455978970402265,1,Bano,Cortinas de bano,Centro,Chico,Proveedor F,0,0,embargo
2025-11-01,T18,SKU00243,6,13.0,23.0,3.75,0.39593898111663217,1.1555555555555554,12.0,0,0,80270.61444444444,23,2,13.0,6.133333333333334,1059610.0,339,5.753889674681754,19,1,144,0.0,0.0,0.0,0.0,0,0.0,0.0,0.0,85800.0,0.46305361305361303,16,10,35,1200,11,4.0,3.0,6.0,1062890.58,15,2.7272727272727275,3.4060606060606062,0.08695652173913043,0.06444505309505322,0.004268532452672878,1.289085545722714,0.9731258840169732,2.444130127298444,0.9823316017751182,295,0.030508474576271188,0.9632747931130686,1.2882882882882882,0.0,0.0,12.4,0.0,0.0,0.0,2.0,0.9058398440189126,1,Cocina y mesa,Manteleria,NOA,Mediano,Proveedor C,0,0,embargo
2025-11-01,T19,SKU00778,3,11.0,22.0,3.5833333333333335,0.3024068844979069,1.0232558139534882,12.0,0,0,13893.53465116279,6,2,-12.0,1.6744186046511627,42540.0,390,5.969387755102042,20,0,87,0.0,0.0,0.0,0.0,0,0.0,2.0,30.0,15000.0,0.5273333333333333,36,46,192,800,11,6.0,2.0,6.0,155706.86,34,6.75,-5.075581395348838,0.3333333333333333,0.07376435658914726,0.0037123215064019887,0.3076923076923077,1.0255102040816326,1.3316326530612246,1.0056074629434968,299,0.0297029702970297,1.090690148614465,0.21929824561403508,192.0,1.0,5.7,0.0,0.0,0.0,3.0,0.9159017026247902,1,Muebles,Racks,Cuyo,Mediano,Proveedor B,0,0,embargo
2025-11-01,T20,SKU00010,5,12.0,16.0,1.5833333333333333,1.1570244663419724,2.5263157894736845,7.0,0,0,27405.107894736837,12,1,4.0,7.578947368421053,172200.0,129,4.7051671732522795,15,0,46,0.0,0.0,0.0,0.0,0,0.0,2.0,30.0,29800.0,0.5184563758389262,42,37,193,450,11,5.0,2.0,5.0,330125.87,41,6.0,1.578947368421053,0.08333333333333333,0.08036550688802557,0.0017502532563423948,1.3953488372093024,1.0577507598784195,1.6778115501519757,0.9794048748122286,293,0.02348993288590604,1.0582374162515034,0.691415313225058,0.0,0.0,16.3,0.0,0.0,0.0,3.0,0.9631678527114474,1,Muebles,Sillas,AMBA,Mediano,Proveedor E,0,0,embargo
2025-11-01,T20,SKU00189,3,11.0,22.0,3.4166666666666665,0.34082931303843367,1.0731707317073171,12.0,0,0,20834.258780487806,17,3,5.0,4.975609756097561,193120.0,135,4.750733137829912,9,0,83,0.0,0.0,0.0,0.0,0,0.0,0.0,0.0,22300.0,0.49058295964125564,35,46,192,450,11,3.0,5.0,5.0,222419.65999999997,34,4.0,0.975609756097561,0.17647058823529413,0.06572830580772171,0.00377686229000201,1.1333333333333333,1.1495601173020527,2.9208211143695015,0.9794048748122286,293,0.02348993288590604,0.9738260500311569,0.5,192.0,1.0,9.1,0.0,1.0,0.0,2.0,0.9108268185770568,1,Textil hogar,Cortinas,AMBA,Mediano,Proveedor B,0,0,embargo
2025-11-01,T20,SKU00723,13,45.0,86.0,13.0,0.29882322544365725,1.1538461538461537,12.0,0,0,77684.11525641025,54,11,-89.0,4.153846153846154,2360880.0,1227,4.88034471329135,19,0,335,0.0,0.0,0.0,0.0,0,0.0,1.0,20.0,82400.0,0.4694174757281553,19,25,153,450,11,15.0,17.0,19.0,3621781.3000000003,18,10.860759493670887,-6.706913339824733,0.2037037037037037,0.05723161096589502,0.014370500420495454,0.8361858190709046,1.0208816705336428,1.3324494530991051,0.9794048748122286,293,0.02348993288590604,0.9677217194531815,1.6954732510288066,0.0,0.0,14.6,0.0,0.0,0.0,3.0,0.9176307978289486,1,Organizacion,Percheros,AMBA,Mediano,Proveedor D,0,0,embargo
2025-11-01,T22,SKU00381,2,3.0,8.0,1.25,0.7722458393307382,0.8,9.0,0,0,75289.97666666665,10,0,-1.0,8.0,427900.0,133,5.6,16,0,56,306.0,0.0,0.0,0.0,0,0.0,2.0,25.0,84100.0,0.4912009512485137,27,25,153,1500,11,0.0,1.0,3.0,228303.24,24,6.947368421052632,1.0526315789473681,0.0,0.10475652001585434,0.0012880166573079465,1.2030075187969924,1.0105263157894737,2.357894736842105,1.0146136548500462,310,0.02903225806451613,1.1382721749947449,2.201570680628272,306.0,1.0,2.4,0.0,0.0,0.0,5.0,0.885322295605926,1,Bano,Cortinas de bano,AMBA,Mediano,Proveedor D,0,0,embargo
2025-11-01,T22,SKU00538,1,2.0,9.0,1.1666666666666667,1.2029647976009774,0.5714285714285714,8.0,0,0,61588.830714285716,3,2,-2.0,2.571428571428571,91050.0,51,5.0578512396694215,15,1,22,0.0,0.0,0.0,0.0,0,0.0,0.0,0.0,67300.0,0.549034175334324,38,10,35,1500,11,1.0,0.0,5.0,131236.21,37,4.285714285714286,-1.7142857142857144,0.6666666666666666,0.0848613563999151,0.0012021488801540834,0.8823529411764706,1.1570247933884297,2.1818181818181817,1.0146136548500462,310,0.02903225806451613,0.9570522028474281,1.4020833333333333,0.0,0.0,12.5,0.0,0.0,0.0,3.0,0.8706216069821857,1,Decoracion,Plantas artificiales,AMBA,Mediano,Proveedor C,0,0,embargo
2025-11-01,T22,SKU00607,6,10.0,25.0,5.166666666666667,0.9071969676397665,0.6451612903225806,11.0,0,0,77008.37935483872,40,10,-9.0,7.741935483870967,1909600.0,553,5.12037037037037,16,0,198,153.0,0.0,0.0,0.0,0,0.0,0.0,0.0,85500.0,0.44163742690058483,20,25,153,1500,11,-7.0,11.0,11.0,746660.0800000001,19,8.054794520547945,-0.31285903667697834,0.25,0.09931720052820214,0.0053238021835395125,1.1573236889692586,1.0277777777777777,1.8333333333333333,1.0146136548500462,310,0.02903225806451613,0.9847371452404124,2.050359712230216,612.0,2.0,0.2,0.0,1.0,0.0,2.0,0.8986605453844269,1,Cocina y mesa,Cubiertos,AMBA,Mediano,Proveedor D,0,0,embargo
2025-11-01,T24,SKU00218,3,14.0,25.0,5.916666666666667,0.5649785268350885,0.7887323943661972,12.0,0,0,25402.4223943662,43,7,13.0,7.267605633802816,520300.0,416,6.208955223880597,10,0,101,0.0,0.0,0.0,0.0,0,0.0,1.0,35.0,26600.0,0.5451127819548872,27,52,155,800,11,10.0,1.0,10.0,358618.60000000003,26,5.0,2.267605633802816,0.16279069767441862,0.045021714497511245,0.0058130560721909195,1.033653846153846,1.0199004975124377,1.507462686567164,0.9608736065244032,308,0.022508038585209004,0.9521512374052263,0.5950782997762863,0.0,0.0,15.5,0.0,1.0,0.0,4.0,0.9093993711851784,1,Iluminacion,Apliques,AMBA,Grande,Proveedor J,0,0,embargo
2025-11-01,T24,SKU00243,4,7.0,21.0,2.4166666666666665,0.817334624258698,0.9655172413793105,10.0,0,0,79356.30206896552,21,5,10.0,8.689655172413794,967470.0,339,5.753889674681754,19,1,144,0.0,0.0,0.0,0.0,0,0.0,0.0,0.0,85800.0,0.46305361305361303,16,10,35,800,11,0.0,3.0,7.0,542986.1799999999,15,4.551724137931035,4.137931034482759,0.23809523809523808,0.07510137448758125,0.00237434684638784,1.176991150442478,0.9731258840169732,2.444130127298444,0.9608736065244032,308,0.022508038585209004,0.9542942599854942,1.2882882882882882,0.0,0.0,12.4,0.0,0.0,0.0,2.0,0.9135149925683513,1,Cocina y mesa,Manteleria,AMBA,Grande,Proveedor C,0,0,embargo
2025-11-01,T24,SKU00564,0,4.0,10.0,1.5,0.7247430753394787,0.8888888888888888,10.0,1,0,20402.031666666666,5,0,-5.0,3.3333333333333335,58350.0,133,5.25,16,0,26,147.0,0.0,0.0,0.0,0,0.0,0.0,0.0,21800.0,0.46467889908256876,30,32,147,800,11,3.0,1.0,3.0,81549.55,27,6.315789473684211,-2.982456140350877,0.0,0.06412698776758419,0.0014737325253441767,0.6015037593984962,1.0263157894736843,1.0263157894736843,0.9608736065244032,308,0.022508038585209004,0.9662001655937463,0.4059590316573557,147.0,1.0,0.5,42.0,0.0,0.0,3.0,0.874395964470453,1,Decoracion,Espejos,AMBA,Grande,Proveedor A,0,0,embargo
2025-11-01,T25,SKU00405,6,23.0,42.0,6.5,0.3312648750301261,1.1794871794871795,12.0,0,0,68760.71897435897,31,5,-9.0,4.769230769230769,1463200.0,373,5.4518879415347135,10,0,119,0.0,0.0,0.0,0.0,0,0.0,0.0,0.0,74200.0,0.3638814016172507,32,32,147,1500,11,8.0,9.0,9.0,1505915.2200000002,31,6.233766233766233,-1.464535464535464,0.16129032258064516,0.07330567420001388,0.007095356743101303,0.8310991957104559,1.0523751522533495,1.7393422655298416,0.9846171972734423,288,0.041237113402061855,0.9439473596335187,1.9074550128534704,147.0,1.0,11.6,0.0,0.0,0.0,2.0,0.9653822128030807,1,Textil hogar,Toallas,Centro,Grande,Proveedor A,0,0,embargo
2025-11-01,T25,SKU00426,2,10.0,16.0,2.4166666666666665,0.5426367602282096,1.3793103448275863,11.0,0,0,67487.31137931034,6,0,-3.0,2.4827586206896552,233160.0,136,4.84272997032641,16,0,30,21.0,63.0,0.0,0.0,0,0.0,0.0,0.0,73400.0,0.4705722070844687,31,28,21,1500,11,3.0,5.0,5.0,682832.86,28,4.909090909090909,-2.426332288401254,0.0,0.08055434088133051,0.002638017250640228,0.7058823529411765,0.9614243323442137,1.0682492581602374,0.9846171972734423,288,0.041237113402061855,0.9439473596335187,1.6457399103139014,21.0,1.0,2.8,0.0,0.0,0.0,2.0,0.9653822128030807,1,Textil hogar,Cortinas,Centro,Grande,Proveedor G,0,0,embargo
2025-11-01,T26,SKU00761,4,7.0,13.0,2.1666666666666665,0.5508075151752508,1.076923076923077,12.0,0,0,37558.845384615386,4,2,-6.0,1.8461538461538463,89840.0,134,5.313307299489336,16,0,47,0.0,0.0,0.0,0.0,0,0.0,0.0,0.0,40900.0,0.4508557457212714,13,37,193,1200,11,2.0,1.0,4.0,254467.87999999998,12,5.2631578947368425,-3.4170040485829962,0.5,0.08169082189204435,0.0023214772047249906,0.47761194029850745,0.885551216581556,1.8636227095223792,0.9864492368385268,301,0.0231023102310231,1.040018897586485,0.6141141141141141,193.0,1.0,6.0,0.0,1.0,0.0,2.0,0.9414098537604435,1,Cocina y mesa,Manteleria,NOA,Mediano,Proveedor E,0,0,embargo
2025-11-01,T27,SKU00107,0,4.0,6.0,0.8333333333333334,1.2358287613066494,1.5999999999999999,6.0,1,0,66991.65800000001,3,0,0.0,3.5999999999999996,106830.0,34,6.580645161290322,10,1,8,193.0,0.0,0.0,0.0,0,0.0,2.0,30.0,71800.0,0.5040389972144848,35,37,193,1200,11,1.0,3.0,3.0,271494.62,30,3.5999999999999996,0.0,0.0,0.0669685515320333,0.0008570414750195785,0.8823529411764706,1.225806451612903,1.5483870967741935,1.0030813423629146,292,0.034013605442176874,0.9792208483858655,1.6281179138321995,579.0,2.0,0.2,32.0,0.0,0.0,3.0,0.9175765922858219,1,Muebles,Estanterias,AMBA,Chico,Proveedor E,0,0,embargo
2025-11-01,T27,SKU00662,3,10.0,16.0,3.25,0.5268477818695765,1.0256410256410258,12.0,0,0,21282.331794871796,24,5,2.0,7.384615384615385,267600.0,232,5.043478260869565,15,0,111,0.0,0.0,0.0,0.0,0,0.0,0.0,0.0,23600.0,0.527542372881356,31,37,193,1200,11,4.0,3.0,7.0,207102.74,27,8.516129032258064,-1.131513647642679,0.20833333333333334,0.09820627987831376,0.0033424617525763555,1.5517241379310345,0.9492753623188406,2.4130434782608696,1.0030813423629146,292,0.034013605442176874,1.048247575622048,0.49166666666666664,0.0,0.0,12.9,17.0,0.0,0.0,3.0,0.9298582969353409,1,Decoracion,Plantas artificiales,AMBA,Chico,Proveedor E,0,0,embargo
2025-11-01,T28,SKU00491,0,9.0,19.0,2.6666666666666665,0.6053736637212367,1.125,10.0,1,0,82824.82500000001,16,1,7.0,6.0,681440.0,215,5.477707006369426,13,0,53,0.0,0.0,0.0,0.0,0,0.0,1.0,35.0,89700.0,0.5251950947603121,20,56,52,1500,11,5.0,4.0,5.0,713039.95,18,2.8421052631578947,3.1578947368421053,0.0625,0.07664632107023395,0.0027785539836728376,0.9674418604651162,0.9256900212314225,1.3503184713375795,1.034664039670173,300,0.019867549668874173,1.0170584151542201,2.0067114093959733,156.0,1.0,7.1,0.0,1.0,0.0,4.0,0.8867081883900605,1,Iluminacion,Apliques,AMBA,Grande,Proveedor F,0,0,embargo
2025-11-01,T28,SKU00508,4,14.0,22.0,3.5833333333333335,0.5639235187433553,1.302325581395349,11.0,0,0,63860.81162790697,19,2,-5.0,5.3023255813953485,798760.0,279,4.637119113573408,17,1,137,0.0,0.0,0.0,0.0,0,0.0,0.0,0.0,70500.0,0.4036879432624113,23,25,153,1500,11,6.0,4.0,7.0,906600.35,21,7.578947368421053,-2.2766217870257046,0.10526315789473684,0.09417288471053942,0.003733681915560376,1.1577060931899643,0.9806094182825486,2.2770083102493075,1.034664039670173,300,0.019867549668874173,1.0148698572392874,1.7153284671532847,612.0,3.0,3.6,0.0,0.0,0.0,2.0,0.9197226623253252,1,Cocina y mesa,Cristaleria,AMBA,Grande,Proveedor D,0,0,embargo
2025-12-01,T01,SKU00158,5,7.0,19.0,3.5833333333333335,0.5763416722673255,0.6511627906976745,11.0,0,0,65902.94255813955,22,3,11.0,6.13953488372093,827420.0,101,5.410714285714286,6,0,42,0.0,0.0,0.0,0.0,0,0.0,0.0,0.0,69600.0,0.4596264367816092,27,37,193,800,12,4.0,-2.0,6.0,462983.86,24,2.588235294117647,3.5512995896032824,0.13636363636363635,0.053118641406040945,0.004175629858851688,1.306930693069307,0.6428571428571428,2.25,0.9943825524335183,271,0.03237410071942446,0.9530634181297027,1.43801652892562,0.0,0.0,13.7,0.0,0.0,0.0,1.0,0.9077126287569657,0,Textil hogar,Acolchados,Cuyo,Grande,Proveedor E,0,0,embargo
2025-12-01,T03,SKU00363,4,8.0,24.0,3.4166666666666665,0.5063012172718924,0.7804878048780488,12.0,0,0,71503.45634146342,21,3,17.0,6.146341463414634,1009680.0,243,5.855421686746988,12,0,91,0.0,0.0,0.0,0.0,0,0.0,1.0,25.0,77200.0,0.37720207253886007,24,32,147,450,12,2.0,2.0,8.0,587378.6,22,1.2307692307692308,4.915572232645403,0.14285714285714285,0.07378942562871216,0.0038637485050973044,1.037037037037037,1.0441767068273093,2.1927710843373496,1.0418927676184342,264,0.018867924528301886,1.0404602701001118,1.711751662971175,588.0,2.0,9.8,4.0,0.0,0.0,2.0,0.8949237892478519,0,Cocina y mesa,Vajilla,Cuyo,Chico,Proveedor A,0,0,embargo
2025-12-01,T03,SKU00404,1,8.0,13.0,1.75,0.5516041709505272,1.5238095238095237,12.0,0,0,29654.86380952381,11,0,3.0,6.285714285714286,204490.0,123,5.612167300380228,14,0,48,192.0,0.0,0.0,0.0,0,0.0,0.0,0.0,32300.0,0.4244582043343653,44,46,192,450,12,3.0,4.0,4.0,234982.20000000004,42,6.0,0.2857142857142856,0.0,0.0818927613150523,0.001978993136757156,1.2520325203252032,1.064638783269962,2.1901140684410647,1.0418927676184342,264,0.018867924528301886,0.9954941999808263,0.6729166666666667,576.0,2.0,1.3,0.0,0.0,0.0,1.0,0.8970858825532384,0,Iluminacion,Guirnaldas,Cuyo,Chico,Proveedor B,0,0,embargo
2025-12-01,T03,SKU00673,6,18.0,38.0,6.25,0.32090780324233037,0.96,12.0,0,0,61815.11026666666,39,5,8.0,6.24,1517490.0,627,5.146374829001368,19,0,164,182.0,364.0,0.0,0.0,0,0.0,1.0,5.0,67600.0,0.4244082840236686,41,31,182,450,12,3.0,9.0,9.0,1120360.18,39,7.153846153846154,-0.913846153846154,0.1282051282051282,0.085575291913215,0.007067832631275557,1.1818181818181819,1.0232558139534884,1.3461012311901506,1.0418927676184342,264,0.018867924528301886,1.0700743024541124,1.2588454376163873,182.0,1.0,1.7,0.0,0.0,0.0,3.0,0.9100243551494653,0,Decoracion,Espejos,Cuyo,Chico,Proveedor I,0,0,embargo
2025-12-01,T04,SKU00225,0,4.0,8.0,1.0833333333333333,0.831079972964787,1.2307692307692308,9.0,1,0,2340.7569230769227,6,1,-1.0,5.538461538461539,8580.0,60,4.9655172413793105,7,0,33,42.0,0.0,0.0,0.0,0,0.0,1.0,15.0,2600.0,0.44999999999999996,31,28,21,450,12,3.0,1.0,3.0,9229.07,29,5.25,0.2884615384615392,0.16666666666666666,0.09970887573964515,0.0011169024987262364,0.7000000000000001,1.0758620689655172,2.7310344827586204,0.9804685627279854,308,0.022435897435897436,0.9362098927648032,0.05591397849462366,63.0,2.0,0.8,0.0,0.0,0.0,4.0,0.8960500291551738,0,Bano,Alfombras de bano,Centro,Grande,Proveedor G,0,0,embargo
2025-12-01,T05,SKU00039,0,3.0,4.0,0.5,3.2473765635439547,2.0,7.0,1,0,39704.97666666666,2,0,-4.0,4.0,39620.0,50,4.0540540540540535,17,1,24,0.0,0.0,0.0,0.0,0,0.0,1.0,30.0,42600.0,0.5349765258215963,47,10,35,450,12,1.0,2.0,2.0,113758.5,45,18.0,-14.0,0.0,0.06795829420970279,0.0005197465241951195,0.6799999999999999,1.0,1.9459459459459458,0.9857859075567432,288,0.037800687285223365,0.9952191851776878,1.2102272727272727,0.0,0.0,,0.0,0.0,0.0,2.0,0.880623918826665,0,Organizacion,Cajas,AMBA,Mediano,Proveedor C,0,0,embargo
2025-12-01,T05,SKU00113,6,26.0,39.0,6.333333333333333,0.42224710952938205,1.368421052631579,12.0,0,0,42722.647894736845,42,5,-1.0,6.631578947368421,929460.0,474,6.2368421052631575,12,0,146,21.0,0.0,13.0,0.0,0,0.0,1.0,25.0,45400.0,0.5125550660792951,23,28,21,450,12,11.0,9.0,11.0,1119996.8800000001,19,7.588235294117647,-0.9566563467492255,0.11904761904761904,0.058972513331787546,0.006583455973138179,1.0632911392405062,1.0175438596491226,1.9210526315789473,0.9857859075567432,288,0.037800687285223365,0.9073914173380166,1.0066518847006651,42.0,2.0,2.9,48.0,0.0,0.0,2.0,0.8965589895981096,0,Cocina y mesa,Vajilla,AMBA,Mediano,Proveedor G,0,0,embargo
2025-12-01,T05,SKU00507,12,37.0,80.0,14.0,0.2620031298939223,0.880952380952381,12.0,0,0,59778.93964285714,94,10,19.0,6.714285714285714,3840840.0,803,5.431792559188275,11,0,297,0.0,156.0,0.0,0.0,0,0.0,0.0,0.0,65200.0,0.3733128834355828,19,56,52,450,12,8.0,17.0,21.0,2197343.03,16,5.172413793103448,1.541871921182266,0.10638297872340426,0.08314509750219112,0.014552902677463344,1.2876712328767124,0.9425028184892897,2.00901916572717,0.9857859075567432,288,0.037800687285223365,0.9784637051816208,1.7157894736842105,104.0,2.0,4.1,0.0,0.0,0.0,2.0,0.9243989493582472,0,Muebles,Mesas auxiliares,AMBA,Mediano,Proveedor F,0,0,embargo
2025-12-01,T07,SKU00777,3,6.0,11.0,1.5833333333333333,0.629182054670919,1.2631578947368423,10.0,0,0,44556.255789473675,12,2,1.0,7.578947368421053,306840.0,193,5.804511278195489,20,2,80,155.0,155.0,0.0,0.0,0,0.0,0.0,0.0,48900.0,0.47709611451942735,44,52,155,800,12,2.0,1.0,3.0,278273.18,40,6.947368421052632,0.6315789473684212,0.16666666666666666,0.08882912495963857,0.00179997256364445,1.2435233160621761,1.0225563909774436,2.406015037593985,0.9863849648771587,282,0.021052631578947368,0.9235332219684314,1.2868421052631578,155.0,1.0,1.1,0.0,0.0,0.0,2.0,0.9263286881965859,0,Muebles,Mesas auxiliares,Centro,Mediano,Proveedor J,0,0,embargo
2025-12-01,T08,SKU00335,0,0.0,5.0,0.5833333333333334,1.707779862678209,0.0,4.0,3,0,3785.882857142857,4,1,2.0,6.857142857142857,10680.0,54,5.311475409836066,16,1,18,21.0,0.0,0.0,0.0,0,0.0,1.0,30.0,4200.0,0.3642857142857143,14,28,21,600,12,0.0,0.0,3.0,0.0,13,3.142857142857143,3.714285714285714,0.25,0.09859931972789115,0.00063329840727213,1.1851851851851851,0.9508196721311475,1.7704918032786887,0.9955450962317883,271,0.02564102564102564,0.973589623378653,0.07806691449814127,21.0,1.0,1.7,0.0,1.0,0.0,2.0,0.9245145699195028,0,Organizacion,Contenedores,Patagonia,Grande,Proveedor G,0,0,embargo
2025-12-01,T11,SKU00474,5,20.0,39.0,6.916666666666667,0.25758656017654336,0.963855421686747,12.0,0,0,70018.55493975904,38,6,-15.0,5.493975903614458,1781440.0,416,6.014457831325301,11,0,98,0.0,0.0,0.0,0.0,0,0.0,1.0,30.0,74800.0,0.3732620320855615,21,25,153,800,12,10.0,5.0,10.0,1348526.79,18,7.75609756097561,-2.2621216573611527,0.15789473684210525,0.06392306230268663,0.007615488265880277,1.0048076923076923,1.036144578313253,1.416867469879518,1.00928157740582,288,0.020338983050847456,1.01246022052635,1.3903345724907064,153.0,1.0,6.2,0.0,1.0,0.0,2.0,0.9283550243779671,0,Organizacion,Contenedores,AMBA,Grande,Proveedor D,0,0,embargo
2025-12-01,T12,SKU00739,12,39.0,79.0,13.083333333333334,0.2021135724752613,0.9936305732484076,12.0,0,0,23711.946560509557,88,8,19.0,6.726114649681528,1417680.0,879,4.74921206663665,14,0,363,0.0,0.0,0.0,0.0,0,0.0,1.0,30.0,25700.0,0.37315175097276265,41,46,192,1200,12,18.0,9.0,18.0,925175.75,38,5.079754601226994,1.6463600484545342,0.09090909090909091,0.07735616496071762,0.01590048585329385,1.4015927189988624,0.9815398469158035,1.9612787032868075,0.9860326768641333,271,0.029304029304029304,1.0492103456168458,0.7301136363636364,192.0,1.0,6.0,0.0,0.0,0.0,2.0,0.9048976334281763,0,Organizacion,Cajas,Cuyo,Chico,Proveedor B,0,0,embargo
2025-12-01,T14,SKU00328,5,9.0,11.0,2.0,0.674199862463242,1.5,11.0,0,0,69550.00458333333,12,5,4.0,6.0,556560.0,156,4.992,18,0,73,21.0,0.0,0.0,49.0,0,0.0,1.0,30.0,76200.0,0.39133858267716537,21,28,21,1500,12,3.0,1.0,5.0,603671.93,18,4.571428571428571,1.4285714285714288,0.4166666666666667,0.08727028105861778,0.002471969078984183,1.3846153846153848,1.0986666666666667,2.336,1.0023834615280862,269,0.0364963503649635,0.9726449624349837,1.41635687732342,42.0,2.0,2.8,23.0,1.0,0.0,2.0,0.8911261044142841,0,Organizacion,Contenedores,AMBA,Grande,Proveedor G,0,0,embargo
2025-12-01,T14,SKU00438,1,2.0,3.0,0.8333333333333334,1.1249242398733104,0.7999999999999999,7.0,0,0,2651.451,3,1,-1.0,3.5999999999999996,3990.0,62,4.96,19,1,10,156.0,52.0,0.0,0.0,0,0.0,1.0,25.0,2900.0,0.5413793103448277,16,56,52,1500,12,1.0,0.0,3.0,5068.620000000002,14,4.363636363636364,-0.7636363636363646,0.3333333333333333,0.08570655172413788,0.0010299871162434096,0.9193548387096775,0.7466666666666667,0.8,1.0023834615280862,269,0.0364963503649635,0.9985454089605401,0.04354354354354354,208.0,3.0,0.0,56.0,1.0,0.0,2.0,0.917293835870106,0,Cocina y mesa,Manteleria,AMBA,Grande,Proveedor F,0,0,embargo
2025-12-01,T15,SKU00337,3,9.0,15.0,2.4166666666666665,0.48186213222675023,1.2413793103448276,11.0,0,0,19702.556206896552,10,4,-14.0,4.137931034482759,98400.0,323,5.811094452773613,18,0,146,0.0,0.0,0.0,0.0,0,0.0,1.0,30.0,21100.0,0.5336492890995261,34,46,192,600,12,2.0,4.0,4.0,174176.12,30,10.666666666666666,-6.528735632183907,0.4,0.06622956365419186,0.002413656300891388,0.5572755417956656,1.0194902548725637,2.626686656671664,0.9774475723333952,301,0.036303630363036306,1.0455252080201127,0.39219330855018586,0.0,0.0,22.1,0.0,0.0,0.0,2.0,0.91177201021108,0,Organizacion,Contenedores,NOA,Mediano,Proveedor B,0,0,embargo
2025-12-01,T15,SKU00508,7,12.0,24.0,3.5833333333333335,0.5639235187433556,1.1162790697674418,12.0,0,0,64124.843488372084,15,0,-3.0,4.186046511627906,630600.0,378,5.572481572481573,19,0,87,0.0,0.0,0.0,0.0,0,0.0,1.0,25.0,70500.0,0.4036879432624113,24,25,153,600,12,1.0,4.0,7.0,730571.22,20,5.142857142857143,-0.9568106312292368,0.0,0.09042775193798458,0.00357886968752861,0.753968253968254,0.9582309582309583,1.2825552825552826,0.9774475723333952,301,0.036303630363036306,0.952266661149159,1.7153284671532847,612.0,3.0,4.6,0.0,0.0,0.0,2.0,0.8923080516494568,0,Cocina y mesa,Cristaleria,NOA,Mediano,Proveedor D,0,0,embargo
2025-12-01,T17,SKU00403,7,8.0,23.0,3.75,0.5584972622307042,0.711111111111111,11.0,0,0,4361.083555555556,20,2,3.0,5.333333333333333,56200.0,159,5.088,9,0,45,0.0,0.0,43.0,0.0,0,0.0,1.0,25.0,4600.0,0.38913043478260867,17,37,193,600,12,1.0,0.0,7.0,35076.479999999996,14,4.434782608695652,0.8985507246376807,0.1,0.05193835748792264,0.004099949633134377,1.1320754716981132,0.8,1.44,0.9807079522457429,280,0.03546099290780142,0.9447113329258754,0.06906906906906907,579.0,1.0,11.4,43.0,1.0,0.0,2.0,0.8560776178889828,0,Cocina y mesa,Manteleria,Centro,Chico,Proveedor E,0,0,embargo
2025-12-01,T19,SKU00146,3,4.0,13.0,1.5833333333333333,1.0240128745098491,0.8421052631578947,9.0,0,0,53191.78789473684,11,1,1.0,6.947368421052632,382360.0,109,3.694915254237288,17,0,84,0.0,0.0,0.0,0.0,0,0.0,0.0,0.0,59500.0,0.41579831932773115,44,52,155,800,12,2.0,-1.0,5.0,228061.5000000001,42,5.454545454545455,1.4928229665071768,0.09090909090909091,0.10602037151702792,0.001631480731019344,1.7155963302752293,0.9717514124293786,2.847457627118644,1.0166700976457386,296,0.02666666666666667,0.9429684576610684,1.328125,0.0,0.0,22.8,0.0,0.0,0.0,1.0,0.8983023360228538,0,Textil hogar,Sabanas,Cuyo,Mediano,Proveedor J,0,0,embargo
2025-12-01,T19,SKU00604,0,0.0,2.0,0.75,1.9796949055831607,0.0,4.0,5,0,12933.523333333333,4,1,-1.0,5.333333333333333,31320.0,46,5.198630136986302,13,1,20,459.0,0.0,0.0,0.0,0,0.0,1.0,30.0,13300.0,0.4112781954887218,13,25,153,800,12,0.0,0.0,5.0,0.0,12,5.555555555555555,-0.22222222222222232,0.25,0.02755463659147872,0.0007728066620617946,1.1304347826086958,0.8287671232876712,2.26027397260274,1.0166700976457386,296,0.02666666666666667,1.0839949145359515,0.24721189591078066,612.0,3.0,0.1,0.0,0.0,0.0,2.0,0.9069323618163182,0,Organizacion,Contenedores,Cuyo,Mediano,Proveedor D,0,0,embargo
2025-12-01,T22,SKU00330,12,18.0,33.0,6.0,0.432283109626882,1.0,12.0,0,0,19448.548055555555,12,4,-25.0,2.0,117240.0,718,5.854586636466592,22,0,199,0.0,155.0,48.0,0.0,0,0.0,1.0,25.0,21300.0,0.5413145539906103,12,52,155,1500,12,2.0,4.0,12.0,355105.88,11,6.166666666666667,-4.166666666666667,0.3333333333333333,0.08692262649973925,0.006492285258648008,0.3676880222841226,0.9812004530011325,1.6226500566251416,0.9911555494869292,299,0.029801324503311258,0.9276851492826677,0.5182481751824818,465.0,1.0,5.2,48.0,2.0,0.0,2.0,0.9073135213830705,0,Cocina y mesa,Cristaleria,AMBA,Mediano,Proveedor J,0,0,embargo
2025-12-01,T22,SKU00718,2,11.0,14.0,1.75,0.9157455877300879,2.0952380952380953,10.0,0,0,74506.72666666667,5,0,-3.0,2.857142857142857,188300.0,168,5.25,19,0,84,0.0,0.0,0.0,0.0,0,0.0,1.0,30.0,82900.0,0.5457177322074789,32,32,147,1500,12,3.0,6.0,6.0,826838.4099999999,25,5.647058823529411,-2.789915966386554,0.0,0.10124575794129476,0.001893583200439002,0.5654761904761905,1.1666666666666667,2.625,0.9911555494869292,299,0.029801324503311258,0.9290676416819013,1.5408921933085502,147.0,1.0,8.0,0.0,0.0,0.0,2.0,0.9024753454795852,0,Organizacion,Contenedores,AMBA,Mediano,Proveedor A,0,0,embargo
2025-12-01,T22,SKU00752,2,6.0,17.0,3.4166666666666665,0.4745425516021252,0.5853658536585367,12.0,0,0,3444.1292682926833,21,8,-1.0,6.146341463414634,40110.0,333,5.489010989010989,18,0,139,0.0,0.0,0.0,0.0,0,0.0,0.0,0.0,3700.0,0.48378378378378384,18,25,153,1500,12,1.0,3.0,6.0,20999.47,16,6.0,0.14634146341463428,0.38095238095238093,0.06915425181278834,0.003696995772285671,1.135135135135135,1.0714285714285714,2.2912087912087915,0.9911555494869292,299,0.029801324503311258,0.997978004925674,0.08258928571428571,153.0,1.0,10.4,0.0,0.0,0.0,1.0,0.8927628404603668,0,Textil hogar,Sabanas,AMBA,Mediano,Proveedor D,0,0,embargo
2025-12-01,T22,SKU00772,8,27.0,46.0,6.166666666666667,0.35144583874081037,1.4594594594594594,12.0,0,0,80727.32202702702,38,3,-10.0,6.162162162162162,1541660.0,279,5.359918498035221,8,0,83,579.0,0.0,0.0,0.0,0,0.0,1.0,5.0,86000.0,0.5282558139534883,12,37,193,1500,12,11.0,8.0,11.0,2224185.94,11,9.191489361702127,-3.0293271995399644,0.07894736842105263,0.061310208988057835,0.006672626515832674,1.0896057347670252,1.0053849512443604,1.5945277252219472,0.9911555494869292,299,0.029801324503311258,0.9974250825395321,1.7916666666666667,1351.0,5.0,0.4,0.0,0.0,0.0,3.0,0.8830640810628025,0,Decoracion,Plantas artificiales,AMBA,Mediano,Proveedor E,0,0,embargo
2025-12-01,T23,SKU00047,1,1.0,3.0,0.4166666666666667,1.2358287613066494,0.7999999999999999,5.0,0,0,18193.166,4,0,2.0,9.6,45880.0,55,5.689655172413793,17,2,17,0.0,0.0,0.0,0.0,0,0.0,0.0,0.0,19000.0,0.3963157894736842,36,56,52,450,12,0.0,0.0,1.0,18025.04,35,6.0,3.5999999999999996,0.0,0.04246494736842099,0.00045813017441670217,1.2363636363636363,0.9655172413793103,1.7586206896551722,0.9679374325076083,288,0.006920415224913495,0.9864425360862417,0.4884318766066838,0.0,0.0,14.4,0.0,1.0,0.0,1.0,0.8371144168680605,0,Textil hogar,Toallas,AMBA,Mediano,Proveedor F,0,0,embargo
2025-12-01,T23,SKU00661,9,21.0,43.0,6.0,0.8318168018976245,1.1666666666666667,11.0,0,0,30647.674583333337,27,7,5.0,4.5,507870.0,397,5.167028199566161,12,0,121,0.0,0.0,0.0,0.0,0,0.0,0.0,0.0,33200.0,0.433433734939759,28,28,21,450,12,4.0,8.0,11.0,641933.5299999999,27,3.5675675675675675,0.9324324324324325,0.25925925925925924,0.07687727158634527,0.006597074511600511,0.8161209068010075,1.1062906724511932,1.5748373101952278,0.9679374325076083,288,0.006920415224913495,0.9864425360862417,0.7443946188340808,0.0,0.0,,0.0,0.0,0.0,1.0,0.8371144168680605,0,Textil hogar,Cortinas,AMBA,Mediano,Proveedor G,0,0,embargo
2025-12-01,T26,SKU00093,3,9.0,19.0,3.3333333333333335,0.19540168418367898,0.8999999999999999,12.0,0,0,68184.382,19,3,10.0,5.7,683620.0,272,6.123827392120075,14,0,71,0.0,0.0,0.0,0.0,0,0.0,1.0,25.0,73700.0,0.5118046132971505,30,28,21,1200,12,3.0,3.0,4.0,636053.8699999999,27,2.769230769230769,2.930769230769231,0.15789473684210525,0.07483877883310719,0.003601668414424339,0.9779411764705883,0.8105065666041277,1.598499061913696,1.0005434855270814,294,0.017006802721088437,1.0095492360867349,1.6341463414634145,42.0,1.0,4.3,0.0,1.0,0.0,2.0,0.9157300009012742,0,Cocina y mesa,Vajilla,NOA,Mediano,Proveedor G,0,0,embargo
2025-12-01,T27,SKU00570,1,2.0,8.0,0.8333333333333334,1.0018165319240662,0.7999999999999999,7.0,0,0,43358.147,3,1,-1.0,3.5999999999999996,72060.0,54,4.8077701335491705,17,2,12,310.0,0.0,0.0,0.0,0,0.0,0.0,0.0,45800.0,0.47554585152838424,12,52,155,1200,12,0.0,1.0,2.0,85481.67,11,4.5,-0.9000000000000004,0.3333333333333333,0.05331556768558954,0.0009067961189440152,0.9444444444444445,1.1871037366788075,1.0683933630109268,1.0040046628948136,283,0.03508771929824561,1.009782917322733,1.1773778920308484,930.0,5.0,2.0,0.0,1.0,0.0,1.0,0.9334761993402779,0,Textil hogar,Toallas,AMBA,Chico,Proveedor J,0,0,embargo
2025-12-01,T28,SKU00561,0,3.0,4.0,1.0,1.2060453783110539,1.0,7.0,1,0,71326.23416666668,13,0,12.0,13.0,483990.0,93,5.004484304932736,11,1,37,63.0,0.0,0.0,0.0,0,0.0,1.0,5.0,78100.0,0.523303457106274,32,28,21,1500,12,1.0,2.0,4.0,228142.01,29,0.8,12.2,0.0,0.08673195689287228,0.0010915948496097727,1.5376344086021505,0.8609865470852018,1.9910313901345293,1.0253714287334466,290,0.027491408934707903,0.9891102936478233,1.4543761638733705,147.0,3.0,1.4,0.0,0.0,0.0,3.0,0.9289344022609924,0,Decoracion,Espejos,AMBA,Grande,Proveedor G,0,0,embargo
2026-01-01,T02,SKU00557,2,6.0,14.0,2.3333333333333335,0.8440559381439959,0.8571428571428571,10.0,0,0,42039.99464285715,8,0,-2.0,3.4285714285714284,233280.0,80,4.383561643835616,10,0,22,0.0,52.0,0.0,0.0,0,0.0,0.0,0.0,44900.0,0.3505567928730512,32,56,52,450,1,4.0,0.0,6.0,262600.77,29,5.217391304347826,-1.7888198757763978,0.0,0.06369722398981847,0.0027039619438677066,1.0,0.9497716894977168,1.2054794520547945,0.9784479434024145,256,0.007782101167315175,1.0139968895800935,0.9238683127572016,52.0,1.0,5.4,0.0,0.0,0.0,2.0,0.9167788683974263,0,Organizacion,Percheros,AMBA,Grande,Proveedor F,0,0,test
2026-01-01,T03,SKU00743,3,10.0,19.0,3.1666666666666665,0.44319755701088676,1.0526315789473686,12.0,0,0,49024.04815789474,14,0,4.0,4.421052631578948,360780.0,221,5.790393013100437,13,0,65,70.0,0.0,0.0,0.0,0,0.0,0.0,0.0,53500.0,0.5183177570093458,31,10,35,450,1,4.0,3.0,7.0,475877.36,29,3.428571428571429,0.992481203007519,0.0,0.08366265125430394,0.003928849071459176,0.8235294117647058,0.978165938864629,1.7030567685589522,0.9962734119100163,246,0.02032520325203252,0.9692121528306125,0.7821637426900585,70.0,1.0,2.5,0.0,0.0,0.0,2.0,0.9248559553933402,0,Muebles,Racks,Cuyo,Chico,Proveedor C,0,0,test
2026-01-01,T04,SKU00691,1,1.0,3.0,0.5,1.348399724926484,0.6666666666666666,5.0,0,0,41123.48666666667,4,0,0.0,8.0,115040.0,52,4.6347062795408505,17,0,21,0.0,192.0,0.0,0.0,0,0.0,0.0,0.0,48600.0,0.4082304526748971,14,46,192,450,1,0.0,0.0,2.0,28903.59,13,5.5,2.5,0.0,0.15383772290809317,0.00054406872255294,1.3076923076923077,1.0992572586090479,1.8717083051991896,0.9673541886991274,294,0.010135135135135136,1.017667844522968,1.0,192.0,1.0,5.5,0.0,0.0,0.0,2.0,0.8897804953761989,0,Organizacion,Percheros,Centro,Grande,Proveedor B,0,0,test
2026-01-01,T05,SKU00560,5,14.0,20.0,2.75,1.0977745399881214,1.696969696969697,11.0,0,0,7524.233333333334,12,0,-6.0,4.363636363636363,47160.0,266,5.346733668341709,17,0,68,0.0,0.0,0.0,0.0,0,0.0,0.0,0.0,8400.0,0.5321428571428571,38,28,21,450,1,4.0,5.0,5.0,105202.95,34,7.7142857142857135,-3.35064935064935,0.0,0.10425793650793647,0.003131102245336709,0.7669172932330828,1.0050251256281406,1.3668341708542713,0.9503369724028023,271,0.04059040590405904,0.9336509016672336,0.17355371900826447,42.0,2.0,3.6,0.0,0.0,0.0,1.0,0.8998145462214118,0,Textil hogar,Acolchados,AMBA,Mediano,Proveedor G,0,0,test
2026-01-01,T06,SKU00016,0,1.0,2.0,0.5833333333333334,1.146099297294037,0.5714285714285714,6.0,1,0,33621.31857142857,3,0,-3.0,5.142857142857142,69330.0,144,4.30922693266833,9,1,23,0.0,0.0,0.0,0.0,0,0.0,0.0,0.0,37300.0,0.3804289544235925,23,10,35,1500,1,1.0,0.0,2.0,35747.23,21,7.199999999999999,-2.057142857142857,0.0,0.09862416698582921,0.000772174811972807,0.1875,0.8977556109725686,0.688279301745636,0.9777939333324228,255,0.01171875,0.9364443903928202,0.8654292343387471,0.0,0.0,,0.0,1.0,0.0,2.0,0.9148340837405172,0,Muebles,Sillas,Centro,Mediano,Proveedor C,0,0,test
2026-01-01,T08,SKU00165,2,9.0,13.0,2.0,0.7071067811865478,1.5,11.0,0,0,25310.08125,7,19,-2.0,3.5,102200.0,67,5.826086956521739,8,0,14,0.0,0.0,0.0,0.0,0,0.0,0.0,0.0,27600.0,0.47101449275362317,48,11,36,600,1,2.0,5.0,5.0,226601.66999999998,45,5.684210526315789,-2.1842105263157894,2.7142857142857144,0.08296807065217393,0.0023517588093177498,0.835820895522388,1.0434782608695652,1.2173913043478262,0.9626532726140655,256,0.0234375,0.9861785580874113,0.684863523573201,36.0,1.0,9.4,0.0,0.0,0.0,1.0,0.8573673590709302,0,Iluminacion,Lamparas de mesa,Patagonia,Grande,Proveedor H,0,0,test
2026-01-01,T08,SKU00180,2,9.0,20.0,3.1666666666666665,0.5357997197768198,0.9473684210526316,12.0,0,0,27190.729210526315,24,5,-6.0,7.578947368421053,364560.0,230,4.569536423841059,15,0,104,21.0,0.0,0.0,0.0,0,0.0,0.0,0.0,30000.0,0.4936666666666667,24,28,21,600,1,5.0,2.0,6.0,249054.18999999994,22,11.25,-3.671052631578947,0.20833333333333334,0.09364235964912282,0.0037236181147531034,1.5652173913043477,0.9801324503311258,2.066225165562914,0.9626532726140655,256,0.0234375,0.9912117836365887,0.5928853754940712,63.0,2.0,1.8,0.0,1.0,0.0,4.0,0.8699076454859735,0,Bano,Accesorios de bano,Patagonia,Grande,Proveedor G,0,0,test
2026-01-01,T08,SKU00332,1,3.0,10.0,1.6666666666666667,0.5325752187591567,0.6,11.0,0,0,35438.362,11,0,-3.0,6.6,235400.0,52,4.984749455337691,6,0,15,579.0,0.0,0.0,0.0,0,0.0,0.0,0.0,38000.0,0.4368421052631579,13,37,193,600,1,0.0,2.0,3.0,108245.23,11,7.411764705882353,-0.8117647058823536,0.0,0.0674115263157894,0.0019597990077647913,1.2692307692307694,1.0225127087872186,1.4379084967320261,0.9626532726140655,256,0.0234375,1.0056723079784267,0.7851239669421488,1737.0,4.0,2.8,0.0,1.0,0.0,1.0,0.9268966645099402,0,Textil hogar,Acolchados,Patagonia,Grande,Proveedor E,0,0,test
2026-01-01,T09,SKU00314,9,32.0,70.0,12.583333333333334,0.3058374852359241,0.8476821192052979,12.0,0,0,32711.48476821192,46,0,-60.0,3.6556291390728477,989460.0,1006,5.192258064516129,15,0,378,182.0,0.0,0.0,0.0,0,0.0,0.0,0.0,35200.0,0.38892045454545454,20,31,182,600,1,12.0,11.0,18.0,979709.3500000001,17,7.949999999999999,-4.294370860927152,0.0,0.07069645544852499,0.014520046101489797,0.6858846918489065,0.9858064516129033,1.9509677419354838,0.9554382653271697,283,0.02456140350877193,0.8929110105580694,1.0,546.0,3.0,0.8,0.0,0.0,0.0,2.0,0.9005791663678221,0,Organizacion,Cajas,NOA,Mediano,Proveedor I,0,0,test
2026-01-01,T09,SKU00337,3,11.0,19.0,2.4166666666666665,1.3139695781557,1.5172413793103448,11.0,0,0,19441.28655172414,23,0,4.0,9.517241379310345,226320.0,308,5.694915254237288,18,0,116,0.0,0.0,0.0,0.0,0,0.0,0.0,0.0,21100.0,0.5336492890995261,35,46,192,600,1,1.0,7.0,7.0,216364.28999999998,31,8.76923076923077,0.7480106100795751,0.0,0.07861201176662835,0.0027886181254516825,1.344155844155844,1.00462249614792,2.1448382126348227,0.9554382653271697,283,0.02456140350877193,0.8929110105580694,0.39219330855018586,0.0,0.0,23.1,0.0,0.0,0.0,2.0,0.9005791663678221,0,Organizacion,Contenedores,NOA,Mediano,Proveedor B,0,0,test
2026-01-01,T11,SKU00503,0,0.0,2.0,0.8333333333333334,1.2358287613066494,0.0,5.0,4,0,6087.778,4,0,2.0,4.8,16360.0,55,4.782608695652174,19,0,15,0.0,0.0,0.0,0.0,0,0.0,0.0,0.0,6300.0,0.35079365079365077,31,11,36,800,1,0.0,0.0,2.0,0.0,29,2.4,2.4,0.0,0.033686031746031686,0.0010273435262414669,1.3818181818181818,0.753623188405797,1.3043478260869565,0.9870716600128012,277,0.03214285714285714,1.0130120586355216,0.14617169373549885,0.0,0.0,13.3,20.0,0.0,0.0,2.0,0.9115065027458067,0,Muebles,Sillas,AMBA,Grande,Proveedor H,0,0,test
2026-01-01,T12,SKU00295,3,14.0,30.0,5.75,0.4457124224193027,0.8115942028985508,12.0,0,0,16994.37449275362,56,0,4.0,9.73913043478261,561120.0,679,5.6193103448275865,18,0,186,0.0,0.0,0.0,0.0,0,0.0,0.0,0.0,18600.0,0.4612903225806452,20,56,52,1200,1,6.0,5.0,12.0,224210.59000000005,17,9.043478260869565,0.6956521739130448,0.0,0.08632395200249354,0.0072628696304648825,1.4845360824742269,1.023448275862069,1.5393103448275862,0.9549094679359046,255,0.01953125,0.9268645908761768,0.4460431654676259,208.0,3.0,3.6,0.0,1.0,0.0,2.0,0.8461932062973992,0,Cocina y mesa,Cubiertos,Cuyo,Chico,Proveedor F,0,0,test
2026-01-01,T12,SKU00328,1,3.0,9.0,1.8333333333333333,0.7655230530188042,0.5454545454545455,12.0,0,0,71191.8140909091,10,0,2.0,5.454545454545455,463800.0,134,4.555240793201133,17,0,43,0.0,0.0,0.0,0.0,0,0.0,0.0,0.0,76200.0,0.39133858267716537,22,28,21,1200,1,1.0,1.0,6.0,198107.61000000004,19,3.84,1.6145454545454552,0.0,0.06572422452875193,0.0023156975633366293,1.2686567164179103,1.0538243626062322,1.461756373937677,0.9549094679359046,255,0.01953125,1.047152480097979,1.41635687732342,42.0,2.0,3.8,11.0,1.0,0.0,2.0,0.8990064543735736,0,Organizacion,Contenedores,Cuyo,Chico,Proveedor G,0,0,test
2026-01-01,T13,SKU00145,3,12.0,22.0,3.5,0.43073049225394805,1.1428571428571428,12.0,0,0,4496.284047619048,13,0,6.0,3.7142857142857144,29770.0,300,5.027932960893855,17,0,73,0.0,0.0,0.0,0.0,0,0.0,0.0,0.0,4900.0,0.5326530612244897,23,11,36,1200,1,3.0,6.0,6.0,51824.17999999999,21,2.3333333333333335,1.380952380952381,0.0,0.08239101068999022,0.00422740345664088,0.7366666666666666,1.1284916201117319,1.223463687150838,0.9791471625286304,269,0.02214022140221402,0.9382263858561668,0.13920454545454544,36.0,1.0,4.4,0.0,0.0,0.0,2.0,0.9106476342179656,0,Organizacion,Cajas,Centro,Chico,Proveedor H,0,0,test
2026-01-01,T13,SKU00284,2,7.0,8.0,1.75,0.6503887805479955,1.3333333333333335,10.0,0,0,65841.93714285715,11,0,-5.0,6.285714285714286,366850.0,114,5.606557377049181,14,1,36,0.0,0.0,0.0,0.0,0,0.0,0.0,0.0,69900.0,0.5228898426323318,27,31,182,1200,1,2.0,3.0,3.0,472200.36000000004,24,11.294117647058822,-5.008403361344537,0.0,0.05805526262006944,0.00211370172832044,1.3508771929824561,0.9016393442622951,1.7704918032786887,0.9791471625286304,269,0.02214022140221402,1.0406231115289062,1.7969151670951158,0.0,0.0,18.3,0.0,0.0,0.0,1.0,0.8618727573589924,0,Textil hogar,Toallas,Centro,Chico,Proveedor I,0,0,test
2026-01-01,T13,SKU00441,0,0.0,1.0,0.4166666666666667,1.2358287613066492,0.0,5.0,5,0,14667.41,3,0,0.0,7.199999999999999,22620.0,50,4.3478260869565215,17,2,10,0.0,0.0,0.0,0.0,0,0.0,0.0,0.0,15900.0,0.5257861635220126,29,32,147,1200,1,0.0,0.0,1.0,0.0,27,7.199999999999999,0.0,0.0,0.0775213836477987,0.0005032623162667714,1.02,0.9275362318840579,0.8695652173913043,0.9791471625286304,269,0.02214022140221402,0.9566965220563652,0.381294964028777,147.0,1.0,10.3,0.0,0.0,0.0,2.0,0.8936778702083166,0,Cocina y mesa,Cubiertos,Centro,Chico,Proveedor A,0,1,test
2026-01-01,T13,SKU00571,2,7.0,8.0,1.5,0.8761716542303611,1.5555555555555556,10.0,0,0,32831.55,4,0,-2.0,2.6666666666666665,86240.0,95,4.830508474576271,13,0,25,0.0,0.0,0.0,0.0,0,0.0,0.0,0.0,35400.0,0.39096045197740115,25,11,36,1200,1,1.0,4.0,4.0,229169.19,23,4.8,-2.1333333333333333,0.0,0.07255508474576267,0.0018117443385603771,0.5473684210526316,0.7457627118644067,1.271186440677966,0.9791471625286304,269,0.02214022140221402,1.0406231115289062,0.7901785714285714,0.0,0.0,13.6,0.0,0.0,0.0,1.0,0.8618727573589924,0,Textil hogar,Sabanas,Centro,Chico,Proveedor H,0,0,test
2026-01-01,T14,SKU00600,4,14.0,27.0,3.5833333333333335,0.40280251338811107,1.302325581395349,12.0,0,0,45308.52162790697,19,0,-4.0,5.3023255813953485,414960.0,123,4.839344262295081,8,0,35,0.0,0.0,0.0,0.0,0,0.0,0.0,0.0,48200.0,0.5468879668049793,31,25,153,1500,1,6.0,4.0,6.0,647543.59,29,7.2631578947368425,-1.960832313341494,0.0,0.05998917784425373,0.0047547395893318065,1.2357723577235773,1.0098360655737706,1.3770491803278688,0.9580247395807155,253,0.03543307086614173,0.9287453943670768,0.8975791433891993,0.0,0.0,12.1,0.0,1.0,0.0,3.0,0.9437111400182963,0,Decoracion,Espejos,AMBA,Grande,Proveedor D,0,0,test
2026-01-01,T15,SKU00593,0,0.0,1.0,0.8333333333333334,1.2358287613066494,0.0,6.0,4,0,70526.36899999999,3,0,-1.0,3.5999999999999996,120120.0,40,4.528301886792453,14,0,2,0.0,0.0,0.0,0.0,0,0.0,0.0,0.0,78700.0,0.49123252858958066,32,31,182,600,1,0.0,0.0,3.0,0.0,31,4.0,-0.40000000000000036,0.0,0.103858081321474,0.0009309361070339557,1.05,0.6037735849056604,0.22641509433962262,0.9450863358608719,274,0.032846715328467155,0.9557381525705633,1.6924731182795698,182.0,1.0,11.5,28.0,0.0,0.0,4.0,0.9265638513997871,0,Bano,Alfombras de bano,NOA,Mediano,Proveedor I,0,0,test
2026-01-01,T16,SKU00522,1,4.0,10.0,1.25,1.1878169433498964,1.0666666666666667,10.0,0,0,70967.23733333334,6,0,4.0,4.8,268980.0,62,5.723076923076923,7,0,24,0.0,0.0,0.0,0.0,0,0.0,0.0,0.0,75600.0,0.40701058201058204,33,31,182,600,1,1.0,2.0,4.0,285471.98,31,1.2631578947368423,3.5368421052631573,0.0,0.06127992945326277,0.001707296967530168,0.6774193548387096,0.7692307692307693,2.215384615384615,0.9815819365320112,241,0.008264462809917356,0.9755691780033018,1.695067264573991,364.0,2.0,4.0,0.0,0.0,0.0,1.0,0.9208608269384996,0,Textil hogar,Cortinas,NOA,Grande,Proveedor I,0,0,test
2026-01-01,T17,SKU00010,1,7.0,9.0,1.75,0.6503887805479954,1.3333333333333335,11.0,0,0,27108.213333333333,7,0,-1.0,4.0,100450.0,116,4.534201954397394,14,0,37,0.0,0.0,0.0,0.0,0,0.0,0.0,0.0,29800.0,0.5184563758389262,44,37,193,600,1,3.0,3.0,3.0,188369.94,42,5.052631578947369,-1.052631578947369,0.0,0.09032841163310967,0.002049153234208837,0.8448275862068965,0.9120521172638436,1.4462540716612378,0.9500264708693923,265,0.03383458646616541,0.9400519398445755,0.691415313225058,0.0,0.0,18.4,7.0,0.0,0.0,2.0,0.9079938496483113,0,Muebles,Sillas,Centro,Chico,Proveedor E,0,0,test
2026-01-01,T17,SKU00439,1,2.0,3.0,0.75,1.005037815259212,0.8888888888888888,7.0,0,0,41161.20999999999,3,0,0.0,4.0,71130.0,20,2.5806451612903225,9,0,15,0.0,0.0,0.0,0.0,0,0.0,0.0,0.0,45100.0,0.4742793791574279,47,46,192,600,1,0.0,1.0,2.0,70289.68,45,4.0,0.0,0.0,0.08733458980044362,0.0008782085289466444,1.3499999999999999,1.118279569892473,1.935483870967742,0.9500264708693923,265,0.03383458646616541,0.953909521004621,1.0,192.0,1.0,8.0,0.0,0.0,0.0,2.0,0.84247317202779,0,Cocina y mesa,Vajilla,Centro,Chico,Proveedor B,0,0,test
2026-01-01,T18,SKU00169,1,2.0,11.0,1.8333333333333333,0.8331955809010618,0.36363636363636365,10.0,0,0,9887.636363636364,9,0,-3.0,4.909090909090909,55440.0,67,5.784172661870503,8,1,22,386.0,0.0,0.0,0.0,0,0.0,0.0,0.0,10700.0,0.42429906542056073,41,37,193,1200,1,1.0,0.0,5.0,18202.35,36,5.538461538461539,-0.62937062937063,0.0,0.07592183517417161,0.002181692951659274,1.0746268656716418,1.0071942446043165,1.8992805755395683,0.9535981555979808,273,0.02564102564102564,0.8445408532176427,0.19888475836431227,386.0,1.0,2.7,0.0,0.0,0.0,2.0,0.9491730821350588,0,Organizacion,Contenedores,NOA,Mediano,Proveedor E,0,0,test
2026-01-01,T18,SKU00718,2,6.0,10.0,1.5833333333333333,0.8282350550851618,1.2631578947368423,9.0,0,0,75701.88210526315,10,0,-2.0,6.315789473684211,376600.0,140,4.926686217008798,17,1,57,0.0,0.0,0.0,0.0,0,0.0,0.0,0.0,82900.0,0.5457177322074789,33,32,147,1200,1,3.0,1.0,4.0,420121.54,30,7.199999999999999,-0.8842105263157887,0.0,0.08682892514760976,0.0018841893673421,1.2142857142857144,1.0557184750733137,2.005865102639296,0.9535981555979808,273,0.02564102564102564,0.8445408532176427,1.5408921933085502,147.0,1.0,9.1,0.0,1.0,0.0,2.0,0.9491730821350588,0,Organizacion,Contenedores,NOA,Mediano,Proveedor A,0,0,test
2026-01-01,T19,SKU00472,0,0.0,-4.0,-0.16666666666666666,,,3.0,4,1,,2,0,-2.0,inf,76780.0,49,6.606741573033708,15,1,15,0.0,0.0,0.0,0.0,0,0.0,0.0,0.0,77300.0,0.5033635187580854,23,52,155,800,1,0.0,0.0,1.0,0.0,22,48.0,,0.0,,-0.00018635698277395915,0.6122448979591837,1.0337078651685394,2.0224719101123596,0.9627201730102731,273,0.03272727272727273,0.9663336287303755,1.620545073375262,0.0,0.0,,55.0,0.0,0.0,3.0,0.9024933519693176,0,Decoracion,Velas,Cuyo,Mediano,Proveedor J,0,1,test
2026-01-01,T19,SKU00488,3,13.0,24.0,3.25,0.3739787960033826,1.3333333333333333,12.0,0,0,40278.866410256414,22,0,5.0,6.769230769230769,537020.0,182,4.747826086956522,11,0,79,0.0,0.0,0.0,0.0,0,0.0,0.0,0.0,44600.0,0.45269058295964126,44,32,147,800,1,5.0,5.0,5.0,517035.8800000001,40,5.230769230769231,1.5384615384615383,0.0,0.09688640335747944,0.003633961164092204,1.3296703296703296,1.017391304347826,2.0608695652173914,0.9627201730102731,273,0.03272727272727273,0.918633041439492,1.0,147.0,1.0,8.3,0.0,0.0,0.0,1.0,0.8991193351050798,0,Textil hogar,Cortinas,Cuyo,Mediano,Proveedor A,0,0,test
2026-01-01,T20,SKU00036,1,3.0,13.0,3.0833333333333335,0.561036484003989,0.3243243243243243,12.0,0,0,29224.04810810811,20,0,3.0,6.486486486486486,375400.0,114,4.575250836120401,8,0,36,0.0,0.0,0.0,0.0,0,0.0,0.0,0.0,31400.0,0.4022292993630573,32,11,36,450,1,1.0,1.0,5.0,83798.21999999997,31,5.368421052631579,1.1180654338549072,0.0,0.06929783095197106,0.0037940834139026723,1.4035087719298245,1.0033444816053512,1.4448160535117056,0.9343699477697609,274,0.036231884057971016,0.9811173836869769,0.7008928571428571,36.0,1.0,5.1,0.0,0.0,0.0,1.0,0.8968146268873786,0,Textil hogar,Sabanas,AMBA,Mediano,Proveedor H,0,0,test
2026-01-01,T20,SKU00654,3,6.0,15.0,2.75,0.517173151972298,0.7272727272727273,10.0,0,0,11817.059090909092,17,0,-1.0,6.181818181818182,117300.0,111,5.045454545454546,7,0,39,0.0,0.0,0.0,0.0,0,0.0,0.0,0.0,13000.0,0.46923076923076923,32,32,147,450,1,0.0,3.0,4.0,71501.60999999999,31,6.545454545454546,-0.3636363636363642,0.0,0.09099545454545455,0.003383912234021302,1.072072072072072,0.9848484848484849,1.7727272727272727,0.9343699477697609,274,0.036231884057971016,0.9811173836869769,0.3341902313624679,0.0,0.0,16.8,0.0,0.0,0.0,1.0,0.8968146268873786,0,Textil hogar,Toallas,AMBA,Mediano,Proveedor A,0,0,test
2026-01-01,T21,SKU00196,3,14.0,28.0,6.083333333333333,0.31703861813459977,0.767123287671233,12.0,0,0,60445.75986301369,39,0,11.0,6.41095890410959,1597440.0,604,5.503416856492027,17,0,210,193.0,0.0,0.0,0.0,0,0.0,0.0,0.0,63500.0,0.3549606299212599,29,37,193,600,1,4.0,7.0,9.0,847710.5,29,4.421052631578948,1.989906272530642,0.0,0.04809826987380017,0.007120842680767762,1.097682119205298,0.9567198177676538,1.9134396355353076,0.948535263394325,272,0.047619047619047616,0.9498681844004682,1.1824953445065176,772.0,3.0,2.7,0.0,0.0,0.0,3.0,0.892973892972938,0,Decoracion,Espejos,Cuyo,Grande,Proveedor E,0,0,test
2026-01-01,T23,SKU00013,7,27.0,42.0,6.75,0.37438897303481844,1.3333333333333333,12.0,0,0,11085.184444444443,31,0,3.0,4.592592592592593,170810.0,461,4.9837837837837835,13,0,170,0.0,0.0,0.0,0.0,0,0.0,0.0,0.0,11800.0,0.5330508474576271,47,32,147,450,1,11.0,9.0,11.0,291323.72,44,5.169230769230769,-0.5766381766381761,0.0,0.060577589453860714,0.008146776604683357,0.8741865509761388,1.1207207207207208,1.837837837837838,0.9208874887960595,254,0.023255813953488372,0.959764800720772,0.24737945492662475,0.0,0.0,17.3,0.0,0.0,0.0,3.0,0.9130508415666837,0,Decoracion,Velas,AMBA,Mediano,Proveedor A,0,0,test
2026-01-01,T23,SKU00279,3,16.0,34.0,5.416666666666667,0.5068651876493195,0.9846153846153846,12.0,0,0,63252.85753846154,44,0,18.0,8.123076923076923,1785080.0,242,4.91673079883023,8,0,92,0.0,0.0,56.0,0.0,0,0.0,0.0,0.0,69100.0,0.4128798842257597,13,10,35,450,1,4.0,9.0,9.0,991547.51,11,4.775510204081632,3.3475667189952905,0.0,0.08461855950128017,0.006537536781536028,1.4545454545454546,1.036170540249346,1.8691703863321534,0.9208874887960595,254,0.023255813953488372,0.9332533483509219,1.427685950413223,210.0,4.0,3.1,56.0,0.0,0.0,1.0,0.8496741747333972,0,Textil hogar,Acolchados,AMBA,Mediano,Proveedor C,0,0,test
2026-01-01,T24,SKU00511,2,6.0,8.0,0.8333333333333334,1.520765357551017,2.4,5.0,0,0,9051.182,2,0,-1.0,2.4,11000.0,44,4.888888888888889,17,2,25,0.0,0.0,0.0,0.0,0,0.0,0.0,0.0,10300.0,0.46601941747572817,28,46,192,800,1,0.0,4.0,4.0,53556.46000000001,24,6.0,-3.6,0.0,0.12124446601941741,0.0009119460791154676,0.7727272727272727,1.0370370370370372,2.7777777777777777,0.9469648085535015,273,0.025547445255474453,1.0011610102471773,0.23094170403587444,576.0,1.0,3.1,0.0,0.0,0.0,1.0,0.8803529295916215,0,Textil hogar,Cortinas,AMBA,Grande,Proveedor B,0,0,test
2026-01-01,T25,SKU00019,4,11.0,21.0,3.5,0.3336424046406525,1.0476190476190477,12.0,0,0,83754.2357142857,16,0,2.0,4.571428571428571,735360.0,139,4.752136752136752,9,0,54,0.0,42.0,0.0,0.0,0,0.0,0.0,0.0,88800.0,0.4824324324324324,46,28,21,1500,1,4.0,3.0,6.0,967013.6100000001,44,4.2,0.371428571428571,0.0,0.05682166988416992,0.004290935511511622,1.0359712230215827,0.8547008547008547,1.8461538461538463,0.9738380308506853,266,0.029850746268656716,1.0005740528128588,1.8271604938271604,42.0,1.0,6.7,0.0,0.0,0.0,2.0,0.9025165703603759,0,Organizacion,Percheros,Centro,Grande,Proveedor G,0,0,test
2026-01-01,T25,SKU00115,0,1.0,3.0,0.4166666666666667,1.6045390162116515,0.7999999999999999,4.0,2,0,40179.028000000006,4,0,-1.0,9.6,80200.0,35,6.0,11,0,15,0.0,0.0,0.0,0.0,0,0.0,0.0,0.0,43400.0,0.5380184331797235,33,46,192,1500,1,0.0,1.0,2.0,38319.51,30,20.0,-10.4,0.0,0.07421594470046067,0.000510825656132336,1.2571428571428571,1.0857142857142856,2.5714285714285716,0.9738380308506853,266,0.029850746268656716,0.9206213698797202,1.0069605568445477,192.0,1.0,3.2,0.0,0.0,0.0,2.0,0.9060843913751663,0,Muebles,Sillas,Centro,Grande,Proveedor B,0,0,test
2026-01-01,T25,SKU00621,2,5.0,9.0,1.1666666666666667,0.8827348295047491,1.4285714285714286,8.0,0,0,16755.25857142857,2,0,-3.0,1.7142857142857142,18040.0,17,4.25,6,0,7,0.0,0.0,0.0,0.0,0,0.0,0.0,0.0,17400.0,0.48160919540229885,46,32,147,1500,1,2.0,1.0,3.0,85277.09,43,5.0,-3.2857142857142856,0.0,0.03705410509031204,0.0014303118371705407,0.7058823529411764,1.25,1.75,0.9738380308506853,266,0.029850746268656716,1.023528136181286,0.38926174496644295,882.0,4.0,5.2,0.0,0.0,0.0,1.0,0.9318998287283985,0,Iluminacion,Apliques,Centro,Grande,Proveedor A,0,0,test
2026-01-01,T26,SKU00131,4,16.0,28.0,4.083333333333333,0.4236397940438283,1.306122448979592,12.0,0,0,70509.48877551021,18,0,3.0,4.408163265306123,662220.0,265,6.150870406189555,14,0,41,0.0,0.0,0.0,0.0,0,0.0,0.0,0.0,75900.0,0.5152832674571806,18,37,193,1200,1,6.0,6.0,7.0,1157213.71,15,3.8297872340425534,0.5783760312635695,0.0,0.07102122825414747,0.004804252291707714,0.9509433962264152,0.827852998065764,0.9516441005802707,0.9741847096001601,282,0.024822695035460994,1.0108839925670294,1.4107806691449813,0.0,0.0,,0.0,1.0,0.0,2.0,0.8742818167541007,0,Organizacion,Contenedores,NOA,Mediano,Proveedor E,0,0,test
2026-01-01,T27,SKU00189,3,10.0,18.0,2.1666666666666665,0.7830918981353518,1.5384615384615385,11.0,0,0,20298.29153846154,10,0,-3.0,4.615384615384616,113600.0,143,4.973913043478261,9,0,46,0.0,0.0,0.0,0.0,0,0.0,0.0,0.0,22300.0,0.49058295964125564,37,46,192,1200,1,6.0,1.0,6.0,194157.33,33,6.782608695652174,-2.167224080267558,0.0,0.08976271127975155,0.0025376833942085805,0.6293706293706294,1.136231884057971,1.6,0.9401140943468095,264,0.041666666666666664,0.9465808247781452,0.5,192.0,1.0,11.1,25.0,1.0,0.0,1.0,0.9201441125239126,0,Textil hogar,Cortinas,AMBA,Chico,Proveedor B,0,0,test
2026-01-01,T27,SKU00637,1,3.0,5.0,0.8333333333333334,0.6928203230275508,1.2,9.0,0,0,47224.167,4,0,2.0,4.8,115760.0,34,3.9230769230769234,13,0,28,0.0,0.0,0.0,0.0,0,0.0,0.0,0.0,50400.0,0.42579365079365084,41,25,153,1200,1,1.0,1.0,2.0,139547.69,39,2.4,2.4,0.0,0.06301255952380946,0.0009760320746956079,1.5294117647058822,1.1923076923076925,3.230769230769231,0.9401140943468095,264,0.041666666666666664,0.9933283914010378,1.250620347394541,0.0,0.0,22.0,0.0,0.0,0.0,1.0,0.9611628783655001,0,Iluminacion,Lamparas de mesa,AMBA,Chico,Proveedor D,0,0,test
2026-02-01,T01,SKU00121,3,11.0,24.0,4.166666666666667,0.5398989804499625,0.8799999999999999,12.0,0,0,78318.33,16,0,-7.0,3.84,689760.0,223,5.6455696202531644,12,0,90,0.0,182.0,0.0,0.0,0,0.0,0.0,0.0,84500.0,0.4898224852071006,48,31,182,800,2,3.0,5.0,10.0,863057.77,46,5.872340425531915,-2.032340425531915,0.0,0.0731558579881657,0.005259207916842771,0.8609865470852018,1.0295358649789028,2.278481012658228,0.9416085854315296,261,0.02681992337164751,0.8797535704284514,1.2353801169590644,0.0,0.0,16.7,0.0,0.0,0.0,2.0,0.9549598440474037,0,Muebles,Racks,Cuyo,Grande,Proveedor I,0,0,test
2026-02-01,T01,SKU00406,3,12.0,14.0,1.9166666666666667,0.8746884649048292,2.0869565217391304,10.0,0,0,46155.65652173913,6,0,-2.0,3.1304347826086953,156420.0,116,4.989247311827957,15,0,41,147.0,0.0,0.0,0.0,0,0.0,0.0,0.0,48300.0,0.46024844720496894,30,32,147,800,2,6.0,3.0,6.0,547873.3300000001,28,6.0,-2.8695652173913047,0.0,0.04439634530560799,0.0024192356417476746,0.7758620689655172,0.9749103942652331,1.7634408602150538,0.9416085854315296,261,0.02681992337164751,0.9139230622929159,0.8994413407821229,588.0,3.0,2.7,0.0,0.0,0.0,3.0,0.9287021982346702,0,Decoracion,Espejos,Cuyo,Grande,Proveedor A,0,0,test
2026-02-01,T01,SKU00413,1,4.0,8.0,0.9166666666666666,1.0867690035224966,1.4545454545454546,7.0,0,0,81431.18909090909,2,0,0.0,2.181818181818182,95680.0,52,4.489208633093525,17,1,8,0.0,36.0,0.0,0.0,0,0.0,0.0,0.0,86900.0,0.44948216340621405,22,11,36,800,2,1.0,2.0,3.0,312504.74,21,2.6666666666666665,-0.4848484848484844,0.0,0.06293223140495874,0.0011570257417054094,0.6538461538461539,0.8633093525179856,0.6906474820143884,0.9416085854315296,261,0.02681992337164751,0.9139230622929159,1.6182495344506518,36.0,1.0,11.3,0.0,1.0,0.0,3.0,0.9287021982346702,0,Decoracion,Espejos,Cuyo,Grande,Proveedor H,0,0,test
2026-02-01,T02,SKU00492,3,8.0,20.0,3.25,0.4930937780085089,0.8205128205128205,12.0,0,0,59261.612564102565,23,0,1.0,7.076923076923077,835590.0,241,5.415730337078652,14,0,85,0.0,0.0,0.0,0.0,0,0.0,0.0,0.0,65400.0,0.4444954128440367,34,25,153,450,2,3.0,2.0,7.0,474535.0299999999,31,6.6,0.476923076923077,0.0,0.0938591351054654,0.003796744332824909,1.3360995850622406,0.9438202247191011,1.9101123595505618,0.9271844365596008,247,0.004032258064516129,0.9359261015877318,1.8579545454545454,0.0,0.0,16.9,0.0,0.0,0.0,2.0,0.9310277124830078,0,Organizacion,Cajas,AMBA,Grande,Proveedor D,0,0,test
2026-02-01,T02,SKU00710,2,8.0,15.0,3.1666666666666665,0.42224710952938216,0.8421052631578947,12.0,0,0,71929.46315789474,18,0,3.0,5.684210526315789,913680.0,256,4.785046728971962,15,0,90,0.0,0.0,0.0,0.0,0,0.0,0.0,0.0,79100.0,0.3582806573957017,20,10,35,450,2,2.0,4.0,5.0,564655.3,19,3.75,1.9342105263157894,0.0,0.09065154035531298,0.0036993919140345267,1.0546875,0.9283489096573209,1.6822429906542056,0.9271844365596008,247,0.004032258064516129,0.9617825412494712,1.8968824940047961,35.0,1.0,7.6,0.0,0.0,0.0,2.0,0.9178717799836508,0,Cocina y mesa,Cubiertos,AMBA,Grande,Proveedor C,0,0,test
2026-02-01,T03,SKU00529,17,47.0,85.0,15.5,0.20678126174550363,1.010752688172043,12.0,0,0,21223.245752688174,91,0,16.0,5.870967741935484,1172990.0,1071,5.022274325908558,17,0,289,36.0,0.0,0.0,0.0,0,0.0,0.0,0.0,22900.0,0.43711790393013106,34,11,36,450,2,14.0,16.0,21.0,977012.08,30,5.056179775280898,0.8147879666545856,0.0,0.07322070948959936,0.01864223151407496,1.4444444444444444,0.9800703399765534,1.3552168815943728,0.985833275120652,249,0.028112449799196786,0.9312678753995678,0.4731404958677686,180.0,4.0,1.7,0.0,1.0,0.0,1.0,0.9011953941913418,0,Textil hogar,Acolchados,Cuyo,Chico,Proveedor H,0,0,test
2026-02-01,T03,SKU00543,2,9.0,16.0,2.0833333333333335,0.6618980970731755,1.44,11.0,0,0,49544.058000000005,6,11,1.0,2.88,167040.0,102,4.402877697841727,13,0,37,0.0,0.0,0.0,0.0,0,0.0,0.0,0.0,55500.0,0.4983783783783784,20,46,192,450,2,3.0,4.0,5.0,438184.5900000001,19,2.7272727272727275,0.15272727272727238,1.8333333333333333,0.10731427027027018,0.002505676278773516,0.7647058823529412,1.0503597122302157,1.5971223021582732,0.985833275120652,249,0.028112449799196786,0.9479986298924659,1.0315985130111525,384.0,2.0,5.6,0.0,1.0,0.0,2.0,0.8855615229954644,0,Organizacion,Contenedores,Cuyo,Chico,Proveedor B,0,0,test
2026-02-01,T04,SKU00395,2,5.0,14.0,2.5833333333333335,0.5587260669577023,0.6451612903225806,12.0,0,0,37973.15290322581,24,0,1.0,9.29032258064516,612960.0,274,5.758318739054291,15,0,94,0.0,0.0,0.0,0.0,0,0.0,0.0,0.0,42500.0,0.3990588235294118,18,28,21,450,2,2.0,1.0,5.0,191287.38000000003,16,7.2631578947368425,2.0271646859083177,0.0,0.10651404933586328,0.0030633923290534254,1.3138686131386863,0.861646234676007,1.9754816112084062,0.9213893572933592,291,0.023890784982935155,0.9222986883124523,0.7899628252788105,63.0,1.0,10.0,0.0,1.0,0.0,2.0,0.872868329547791,0,Organizacion,Contenedores,Centro,Grande,Proveedor G,0,0,test
2026-02-01,T04,SKU00528,1,4.0,8.0,1.3333333333333333,0.6657190234489454,1.0,10.0,0,0,60997.595,9,0,3.0,6.75,358470.0,167,7.0069930069930075,18,1,40,384.0,384.0,0.0,0.0,0,0.0,0.0,0.0,65400.0,0.3909785932721712,32,46,192,450,2,1.0,2.0,3.0,234855.15999999997,29,3.5999999999999996,3.1500000000000004,0.0,0.06731506116207953,0.0015811057182211225,0.9700598802395208,0.7972027972027973,1.6783216783216783,0.9213893572933592,291,0.023890784982935155,0.8928493570065836,1.4663677130044843,576.0,2.0,1.4,0.0,0.0,0.0,1.0,0.8734205799664876,0,Textil hogar,Cortinas,Centro,Grande,Proveedor B,0,0,test
2026-02-01,T04,SKU00650,10,23.0,43.0,7.333333333333333,0.36466795822992065,1.0454545454545456,12.0,0,0,18647.894545454546,26,0,-4.0,3.5454545454545454,245180.0,491,5.044520547945206,15,0,182,0.0,0.0,0.0,0.0,0,0.0,0.0,0.0,20200.0,0.5331683168316832,40,46,192,450,2,5.0,8.0,12.0,448391.92999999993,38,4.235294117647059,-0.6898395721925135,0.0,0.076836903690369,0.008696081450216175,0.7942973523421588,0.863013698630137,1.8698630136986303,0.9213893572933592,291,0.023890784982935155,0.8744528573344551,0.39920948616600793,0.0,0.0,14.8,0.0,1.0,0.0,4.0,0.9454364305051381,0,Bano,Accesorios de bano,Centro,Grande,Proveedor B,0,0,test
2026-02-01,T05,SKU00030,2,6.0,13.0,2.4166666666666665,0.5426367602282096,0.8275862068965518,11.0,0,0,25968.407931034482,7,0,-6.0,2.896551724137931,117320.0,97,5.243243243243243,12,0,30,0.0,155.0,0.0,0.0,0,0.0,0.0,0.0,28400.0,0.4098591549295775,20,52,155,450,2,2.0,2.0,5.0,155158.6,18,5.777777777777778,-2.8812260536398466,0.0,0.08561943904808156,0.0027332944766765193,0.8659793814432989,0.8288288288288289,1.6216216216216217,0.9078307723913184,273,0.04395604395604396,0.9789534308029625,0.5843621399176955,155.0,1.0,10.0,0.0,0.0,0.0,2.0,0.8763565260921895,0,Organizacion,Percheros,AMBA,Mediano,Proveedor J,0,0,test
2026-02-01,T05,SKU00077,4,11.0,26.0,3.5833333333333335,0.49720196499193176,1.0232558139534882,12.0,0,0,30786.560465116276,15,0,-4.0,4.186046511627906,230700.0,308,4.825065274151436,19,0,75,0.0,0.0,0.0,0.0,0,0.0,0.0,0.0,33500.0,0.5408955223880597,46,10,35,450,2,3.0,4.0,7.0,336882.30999999994,44,5.066666666666666,-0.88062015503876,0.0,0.08099819507115591,0.004052815948175529,0.9253246753246754,0.9921671018276762,1.1749347258485638,0.9078307723913184,273,0.04395604395604396,0.8936331003211789,0.7023060796645703,35.0,1.0,4.3,0.0,0.0,0.0,3.0,0.9013982293571778,0,Decoracion,Velas,AMBA,Mediano,Proveedor C,0,0,test
2026-02-01,T05,SKU00264,1,2.0,4.0,0.5,1.3483997249264843,1.3333333333333333,5.0,0,0,47974.41166666666,4,0,-1.0,8.0,118600.0,42,4.3076923076923075,15,0,23,0.0,0.0,0.0,0.0,0,0.0,0.0,0.0,60400.0,0.5091059602649006,19,31,182,450,2,1.0,0.0,2.0,69945.23,18,15.0,-7.0,0.0,0.20572166114790302,0.000565509202071004,1.4285714285714286,0.7863247863247863,2.358974358974359,0.9078307723913184,273,0.04395604395604396,0.9174200747508804,1.3542600896860986,910.0,3.0,6.2,0.0,0.0,0.0,1.0,0.895406554159939,0,Textil hogar,Cortinas,AMBA,Mediano,Proveedor I,0,0,test
2026-02-01,T05,SKU00298,3,10.0,20.0,3.4166666666666665,0.40359640065437535,0.9756097560975611,12.0,0,0,40140.68268292683,12,0,7.0,3.5121951219512195,261720.0,230,5.2272727272727275,13,1,53,0.0,0.0,0.0,0.0,0,0.0,0.0,0.0,44800.0,0.5131696428571428,32,56,52,450,2,3.0,4.0,6.0,390893.15,30,1.5,2.0121951219512195,0.0,0.10400261868466898,0.0038643128808185274,0.6782608695652174,0.9242424242424242,1.2045454545454546,0.9078307723913184,273,0.04395604395604396,0.9174200747508804,1.1516709511568124,104.0,2.0,3.7,0.0,1.0,0.0,1.0,0.895406554159939,0,Textil hogar,Toallas,AMBA,Mediano,Proveedor F,0,0,test
2026-02-01,T06,SKU00700,2,7.0,12.0,1.75,0.6945320497205681,1.3333333333333335,9.0,0,0,31416.007142857143,10,0,-6.0,5.714285714285714,203000.0,119,5.471264367816092,15,0,26,0.0,155.0,0.0,0.0,0,0.0,0.0,0.0,33800.0,0.3994082840236687,19,52,155,1500,2,3.0,2.0,3.0,222662.33000000002,16,8.727272727272728,-3.012987012987014,0.0,0.07053233305156381,0.002286052726809442,1.2605042016806722,0.8122605363984675,1.1954022988505748,0.9274842491626878,262,0.011406844106463879,0.9262733790215868,0.8387096774193549,310.0,2.0,4.4,0.0,0.0,0.0,1.0,0.9237079650039738,0,Iluminacion,Lamparas de mesa,Centro,Mediano,Proveedor J,0,0,test
2026-02-01,T07,SKU00492,4,9.0,20.0,2.8333333333333335,0.7499606784281585,1.0588235294117647,10.0,0,0,60117.5494117647,16,0,-1.0,5.647058823529411,581280.0,241,5.415730337078652,14,0,85,0.0,0.0,0.0,0.0,0,0.0,0.0,0.0,65400.0,0.4444954128440367,34,25,153,800,2,3.0,2.0,6.0,524634.34,32,5.368421052631579,0.2786377708978325,0.0,0.08077141572225222,0.0035692249914643535,0.929460580912863,0.9438202247191011,1.9101123595505618,0.9275785889582067,261,0.019157088122605363,0.8939823787721318,1.8579545454545454,0.0,0.0,16.9,0.0,0.0,0.0,2.0,0.9142698293136661,0,Organizacion,Cajas,Centro,Mediano,Proveedor D,0,0,test
2026-02-01,T07,SKU00520,0,0.0,0.0,0.3333333333333333,1.4770978917519937,0.0,4.0,6,0,55082.4675,2,0,1.0,6.0,73920.0,24,4.8,8,1,9,0.0,0.0,0.0,0.0,0,0.0,0.0,0.0,59500.0,0.37882352941176467,39,46,192,800,2,0.0,0.0,1.0,0.0,37,2.0,4.0,0.0,0.07424424369747906,0.000419908822525218,0.6666666666666666,1.2,1.8,0.9275785889582067,261,0.019157088122605363,0.8335316189255971,1.2795698924731183,0.0,0.0,,0.0,0.0,0.0,4.0,0.9140251565213288,0,Bano,Alfombras de bano,Centro,Mediano,Proveedor B,0,1,test
2026-02-01,T08,SKU00164,3,9.0,9.0,1.8333333333333333,1.0093477448444315,1.6363636363636365,9.0,0,0,54274.23499999999,6,0,0.0,3.272727272727273,208680.0,135,5.472972972972973,17,0,47,0.0,0.0,0.0,0.0,0,0.0,0.0,0.0,56700.0,0.3865961199294533,39,56,52,600,2,2.0,4.0,6.0,489340.9,35,4.5,-1.227272727272727,0.0,0.0427824514991183,0.002255010342785533,0.7555555555555555,0.9729729729729729,1.9054054054054053,0.9294742631081461,255,0.03137254901960784,0.9983705549698073,1.053903345724907,52.0,1.0,6.9,0.0,1.0,0.0,2.0,0.8958223510908413,0,Organizacion,Contenedores,Patagonia,Grande,Proveedor F,0,0,test
2026-02-01,T08,SKU00314,14,46.0,95.0,14.666666666666666,0.28386354538174535,1.0454545454545456,12.0,0,0,32723.856818181815,59,15,-13.0,4.0227272727272725,1269090.0,1017,5.074428274428275,16,0,307,182.0,0.0,0.0,0.0,0,0.0,0.0,0.0,35200.0,0.38892045454545454,21,31,182,600,2,20.0,12.0,20.0,1480103.2,18,4.9655172413793105,-0.942789968652038,0.2542372881355932,0.07034497675619844,0.018040082742284264,0.928220255653884,0.9031185031185032,1.531808731808732,0.9294742631081461,255,0.03137254901960784,0.9983705549698073,1.0,546.0,3.0,1.7,0.0,0.0,0.0,2.0,0.8958223510908413,0,Organizacion,Cajas,Patagonia,Grande,Proveedor I,0,0,test
2026-02-01,T08,SKU00543,2,7.0,12.0,2.0,0.5640760748177662,1.1666666666666667,11.0,0,0,50808.46125,9,0,-2.0,4.5,250560.0,102,4.402877697841727,13,0,37,0.0,0.0,17.0,0.0,0,0.0,0.0,0.0,55500.0,0.4983783783783784,20,46,192,600,2,2.0,3.0,4.0,375206.06999999995,18,5.739130434782608,-1.2391304347826084,0.0,0.08453222972972974,0.0024600112830387632,1.147058823529412,1.0503597122302157,1.5971223021582732,0.9294742631081461,255,0.03137254901960784,0.9983705549698073,1.0315985130111525,384.0,2.0,5.6,17.0,1.0,0.0,2.0,0.8958223510908413,0,Organizacion,Contenedores,Patagonia,Grande,Proveedor B,0,0,test
2026-02-01,T09,SKU00164,2,5.0,14.0,2.0833333333333335,0.47817836154989846,0.7999999999999999,11.0,0,0,53100.9776,7,0,-3.0,3.36,243460.0,135,5.472972972972973,17,0,47,0.0,0.0,0.0,0.0,0,0.0,0.0,0.0,56700.0,0.3865961199294533,39,56,52,600,2,2.0,1.0,3.0,272789.22000000003,35,5.454545454545455,-2.094545454545455,0.0,0.0634748218694886,0.0024930933758660102,0.8814814814814814,0.9729729729729729,1.9054054054054053,0.9238406813609087,278,0.03571428571428571,0.8938706906211481,1.053903345724907,52.0,1.0,6.9,0.0,1.0,0.0,2.0,0.9130658871221949,0,Organizacion,Contenedores,NOA,Mediano,Proveedor F,0,0,test
2026-02-01,T09,SKU00196,4,16.0,33.0,7.833333333333333,0.48331134857874675,0.6808510638297872,12.0,0,0,58217.96180851064,36,0,-8.0,4.595744680851064,1474560.0,599,5.820242914979757,16,0,195,0.0,0.0,0.0,0.0,0,0.0,0.0,0.0,63500.0,0.3549606299212599,30,37,193,600,2,5.0,7.0,17.0,906997.51,26,5.227722772277228,-0.6319780914261637,0.0,0.08318170380298207,0.009374031093256198,0.9616026711185309,0.9165991902834008,1.894736842105263,0.9238406813609087,278,0.03571428571428571,0.9591511936339522,1.1824953445065176,386.0,2.0,3.6,0.0,0.0,0.0,3.0,0.8818677184741611,0,Decoracion,Espejos,NOA,Mediano,Proveedor E,0,0,test
2026-02-01,T09,SKU00415,2,4.0,12.0,1.9166666666666667,0.8746884649048293,0.6956521739130435,8.0,0,0,27412.58869565217,6,0,-2.0,3.1304347826086953,100980.0,135,5.015479876160991,17,0,45,0.0,0.0,0.0,0.0,0,0.0,0.0,0.0,28800.0,0.415625,27,46,192,600,2,2.0,0.0,5.0,103692.65999999997,26,4.0,-0.8695652173913047,0.0,0.048174003623188466,0.0022936459057967293,0.7555555555555555,0.9907120743034057,1.6718266253869971,0.9238406813609087,278,0.03571428571428571,0.8825572894954659,0.6682134570765661,576.0,1.0,7.0,0.0,0.0,0.0,2.0,0.9401004542808096,0,Muebles,Sillas,NOA,Mediano,Proveedor B,0,0,test
2026-02-01,T10,SKU00613,1,2.0,10.0,2.0,0.8528028654224417,0.3333333333333333,9.0,0,0,54470.28,5,0,4.0,2.5,180350.0,33,3.6666666666666665,5,0,5,0.0,0.0,0.0,0.0,0,0.0,0.0,0.0,58600.0,0.3844709897610922,43,25,153,450,2,1.0,0.0,5.0,104116.06,40,0.5454545454545455,1.9545454545454546,0.0,0.0704730375426621,0.0025723966802719727,0.7575757575757576,0.7777777777777778,0.5555555555555556,0.9354949260589074,257,0.03474903474903475,0.8801226161461344,1.091247672253259,306.0,1.0,5.3,0.0,0.0,0.0,3.0,0.884182438511469,0,Decoracion,Espejos,AMBA,Mediano,Proveedor D,0,0,test
2026-02-01,T12,SKU00182,1,4.0,8.0,1.8333333333333333,0.5617403460484768,0.7272727272727273,12.0,0,0,58456.55,8,0,0.0,4.363636363636364,326640.0,96,4.363636363636363,13,0,33,155.0,0.0,0.0,0.0,0,0.0,0.0,0.0,63700.0,0.3590266875981162,44,52,155,1200,2,1.0,2.0,4.0,241266.11000000002,41,4.173913043478261,0.18972332015810345,0.0,0.08231475667189947,0.002444019709321319,1.0833333333333333,0.9242424242424242,1.5,0.9033985580091348,252,0.039525691699604744,0.8754496402877697,1.6763157894736842,310.0,2.0,0.6,0.0,0.0,0.0,2.0,0.9010827944284512,0,Muebles,Mesas auxiliares,Cuyo,Chico,Proveedor J,0,0,test
2026-02-01,T12,SKU00415,2,5.0,14.0,1.9166666666666667,0.519759088641194,0.8695652173913043,12.0,0,0,25964.124782608695,10,0,2.0,5.217391304347826,168300.0,135,5.015479876160991,17,0,45,0.0,0.0,0.0,0.0,0,0.0,0.0,0.0,28800.0,0.415625,27,46,192,1200,2,2.0,1.0,4.0,127946.20000000001,26,4.173913043478261,1.0434782608695654,0.0,0.09846788949275365,0.00255511151429047,1.2592592592592593,0.9907120743034057,1.6718266253869971,0.9033985580091348,252,0.039525691699604744,0.8754496402877697,0.6682134570765661,576.0,1.0,7.0,0.0,0.0,0.0,2.0,0.9010827944284512,0,Muebles,Sillas,Cuyo,Chico,Proveedor B,0,0,test
2026-02-01,T12,SKU00477,1,2.0,9.0,1.8333333333333333,0.7293359164598419,0.36363636363636365,10.0,0,0,10857.07,8,0,2.0,4.363636363636364,61600.0,155,6.36986301369863,17,2,49,0.0,0.0,0.0,0.0,0,0.0,0.0,0.0,12100.0,0.36363636363636365,47,37,193,1200,2,1.0,0.0,4.0,19473.17,44,2.4,1.9636363636363643,0.0,0.1027214876033058,0.002444019709321319,0.8774193548387097,0.9315068493150686,2.0136986301369864,0.9033985580091348,252,0.039525691699604744,0.8754496402877697,0.28074245939675174,0.0,0.0,22.3,0.0,0.0,0.0,2.0,0.9010827944284512,0,Muebles,Sillas,Cuyo,Chico,Proveedor E,0,0,test
2026-02-01,T15,SKU00049,7,23.0,46.0,7.0,0.3280345698783141,1.0952380952380953,12.0,0,0,28559.43357142857,41,0,9.0,5.857142857142857,695770.0,349,5.705722070844687,10,0,87,0.0,306.0,0.0,0.0,0,0.0,0.0,0.0,30100.0,0.43621262458471766,35,25,153,600,2,7.0,9.0,11.0,657438.0399999999,34,4.682926829268293,1.1742160278745635,0.0,0.0511816089226389,0.00769719174678889,1.174785100286533,0.9591280653950953,1.4223433242506813,0.8884758473436318,279,0.02867383512544803,0.940738614429806,0.4519519519519519,612.0,2.0,6.9,0.0,0.0,0.0,2.0,0.8905379159394596,0,Cocina y mesa,Manteleria,NOA,Mediano,Proveedor D,0,0,test
2026-02-01,T15,SKU00352,1,3.0,7.0,1.0833333333333333,0.7319644256296238,0.9230769230769231,9.0,0,0,15852.977692307693,8,0,1.0,7.384615384615385,80480.0,114,5.221374045801527,14,0,25,0.0,0.0,0.0,0.0,0,0.0,0.0,0.0,17200.0,0.41511627906976745,21,31,182,600,2,1.0,1.0,2.0,46432.54,16,6.0,1.384615384615385,0.0,0.07831525044722709,0.0011912320560506615,0.9824561403508772,0.9465648854961833,1.1450381679389314,0.8884758473436318,279,0.02867383512544803,0.887886426960329,0.3202979515828678,364.0,2.0,8.1,0.0,1.0,0.0,3.0,0.8728618675167007,0,Decoracion,Espejos,NOA,Mediano,Proveedor I,0,0,test
2026-02-01,T15,SKU00481,1,3.0,8.0,1.4166666666666667,0.7649115313770576,0.7058823529411764,9.0,0,0,49176.92647058824,9,0,0.0,6.352941176470588,263970.0,111,4.897058823529411,14,0,37,0.0,0.0,0.0,0.0,0,0.0,0.0,0.0,53100.0,0.44764595103578153,38,46,192,600,2,1.0,1.0,3.0,145927.91999999998,36,6.352941176470588,0.0,0.0,0.07388085742771677,0.001557764996373942,1.135135135135135,0.926470588235294,1.6323529411764706,0.8884758473436318,279,0.02867383512544803,0.887886426960329,1.1132075471698113,0.0,0.0,21.6,0.0,0.0,0.0,3.0,0.8728618675167007,0,Decoracion,Velas,NOA,Mediano,Proveedor B,0,0,test
2026-02-01,T15,SKU00490,2,6.0,10.0,2.9166666666666665,0.5558927033053467,0.6857142857142857,12.0,0,0,9052.398857142856,14,0,-10.0,4.8,78260.0,192,5.28440366972477,11,0,44,0.0,0.0,0.0,0.0,0,0.0,0.0,0.0,9900.0,0.4353535353535354,17,25,153,600,2,2.0,2.0,5.0,54238.7,14,7.199999999999999,-2.3999999999999995,0.0,0.08561627705627717,0.003207163227828704,0.8020833333333334,0.7155963302752293,1.2110091743119265,0.8884758473436318,279,0.02867383512544803,0.887886426960329,0.1952662721893491,153.0,1.0,10.9,0.0,0.0,0.0,3.0,0.8728618675167007,0,Decoracion,Cuadros,NOA,Mediano,Proveedor D,0,0,test
2026-02-01,T16,SKU00557,1,4.0,9.0,1.75,0.694532049720568,0.7619047619047619,11.0,0,0,42323.108095238094,10,0,3.0,5.714285714285714,291600.0,94,4.739495798319328,11,0,50,52.0,0.0,0.0,0.0,0,0.0,0.0,0.0,44900.0,0.3505567928730512,33,56,52,600,2,2.0,1.0,4.0,170717.09999999998,30,4.2,1.5142857142857142,0.0,0.057391801887793026,0.0022718799106103537,1.1702127659574468,1.0084033613445378,2.521008403361345,0.9515931282727939,250,0.00796812749003984,0.9858130431161332,0.9238683127572016,104.0,2.0,0.7,0.0,0.0,0.0,2.0,0.9217129540978023,0,Organizacion,Percheros,NOA,Grande,Proveedor F,0,0,test
2026-02-01,T20,SKU00255,1,2.0,6.0,0.9166666666666666,0.8650488666531918,0.7272727272727273,8.0,0,0,17850.65,8,0,0.0,8.727272727272728,97120.0,109,4.935849056603774,14,0,35,0.0,0.0,27.0,0.0,0,0.0,0.0,0.0,19800.0,0.3868686868686869,29,11,36,450,2,1.0,0.0,2.0,36571.34000000001,28,4.363636363636364,4.363636363636364,0.0,0.09845202020202015,0.001130319926801887,1.0275229357798166,0.8452830188679247,1.5849056603773586,0.9243961874099796,276,0.046762589928057555,0.9624322907565962,0.3687150837988827,72.0,2.0,7.8,27.0,1.0,0.0,3.0,0.9071598115293538,0,Decoracion,Espejos,AMBA,Mediano,Proveedor H,0,0,test
2026-02-01,T20,SKU00588,3,8.0,21.0,3.0833333333333335,0.4681218398834803,0.8648648648648648,12.0,0,0,69992.16513513515,14,0,-4.0,4.54054054054054,570640.0,231,5.739130434782608,14,0,73,52.0,0.0,0.0,0.0,0,0.0,0.0,0.0,78400.0,0.48010204081632657,22,56,52,450,2,2.0,3.0,5.0,561302.4700000001,21,5.684210526315789,-1.143669985775249,0.0,0.10724279164368433,0.0038019852083336207,0.8484848484848485,0.9523809523809524,1.813664596273292,0.9243961874099796,276,0.046762589928057555,0.9129989764585464,1.6333333333333333,104.0,2.0,1.5,0.0,0.0,0.0,1.0,0.8736543357034691,0,Iluminacion,Guirnaldas,AMBA,Mediano,Proveedor F,0,0,test
2026-02-01,T21,SKU00609,0,0.0,0.0,0.16666666666666666,2.3354968324845693,0.0,2.0,7,0,60983.46,1,0,-1.0,6.0,36470.0,41,4.513761467889909,16,1,24,0.0,0.0,0.0,0.0,0,0.0,0.0,0.0,65600.0,0.4440548780487805,20,31,182,600,2,0.0,0.0,1.0,0.0,19,8.0,-2.0,0.0,0.07037408536585366,0.00019814472207436423,0.3902439024390244,1.0642201834862386,2.6422018348623855,0.9098805637654807,266,0.05263157894736842,0.8378024281596647,1.3666666666666667,0.0,0.0,,0.0,0.0,0.0,1.0,0.9152227823549841,0,Iluminacion,Guirnaldas,Cuyo,Grande,Proveedor I,0,1,test
2026-02-01,T21,SKU00637,0,1.0,2.0,0.5,1.3483997249264845,0.6666666666666666,5.0,2,0,48750.77,2,0,1.0,4.0,57880.0,46,4.246153846153846,16,1,20,0.0,0.0,0.0,0.0,0,0.0,0.0,0.0,50400.0,0.42579365079365084,42,25,153,600,2,0.0,1.0,2.0,49214.15,38,1.3333333333333333,2.666666666666667,0.0,0.03272281746031758,0.0005944341662230927,0.6956521739130435,1.0461538461538462,1.846153846153846,0.9098805637654807,266,0.05263157894736842,0.8378024281596647,1.250620347394541,0.0,0.0,22.9,0.0,0.0,0.0,1.0,0.9152227823549841,0,Iluminacion,Lamparas de mesa,Cuyo,Grande,Proveedor D,0,0,test
2026-02-01,T22,SKU00391,1,3.0,8.0,1.0833333333333333,0.47531875434871135,0.9230769230769231,11.0,0,0,39125.161538461536,4,0,0.0,3.6923076923076925,83560.0,23,3.780821917808219,8,0,15,0.0,0.0,0.0,0.0,0,0.0,0.0,0.0,42400.0,0.507311320754717,28,46,192,1500,2,1.0,1.0,2.0,117878.01,26,4.0,-0.3076923076923075,0.0,0.07723675616836001,0.0012448408848360513,1.391304347826087,0.8219178082191781,2.4657534246575343,0.9253955623888924,282,0.04240282685512368,0.9519952251023193,0.8833333333333333,384.0,2.0,7.2,40.0,0.0,0.0,3.0,0.9026940183391106,0,Decoracion,Plantas artificiales,AMBA,Mediano,Proveedor B,0,0,test
2026-02-01,T24,SKU00225,3,10.0,14.0,2.3333333333333335,0.5275349613399973,1.4285714285714286,12.0,0,0,2363.2060714285712,8,0,-2.0,3.4285714285714284,11440.0,48,4.465116279069767,6,0,21,42.0,0.0,0.0,0.0,0,0.0,0.0,0.0,2600.0,0.44999999999999996,33,28,21,800,2,2.0,5.0,5.0,23405.01,29,4.615384615384616,-1.1868131868131875,0.0,0.091074587912088,0.0024856584654540746,1.0,1.0852713178294573,1.9534883720930232,0.9324770186117713,283,0.038869257950530034,0.9037110675532464,0.05591397849462366,63.0,2.0,2.7,0.0,0.0,0.0,4.0,0.9202546679702339,0,Bano,Alfombras de bano,AMBA,Grande,Proveedor G,0,0,test
2026-02-01,T25,SKU00589,2,8.0,17.0,3.0833333333333335,0.6406136244189795,0.8648648648648648,12.0,0,0,47586.37432432433,11,0,2.0,3.5675675675675675,297000.0,196,5.924433249370277,11,0,25,0.0,0.0,0.0,0.0,0,0.0,0.0,0.0,51400.0,0.47470817120622566,39,37,193,1500,2,2.0,4.0,7.0,357499.33,35,3.0,0.5675675675675675,0.0,0.0741950520559469,0.003732630950624721,0.6173469387755103,0.7455919395465995,0.7556675062972291,0.9765369622174945,266,0.04477611940298507,1.0634620716327639,1.0158102766798418,193.0,1.0,6.4,0.0,0.0,0.0,4.0,0.9005537405511329,0,Bano,Accesorios de bano,Centro,Grande,Proveedor E,0,0,test
2026-02-01,T25,SKU00716,1,2.0,8.0,1.5,0.6030226891555271,0.4444444444444444,10.0,0,0,15980.457777777778,8,0,-2.0,5.333333333333333,64080.0,86,4.336134453781513,13,0,40,386.0,0.0,0.0,13.0,0,0.0,0.0,0.0,17100.0,0.531578947368421,24,37,193,1500,2,1.0,0.0,3.0,33730.51,21,5.714285714285714,-0.3809523809523814,0.0,0.06547030539311238,0.0018158745165201345,1.2093023255813955,1.0084033613445378,2.0168067226890756,0.9765369622174945,266,0.04477611940298507,1.0111483482661925,0.42431761786600497,579.0,2.0,1.8,0.0,0.0,0.0,1.0,0.9048473621956132,0,Iluminacion,Lamparas de mesa,Centro,Grande,Proveedor E,0,0,test
2026-02-01,T26,SKU00546,6,16.0,36.0,5.666666666666667,0.3475524451181161,0.9411764705882352,12.0,0,0,58233.313382352935,33,0,-16.0,5.823529411764706,1357620.0,536,4.792846497764531,18,0,170,0.0,0.0,0.0,0.0,0,0.0,0.0,0.0,64900.0,0.36610169491525424,34,32,147,1200,2,4.0,6.0,10.0,931806.4200000002,31,8.521739130434783,-2.6982097186700775,0.0,0.10272244403154185,0.006764770189671529,1.1082089552238805,0.9746646795827124,1.520119225037258,0.9609952945915731,271,0.02214022140221402,0.9948090898604222,1.3520833333333333,588.0,2.0,7.3,0.0,1.0,0.0,1.0,0.8924030761482454,0,Iluminacion,Guirnaldas,NOA,Mediano,Proveedor A,0,0,test
2026-02-01,T27,SKU00136,9,36.0,77.0,13.916666666666666,0.2261078305638291,0.8622754491017964,12.0,0,0,64093.92155688623,95,0,35.0,6.826347305389222,3652750.0,1221,5.372937293729373,18,0,265,0.0,0.0,0.0,0.0,0,0.0,0.0,0.0,68500.0,0.4386861313868613,21,31,182,1200,2,12.0,15.0,18.0,2330069.5799999996,17,4.1618497109826595,2.664497594406562,0.0,0.06432231303815727,0.016636177573309666,1.4004914004914006,0.8654198753208654,1.166116611661166,0.953940337976128,269,0.048327137546468404,0.9251487496559171,1.6666666666666667,182.0,1.0,5.3,0.0,1.0,0.0,2.0,0.9137249638604812,0,Cocina y mesa,Cristaleria,AMBA,Chico,Proveedor I,0,0,test
2026-02-01,T27,SKU00577,2,7.0,14.0,2.6666666666666665,0.538305421923955,0.8750000000000001,11.0,0,0,10166.7559375,23,0,-2.0,8.625,154100.0,208,5.321961620469083,13,0,61,0.0,72.0,0.0,0.0,0,0.0,0.0,0.0,10900.0,0.3853211009174312,26,11,36,1200,2,3.0,2.0,5.0,70530.5,25,9.67741935483871,-1.05241935483871,0.0,0.06727009747706425,0.003187770552969517,1.4375,0.8528784648187633,1.5607675906183367,0.953940337976128,269,0.048327137546468404,0.9171273533233129,0.2529002320185615,108.0,2.0,8.4,0.0,1.0,0.0,2.0,0.8768901930046676,0,Muebles,Sillas,AMBA,Chico,Proveedor H,0,0,test
2026-02-01,T27,SKU00708,1,3.0,8.0,1.8333333333333333,0.6079859225702324,0.5454545454545455,12.0,0,0,65862.12409090908,5,0,-4.0,2.7272727272727275,194900.0,140,5.419354838709678,16,0,43,0.0,0.0,0.0,0.0,0,0.0,0.0,0.0,73300.0,0.468212824010914,49,31,182,1200,2,1.0,1.0,4.0,190753.61999999988,45,5.142857142857143,-2.4155844155844157,0.0,0.10147170408036721,0.002191592255166543,0.5714285714285714,0.8516129032258065,1.664516129032258,0.953940337976128,269,0.048327137546468404,0.9171273533233129,1.7006960556844548,0.0,0.0,13.3,45.0,0.0,0.0,2.0,0.8768901930046676,0,Muebles,Sillas,AMBA,Chico,Proveedor I,0,0,test
2026-02-01,T28,SKU00510,3,8.0,18.0,2.6666666666666665,0.3328595117244729,1.0,12.0,0,0,28834.740312500002,17,0,5.0,6.375,292230.0,190,5.364705882352942,11,0,45,0.0,0.0,0.0,0.0,0,0.0,0.0,0.0,31200.0,0.4490384615384615,34,56,52,1500,2,2.0,3.0,4.0,218890.47000000003,33,4.363636363636363,2.0113636363636367,0.0,0.07580960536858972,0.0032236712364706764,0.9842105263157894,0.931764705882353,1.2705882352941178,0.9542066859953203,268,0.026022304832713755,0.9084061776595377,0.6964285714285714,52.0,1.0,8.5,0.0,0.0,0.0,1.0,0.8900697620269126,0,Textil hogar,Sabanas,AMBA,Grande,Proveedor F,0,0,test
2026-03-01,T01,SKU00058,1,2.0,4.0,1.75,0.9784315949006422,0.38095238095238093,9.0,0,0,52440.48285714285,19,0,-8.0,10.857142857142858,668610.0,235,5.2611940298507465,17,0,123,0.0,0.0,0.0,0.0,0,0.0,0.0,0.0,57200.0,0.38479020979020984,20,37,193,800,3,1.0,0.0,5.0,63631.13,19,10.8,0.05714285714285694,0.0,0.08320834165834179,0.002223118313201762,1.3744680851063829,1.0149253731343284,2.753731343283582,0.9231234138628269,267,0.04868913857677903,0.9096893643283275,1.1304347826086956,0.0,0.0,,0.0,1.0,0.0,4.0,0.9433846506958566,1,Bano,Accesorios de bano,Cuyo,Grande,Proveedor E,0,1,test
2026-03-01,T01,SKU00344,16,48.0,88.0,12.583333333333334,0.3496332968601039,1.2715231788079469,12.0,0,0,70433.77761589404,53,0,-9.0,4.211920529801325,1905880.0,1060,5.021713383339913,17,0,409,0.0,0.0,0.0,0.0,0,0.0,0.0,0.0,75800.0,0.5255936675461741,20,25,153,800,3,15.0,17.0,20.0,3310752.09,19,5.13103448275862,-0.9191139529572956,0.0,0.07079449055548759,0.015985279299688862,0.85,1.0343466245558626,1.9376233714962494,0.9231234138628269,267,0.04868913857677903,0.9621422804341975,1.1381381381381381,765.0,5.0,4.9,17.0,0.0,0.0,2.0,0.8950407626982348,1,Cocina y mesa,Manteleria,Cuyo,Grande,Proveedor D,0,0,test
2026-03-01,T01,SKU00563,6,14.0,29.0,5.833333333333333,0.3172235769511072,0.8,12.0,0,0,7446.306285714287,51,0,8.0,8.742857142857144,205530.0,569,5.68053244592346,16,0,229,0.0,0.0,0.0,0.0,0,0.0,0.0,0.0,8200.0,0.5085365853658537,35,37,193,800,3,4.0,4.0,10.0,101251.06999999998,31,7.068493150684932,1.6743639921722115,0.0,0.09191386759581865,0.007410394377339207,1.4340949033391917,0.8985024958402662,2.2861896838602327,0.9231234138628269,267,0.04868913857677903,0.9094917870135597,0.21079691516709512,193.0,1.0,3.7,0.0,0.0,0.0,1.0,0.916877291927772,1,Textil hogar,Toallas,Cuyo,Grande,Proveedor E,0,0,test
2026-03-01,T02,SKU00042,3,7.0,16.0,2.0,0.6741998624632419,1.1666666666666667,10.0,0,0,60826.75125000001,10,0,1.0,5.0,358100.0,140,5.283018867924528,18,4,42,0.0,0.0,0.0,0.0,0,0.0,1.0,10.0,67100.0,0.4663189269746647,31,32,147,450,3,3.0,1.0,4.0,411264.72,29,4.909090909090909,0.09090909090909083,0.0,0.09349103949329352,0.0023351439544222357,1.2857142857142858,0.8679245283018868,1.5849056603773586,0.9114845235428127,251,0.0199203187250996,0.9001040181839195,1.3979166666666667,294.0,2.0,3.0,0.0,0.0,0.0,4.0,0.9195861235836024,1,Decoracion,Plantas artificiales,AMBA,Grande,Proveedor A,0,0,test
2026-03-01,T02,SKU00500,1,3.0,6.0,1.1666666666666667,0.7155832370886183,0.8571428571428571,10.0,0,0,20525.174285714285,10,0,-1.0,8.571428571428571,128400.0,144,5.333333333333333,17,1,26,0.0,0.0,0.0,0.0,0,0.0,0.0,0.0,21900.0,0.41369863013698627,49,28,21,450,3,1.0,1.0,3.0,63444.01999999999,45,8.8,-0.22857142857142954,0.0,0.06277742987606005,0.0013621673067463044,1.1805555555555556,0.8641975308641975,0.9629629629629629,0.9114845235428127,251,0.0199203187250996,0.9780322748568455,0.6221590909090909,42.0,2.0,3.1,7.0,0.0,0.0,2.0,0.919144115754725,1,Organizacion,Cajas,AMBA,Grande,Proveedor G,0,0,test
2026-03-01,T03,SKU00026,8,22.0,48.0,7.083333333333333,0.2288969954786722,1.035294117647059,12.0,0,0,52212.41964705882,31,19,-9.0,4.376470588235295,909850.0,589,5.9545071609098565,16,0,228,0.0,0.0,0.0,0.0,0,0.0,0.0,0.0,56200.0,0.47775800711743777,23,37,193,450,3,8.0,6.0,9.0,1160367.4100000001,21,5.853658536585366,-1.4771879483500712,0.6129032258064516,0.07095338706301024,0.00866732553349077,0.8421052631578947,0.9064869418702611,2.3049705139005896,0.949531004327836,254,0.03937007874015748,0.9458835234338913,1.367396593673966,0.0,0.0,18.0,0.0,1.0,0.0,2.0,0.9433850195042642,1,Cocina y mesa,Cristaleria,Cuyo,Chico,Proveedor E,0,0,test
2026-03-01,T03,SKU00453,3,7.0,19.0,2.5833333333333335,0.5587260669577023,0.9032258064516129,11.0,0,0,78214.64451612903,14,19,-17.0,5.419354838709677,591640.0,250,5.042016806722689,20,2,89,0.0,0.0,0.0,0.0,0,0.0,0.0,0.0,84500.0,0.49988165680473373,40,10,35,450,3,2.0,2.0,4.0,557518.48,39,12.0,-6.580645161290323,1.3571428571428572,0.07438290513456769,0.0031610246063319284,1.12,0.7394957983193277,1.7949579831932772,0.949531004327836,254,0.03937007874015748,0.941281936351412,1.8172043010752688,105.0,1.0,4.0,0.0,1.0,0.0,4.0,0.8892624614736667,1,Bano,Alfombras de bano,Cuyo,Chico,Proveedor C,0,0,test
2026-03-01,T04,SKU00295,7,19.0,43.0,7.166666666666667,0.2512567360126102,0.883720930232558,12.0,0,0,17652.086976744187,23,0,-3.0,3.2093023255813953,230460.0,670,5.296442687747035,19,1,149,0.0,0.0,0.0,0.0,0,0.0,0.0,0.0,18600.0,0.4612903225806452,22,56,52,450,3,5.0,7.0,11.0,341928.43999999994,21,3.586206896551724,-0.3769045709703289,0.0,0.050963065766441495,0.008235119672256663,0.6522388059701493,0.9644268774703557,1.1778656126482214,0.913140711565576,285,0.06293706293706294,0.914235959947758,0.4460431654676259,52.0,1.0,5.6,0.0,1.0,0.0,2.0,0.9094398895492021,1,Cocina y mesa,Cubiertos,Centro,Grande,Proveedor F,0,0,test
2026-03-01,T04,SKU00305,1,3.0,8.0,1.5,1.005037815259212,0.6666666666666666,10.0,0,0,8643.554444444446,9,0,1.0,6.0,46488.402063,73,5.245508982035927,9,0,21,0.0,0.0,0.0,0.0,0,0.0,1.0,10.0,9400.0,0.45049170138297867,13,32,147,450,3,1.0,1.0,4.0,26517.32,12,4.444444444444445,1.5555555555555554,0.0,0.08047293144208023,0.0017236296988444178,1.1095890410958904,0.8143712574850299,1.5089820359281436,0.913140711565576,285,0.06293706293706294,0.8825093035619352,0.1750465549348231,588.0,3.0,8.9,0.0,1.0,0.0,4.0,0.9157806904438234,1,Decoracion,Espejos,Centro,Grande,Proveedor A,1,0,test
2026-03-01,T06,SKU00096,1,3.0,6.0,0.6666666666666666,1.3314380468978921,1.5,6.0,0,0,15540.57875,2,0,-1.0,3.0,17340.0,40,4.705882352941177,13,0,13,192.0,0.0,0.0,0.0,0,0.0,0.0,0.0,17000.0,0.49,40,46,192,1500,3,1.0,1.0,3.0,45628.479999999996,40,4.5,-1.5,0.0,0.08584830882352934,0.000875458123256545,0.6499999999999999,0.9411764705882353,1.5294117647058822,0.9328006303298488,260,0.02681992337164751,0.9303375444819366,0.38031319910514544,576.0,3.0,1.2,0.0,1.0,0.0,1.0,0.9023286420923036,1,Iluminacion,Apliques,Centro,Mediano,Proveedor B,0,0,test
2026-03-01,T06,SKU00288,0,0.0,-2.0,0.3333333333333333,3.4641016151377544,0.0,4.0,6,0,21483.7875,3,0,0.0,9.0,37170.0,42,5.04,15,1,12,0.0,0.0,0.0,0.0,0,0.0,0.0,0.0,23000.0,0.461304347826087,25,56,52,1500,3,0.0,0.0,3.0,0.0,23,6.0,3.0,0.0,0.0659222826086957,0.0004377290616282725,1.0714285714285714,0.7999999999999999,1.44,0.9328006303298488,260,0.02681992337164751,0.9060429261596136,0.6020942408376964,52.0,1.0,10.2,0.0,0.0,0.0,4.0,0.9176232328313813,1,Bano,Cortinas de bano,Centro,Mediano,Proveedor F,0,0,test
2026-03-01,T07,SKU00501,0,0.0,1.0,0.4166666666666667,1.2358287613066485,0.0,5.0,5,0,12632.333999999999,4,0,2.0,9.6,27160.0,34,4.636363636363637,11,0,10,0.0,0.0,0.0,0.0,0,0.0,0.0,0.0,13900.0,0.5115107913669065,48,25,153,800,3,0.0,0.0,1.0,0.0,45,4.8,4.8,0.0,0.0911989928057555,0.000514979666105911,1.2941176470588236,0.7272727272727273,1.3636363636363638,0.9121319846067897,263,0.045627376425855515,0.9215262778977682,0.258364312267658,0.0,0.0,15.0,0.0,0.0,0.0,2.0,0.8825732217552564,1,Organizacion,Contenedores,Centro,Mediano,Proveedor D,0,1,test
2026-03-01,T07,SKU00668,6,17.0,35.0,6.083333333333333,0.39313788429267654,0.9315068493150686,12.0,0,0,52121.1297260274,35,0,-12.0,5.7534246575342465,1272950.0,573,5.193353474320242,17,0,158,0.0,0.0,0.0,0.0,0,0.0,1.0,10.0,56600.0,0.35742049469964665,40,11,36,800,3,6.0,5.0,11.0,921981.38,38,7.621621621621621,-1.8681969640873746,0.0,0.07913198363909191,0.007518703125146301,1.0383944153577662,0.9123867069486405,1.43202416918429,0.9121319846067897,263,0.045627376425855515,0.9520903265181568,1.054003724394786,36.0,1.0,7.7,0.0,0.0,0.0,4.0,0.9180869486230938,1,Decoracion,Espejos,Centro,Mediano,Proveedor H,0,0,test
2026-03-01,T09,SKU00174,0,0.0,1.0,0.3333333333333333,3.219260219931959,0.0,4.0,3,0,64732.27250000001,4,0,1.0,12.0,149000.0,32,6.508474576271186,9,1,0,0.0,0.0,0.0,0.0,0,0.0,0.0,0.0,68400.0,0.45540935672514615,42,10,35,600,3,0.0,0.0,2.0,0.0,38,7.199999999999999,4.800000000000001,0.0,0.053621747076023296,0.00038105456107463323,1.125,0.6101694915254237,0.0,0.9088151281630003,275,0.06159420289855073,0.891658096908838,1.0,0.0,0.0,25.8,0.0,0.0,0.0,2.0,0.9101481722708659,1,Muebles,Racks,NOA,Mediano,Proveedor C,0,1,test
2026-03-01,T09,SKU00747,2,6.0,13.0,1.6666666666666667,0.5908391567007971,1.2,10.0,0,0,49333.9835,9,0,1.0,5.3999999999999995,279540.0,61,4.662420382165605,7,1,22,0.0,0.0,0.0,0.0,0,0.0,0.0,0.0,51600.0,0.398062015503876,34,25,153,600,3,2.0,2.0,3.0,306441.2299999999,33,4.8,0.5999999999999996,0.0,0.04391504844961236,0.0019052728053731663,1.0327868852459017,0.9681528662420381,1.681528662420382,0.9088151281630003,275,0.06159420289855073,0.891658096908838,1.197215777262181,306.0,1.0,11.4,0.0,0.0,0.0,2.0,0.9101481722708659,1,Muebles,Sillas,NOA,Mediano,Proveedor D,0,0,test
2026-03-01,T10,SKU00611,1,3.0,5.0,1.25,0.9723448696087955,0.8,9.0,0,0,58099.182,7,0,-5.0,5.6,298480.0,129,4.977491961414791,16,0,55,0.0,0.0,0.0,0.0,0,0.0,0.0,0.0,68800.0,0.38023255813953494,33,46,192,450,3,1.0,1.0,4.0,118888.65,30,8.0,-2.4000000000000004,0.0,0.15553514534883717,0.0016011722521700738,0.8682170542635659,0.9260450160771704,2.122186495176849,0.9312417818621148,256,0.04263565891472868,0.9794352836424035,1.5962877030162412,192.0,1.0,5.3,0.0,0.0,0.0,2.0,0.8885045350806597,1,Muebles,Sillas,AMBA,Mediano,Proveedor B,0,0,test
2026-03-01,T10,SKU00797,1,4.0,9.0,2.9166666666666665,0.6612519749664506,0.45714285714285713,12.0,0,0,6387.420571428572,23,0,4.0,7.885714285714286,100740.0,279,5.679827267119062,15,1,95,441.0,0.0,0.0,0.0,0,0.0,0.0,0.0,6800.0,0.3558823529411764,13,32,147,450,3,2.0,1.0,7.0,25651.209999999995,12,5.0,2.885714285714286,0.0,0.060673445378151225,0.0037360685883968386,1.2365591397849462,0.9432449105490439,1.9339913633559533,0.9312417818621148,256,0.04263565891472868,0.9116921558954121,0.17801047120418848,588.0,2.0,2.4,0.0,1.0,0.0,4.0,0.919910960553921,1,Bano,Cortinas de bano,AMBA,Mediano,Proveedor A,0,0,test
2026-03-01,T11,SKU00130,3,8.0,15.0,2.1666666666666665,0.6171303908506353,1.2307692307692308,12.0,0,0,43152.04923076923,10,17,-2.0,4.615384615384616,241777.1083725,56,5.383831026948289,7,1,16,0.0,0.0,0.0,0.0,0,0.0,0.0,0.0,45500.0,0.46862173984065936,13,46,192,800,3,3.0,2.0,5.0,346060.39,11,6.0,-1.3846153846153841,1.7,0.05160331360946746,0.0027341969923833083,1.25,0.833211944646759,1.5382374362709397,0.9371985998507709,263,0.052830188679245285,0.9082473030970885,1.2926136363636365,576.0,1.0,8.6,0.0,1.0,0.0,2.0,0.9024488994824524,1,Organizacion,Cajas,AMBA,Grande,Proveedor B,1,0,test
2026-03-01,T11,SKU00336,1,3.0,7.0,2.25,0.7122465682345129,0.4444444444444444,11.0,0,0,29288.09037037037,18,0,4.0,8.0,267120.0,91,6.0,5,0,22,576.0,192.0,0.0,0.0,0,0.0,1.0,10.0,32500.0,0.5433846153846154,13,46,192,800,3,1.0,1.0,6.0,91593.36,12,5.6,2.4000000000000004,0.0,0.09882798860398867,0.002839358415167282,0.989010989010989,0.8131868131868133,1.4505494505494505,0.9371985998507709,263,0.052830188679245285,0.8816169242879353,0.6813417190775681,1344.0,3.0,2.9,0.0,0.0,0.0,4.0,0.9186628919356207,1,Decoracion,Velas,AMBA,Grande,Proveedor B,0,0,test
2026-03-01,T11,SKU00406,1,4.0,9.0,1.4166666666666667,0.8220001079162225,0.9411764705882352,10.0,0,0,43725.54529411765,5,18,2.0,3.5294117647058822,130350.0,112,5.209302325581396,14,0,29,0.0,0.0,0.0,0.0,0,0.0,1.0,10.0,48300.0,0.46024844720496894,31,32,147,800,3,2.0,1.0,4.0,177595.42,29,2.1176470588235294,1.4117647058823528,3.6,0.0947092071611253,0.001787744187327548,0.625,1.1007751937984496,1.3488372093023255,0.9371985998507709,263,0.052830188679245285,0.8816169242879353,0.8994413407821229,588.0,3.0,3.7,0.0,0.0,0.0,4.0,0.9186628919356207,1,Decoracion,Espejos,AMBA,Grande,Proveedor A,0,0,test
2026-03-01,T11,SKU00664,9,35.0,72.0,10.75,0.8283534440033091,1.0852713178294573,11.0,0,0,77358.5219379845,54,0,-1.0,5.023255813953488,2516940.0,980,5.135371179039301,15,0,226,193.0,0.0,0.0,0.0,0,0.0,0.0,0.0,82600.0,0.4357142857142857,21,37,193,800,3,17.0,9.0,19.0,2714084.13,19,4.551724137931035,0.4715316760224537,0.0,0.06345615087185841,0.01356582353913257,0.826530612244898,0.9694323144104803,1.1842794759825328,0.9371985998507709,263,0.052830188679245285,0.979622641509434,1.84375,193.0,1.0,1.7,0.0,0.0,0.0,1.0,0.9051634710334281,1,Textil hogar,Sabanas,AMBA,Grande,Proveedor E,0,0,test
2026-03-01,T13,SKU00077,4,9.0,19.0,3.5833333333333335,0.4365430576607528,0.8372093023255813,12.0,0,0,31404.692325581396,13,0,-2.0,3.627906976744186,199940.0,258,4.719512195121951,17,0,85,0.0,0.0,0.0,0.0,0,0.0,1.0,10.0,33500.0,0.5408955223880597,47,10,35,1200,3,2.0,3.0,7.0,276145.42,45,3.5999999999999996,0.027906976744186185,0.0,0.06254649774383891,0.004309685037648242,0.8565891472868218,0.902439024390244,1.5548780487804879,0.9256802559934689,269,0.02952029520295203,0.8979104477611939,0.7023060796645703,35.0,1.0,5.3,0.0,0.0,0.0,4.0,0.9144323017827056,1,Decoracion,Velas,Centro,Chico,Proveedor C,0,0,test
2026-03-01,T13,SKU00218,8,28.0,57.0,7.416666666666667,0.4507132068010259,1.2584269662921348,12.0,0,0,24344.68191011236,36,0,10.0,4.853932584269662,435600.0,366,6.328530259365995,9,0,93,0.0,0.0,0.0,0.0,0,0.0,0.0,0.0,26600.0,0.5451127819548872,31,52,155,1200,3,11.0,9.0,12.0,670011.86,30,3.7142857142857144,1.139646869983948,0.0,0.08478639435667823,0.008920045775597525,0.8852459016393444,0.9221902017291067,1.60806916426513,0.9256802559934689,269,0.02952029520295203,1.017768899169383,0.5950782997762863,0.0,0.0,19.5,0.0,0.0,0.0,1.0,0.9477116756255297,1,Iluminacion,Apliques,Centro,Chico,Proveedor J,0,0,test
2026-03-01,T14,SKU00166,1,5.0,10.0,1.1666666666666667,0.7155832370886188,1.4285714285714286,9.0,0,0,53171.14571428572,3,0,0.0,2.571428571428571,105960.0,52,4.363636363636364,19,3,17,0.0,0.0,0.0,0.0,0,0.0,1.0,10.0,57500.0,0.3857391304347826,38,46,192,1500,3,2.0,2.0,2.0,264256.30000000005,35,3.5999999999999996,-1.0285714285714285,0.0,0.07528442236024835,0.0015789873788912044,1.096153846153846,1.006993006993007,1.4265734265734267,0.9275423002858046,257,0.05405405405405406,0.8941703715181349,1.0707635009310987,192.0,1.0,7.6,0.0,0.0,0.0,4.0,0.9130017546654235,1,Decoracion,Espejos,AMBA,Grande,Proveedor B,0,0,test
2026-03-01,T15,SKU00006,4,13.0,20.0,3.5833333333333335,0.4827523234452926,1.2093023255813953,12.0,0,0,62870.23418604651,8,1,3.0,2.2325581395348837,249840.0,152,4.437956204379562,10,0,68,0.0,0.0,0.0,0.0,0,0.0,1.0,10.0,66200.0,0.5282477341389729,43,25,153,600,3,3.0,6.0,7.0,833761.2000000001,38,1.875,0.3575581395348837,0.125,0.05029857725005271,0.004190075279618871,0.5263157894736842,1.0316301703163018,1.9854014598540146,0.8847879892776592,263,0.045627376425855515,0.8857220167764047,1.3057199211045365,0.0,0.0,,0.0,0.0,0.0,4.0,0.8706207305197451,1,Decoracion,Cuadros,NOA,Mediano,Proveedor D,0,0,test
2026-03-01,T15,SKU00447,11,37.0,80.0,13.25,0.2577012149341115,0.9308176100628931,12.0,0,0,40136.9051572327,49,0,23.0,3.69811320754717,1092700.0,1402,5.563492063492063,20,0,517,0.0,0.0,0.0,0.0,0,0.0,0.0,0.0,43100.0,0.48259860788863107,25,46,192,600,3,13.0,13.0,19.0,1454734.82,24,1.813953488372093,1.884159719175077,0.0,0.06874930029622506,0.01549353417347443,0.6990014265335236,0.8875661375661376,2.0515873015873014,0.8847879892776592,263,0.045627376425855515,0.8859867670950952,1.0,0.0,0.0,16.2,0.0,0.0,0.0,2.0,0.9591273959285499,1,Muebles,Sillas,NOA,Mediano,Proveedor B,0,0,test
2026-03-01,T15,SKU00484,1,3.0,5.0,1.0,0.7385489458759963,1.0,9.0,0,0,52113.924166666664,3,0,0.0,3.0,102780.0,39,5.8500000000000005,12,1,8,0.0,579.0,0.0,0.0,0,0.0,0.0,0.0,63800.0,0.46300940438871474,28,37,193,600,3,1.0,1.0,2.0,116086.0,27,3.5999999999999996,-0.5999999999999996,0.0,0.1831673328108674,0.001169323333847127,0.9230769230769231,0.9000000000000001,1.2000000000000002,0.8847879892776592,263,0.045627376425855515,0.8760901760737205,1.5523114355231145,193.0,1.0,4.3,0.0,1.0,0.0,2.0,0.9282679024230359,1,Cocina y mesa,Cristaleria,NOA,Mediano,Proveedor E,0,0,test
2026-03-01,T16,SKU00376,6,17.0,40.0,6.416666666666667,0.28549954364282426,0.8831168831168831,12.0,0,0,9596.741818181818,32,0,5.0,4.987012987012987,168320.0,373,5.56024844720497,11,0,124,465.0,0.0,0.0,0.0,0,0.0,0.0,0.0,10200.0,0.484313725490196,29,52,155,600,3,5.0,6.0,11.0,167895.44,26,4.438356164383562,0.5486568226294253,0.0,0.05914295900178257,0.008088765688098978,0.9436997319034853,0.8546583850931678,1.8484472049689442,0.9290525161759398,247,0.008032128514056224,0.8913228212633367,0.20987654320987653,465.0,1.0,0.1,0.0,0.0,0.0,2.0,0.8897369560887282,1,Organizacion,Percheros,NOA,Grande,Proveedor J,0,0,test
2026-03-01,T16,SKU00547,5,11.0,24.0,3.6666666666666665,0.7385489458759964,1.0,11.0,0,0,76165.82363636364,19,0,2.0,5.181818181818182,871150.0,210,5.662921348314606,12,0,104,147.0,0.0,0.0,0.0,0,0.0,0.0,0.0,82300.0,0.4428918590522479,20,32,147,600,3,3.0,3.0,10.0,828808.5900000001,16,4.340425531914894,0.8413926499032875,0.0,0.07453434220700317,0.004622151821770844,1.0857142857142856,1.0157303370786515,2.804494382022472,0.9290525161759398,247,0.008032128514056224,0.8913228212633367,1.6934156378600822,294.0,2.0,2.4,0.0,0.0,0.0,2.0,0.8897369560887282,1,Organizacion,Percheros,NOA,Grande,Proveedor A,0,0,test
2026-03-01,T16,SKU00781,3,6.0,12.0,3.0,0.5318160234783103,0.6666666666666666,12.0,0,0,68201.36416666668,18,0,2.0,6.0,634680.0,128,5.242320819112629,8,0,54,0.0,0.0,0.0,0.0,0,0.0,0.0,0.0,73100.0,0.5176470588235293,37,32,147,600,3,2.0,1.0,6.0,416945.2499999999,35,4.682926829268293,1.3170731707317067,0.0,0.06701280209758298,0.0037817605814488725,1.125,0.9283276450511947,2.21160409556314,0.9290525161759398,247,0.008032128514056224,0.8913228212633367,1.5041152263374487,0.0,0.0,15.8,0.0,0.0,0.0,2.0,0.8897369560887282,1,Organizacion,Percheros,NOA,Grande,Proveedor A,0,0,test
2026-03-01,T17,SKU00040,6,18.0,36.0,6.75,0.25366745052979583,0.8888888888888888,12.0,0,0,3452.0058024691352,20,0,2.0,2.962962962962963,44600.0,366,3.9074733096085406,14,0,221,0.0,0.0,0.0,0.0,0,0.0,0.0,0.0,3700.0,0.39729729729729735,42,46,192,600,3,6.0,6.0,10.0,63289.75,39,2.511627906976744,0.4513350559862186,0.0,0.06702545879212563,0.008137769112645235,0.7650273224043715,0.9644128113879002,2.3594306049822062,0.9234860948572222,259,0.0421455938697318,0.855613073938253,0.08390022675736962,0.0,0.0,25.5,0.0,1.0,0.0,2.0,0.878034366666435,1,Muebles,Estanterias,Centro,Chico,Proveedor B,0,0,test
2026-03-01,T17,SKU00562,4,11.0,25.0,3.9166666666666665,0.3842660504744395,0.9361702127659575,12.0,0,0,24450.19106382979,22,0,7.0,5.617021276595745,315920.0,210,5.7534246575342465,12,0,82,0.0,0.0,0.0,0.0,0,0.0,0.0,0.0,27400.0,0.4759124087591241,35,10,35,600,3,4.0,3.0,7.0,262253.79999999993,34,5.0,0.6170212765957448,0.0,0.10765726044416835,0.004721915411041062,1.2571428571428571,0.8401826484018265,2.2465753424657535,0.9234860948572222,259,0.0421455938697318,0.9494087528952824,0.541501976284585,0.0,0.0,17.4,0.0,0.0,0.0,4.0,0.919755511396646,1,Bano,Accesorios de bano,Centro,Chico,Proveedor C,0,0,test
2026-03-01,T18,SKU00225,2,5.0,9.0,1.5,0.7247430753394785,1.1111111111111112,10.0,0,0,2398.0866666666666,6,0,-3.0,4.0,8580.0,46,4.380952380952381,6,0,23,0.0,0.0,0.0,0.0,0,0.0,0.0,0.0,2600.0,0.44999999999999996,34,28,21,1200,3,1.0,2.0,4.0,11950.909999999998,31,6.0,-2.0,0.0,0.0776589743589744,0.0018694636024248893,0.7826086956521738,1.0158730158730158,2.1904761904761907,0.930162001295406,269,0.03345724907063197,0.9914048463069975,0.05591397849462366,63.0,2.0,3.7,0.0,0.0,0.0,4.0,0.9229132955986584,1,Bano,Alfombras de bano,NOA,Mediano,Proveedor G,0,0,test
2026-03-01,T21,SKU00477,1,3.0,6.0,1.25,0.9723448696087955,0.8,9.0,0,0,11565.711333333333,8,0,-1.0,6.4,61600.0,151,6.184300341296928,17,1,43,0.0,0.0,0.0,0.0,0,0.0,0.0,0.0,12100.0,0.36363636363636365,48,37,193,600,3,1.0,1.0,4.0,34742.12999999998,46,7.7142857142857135,-1.3142857142857132,0.0,0.04415608815426997,0.0014497607078949324,0.9006622516556291,0.9146757679180887,1.7610921501706485,0.9100631217025789,274,0.050724637681159424,0.9197567498083841,0.28074245939675174,0.0,0.0,23.4,0.0,0.0,0.0,2.0,0.9002000952977561,1,Muebles,Sillas,Cuyo,Grande,Proveedor E,0,0,test
2026-03-01,T21,SKU00682,0,0.0,1.0,0.6666666666666666,1.331438046897892,0.0,6.0,3,0,30656.2725,2,0,-2.0,3.0,35380.0,40,4.067796610169491,14,1,11,144.0,0.0,0.0,0.0,0,0.0,0.0,0.0,34700.0,0.4902017291066283,31,11,36,600,3,0.0,0.0,3.0,0.0,25,5.333333333333333,-2.333333333333333,0.0,0.11653393371757925,0.0007732057108772972,0.7,0.6440677966101694,1.11864406779661,0.9100631217025789,274,0.050724637681159424,0.9197567498083841,0.9131578947368421,144.0,2.0,0.6,0.0,0.0,0.0,2.0,0.9002000952977561,1,Muebles,Mesas auxiliares,Cuyo,Grande,Proveedor H,0,0,test
2026-03-01,T22,SKU00155,2,7.0,14.0,2.3333333333333335,0.42202796907199763,1.0,12.0,0,0,8117.721428571429,8,0,-1.0,3.4285714285714284,35200.0,75,5.056179775280898,9,0,16,0.0,155.0,0.0,0.0,0,0.0,0.0,0.0,8700.0,0.49425287356321834,47,52,155,1500,3,3.0,2.0,4.0,56865.130000000005,42,4.5,-1.0714285714285716,0.0,0.06692857142857134,0.002769681222880205,0.96,1.0112359550561798,1.0786516853932584,0.9274475409187429,278,0.050359712230215826,0.8522090154743217,0.2471590909090909,0.0,0.0,35.7,8.0,0.0,0.0,2.0,0.900775990412308,1,Organizacion,Cajas,AMBA,Mediano,Proveedor J,0,0,test
2026-03-01,T23,SKU00363,2,6.0,15.0,2.1666666666666665,0.6769866467290043,0.9230769230769231,12.0,0,0,72324.67038461538,19,0,1.0,8.76923076923077,913520.0,205,5.406593406593407,11,0,66,0.0,147.0,0.0,0.0,0,0.0,0.0,0.0,77200.0,0.37720207253886007,27,32,147,450,3,2.0,2.0,5.0,428204.9600000001,23,7.2,1.5692307692307699,0.0,0.0631519380231168,0.002728442679330711,1.0195121951219512,0.9494505494505495,1.7406593406593407,0.8802375843933079,266,0.041044776119402986,0.8765623087110884,1.711751662971175,0.0,0.0,12.8,0.0,0.0,0.0,2.0,0.9224800937596753,1,Cocina y mesa,Vajilla,AMBA,Mediano,Proveedor A,0,1,test
2026-03-01,T23,SKU00761,0,0.0,1.0,0.8333333333333334,2.445032068947526,0.0,5.0,3,0,39023.577000000005,11,0,-1.0,13.2,247060.0,137,6.250950570342205,16,1,29,386.0,193.0,0.0,0.0,0,0.0,0.0,0.0,40900.0,0.4508557457212714,17,37,193,450,3,0.0,0.0,4.0,0.0,15,12.0,1.1999999999999993,0.0,0.04587831295843514,0.001049401030511812,1.2846715328467153,0.9125475285171102,1.3231939163498099,0.8802375843933079,266,0.041044776119402986,0.8765623087110884,0.6141141141141141,579.0,2.0,1.6,0.0,0.0,0.0,2.0,0.9224800937596753,1,Cocina y mesa,Manteleria,AMBA,Mediano,Proveedor E,0,1,test
2026-03-01,T26,SKU00374,1,3.0,7.0,1.5,0.5318160234783106,0.6666666666666666,11.0,0,0,57687.84888888889,10,0,0.0,6.666666666666667,294400.0,81,4.438356164383562,11,0,48,72.0,0.0,0.0,0.0,0,0.0,1.0,10.0,63300.0,0.5349131121642969,37,11,36,1200,3,1.0,1.0,3.0,165873.28,34,6.315789473684211,0.35087719298245634,0.0,0.08865957521502543,0.0018701993493973172,1.3580246913580247,1.095890410958904,2.6301369863013697,0.9355152745540802,274,0.058394160583941604,0.9670610809082187,1.2485207100591715,72.0,1.0,1.1,0.0,1.0,0.0,4.0,0.9191025019142446,1,Decoracion,Cuadros,NOA,Mediano,Proveedor H,0,0,test
2026-03-01,T28,SKU00209,7,17.0,35.0,4.583333333333333,0.4694098473705197,1.2363636363636366,12.0,0,0,14844.742,20,0,-5.0,4.363636363636364,204600.0,300,4.838709677419355,19,0,71,0.0,153.0,0.0,0.0,0,0.0,0.0,0.0,16000.0,0.360625,48,25,153,1500,3,4.0,6.0,8.0,255483.08000000002,45,6.382978723404255,-2.019342359767891,0.0,0.072203625,0.0057301216869478245,1.2666666666666668,0.9838709677419355,1.1451612903225807,0.9243207201200201,263,0.03773584905660377,0.9021425886480391,0.34408602150537637,306.0,1.0,6.1,0.0,0.0,0.0,4.0,0.87731427369316,1,Bano,Alfombras de bano,AMBA,Grande,Proveedor D,0,0,test
2026-04-01,T02,SKU00127,4,12.0,29.0,6.666666666666667,0.48850421045919723,0.6,12.0,0,0,68598.633375,25,0,-23.0,3.75,1047000.0,396,5.830674846625766,11,0,141,0.0,579.0,0.0,14.0,0,0.0,0.0,0.0,74900.0,0.4408544726301735,38,37,193,450,4,5.0,3.0,15.0,803156.48,36,7.111111111111111,-3.3611111111111107,0.0,0.08413039552736978,0.00757028319741234,0.6944444444444444,0.9570552147239263,2.076073619631902,0.9409862014383538,263,0.03787878787878788,0.9619000494804553,1.5411522633744856,579.0,2.0,6.2,0.0,0.0,0.0,2.0,0.9027898753588096,1,Organizacion,Percheros,AMBA,Grande,Proveedor E,0,0,test
2026-04-01,T04,SKU00193,0,0.0,0.0,0.4166666666666667,1.6045390162116506,0.0,4.0,6,0,15039.416000000001,4,0,0.0,9.6,39960.0,28,5.508196721311475,10,2,8,0.0,0.0,0.0,0.0,0,0.0,0.0,0.0,15900.0,0.3716981132075472,38,10,35,450,4,0.0,0.0,2.0,0.0,35,8.0,1.5999999999999996,0.0,0.054124779874213824,0.0004790319026537497,1.4285714285714286,0.9836065573770493,1.5737704918032789,0.9477167162101784,292,0.04436860068259386,0.954468802698145,0.4087403598971722,70.0,2.0,4.8,0.0,0.0,0.0,1.0,0.9186615756009042,1,Textil hogar,Toallas,Centro,Grande,Proveedor C,0,1,test
2026-04-01,T09,SKU00376,6,19.0,40.0,6.833333333333333,0.2981746425545765,0.926829268292683,12.0,0,0,9553.47792682927,20,12,-1.0,2.926829268292683,105200.0,363,4.966932725199544,12,0,118,465.0,0.0,0.0,0.0,0,0.0,0.0,0.0,10200.0,0.484313725490196,30,52,155,600,4,8.0,5.0,11.0,186498.33,29,2.831460674157303,0.09536859413537968,0.6,0.06338451697752256,0.008098842996775426,0.6611570247933884,0.8437856328392247,1.6145952109464083,0.9374904600657604,283,0.05964912280701754,0.8567307692307692,0.20987654320987653,465.0,1.0,1.1,0.0,0.0,0.0,2.0,0.9294069633755982,1,Organizacion,Percheros,NOA,Mediano,Proveedor J,0,0,test
2026-04-01,T11,SKU00250,3,9.0,16.0,5.5,0.622638287664045,0.5454545454545454,12.0,0,0,6041.126212121212,40,0,5.0,7.2727272727272725,142000.0,652,5.795555555555556,18,0,219,84.0,0.0,0.0,0.0,0,0.0,0.0,0.0,6400.0,0.4453125,16,28,21,800,4,3.0,3.0,12.0,55425.84,14,5.454545454545454,1.8181818181818183,0.0,0.05607402935606065,0.006620956617491103,1.1042944785276074,0.9303703703703704,1.9466666666666668,0.9622456950753737,272,0.05860805860805861,0.9421599306565591,0.1191806331471136,105.0,4.0,1.0,0.0,1.0,0.0,4.0,0.957342898258182,1,Decoracion,Espejos,AMBA,Grande,Proveedor G,0,0,test
2026-04-01,T11,SKU00357,1,3.0,5.0,0.5833333333333334,1.3593625047407294,1.7142857142857142,7.0,0,0,48325.51857142857,11,0,2.0,18.857142857142858,261030.0,89,7.36551724137931,10,1,17,0.0,0.0,0.0,0.0,0,0.0,0.0,0.0,51500.0,0.5392233009708738,30,32,147,800,4,1.0,1.0,2.0,145504.83000000002,29,18.0,0.8571428571428577,0.0,0.06164041608876569,0.0007022226715520868,1.2359550561797752,0.9655172413793103,1.4068965517241379,0.9622456950753737,272,0.05860805860805861,1.0022779043280183,1.1948955916473318,0.0,0.0,14.9,0.0,1.0,0.0,2.0,0.9322730024057202,1,Muebles,Sillas,AMBA,Grande,Proveedor A,0,1,test
2026-04-01,T11,SKU00752,4,9.0,20.0,3.0833333333333335,0.7113435844926728,0.9729729729729729,10.0,0,0,3393.6186486486486,15,0,0.0,4.864864864864865,28650.0,267,5.348914858096828,15,0,96,0.0,0.0,0.0,0.0,0,0.0,0.0,0.0,3700.0,0.48378378378378384,22,25,153,800,4,3.0,2.0,6.0,29085.07,18,3.9130434782608696,0.9518213866039953,0.0,0.08280577063550043,0.0037117484067753156,0.8426966292134831,0.968280467445743,1.9232053422370619,0.9622456950753737,272,0.05860805860805861,1.0050726506749204,0.08258928571428571,0.0,0.0,14.4,0.0,0.0,0.0,1.0,0.9112052459466092,1,Textil hogar,Sabanas,AMBA,Grande,Proveedor D,0,0,test
2026-04-01,T12,SKU00550,0,0.0,0.0,0.25,2.4863262420322445,0.0,2.0,7,0,26957.27,2,0,-1.0,8.0,36780.0,13,4.0,6,0,5,0.0,0.0,0.0,0.0,0,0.0,0.0,0.0,28700.0,0.3592334494773519,22,52,155,1200,4,0.0,0.0,2.0,0.0,21,9.0,-1.0,0.0,0.060722299651567946,0.0003398694695255525,0.9230769230769231,1.0256410256410258,1.5384615384615385,0.9294297093292109,250,0.056,0.9206094627105053,0.7552631578947369,155.0,1.0,5.1,0.0,0.0,0.0,2.0,0.899461983762363,1,Muebles,Mesas auxiliares,Cuyo,Chico,Proveedor J,0,1,test
2026-04-01,T12,SKU00752,4,12.0,22.0,3.3333333333333335,0.4306443375391641,1.2,12.0,0,0,3462.5870000000004,11,5,-7.0,3.3,21010.0,267,5.348914858096828,15,0,96,0.0,0.0,0.0,0.0,0,0.0,0.0,0.0,3700.0,0.48378378378378384,22,25,153,1200,4,4.0,4.0,6.0,40851.25,21,6.75,-3.45,0.45454545454545453,0.06416567567567555,0.004531592927007367,0.6179775280898876,0.968280467445743,1.9232053422370619,0.9294297093292109,250,0.056,0.8540449772946817,0.08258928571428571,0.0,0.0,14.4,0.0,0.0,0.0,1.0,0.9314284484582032,1,Textil hogar,Sabanas,Cuyo,Chico,Proveedor D,0,0,test
2026-04-01,T12,SKU00768,1,3.0,5.0,0.6666666666666666,0.9770084209183945,1.5,7.0,0,0,23183.1675,1,0,0.0,1.5,20190.0,35,4.077669902912621,12,2,6,36.0,0.0,0.0,0.0,0,0.0,0.0,0.0,31500.0,0.35904761904761906,30,11,36,1200,4,1.0,1.0,2.0,54868.76,30,1.7142857142857142,-0.2142857142857142,0.0,0.26402642857142855,0.0009063185854014733,0.34285714285714286,1.0097087378640774,0.6990291262135921,0.9294297093292109,250,0.056,0.8540449772946817,0.703125,108.0,2.0,1.3,56.0,0.0,0.0,1.0,0.9314284484582032,1,Textil hogar,Sabanas,Cuyo,Chico,Proveedor H,0,0,test
2026-04-01,T13,SKU00794,0,0.0,9.0,1.0,4.651490474714921,0.0,7.0,4,0,33522.47666666666,9,0,-2.0,9.0,168660.0,309,5.004048582995951,19,0,120,0.0,21.0,0.0,0.0,0,0.0,0.0,0.0,36500.0,0.4865753424657534,46,28,21,1200,4,0.0,0.0,6.0,0.0,42,4.714285714285714,4.285714285714286,0.0,0.0815759817351599,0.0012169884207854247,0.5533980582524272,0.8852901484480431,1.94331983805668,0.9435716889156326,270,0.03676470588235294,1.0057854917668003,0.8147321428571429,0.0,0.0,12.0,0.0,0.0,0.0,1.0,0.897033510488676,1,Textil hogar,Sabanas,Centro,Chico,Proveedor G,0,1,test
2026-04-01,T15,SKU00413,0,0.0,1.0,0.5,1.5954480704349312,0.0,4.0,5,0,81507.03166666666,3,0,0.0,6.0,143520.0,53,4.746268656716418,18,4,13,72.0,0.0,0.0,0.0,0,0.0,0.0,0.0,86900.0,0.44948216340621405,24,11,36,600,4,0.0,0.0,2.0,0.0,22,3.272727272727273,2.727272727272727,0.0,0.062059474491752975,0.0005622792415023419,1.0188679245283019,0.7761194029850746,1.164179104477612,0.9210133975808361,278,0.050359712230215826,0.9098484424808457,1.6182495344506518,72.0,2.0,0.2,0.0,1.0,0.0,4.0,0.8971729764082653,1,Decoracion,Espejos,NOA,Mediano,Proveedor H,0,0,test
2026-04-01,T15,SKU00509,4,11.0,19.0,3.4166666666666665,0.6999772086186679,1.0731707317073171,11.0,0,0,76031.90048780487,13,0,-6.0,3.804878048780488,650650.0,149,5.137931034482759,9,0,65,0.0,0.0,0.0,0.0,0,0.0,0.0,0.0,82200.0,0.39111922141119226,25,46,192,600,4,3.0,4.0,9.0,843414.03,24,5.7,-1.895121951219512,0.0,0.07503770696101131,0.0038422414835993365,0.785234899328859,0.9425287356321839,2.2413793103448274,0.9210133975808361,278,0.050359712230215826,0.9098484424808457,1.7125,192.0,1.0,3.9,0.0,1.0,0.0,4.0,0.8971729764082653,1,Decoracion,Plantas artificiales,NOA,Mediano,Proveedor B,0,0,test
2026-04-01,T16,SKU00281,6,24.0,53.0,8.25,0.26417569354791953,0.9696969696969697,12.0,0,0,82295.49777777777,40,0,5.0,4.848484848484849,1952400.0,623,5.570789865871833,19,1,218,0.0,0.0,0.0,0.0,0,0.0,0.0,0.0,89400.0,0.4540268456375839,43,11,36,600,4,10.0,8.0,12.0,1958876.3199999998,38,4.375,0.4734848484848486,0.0,0.07946870494655744,0.010590596768944105,1.2199036918138042,0.9269746646795828,1.9493293591654248,0.9499444374568046,254,0.027450980392156862,0.9190298570062465,2.0,72.0,2.0,6.3,0.0,0.0,0.0,1.0,0.8780870686389493,1,Iluminacion,Apliques,NOA,Grande,Proveedor H,0,0,test
2026-04-01,T16,SKU00308,9,19.0,40.0,7.25,0.23617314359670674,0.8735632183908045,12.0,0,0,82206.86632183909,33,0,4.0,4.551724137931035,1780680.0,324,5.644450310149136,10,0,144,155.0,0.0,0.0,0.0,0,0.0,0.0,0.0,88700.0,0.3916572717023675,13,52,155,600,4,5.0,5.0,10.0,1505494.3599999999,12,3.9726027397260273,0.5791213982050074,0.0,0.07320331091500465,0.009306888069678153,1.0185185185185186,0.9233205754256303,2.508644582288505,0.9499444374568046,254,0.027450980392156862,0.9359269156671431,1.8251028806584362,775.0,3.0,0.6,0.0,0.0,0.0,2.0,0.8855084309756072,1,Organizacion,Percheros,NOA,Grande,Proveedor J,0,0,test
2026-04-01,T17,SKU00324,1,3.0,6.0,0.8333333333333334,0.46709936649691397,1.2,10.0,0,0,72361.19399999999,8,0,1.0,9.6,358560.0,134,5.6421052631578945,15,0,48,0.0,0.0,0.0,0.0,0,0.0,0.0,0.0,78400.0,0.42831632653061225,36,46,192,600,4,1.0,1.0,1.0,220521.33,31,7.636363636363637,1.963636363636363,0.0,0.07702558673469406,0.0010234182915241118,0.8955223880597015,1.0385964912280703,2.0210526315789474,0.9403167262523537,264,0.06741573033707865,0.9594081573055583,1.6436058700209644,192.0,1.0,5.6,0.0,0.0,0.0,4.0,0.9221937979354213,1,Decoracion,Velas,Centro,Chico,Proveedor B,0,0,test
2026-04-01,T18,SKU00013,10,26.0,58.0,8.083333333333334,0.38206337805964385,1.072164948453608,12.0,0,0,10946.34144329897,39,0,1.0,4.824742268041237,214890.0,470,4.925764192139738,14,0,164,0.0,0.0,0.0,0.0,0,0.0,0.0,0.0,11800.0,0.5330508474576271,50,32,147,1200,4,10.0,6.0,13.0,285322.54999999993,47,4.8,0.024742268041237025,0.0,0.07234394548313816,0.00964982093115798,1.1617021276595745,0.9746724890829693,1.718777292576419,0.9522483087942698,280,0.04285714285714286,0.9637070527593548,0.24737945492662475,0.0,0.0,20.3,27.0,0.0,0.0,4.0,0.9104311622082928,1,Decoracion,Velas,NOA,Mediano,Proveedor A,0,0,test
2026-04-01,T18,SKU00710,1,2.0,13.0,1.4166666666666667,2.4537239546604948,0.4705882352941176,10.0,0,0,60603.42294117648,14,0,-3.0,9.88235294117647,710640.0,260,5.024154589371981,16,0,81,0.0,0.0,0.0,0.0,0,0.0,0.0,0.0,79100.0,0.3582806573957017,22,10,35,1200,4,0.0,1.0,7.0,62427.53999999997,19,7.555555555555555,2.326797385620914,0.0,0.23383788949207984,0.0016912057302029449,0.8615384615384616,0.9210950080515298,1.565217391304348,0.9522483087942698,280,0.04285714285714286,0.9967820826361179,1.8968824940047961,35.0,1.0,9.6,0.0,0.0,0.0,2.0,0.9184794222587848,1,Cocina y mesa,Cubiertos,NOA,Mediano,Proveedor C,0,1,test
2026-04-01,T19,SKU00160,1,3.0,4.0,0.75,1.005037815259212,1.3333333333333333,7.0,0,0,34007.03111111111,2,0,-1.0,2.6666666666666665,49020.0,19,5.066666666666666,7,1,7,21.0,0.0,0.0,0.0,0,0.0,0.0,0.0,41400.0,0.40797101449275364,22,28,21,800,4,1.0,1.0,2.0,76433.2,19,5.142857142857142,-2.476190476190476,0.0,0.1785741277509394,0.0008144074993494337,0.7368421052631579,1.0666666666666667,1.8666666666666667,0.9403691925821461,278,0.02857142857142857,0.9100218871107005,1.06426735218509,21.0,1.0,1.9,0.0,0.0,0.0,1.0,0.9290313771498895,1,Textil hogar,Toallas,Cuyo,Mediano,Proveedor G,0,0,test
2026-04-01,T21,SKU00524,0,0.0,1.0,0.9166666666666666,1.5043138569844905,0.0,7.0,4,0,16775.216363636366,8,0,3.0,8.727272727272728,65360.0,71,4.531914893617021,10,0,27,0.0,0.0,0.0,0.0,0,0.0,0.0,0.0,18000.0,0.5461111111111111,38,52,155,600,4,0.0,0.0,3.0,0.0,32,4.0,4.727272727272728,0.0,0.06804353535353524,0.0011023041497044428,1.1267605633802817,0.8936170212765957,1.7234042553191489,0.9355555946946071,269,0.05925925925925926,0.9589150378938972,0.375,155.0,1.0,10.5,0.0,0.0,0.0,4.0,0.891579568289717,1,Decoracion,Plantas artificiales,Cuyo,Grande,Proveedor J,0,1,test
2026-04-01,T22,SKU00718,3,10.0,17.0,2.5,0.6030226891555271,1.3333333333333335,11.0,0,0,75372.24133333334,7,0,-1.0,2.8,263620.0,130,4.741641337386018,16,0,57,0.0,0.0,0.0,0.0,0,0.0,0.0,0.0,82900.0,0.5457177322074789,36,32,147,1500,4,4.0,3.0,6.0,765179.0700000001,29,4.363636363636364,-1.5636363636363644,0.0,0.09080529151588257,0.0029728293691175622,0.8615384615384616,1.0091185410334347,2.0790273556231007,0.959629320351149,283,0.05985915492957746,0.8686897094805524,1.5408921933085502,0.0,0.0,12.0,0.0,1.0,0.0,2.0,0.9173382988690362,1,Organizacion,Contenedores,AMBA,Mediano,Proveedor A,0,0,test
2026-04-01,T22,SKU00780,2,8.0,19.0,3.4166666666666665,0.38381624503946554,0.7804878048780488,12.0,0,0,74498.25,12,0,0.0,3.5121951219512195,487800.0,255,5.0578512396694215,17,0,85,0.0,0.0,0.0,0.0,0,0.0,0.0,0.0,80200.0,0.493142144638404,22,37,193,1500,4,3.0,3.0,7.0,582965.1,20,3.3488372093023253,0.1633579126488942,0.0,0.07109413965087286,0.004062866804460668,0.8,0.8727272727272728,1.6859504132231407,0.959629320351149,283,0.05985915492957746,1.008696806304438,1.172514619883041,193.0,1.0,5.4,0.0,0.0,0.0,2.0,0.9080540786823196,1,Muebles,Racks,AMBA,Mediano,Proveedor E,0,0,test
2026-04-01,T23,SKU00224,2,9.0,20.0,2.5833333333333335,0.6055274670778177,1.161290322580645,12.0,0,0,46240.07580645162,11,0,-3.0,4.258064516129032,244090.0,73,5.27710843373494,8,0,21,0.0,0.0,0.0,0.0,0,0.0,0.0,0.0,49200.0,0.5489837398373985,20,11,36,450,4,4.0,3.0,6.0,419427.94,18,6.222222222222222,-1.9641577060931903,0.0,0.06016106084447925,0.003230615752836105,1.2054794520547945,0.9879518072289156,1.5180722891566265,0.9145768982867631,261,0.045454545454545456,0.9352427873575215,1.025,0.0,0.0,12.6,2.0,0.0,0.0,4.0,0.9339694549489843,1,Decoracion,Plantas artificiales,AMBA,Mediano,Proveedor H,0,0,test
2026-04-01,T23,SKU00747,2,5.0,8.0,1.8333333333333333,0.8000751279524595,0.9090909090909092,10.0,0,0,48922.37045454545,6,0,-2.0,3.272727272727273,186360.0,63,4.609756097560976,7,1,40,0.0,0.0,0.0,0.0,0,0.0,0.0,0.0,51600.0,0.398062015503876,35,25,153,450,4,1.0,2.0,5.0,248837.36,32,3.84,-0.5672727272727269,0.0,0.05189204545454551,0.0022926950503998162,0.6666666666666666,1.0,2.926829268292683,0.9145768982867631,261,0.045454545454545456,0.9202489506440873,1.197215777262181,0.0,0.0,12.4,0.0,0.0,0.0,2.0,0.9314079907330437,1,Muebles,Sillas,AMBA,Mediano,Proveedor D,0,0,test
2026-04-01,T24,SKU00550,1,3.0,7.0,0.5833333333333334,1.3593625047407298,1.7142857142857142,7.0,0,0,25867.96,3,0,0.0,5.142857142857142,55170.0,13,4.0,6,0,5,0.0,0.0,0.0,0.0,0,0.0,0.0,0.0,28700.0,0.3592334494773519,22,52,155,800,4,1.0,1.0,2.0,78436.03,20,4.5,0.6428571428571423,0.0,0.09867735191637639,0.0006421761263936056,1.3846153846153848,1.0256410256410258,1.5384615384615385,0.9408797646132598,281,0.046263345195729534,0.89108562170539,0.7552631578947369,155.0,1.0,5.1,0.0,0.0,0.0,2.0,0.8968190943291944,1,Muebles,Mesas auxiliares,AMBA,Grande,Proveedor J,0,0,test
2026-04-01,T25,SKU00045,0,0.0,0.0,0.16666666666666666,2.335496832484568,0.0,2.0,7,0,59695.72,6,0,1.0,36.0,249780.0,32,6.193548387096774,9,1,8,0.0,0.0,0.0,0.0,0,0.0,0.0,0.0,66600.0,0.3749249249249249,25,25,153,1500,4,0.0,0.0,1.0,0.0,22,20.0,16.0,0.0,0.10366786786786786,0.00019667429723207745,1.6875,0.9677419354838709,1.5483870967741935,0.9782579544323532,276,0.06474820143884892,0.9872347480106101,1.4866071428571428,0.0,0.0,22.2,0.0,1.0,0.0,1.0,0.9081226795235611,1,Textil hogar,Sabanas,Centro,Grande,Proveedor D,0,1,test
2026-04-01,T25,SKU00612,6,20.0,36.0,4.166666666666667,0.5773922567733465,1.5999999999999999,12.0,0,0,60785.8696,15,17,-2.0,3.5999999999999996,473550.0,137,4.835294117647059,9,0,42,364.0,0.0,0.0,48.0,0,0.0,0.0,0.0,65400.0,0.5172782874617736,34,31,182,1500,4,9.0,5.0,9.0,1199706.8599999999,30,6.181818181818182,-2.581818181818182,1.1333333333333333,0.07055245259938836,0.004916857430801937,0.9854014598540146,1.0470588235294118,1.4823529411764707,0.9782579544323532,276,0.06474820143884892,0.9673779103703223,1.7210526315789474,364.0,1.0,0.5,0.0,0.0,0.0,2.0,0.9028307799357581,1,Muebles,Mesas auxiliares,Centro,Grande,Proveedor I,0,0,test
2026-04-01,T26,SKU00682,0,0.0,0.0,0.16666666666666666,2.3354968324845693,0.0,2.0,6,0,31357.21,4,0,-1.0,24.0,70760.0,34,4.25,12,1,12,36.0,0.0,0.0,0.0,0,0.0,0.0,0.0,34700.0,0.4902017291066283,32,11,36,1200,4,0.0,0.0,1.0,0.0,29,15.0,9.0,0.0,0.09633400576368878,0.00020578146133522234,1.4117647058823528,0.7916666666666666,1.5,0.9700538087342382,272,0.04779411764705882,0.9122863853567669,0.9131578947368421,144.0,2.0,1.6,0.0,0.0,0.0,2.0,0.9147712316471166,1,Muebles,Mesas auxiliares,NOA,Mediano,Proveedor H,0,1,test
2026-04-01,T27,SKU00660,1,4.0,8.0,1.8333333333333333,0.8650488666531918,0.7272727272727273,11.0,0,0,74150.83636363636,9,0,2.0,4.909090909090909,408780.0,88,4.693333333333333,10,0,31,147.0,0.0,0.0,0.0,0,0.0,0.0,0.0,79200.0,0.4265151515151515,51,32,147,1200,4,2.0,1.0,6.0,288329.2400000001,45,3.652173913043478,1.2569169960474311,0.0,0.0637520661157025,0.0021369401901052605,1.0227272727272727,0.8,1.6533333333333333,0.955406532267061,274,0.06934306569343066,0.9792169561377686,1.7678571428571428,147.0,1.0,1.6,0.0,0.0,0.0,1.0,0.9097877144728247,1,Textil hogar,Sabanas,AMBA,Chico,Proveedor A,0,0,test
2026-04-01,T28,SKU00212,1,4.0,7.0,1.5833333333333333,0.6843945280742093,0.8421052631578947,10.0,0,0,35195.575263157894,4,0,-1.0,2.5263157894736845,85120.0,102,5.1,13,2,25,0.0,0.0,0.0,0.0,0,0.0,0.0,0.0,37400.0,0.4310160427807487,25,10,35,1500,4,1.0,2.0,3.0,140511.12,24,3.0,-0.4736842105263155,0.0,0.05894183788347873,0.00192842023937016,0.5098039215686275,0.9,1.25,0.9682699517679646,270,0.04059040590405904,0.9462365591397849,0.5467836257309941,0.0,0.0,,0.0,0.0,0.0,2.0,0.8794548455264692,1,Muebles,Racks,AMBA,Grande,Proveedor C,0,0,test
2026-04-01,T28,SKU00604,0,0.0,1.0,0.16666666666666666,2.335496832484569,0.0,2.0,5,0,13213.415,4,0,1.0,24.0,31320.0,36,4.853932584269662,13,2,7,459.0,0.0,0.0,0.0,0,0.0,0.0,0.0,13300.0,0.4112781954887218,17,25,153,1500,4,0.0,0.0,1.0,0.0,15,7.199999999999999,16.8,0.0,0.006510150375939827,0.00020299160414422737,1.4444444444444444,0.7640449438202247,0.9438202247191011,0.9682699517679646,270,0.04059040590405904,0.9514508928571428,0.24721189591078066,918.0,4.0,0.1,0.0,0.0,0.0,2.0,0.9513080107342768,1,Organizacion,Contenedores,AMBA,Grande,Proveedor D,0,1,test
2026-04-01,T28,SKU00724,0,2.0,5.0,0.6666666666666666,0.9770084209183946,1.0,7.0,1,0,37337.9275,4,0,0.0,6.0,85840.0,51,5.0578512396694215,16,1,10,0.0,0.0,0.0,0.0,0,0.0,0.0,0.0,44100.0,0.5133786848072562,41,37,193,1500,4,1.0,1.0,2.0,58520.93999999999,37,6.857142857142857,-0.8571428571428568,0.0,0.15333497732426304,0.0008119664165769095,1.2549019607843137,0.7603305785123967,0.9917355371900826,0.9682699517679646,270,0.04059040590405904,0.9462365591397849,1.0,193.0,1.0,5.0,0.0,0.0,0.0,2.0,0.8794548455264692,1,Muebles,Estanterias,AMBA,Grande,Proveedor E,0,0,test
2026-05-01,T03,SKU00673,9,22.0,39.0,6.416666666666667,0.33529274812179993,1.1428571428571428,12.0,0,0,62851.51688311688,30,0,-6.0,4.675324675324675,1167300.0,622,5.488235294117647,18,0,257,0.0,0.0,0.0,0.0,0,0.0,0.0,0.0,67600.0,0.4244082840236686,46,31,182,450,5,7.0,6.0,9.0,1386915.5,44,5.917808219178083,-1.2424835438534076,0.0,0.07024383308998705,0.00782938413158542,0.8681672025723473,1.0205882352941178,2.2676470588235293,0.9903662524888568,256,0.05859375,1.0,1.2588454376163873,546.0,2.0,4.7,0.0,0.0,0.0,4.0,0.8950704731643976,1,Decoracion,Espejos,Cuyo,Chico,Proveedor I,0,0,test
2026-05-01,T04,SKU00042,1,3.0,6.0,0.8333333333333334,0.6928203230275511,1.2,9.0,0,0,53826.466,7,0,-2.0,8.4,250670.0,162,5.491525423728813,20,2,69,0.0,294.0,0.0,0.0,0,0.0,0.0,0.0,67100.0,0.4663189269746647,33,32,147,450,5,1.0,1.0,2.0,122561.37,30,9.818181818181818,-1.418181818181818,0.0,0.19781719821162447,0.0009447882901221527,0.8641975308641976,1.0056497175141244,2.3389830508474576,0.9712423622455728,295,0.07407407407407407,0.9348946135831383,1.3979166666666667,294.0,2.0,5.0,0.0,0.0,0.0,4.0,0.8979326757023997,1,Decoracion,Plantas artificiales,Centro,Grande,Proveedor A,0,0,test
2026-05-01,T04,SKU00047,1,3.0,4.0,0.6666666666666666,0.7385489458759964,1.5,8.0,0,0,14998.83625,3,0,1.0,4.5,34410.0,46,6.4186046511627906,14,4,8,0.0,0.0,0.0,0.0,0,0.0,0.0,0.0,19000.0,0.3963157894736842,41,56,52,450,5,1.0,1.0,1.0,36308.37,36,4.8,-0.2999999999999998,0.0,0.21058756578947369,0.000755830632097722,0.9130434782608696,0.9302325581395349,1.1162790697674418,0.9712423622455728,295,0.07407407407407407,0.9954751131221719,0.4884318766066838,0.0,0.0,19.3,0.0,0.0,0.0,1.0,0.9480964410594567,1,Textil hogar,Toallas,Centro,Grande,Proveedor F,0,0,test
2026-05-01,T04,SKU00409,1,2.0,3.0,0.75,1.005037815259212,0.8888888888888888,7.0,0,0,39835.69444444444,2,0,0.0,2.6666666666666665,46780.0,23,5.872340425531915,8,2,11,0.0,0.0,0.0,0.0,0,0.0,0.0,0.0,48400.0,0.5167355371900826,26,25,153,450,5,0.0,1.0,2.0,58720.09,25,2.4,0.2666666666666666,0.0,0.17694846189164382,0.0008503094611099373,0.6956521739130435,1.021276595744681,2.8085106382978724,0.9712423622455728,295,0.07407407407407407,0.9954751131221719,1.0,0.0,0.0,20.8,0.0,0.0,0.0,1.0,0.9480964410594567,1,Textil hogar,Acolchados,Centro,Grande,Proveedor D,0,0,test
2026-05-01,T05,SKU00264,1,3.0,5.0,0.6666666666666666,0.9770084209183946,1.5,7.0,0,0,41425.081249999996,4,0,0.0,6.0,118600.0,49,4.704000000000001,16,2,17,0.0,0.0,0.0,0.0,0,0.0,0.0,0.0,60400.0,0.5091059602649006,22,31,182,450,5,1.0,1.0,2.0,103674.57,21,8.0,-2.0,0.0,0.31415428394039746,0.0007402833602807693,1.3061224489795917,0.768,1.6320000000000001,0.9582968098834559,276,0.06521739130434782,0.9750233738480033,1.3542600896860986,910.0,3.0,9.2,0.0,0.0,0.0,1.0,0.9212618992403132,1,Textil hogar,Cortinas,AMBA,Mediano,Proveedor I,0,0,test
2026-05-01,T07,SKU00009,6,15.0,29.0,5.416666666666667,0.3646569862077267,0.923076923076923,12.0,0,0,3456.2850769230768,39,0,-3.0,7.199999999999999,70200.0,420,5.195876288659794,13,0,198,0.0,0.0,0.0,0.0,0,0.0,0.0,0.0,3800.0,0.5263157894736843,19,28,21,800,5,5.0,4.0,9.0,53401.56,18,8.129032258064516,-0.9290322580645167,0.0,0.09045129554655873,0.0067047844341474525,1.207142857142857,0.9938144329896907,2.4494845360824744,0.981580441159187,252,0.07539682539682539,1.0051309507874895,0.07916666666666666,147.0,4.0,6.0,0.0,0.0,0.0,4.0,0.9423934837207137,1,Decoracion,Plantas artificiales,Centro,Mediano,Proveedor G,0,0,test
2026-05-01,T07,SKU00127,5,17.0,32.0,5.916666666666667,0.25437330101829075,0.9577464788732395,12.0,0,0,69448.9856338028,25,0,0.0,4.225352112676056,1047000.0,326,6.269230769230769,9,0,98,0.0,579.0,0.0,0.0,0,0.0,0.0,0.0,74900.0,0.4408544726301735,39,37,193,800,5,5.0,7.0,8.0,1186825.77,35,3.8461538461538463,0.3791982665222098,0.0,0.07277722785310003,0.00732368761268414,0.6901840490797546,1.0192307692307692,1.8846153846153846,0.981580441159187,252,0.07539682539682539,0.971522711226171,1.5411522633744856,579.0,2.0,7.3,0.0,0.0,0.0,2.0,0.9272983024789964,1,Organizacion,Percheros,Centro,Mediano,Proveedor E,0,0,test
2026-05-01,T07,SKU00673,9,28.0,44.0,5.75,0.7156224449806592,1.6231884057971016,11.0,0,0,59963.02376811594,19,0,-4.0,3.3043478260869565,739290.0,622,5.488235294117647,18,0,257,0.0,0.0,0.0,0.0,0,0.0,0.0,0.0,67600.0,0.4244082840236686,46,31,182,800,5,12.0,7.0,12.0,1687170.2500000002,45,5.411764705882353,-2.1074168797953967,0.0,0.11297302118171682,0.00711738655317191,0.5498392282958199,1.0205882352941178,2.2676470588235293,0.981580441159187,252,0.07539682539682539,1.0051309507874895,1.2588454376163873,546.0,2.0,4.7,0.0,0.0,0.0,4.0,0.9423934837207137,1,Decoracion,Espejos,Centro,Mediano,Proveedor I,0,0,test
2026-05-01,T08,SKU00489,2,5.0,11.0,2.0,0.5640760748177661,0.8333333333333334,12.0,0,0,20730.72333333333,10,0,-1.0,5.0,117100.0,120,3.755334281650071,16,1,55,546.0,0.0,0.0,0.0,0,0.0,0.0,0.0,22700.0,0.48414096916299565,15,31,182,600,5,2.0,1.0,5.0,97662.46000000002,14,5.5,-0.5,0.0,0.086752276064611,0.0025629699384984296,1.3333333333333333,1.0953058321479374,1.721194879089616,0.9726470916601541,245,0.061224489795918366,1.0017011212222777,0.583547557840617,1456.0,3.0,1.2,0.0,0.0,0.0,1.0,0.8937335834456268,1,Textil hogar,Toallas,Patagonia,Grande,Proveedor I,0,0,test
2026-05-01,T08,SKU00688,7,19.0,40.0,6.416666666666667,0.2437837854469137,0.9870129870129869,12.0,0,0,81842.52324675323,27,0,7.0,4.207792207792208,1368900.0,372,4.522796352583587,12,0,190,193.0,0.0,0.0,0.0,0,0.0,0.0,0.0,87300.0,0.4192439862542955,35,37,193,600,5,7.0,5.0,9.0,1575791.8900000001,30,2.962962962962963,1.244829244829245,0.0,0.06251405215632033,0.008222861886015795,0.8709677419354839,1.049645390070922,2.310030395136778,0.9726470916601541,245,0.061224489795918366,1.0017011212222777,1.9573991031390134,386.0,2.0,2.4,0.0,0.0,0.0,1.0,0.8937335834456268,1,Textil hogar,Cortinas,Patagonia,Grande,Proveedor E,0,0,test
2026-05-01,T09,SKU00764,0,0.0,1.0,0.25,1.809068067466583,0.0,3.0,5,0,66377.09666666666,2,0,0.0,8.0,72400.0,36,4.695652173913043,14,2,16,0.0,0.0,0.0,0.0,0,0.0,0.0,0.0,68500.0,0.47153284671532847,46,28,21,600,5,0.0,0.0,1.0,0.0,44,4.0,4.0,0.0,0.030991289537712907,0.0002991064873477956,0.7777777777777777,1.1304347826086956,2.0869565217391304,0.9710990622558429,278,0.08602150537634409,0.9915937553611253,1.0285285285285286,0.0,0.0,19.4,0.0,0.0,0.0,2.0,0.881449633653096,1,Cocina y mesa,Manteleria,NOA,Mediano,Proveedor G,0,0,test
2026-05-01,T10,SKU00517,1,4.0,7.0,1.9166666666666667,0.5653693927569554,0.6956521739130435,12.0,0,0,54802.02086956522,8,0,-1.0,4.173913043478261,265360.0,133,4.72189349112426,16,0,40,0.0,0.0,0.0,0.0,0,0.0,0.0,0.0,58500.0,0.43299145299145303,26,28,21,450,5,2.0,1.0,4.0,218211.51,25,5.142857142857143,-0.9689440993788825,0.0,0.0632133184689706,0.0023752136597004164,0.9624060150375939,0.923076923076923,1.4201183431952662,0.9744572214318753,265,0.06367041198501873,0.966940990368635,1.21875,63.0,2.0,5.2,0.0,0.0,0.0,4.0,0.9060899731851372,1,Decoracion,Plantas artificiales,AMBA,Mediano,Proveedor G,0,0,test
2026-05-01,T10,SKU00673,5,15.0,32.0,6.416666666666667,0.38438048277788944,0.7792207792207791,12.0,0,0,61405.159350649345,28,3,4.0,4.363636363636363,1089480.0,622,5.488235294117647,18,0,257,0.0,0.0,0.0,0.0,0,0.0,0.0,0.0,67600.0,0.4244082840236686,46,31,182,450,5,6.0,4.0,12.0,951494.52,43,3.5121951219512195,0.8514412416851438,0.10714285714285714,0.09163965457619316,0.007951802252040525,0.8102893890675241,1.0205882352941178,2.2676470588235293,0.9744572214318753,265,0.06367041198501873,0.966940990368635,1.2588454376163873,546.0,2.0,4.7,0.0,0.0,0.0,4.0,0.9060899731851372,1,Decoracion,Espejos,AMBA,Mediano,Proveedor I,0,0,test
2026-05-01,T11,SKU00134,1,3.0,7.0,0.8333333333333334,0.692820323027551,1.2,9.0,0,0,28834.821000000004,3,0,-1.0,3.5999999999999996,53100.0,49,5.157894736842105,15,1,22,0.0,0.0,0.0,0.0,0,0.0,0.0,0.0,31800.0,0.44339622641509435,14,31,182,800,5,1.0,1.0,2.0,84777.42000000001,12,5.714285714285714,-2.1142857142857148,0.0,0.09324462264150934,0.0009941627583015603,0.9183673469387755,0.8771929824561404,2.3157894736842106,0.9794491494786972,275,0.06115107913669065,0.9809601301871439,0.8324607329842932,546.0,3.0,6.5,0.0,0.0,0.0,3.0,0.9993691310936755,1,Bano,Cortinas de bano,AMBA,Grande,Proveedor I,0,0,test
2026-05-01,T11,SKU00793,2,6.0,10.0,1.5833333333333333,0.32521809508069743,1.2631578947368423,12.0,0,0,49715.28894736842,12,0,1.0,7.578947368421053,304440.0,66,4.981132075471698,8,0,28,0.0,0.0,0.0,0.0,0,0.0,0.0,0.0,53100.0,0.5222222222222221,27,25,153,800,5,2.0,2.0,2.0,301017.39,26,6.6,0.9789473684210535,0.0,0.06374220438100908,0.0018889092407729645,1.4545454545454546,1.0566037735849056,2.1132075471698113,0.9794491494786972,275,0.06115107913669065,0.9989921386817174,1.3973684210526316,306.0,1.0,6.0,0.0,0.0,0.0,2.0,0.9622419889026267,1,Muebles,Mesas auxiliares,AMBA,Grande,Proveedor D,0,0,test
2026-05-01,T12,SKU00256,2,8.0,15.0,2.9166666666666665,0.5160144106371038,0.9142857142857143,11.0,0,0,20934.545142857143,12,0,-1.0,4.114285714285715,139800.0,166,4.955223880597015,11,0,44,0.0,0.0,0.0,0.0,0,0.0,0.0,0.0,23100.0,0.4956709956709957,51,31,182,1200,5,4.0,2.0,5.0,166143.55,45,3.9,0.21428571428571486,0.0,0.09374263450834874,0.0038498639714730073,0.7951807228915663,1.0348258706467661,1.3134328358208955,0.9754455342577895,254,0.058823529411764705,1.0031880977683316,0.4967741935483871,0.0,0.0,,0.0,0.0,0.0,3.0,0.8822375523610124,1,Bano,Alfombras de bano,Cuyo,Chico,Proveedor I,0,0,test
2026-05-01,T13,SKU00243,2,5.0,11.0,2.3333333333333335,0.5582905262390825,0.7142857142857143,12.0,0,0,79400.27535714286,27,0,8.0,11.571428571428571,1243890.0,293,5.6255999999999995,17,0,67,0.0,35.0,5.0,0.0,0,0.0,0.0,0.0,85800.0,0.46305361305361303,22,10,35,1200,5,2.0,1.0,6.0,396190.96,20,9.12,2.451428571428572,0.0,0.07458886530136521,0.002713300192309556,1.5665529010238908,0.9472,1.2864,0.9826022839292462,272,0.072992700729927,0.9874476987447699,1.2882882882882882,0.0,0.0,18.4,58.0,0.0,0.0,2.0,0.8684878654650728,1,Cocina y mesa,Manteleria,Centro,Chico,Proveedor C,0,0,test
2026-05-01,T13,SKU00627,2,4.0,6.0,1.25,0.7722458393307379,1.0666666666666667,9.0,0,0,73678.48533333333,9,0,1.0,7.2,363960.0,151,6.04,17,3,47,0.0,0.0,0.0,0.0,0,0.0,0.0,0.0,78400.0,0.48418367346938773,50,31,182,1200,5,1.0,1.0,3.0,311255.33999999997,44,4.8,2.4000000000000004,0.0,0.06022340136054427,0.0014535536744515478,1.0132450331125826,1.0266666666666666,1.88,0.9826022839292462,272,0.072992700729927,0.9588228313753412,1.4599627560521415,0.0,0.0,32.7,0.0,0.0,0.0,4.0,0.8737471334118023,1,Decoracion,Espejos,Centro,Chico,Proveedor I,0,0,test
2026-05-01,T13,SKU00730,4,13.0,25.0,5.166666666666667,0.3386049272460071,0.8387096774193548,12.0,0,0,34004.28306451612,32,0,-1.0,6.193548387096774,617920.0,120,4.83221476510067,4,0,37,0.0,0.0,0.0,0.0,0,0.0,0.0,0.0,36100.0,0.4650969529085872,49,46,192,1200,5,5.0,4.0,8.0,443999.03000000014,44,6.1875,0.006048387096774022,0.0,0.05805310070592462,0.006008021854399731,1.0666666666666667,1.1140939597315436,1.4899328859060401,0.9826022839292462,272,0.072992700729927,0.9588228313753412,0.7568134171907757,0.0,0.0,13.8,0.0,1.0,0.0,4.0,0.8737471334118023,1,Decoracion,Velas,Centro,Chico,Proveedor B,0,0,test
2026-05-01,T15,SKU00378,0,0.0,0.0,0.25,1.8090680674665822,0.0,3.0,6,0,7549.56,3,0,1.0,12.0,12210.0,50,8.955223880597016,15,4,0,0.0,0.0,0.0,0.0,0,0.0,0.0,0.0,8400.0,0.5154761904761904,52,46,192,600,5,0.0,0.0,1.0,0.0,48,6.0,6.0,0.0,0.10124285714285708,0.00028307195403140214,0.8999999999999999,0.47761194029850745,0.0,0.9647092193390184,285,0.06993006993006994,0.9532806812026856,0.22105263157894736,0.0,0.0,15.9,0.0,0.0,0.0,2.0,0.9399409254923584,1,Muebles,Mesas auxiliares,NOA,Mediano,Proveedor B,0,1,test
2026-05-01,T16,SKU00073,4,9.0,7.0,3.75,1.0972877489703439,0.8,11.0,0,0,61644.95733333333,39,0,5.0,10.4,1398540.0,527,5.196384552177485,17,1,190,36.0,0.0,0.0,0.0,0,0.0,0.0,0.0,64700.0,0.44574961360123644,20,11,36,600,5,3.0,2.0,9.0,592587.72,18,8.16,2.24,0.0,0.047218588356517266,0.004939754948237356,1.2580645161290323,0.9958915365653245,1.8734593262119967,0.9932200615922577,247,0.040160642570281124,0.9552049136926825,1.3913978494623656,108.0,3.0,0.6,0.0,1.0,0.0,3.0,0.8771418687823282,1,Bano,Alfombras de bano,NOA,Grande,Proveedor H,0,0,test
2026-05-01,T16,SKU00153,4,9.0,19.0,3.5,0.37550213752729766,0.8571428571428571,12.0,0,0,65674.89595238095,26,0,2.0,7.428571428571429,1011400.0,244,5.412199630314233,15,0,76,0.0,0.0,0.0,0.0,0,0.0,0.0,0.0,71700.0,0.45746164574616455,34,28,21,600,5,3.0,2.0,7.0,599365.3499999999,31,6.260869565217391,1.1677018633540381,0.0,0.08403213455535641,0.004610437951688199,1.598360655737705,0.9020332717190387,1.6857670979667283,0.9932200615922577,247,0.040160642570281124,0.9824453341546043,1.4753086419753085,0.0,0.0,21.6,0.0,0.0,0.0,2.0,0.8853974050026159,1,Organizacion,Percheros,NOA,Grande,Proveedor G,0,0,test
2026-05-01,T16,SKU00728,6,18.0,33.0,5.666666666666667,0.2172202781988223,1.0588235294117647,12.0,0,0,3841.3549999999996,38,0,-1.0,6.705882352941176,87020.0,198,5.303571428571428,6,0,51,0.0,0.0,0.0,0.0,0,0.0,0.0,0.0,4100.0,0.4414634146341463,22,56,52,600,5,6.0,6.0,8.0,71004.15000000001,21,6.685714285714286,0.020168067226889796,0.0,0.06308414634146353,0.0074645185884475605,1.1515151515151516,1.0,1.3660714285714284,0.9932200615922577,247,0.040160642570281124,0.9824453341546043,0.11647727272727272,104.0,1.0,7.3,0.0,0.0,0.0,2.0,0.8853974050026159,1,Organizacion,Cajas,NOA,Grande,Proveedor F,0,0,test
2026-05-01,T17,SKU00096,1,3.0,6.0,1.0833333333333333,0.6171303908506353,0.9230769230769231,10.0,0,0,14950.791538461539,5,0,0.0,4.615384615384616,43350.0,30,3.9130434782608696,11,0,19,0.0,0.0,0.0,0.0,0,0.0,0.0,0.0,17000.0,0.49,42,46,192,600,5,1.0,1.0,2.0,42634.04,38,5.0,-0.38461538461538414,0.0,0.12054167420814477,0.0012822444119250523,1.8333333333333335,1.0434782608695652,2.4782608695652173,0.9551734526986313,266,0.0708955223880597,0.9662783568362969,0.38031319910514544,192.0,1.0,3.2,0.0,0.0,0.0,1.0,0.9655458029088828,1,Iluminacion,Apliques,Centro,Chico,Proveedor B,0,0,test
2026-05-01,T17,SKU00228,3,11.0,21.0,4.166666666666667,0.394138877231685,0.8799999999999999,12.0,0,0,44314.3744,27,0,-3.0,6.4799999999999995,686070.0,295,5.851239669421488,8,1,85,0.0,0.0,0.0,0.0,0,0.0,0.0,0.0,48000.0,0.47062499999999996,49,52,155,600,5,5.0,3.0,7.0,484544.33999999997,46,6.545454545454546,-0.06545454545454632,0.0,0.0767838666666667,0.004931709276634817,0.7322033898305085,1.0578512396694215,1.6859504132231407,0.9551734526986313,266,0.0708955223880597,0.9423076923076923,1.0,0.0,0.0,38.3,37.0,0.0,0.0,4.0,0.9188392817363458,1,Decoracion,Plantas artificiales,Centro,Chico,Proveedor J,0,0,test
2026-05-01,T17,SKU00706,1,3.0,6.0,0.75,0.6030226891555274,1.3333333333333333,9.0,0,0,67527.55555555556,10,0,2.0,13.333333333333334,421500.0,127,5.459993486049289,15,1,53,960.0,0.0,0.0,0.0,0,0.0,0.0,0.0,73300.0,0.4249658935879945,12,46,192,600,5,1.0,1.0,1.0,208022.21000000002,11,12.0,1.333333333333334,0.0,0.0787509474003334,0.000887707669794267,1.1811023622047243,1.003148409510368,2.2785799587449787,0.9551734526986313,266,0.0708955223880597,1.0041625817649988,1.362453531598513,960.0,3.0,0.2,0.0,1.0,0.0,2.0,0.941386644241877,1,Organizacion,Contenedores,Centro,Chico,Proveedor B,0,0,test
2026-05-01,T18,SKU00354,8,18.0,38.0,7.083333333333333,0.2124765220270429,0.8470588235294118,12.0,0,0,79602.08364705883,41,13,4.0,5.788235294117647,1838850.0,475,4.581993569131833,16,0,232,0.0,0.0,0.0,0.0,0,0.0,0.0,0.0,84800.0,0.47110849056603776,48,11,36,1200,5,5.0,5.0,9.0,1434429.9899999998,45,5.285714285714286,0.5025210084033613,0.3170731707317073,0.06129618340732512,0.008701141385016976,1.3810526315789473,0.9099678456591639,2.237942122186495,0.9921348506304062,270,0.07777777777777778,0.9941706412294649,2.0632603406326036,36.0,1.0,10.0,0.0,0.0,0.0,2.0,0.9376523722874374,1,Cocina y mesa,Cristaleria,NOA,Mediano,Proveedor H,0,0,test
2026-05-01,T19,SKU00097,4,12.0,23.0,3.4166666666666665,0.629696136716551,1.1707317073170733,11.0,0,0,56092.57365853659,17,0,-3.0,4.975609756097561,520710.0,303,5.029045643153527,18,0,105,0.0,0.0,0.0,0.0,0,0.0,0.0,0.0,61300.0,0.500326264274062,23,25,153,800,5,4.0,4.0,5.0,682590.94,21,6.315789473684211,-1.3401797175866497,0.0,0.08494985875144223,0.0037885618473621195,1.00990099009901,0.9571230982019363,1.7427385892116183,0.9772641487244336,280,0.046263345195729534,0.934485761703666,1.1415270018621975,0.0,0.0,20.6,0.0,0.0,0.0,4.0,0.8903012434777952,1,Decoracion,Espejos,Cuyo,Mediano,Proveedor D,0,0,test
2026-05-01,T19,SKU00178,8,26.0,54.0,8.0,0.22613350843332272,1.0833333333333333,12.0,0,0,11372.9146875,30,0,-2.0,3.75,234900.0,481,5.266423357664234,15,1,191,0.0,0.0,0.0,0.0,0,0.0,0.0,0.0,12300.0,0.36341463414634145,16,31,182,800,5,8.0,10.0,10.0,296928.62,14,4.363636363636364,-0.6136363636363642,0.0,0.07537278963414629,0.008870778959677158,0.9355509355509355,0.9927007299270074,2.091240875912409,0.9772641487244336,280,0.046263345195729534,1.0687575392038602,0.22862453531598512,182.0,1.0,11.6,0.0,1.0,0.0,2.0,0.9215199659928235,1,Organizacion,Contenedores,Cuyo,Mediano,Proveedor I,0,0,test
2026-05-01,T19,SKU00500,1,5.0,10.0,1.3333333333333333,0.8048150549829896,1.2500000000000002,10.0,0,0,19930.160625,10,0,2.0,7.5,128400.0,164,5.788235294117647,18,2,65,0.0,0.0,0.0,0.0,0,0.0,0.0,0.0,21900.0,0.41369863013698627,51,28,21,800,5,2.0,2.0,3.0,99018.12,47,4.571428571428571,2.928571428571429,0.0,0.08994700342465756,0.001478463159946193,1.0975609756097562,0.9058823529411766,2.294117647058824,0.9772641487244336,280,0.046263345195729534,1.0687575392038602,0.6221590909090909,21.0,1.0,5.1,0.0,0.0,0.0,2.0,0.9215199659928235,1,Organizacion,Cajas,Cuyo,Mediano,Proveedor G,0,0,test
2026-05-01,T19,SKU00792,6,19.0,33.0,6.083333333333333,0.3536649534983369,1.0410958904109588,12.0,0,0,5332.702465753424,30,0,-4.0,4.931506849315069,86700.0,332,5.383783783783784,10,0,107,0.0,0.0,0.0,0.0,0,0.0,0.0,0.0,5700.0,0.49298245614035086,18,10,35,800,5,5.0,8.0,12.0,100278.53,17,6.0,-1.0684931506849313,0.0,0.06443816390290813,0.006745488167254505,0.9036144578313252,0.9513513513513514,1.7351351351351352,0.9772641487244336,280,0.046263345195729534,0.9725460220396204,0.141439205955335,35.0,1.0,10.9,16.0,0.0,0.0,1.0,0.9228521085658598,1,Iluminacion,Lamparas de mesa,Cuyo,Mediano,Proveedor C,0,0,test
2026-05-01,T20,SKU00669,5,15.0,27.0,4.0,0.3535533905932738,1.25,12.0,0,0,5807.692708333333,13,11,4.0,3.25,53820.0,313,4.938560841501315,20,2,115,0.0,0.0,0.0,0.0,0,0.0,0.0,0.0,6500.0,0.3630769230769231,16,37,193,450,5,4.0,6.0,6.0,87229.92000000001,15,2.4,0.8500000000000001,0.8461538461538461,0.10650881410256419,0.005174059408915976,0.8306709265175719,1.020320344250538,1.8144872101362657,0.9692737959369262,268,0.0962962962962963,1.062605752961083,0.17105263157894737,0.0,0.0,12.7,0.0,0.0,0.0,2.0,0.917759514471544,1,Muebles,Mesas auxiliares,AMBA,Mediano,Proveedor E,0,0,test
2026-05-01,T20,SKU00794,4,13.0,24.0,4.166666666666667,0.3941388772316866,1.0399999999999998,12.0,0,0,33107.7044,22,0,10.0,5.279999999999999,412280.0,336,5.478260869565218,19,1,108,21.0,0.0,0.0,0.0,0,0.0,0.0,0.0,36500.0,0.4865753424657534,47,28,21,450,5,5.0,4.0,7.0,429244.14,44,3.2,2.079999999999999,0.0,0.09293960547945201,0.005389645217620809,1.2440476190476188,0.9782608695652175,1.7608695652173914,0.9692737959369262,268,0.0962962962962963,1.0019267822736029,0.8147321428571429,21.0,1.0,0.9,0.0,0.0,0.0,1.0,0.8955125651578075,1,Textil hogar,Sabanas,AMBA,Mediano,Proveedor G,0,0,test
2026-05-01,T21,SKU00209,4,13.0,26.0,4.583333333333333,0.2173538007044996,0.9454545454545454,12.0,0,0,15399.28781818182,16,0,0.0,3.490909090909091,163680.0,329,5.010152284263959,20,0,111,153.0,0.0,0.0,0.0,0,0.0,0.0,0.0,16000.0,0.360625,50,25,153,600,5,4.0,5.0,7.0,201965.55,49,3.4285714285714284,0.0623376623376628,0.0,0.037544511363636235,0.0054103456540168906,0.9726443768996961,1.0304568527918783,1.6903553299492384,0.9785839739301824,274,0.08759124087591241,0.9442120932870206,0.34408602150537637,459.0,2.0,1.7,0.0,0.0,0.0,3.0,0.8992852707470644,1,Bano,Alfombras de bano,Cuyo,Grande,Proveedor D,0,0,test
2026-05-01,T21,SKU00778,3,11.0,21.0,3.8333333333333335,0.5315287106407665,0.9565217391304347,12.0,0,0,14619.846956521738,10,0,-6.0,2.608695652173913,70900.0,305,5.990180032733225,17,1,121,0.0,0.0,0.0,0.0,0,0.0,0.0,0.0,15000.0,0.5273333333333333,42,46,192,600,5,5.0,3.0,8.0,166317.89,40,4.682926829268293,-2.07423117709438,0.0,0.025343536231884123,0.004525016365177764,0.5573770491803278,0.9165302782324058,2.376432078559738,0.9785839739301824,274,0.08759124087591241,0.982446381111317,0.21929824561403508,192.0,1.0,11.7,0.0,0.0,0.0,2.0,0.9455066720488645,1,Muebles,Racks,Cuyo,Grande,Proveedor B,0,0,test
2026-05-01,T22,SKU00229,3,10.0,17.0,3.4166666666666665,0.34082931303843367,0.9756097560975611,12.0,0,0,62401.339268292686,15,0,2.0,4.390243902439025,482250.0,71,4.868571428571429,5,0,32,192.0,576.0,0.0,0.0,0,0.0,0.0,0.0,69800.0,0.5393982808022922,13,46,192,1500,5,3.0,4.0,5.0,617202.12,12,3.823529411764706,0.5667144906743187,0.0,0.10599800475225374,0.003989045309127425,1.0563380281690142,1.0057142857142858,2.1942857142857144,0.9632085014722319,287,0.07317073170731707,1.0399999999999998,1.4541666666666666,1728.0,7.0,2.4,0.0,0.0,0.0,1.0,0.934860691485679,1,Iluminacion,Guirnaldas,AMBA,Mediano,Proveedor B,0,0,test
2026-05-01,T22,SKU00295,6,19.0,36.0,6.583333333333333,0.4068573617977781,0.9620253164556962,12.0,0,0,17783.081518987343,24,0,0.0,3.645569620253165,240480.0,615,5.4869888475836435,17,0,243,0.0,0.0,7.0,0.0,0,0.0,0.0,0.0,18600.0,0.4612903225806452,24,56,52,1500,5,8.0,5.0,13.0,333809.03,23,3.645569620253165,0.0,0.0,0.04392034844154069,0.007686209254172355,0.6634146341463414,0.9784386617100372,2.168029739776952,0.9632085014722319,287,0.07317073170731707,0.9057783334821826,0.4460431654676259,52.0,1.0,7.6,7.0,1.0,0.0,2.0,0.9184984303372381,1,Cocina y mesa,Cubiertos,AMBA,Mediano,Proveedor F,0,0,test
2026-05-01,T23,SKU00419,0,0.0,1.0,0.5,1.3483997249264839,0.0,5.0,5,0,50044.84833333333,2,0,0.0,4.0,51160.0,47,5.423076923076923,15,3,19,306.0,153.0,0.0,0.0,0,0.0,0.0,0.0,54300.0,0.5289134438305709,23,25,153,450,5,0.0,0.0,2.0,0.0,19,3.4285714285714284,0.5714285714285716,0.0,0.07836375076734203,0.0006449435772088666,0.6382978723404256,1.0,2.1923076923076925,0.9476370961122279,264,0.08614232209737828,0.929909784871617,1.5426136363636365,765.0,2.0,0.1,0.0,0.0,0.0,2.0,0.843328218093145,1,Organizacion,Cajas,AMBA,Mediano,Proveedor D,0,0,test
2026-05-01,T23,SKU00471,5,15.0,27.0,3.5833333333333335,1.6117592361123516,1.3953488372093024,10.0,0,0,26005.657209302324,33,0,-11.0,9.209302325581396,548460.0,181,4.8374164810690425,6,0,91,0.0,0.0,0.0,0.0,0,0.0,0.0,0.0,29100.0,0.42886597938144333,18,31,182,450,5,6.0,4.0,10.0,392242.49,16,12.27906976744186,-3.0697674418604635,0.0,0.10633480380404381,0.004622095636663544,1.0939226519337015,1.0334075723830736,2.432071269487751,0.9476370961122279,264,0.08614232209737828,0.9688017669795693,0.6012396694214877,0.0,0.0,16.3,0.0,2.0,0.0,1.0,0.9064063916925196,1,Textil hogar,Acolchados,AMBA,Mediano,Proveedor I,0,0,test
2026-05-01,T24,SKU00074,2,10.0,21.0,4.666666666666667,0.543130484839649,0.7142857142857143,12.0,0,0,43042.68982142857,34,0,-4.0,7.285714285714286,754460.0,495,5.341726618705036,16,0,182,0.0,0.0,0.0,0.0,0,0.0,0.0,0.0,46500.0,0.5227956989247311,39,46,192,800,5,3.0,5.0,12.0,441846.8700000001,37,6.514285714285714,0.7714285714285714,0.0,0.07435075652841794,0.005056571764738073,1.098989898989899,0.9892086330935251,1.9640287769784173,0.9614710026951965,297,0.07407407407407407,1.0295015259409968,1.0,0.0,0.0,31.5,0.0,0.0,0.0,3.0,0.9034447263533715,1,Bano,Alfombras de bano,AMBA,Grande,Proveedor B,0,0,test
2026-05-01,T24,SKU00313,5,19.0,41.0,6.416666666666667,0.3005690795302048,0.9870129870129869,12.0,0,0,6427.927922077923,40,0,-1.0,6.233766233766233,141200.0,548,4.867505551443376,18,0,240,0.0,0.0,0.0,0.0,0,0.0,0.0,0.0,6900.0,0.48840579710144927,43,28,21,800,5,9.0,5.0,9.0,120986.75999999995,42,7.028571428571429,-0.7948051948051962,0.0,0.0684162431771127,0.006952786176514851,1.3138686131386863,0.8556624722427831,2.131754256106588,0.9614710026951965,297,0.07407407407407407,0.9233663796222593,0.15436241610738255,42.0,2.0,3.9,0.0,0.0,0.0,1.0,0.8979594902695897,1,Iluminacion,Apliques,AMBA,Grande,Proveedor G,0,0,test
2026-05-01,T24,SKU00593,0,0.0,1.0,0.4166666666666667,1.6045390162116522,0.0,4.0,5,0,73051.64199999999,5,0,0.0,12.0,200200.0,41,5.290322580645161,13,1,15,364.0,0.0,0.0,0.0,0,0.0,0.0,0.0,78700.0,0.49123252858958066,36,31,182,800,5,0.0,0.0,2.0,0.0,33,8.571428571428571,3.428571428571429,0.0,0.0717707496823381,0.0004514796218516137,1.5853658536585367,0.8602150537634409,1.935483870967742,0.9614710026951965,297,0.07407407407407407,1.0295015259409968,1.6924731182795698,364.0,2.0,0.9,0.0,1.0,0.0,3.0,0.9034447263533715,1,Bano,Alfombras de bano,AMBA,Grande,Proveedor I,0,0,test
2026-05-01,T25,SKU00013,6,19.0,42.0,6.166666666666667,0.441850752091675,1.027027027027027,12.0,0,0,10938.887972972972,41,0,-4.0,6.648648648648648,225910.0,433,4.403389830508475,14,0,192,0.0,0.0,0.0,0.0,0,0.0,0.0,0.0,11800.0,0.5330508474576271,51,32,147,1500,5,7.0,6.0,12.0,199398.02,48,8.059701492537314,-1.4110528438886663,0.0,0.07297559551076505,0.0075986990728466935,1.325635103926097,1.023728813559322,1.952542372881356,1.0132967898763672,267,0.08208955223880597,1.020942631691192,0.24737945492662475,0.0,0.0,21.3,0.0,0.0,0.0,4.0,0.8979984120403425,1,Decoracion,Velas,Centro,Grande,Proveedor A,0,0,test
2026-05-01,T26,SKU00192,0,0.0,0.0,0.08333333333333333,3.464101615137754,0.0,1.0,9,0,32577.25,3,3,0.0,36.0,64050.0,36,5.2682926829268295,12,3,7,384.0,0.0,0.0,0.0,0,0.0,0.0,0.0,37800.0,0.43518518518518523,32,46,192,1200,5,0.0,0.0,1.0,0.0,26,36.0,0.0,1.0,0.13816798941798947,9.814062183087575e-05,1.0,0.8292682926829269,1.024390243902439,0.9845467182073456,275,0.06545454545454546,1.0300224837984393,0.7924528301886793,576.0,3.0,1.6,0.0,0.0,0.0,4.0,0.9500833606794478,1,Decoracion,Velas,NOA,Mediano,Proveedor B,0,1,test
2026-05-01,T26,SKU00281,8,23.0,47.0,6.666666666666667,0.32192602199319587,1.15,12.0,0,0,84819.83312499999,46,0,12.0,6.8999999999999995,2245260.0,630,5.6,19,1,253,0.0,0.0,0.0,0.0,0,0.0,0.0,0.0,89400.0,0.4540268456375839,44,11,36,1200,5,7.0,8.0,10.0,1967837.98,40,5.666666666666667,1.2333333333333325,0.0,0.05123229166666676,0.00785124974647006,1.3873015873015875,0.9807407407407407,2.2488888888888887,0.9845467182073456,275,0.06545454545454546,0.9460338101430429,2.0,72.0,2.0,7.4,0.0,0.0,0.0,1.0,0.8882814291059363,1,Iluminacion,Apliques,NOA,Mediano,Proveedor H,0,0,test
2026-05-01,T26,SKU00781,4,11.0,22.0,3.25,0.35020934337199766,1.1282051282051282,12.0,0,0,66580.20487179486,10,0,1.0,3.076923076923077,352600.0,120,5.070422535211268,8,0,56,294.0,0.0,0.0,0.0,0,0.0,0.0,0.0,73100.0,0.5176470588235293,39,32,147,1200,5,3.0,4.0,5.0,727091.55,37,3.085714285714286,-0.00879120879120876,0.0,0.08919008383317562,0.0038274842514041544,0.6666666666666666,1.0000000000000002,2.366197183098592,0.9845467182073456,275,0.06545454545454546,0.9613323439689998,1.5041152263374487,294.0,1.0,0.6,0.0,0.0,0.0,2.0,0.940431560547009,1,Organizacion,Percheros,NOA,Mediano,Proveedor A,0,0,test
2026-05-01,T28,SKU00603,4,8.0,15.0,1.8333333333333333,0.6079859225702321,1.4545454545454546,10.0,0,0,51081.229545454546,8,0,-1.0,4.363636363636364,275920.0,93,5.9361702127659575,10,0,29,0.0,0.0,0.0,0.0,0,0.0,0.0,0.0,54300.0,0.3648250460405157,19,52,155,1500,5,2.0,2.0,4.0,396861.79000000004,17,7.2,-2.836363636363636,0.0,0.059277540599363854,0.0021559416981099576,0.8602150537634408,0.9787234042553192,1.8510638297872342,0.9807574779402025,267,0.055762081784386616,1.0082918739635156,1.2147651006711409,465.0,2.0,8.2,0.0,1.0,0.0,1.0,0.9018123882951135,1,Iluminacion,Apliques,AMBA,Grande,Proveedor J,0,0,test
