fecha_mes,id_tienda,categoria,presupuesto_venta_ars,presupuesto_unidades
2022-01-01,T01,Baño,0.0,0
2022-01-01,T01,Cocina y mesa,0.0,0
2022-01-01,T01,Decoracion,0.0,0
2022-01-01,T01,Iluminacion,0.0,0
2022-01-01,T01,Muebles,0.0,0
2022-01-01,T01,Organizacion,0.0,0
2022-01-01,T01,Textil hogar,0.0,0
2022-01-01,T02,Baño,0.0,0
2022-01-01,T02,Cocina y mesa,0.0,0
2022-01-01,T02,Decoracion,0.0,0
2022-01-01,T02,Iluminacion,0.0,0
2022-01-01,T02,Muebles,0.0,0
2022-01-01,T02,Organizacion,0.0,0
2022-01-01,T02,Textil hogar,0.0,0
2022-01-01,T03,Baño,0.0,0
2022-01-01,T03,Cocina y mesa,0.0,0
2022-01-01,T03,Decoracion,0.0,0
2022-01-01,T03,Iluminacion,0.0,0
2022-01-01,T03,Muebles,0.0,0
2022-01-01,T03,Organizacion,0.0,0
2022-01-01,T03,Textil hogar,0.0,0
2022-01-01,T04,Baño,0.0,0
2022-01-01,T04,Cocina y mesa,0.0,0
2022-01-01,T04,Decoracion,0.0,0
2022-01-01,T04,Iluminacion,0.0,0
2022-01-01,T04,Muebles,0.0,0
2022-01-01,T04,Organizacion,43028.61,1
2022-01-01,T04,Textil hogar,0.0,0
2022-01-01,T05,Baño,0.0,0
2022-01-01,T05,Cocina y mesa,0.0,0
2022-01-01,T05,Decoracion,0.0,0
2022-01-01,T05,Iluminacion,0.0,0
2022-01-01,T05,Muebles,0.0,0
2022-01-01,T05,Organizacion,87015.11,2
2022-01-01,T05,Textil hogar,0.0,0
2022-01-01,T06,Baño,0.0,0
2022-01-01,T06,Cocina y mesa,0.0,0
2022-01-01,T06,Decoracion,0.0,0
2022-01-01,T06,Iluminacion,0.0,0
2022-01-01,T06,Muebles,0.0,0
2022-01-01,T06,Organizacion,0.0,0
2022-01-01,T06,Textil hogar,0.0,0
2022-01-01,T07,Baño,0.0,0
2022-01-01,T07,Cocina y mesa,0.0,0
2022-01-01,T07,Decoracion,0.0,0
2022-01-01,T07,Iluminacion,0.0,0
2022-01-01,T07,Muebles,0.0,0
2022-01-01,T07,Organizacion,0.0,0
2022-01-01,T07,Textil hogar,0.0,0
2022-01-01,T08,Baño,0.0,0
2022-01-01,T08,Cocina y mesa,0.0,0
2022-01-01,T08,Decoracion,0.0,0
2022-01-01,T08,Iluminacion,0.0,0
2022-01-01,T08,Muebles,0.0,0
2022-01-01,T08,Organizacion,0.0,0
2022-01-01,T08,Textil hogar,0.0,0
2022-01-01,T09,Baño,0.0,0
2022-01-01,T09,Cocina y mesa,0.0,0
2022-01-01,T09,Decoracion,0.0,0
2022-01-01,T09,Iluminacion,0.0,0
2022-01-01,T09,Muebles,0.0,0
2022-01-01,T09,Organizacion,0.0,0
2022-01-01,T09,Textil hogar,0.0,0
2022-01-01,T10,Baño,0.0,0
2022-01-01,T10,Cocina y mesa,0.0,0
2022-01-01,T10,Decoracion,0.0,0
2022-01-01,T10,Iluminacion,0.0,0
2022-01-01,T10,Muebles,0.0,0
2022-01-01,T10,Organizacion,39997.78,1
2022-01-01,T10,Textil hogar,0.0,0
2022-01-01,T11,Baño,0.0,0
2022-01-01,T11,Cocina y mesa,0.0,0
2022-01-01,T11,Decoracion,0.0,0
2022-01-01,T11,Iluminacion,0.0,0
2022-01-01,T11,Muebles,0.0,0
2022-01-01,T11,Organizacion,0.0,0
2022-01-01,T11,Textil hogar,0.0,0
2022-01-01,T12,Baño,0.0,0
2022-01-01,T12,Cocina y mesa,0.0,0
2022-01-01,T12,Decoracion,0.0,0
2022-01-01,T12,Iluminacion,0.0,0
2022-01-01,T12,Muebles,0.0,0
2022-01-01,T12,Organizacion,41007.63,1
2022-01-01,T12,Textil hogar,0.0,0
2022-01-01,T13,Baño,0.0,0
2022-01-01,T13,Cocina y mesa,0.0,0
2022-01-01,T13,Decoracion,0.0,0
2022-01-01,T13,Iluminacion,0.0,0
2022-01-01,T13,Muebles,0.0,0
2022-01-01,T13,Organizacion,0.0,0
2022-01-01,T13,Textil hogar,0.0,0
2022-01-01,T14,Baño,0.0,0
2022-01-01,T14,Cocina y mesa,0.0,0
2022-01-01,T14,Decoracion,0.0,0
2022-01-01,T14,Iluminacion,0.0,0
2022-01-01,T14,Muebles,0.0,0
2022-01-01,T14,Organizacion,38826.57,1
2022-01-01,T14,Textil hogar,0.0,0
2022-01-01,T15,Baño,0.0,0
2022-01-01,T15,Cocina y mesa,0.0,0
2022-01-01,T15,Decoracion,0.0,0
2022-01-01,T15,Iluminacion,0.0,0
2022-01-01,T15,Muebles,0.0,0
2022-01-01,T15,Organizacion,45350.31,1
2022-01-01,T15,Textil hogar,0.0,0
2022-01-01,T16,Baño,0.0,0
2022-01-01,T16,Cocina y mesa,0.0,0
2022-01-01,T16,Decoracion,0.0,0
2022-01-01,T16,Iluminacion,0.0,0
2022-01-01,T16,Muebles,0.0,0
2022-01-01,T16,Organizacion,0.0,0
2022-01-01,T16,Textil hogar,0.0,0
2022-01-01,T17,Baño,0.0,0
2022-01-01,T17,Cocina y mesa,0.0,0
2022-01-01,T17,Decoracion,0.0,0
2022-01-01,T17,Iluminacion,0.0,0
2022-01-01,T17,Muebles,0.0,0
2022-01-01,T17,Organizacion,44164.1,1
2022-01-01,T17,Textil hogar,0.0,0
2022-01-01,T18,Baño,0.0,0
2022-01-01,T18,Cocina y mesa,0.0,0
2022-01-01,T18,Decoracion,0.0,0
2022-01-01,T18,Iluminacion,0.0,0
2022-01-01,T18,Muebles,0.0,0
2022-01-01,T18,Organizacion,0.0,0
2022-01-01,T18,Textil hogar,0.0,0
2022-01-01,T19,Baño,0.0,0
2022-01-01,T19,Cocina y mesa,0.0,0
2022-01-01,T19,Decoracion,0.0,0
2022-01-01,T19,Iluminacion,0.0,0
2022-01-01,T19,Muebles,0.0,0
2022-01-01,T19,Organizacion,41191.64,1
2022-01-01,T19,Textil hogar,0.0,0
2022-01-01,T20,Baño,0.0,0
2022-01-01,T20,Cocina y mesa,0.0,0
2022-01-01,T20,Decoracion,0.0,0
2022-01-01,T20,Iluminacion,0.0,0
2022-01-01,T20,Muebles,0.0,0
2022-01-01,T20,Organizacion,0.0,0
2022-01-01,T20,Textil hogar,0.0,0
2022-01-01,T21,Baño,0.0,0
2022-01-01,T21,Cocina y mesa,0.0,0
2022-01-01,T21,Decoracion,0.0,0
2022-01-01,T21,Iluminacion,0.0,0
2022-01-01,T21,Muebles,0.0,0
2022-01-01,T21,Organizacion,87015.75,2
2022-01-01,T21,Textil hogar,0.0,0
2022-01-01,T22,Baño,0.0,0
2022-01-01,T22,Cocina y mesa,0.0,0
2022-01-01,T22,Decoracion,0.0,0
2022-01-01,T22,Iluminacion,0.0,0
2022-01-01,T22,Muebles,0.0,0
2022-01-01,T22,Organizacion,0.0,0
2022-01-01,T22,Textil hogar,0.0,0
2022-01-01,T23,Baño,0.0,0
2022-01-01,T23,Cocina y mesa,0.0,0
2022-01-01,T23,Decoracion,0.0,0
2022-01-01,T23,Iluminacion,0.0,0
2022-01-01,T23,Muebles,0.0,0
2022-01-01,T23,Organizacion,0.0,0
2022-01-01,T23,Textil hogar,0.0,0
2022-01-01,T24,Baño,0.0,0
2022-01-01,T24,Cocina y mesa,0.0,0
2022-01-01,T24,Decoracion,0.0,0
2022-01-01,T24,Iluminacion,0.0,0
2022-01-01,T24,Muebles,0.0,0
2022-01-01,T24,Organizacion,46578.16,1
2022-01-01,T24,Textil hogar,0.0,0
2022-01-01,T25,Baño,0.0,0
2022-01-01,T25,Cocina y mesa,0.0,0
2022-01-01,T25,Decoracion,0.0,0
2022-01-01,T25,Iluminacion,0.0,0
2022-01-01,T25,Muebles,0.0,0
2022-01-01,T25,Organizacion,0.0,0
2022-01-01,T25,Textil hogar,0.0,0
2022-01-01,T26,Baño,0.0,0
2022-01-01,T26,Cocina y mesa,0.0,0
2022-01-01,T26,Decoracion,0.0,0
2022-01-01,T26,Iluminacion,0.0,0
2022-01-01,T26,Muebles,0.0,0
2022-01-01,T26,Organizacion,0.0,0
2022-01-01,T26,Textil hogar,0.0,0
2022-01-01,T27,Baño,0.0,0
2022-01-01,T27,Cocina y mesa,0.0,0
2022-01-01,T27,Decoracion,0.0,0
2022-01-01,T27,Iluminacion,0.0,0
2022-01-01,T27,Muebles,0.0,0
2022-01-01,T27,Organizacion,0.0,0
2022-01-01,T27,Textil hogar,0.0,0
2022-01-01,T28,Baño,0.0,0
2022-01-01,T28,Cocina y mesa,0.0,0
2022-01-01,T28,Decoracion,0.0,0
2022-01-01,T28,Iluminacion,0.0,0
2022-01-01,T28,Muebles,0.0,0
2022-01-01,T28,Organizacion,0.0,0
2022-01-01,T28,Textil hogar,0.0,0
2022-02-01,T01,Baño,0.0,0
2022-02-01,T01,Cocina y mesa,0.0,0
2022-02-01,T01,Decoracion,0.0,0
2022-02-01,T01,Iluminacion,0.0,0
2022-02-01,T01,Muebles,358150.99,5
2022-02-01,T01,Organizacion,0.0,0
2022-02-01,T01,Textil hogar,14651.43,5
2022-02-01,T02,Baño,0.0,0
2022-02-01,T02,Cocina y mesa,0.0,0
2022-02-01,T02,Decoracion,0.0,0
2022-02-01,T02,Iluminacion,118542.41,2
2022-02-01,T02,Muebles,174820.19,2
2022-02-01,T02,Organizacion,0.0,0
2022-02-01,T02,Textil hogar,99012.63,6
2022-02-01,T03,Baño,466632.65,8
2022-02-01,T03,Cocina y mesa,0.0,0
2022-02-01,T03,Decoracion,0.0,0
2022-02-01,T03,Iluminacion,128511.3,4
2022-02-01,T03,Muebles,455107.02,6
2022-02-01,T03,Organizacion,0.0,0
2022-02-01,T03,Textil hogar,8015.13,3
2022-02-01,T04,Baño,0.0,0
2022-02-01,T04,Cocina y mesa,0.0,0
2022-02-01,T04,Decoracion,0.0,0
2022-02-01,T04,Iluminacion,164668.99,3
2022-02-01,T04,Muebles,577518.4,8
2022-02-01,T04,Organizacion,0.0,0
2022-02-01,T04,Textil hogar,33741.89,3
2022-02-01,T05,Baño,85853.23,1
2022-02-01,T05,Cocina y mesa,0.0,0
2022-02-01,T05,Decoracion,0.0,0
2022-02-01,T05,Iluminacion,163263.5,3
2022-02-01,T05,Muebles,86714.01,1
2022-02-01,T05,Organizacion,0.0,0
2022-02-01,T05,Textil hogar,296118.34,8
2022-02-01,T06,Baño,194280.38,3
2022-02-01,T06,Cocina y mesa,0.0,0
2022-02-01,T06,Decoracion,0.0,0
2022-02-01,T06,Iluminacion,555852.02,11
2022-02-01,T06,Muebles,336611.55,4
2022-02-01,T06,Organizacion,0.0,0
2022-02-01,T06,Textil hogar,169758.64,3
2022-02-01,T07,Baño,208563.6,6
2022-02-01,T07,Cocina y mesa,90006.25,3
2022-02-01,T07,Decoracion,0.0,0
2022-02-01,T07,Iluminacion,196080.06,5
2022-02-01,T07,Muebles,240855.62,3
2022-02-01,T07,Organizacion,0.0,0
2022-02-01,T07,Textil hogar,0.0,0
2022-02-01,T08,Baño,435233.68,9
2022-02-01,T08,Cocina y mesa,0.0,0
2022-02-01,T08,Decoracion,0.0,0
2022-02-01,T08,Iluminacion,214940.92,8
2022-02-01,T08,Muebles,31435.25,1
2022-02-01,T08,Organizacion,192727.35,4
2022-02-01,T08,Textil hogar,9413.89,3
2022-02-01,T09,Baño,83241.62,2
2022-02-01,T09,Cocina y mesa,223475.06,8
2022-02-01,T09,Decoracion,0.0,0
2022-02-01,T09,Iluminacion,193150.73,5
2022-02-01,T09,Muebles,173047.52,2
2022-02-01,T09,Organizacion,0.0,0
2022-02-01,T09,Textil hogar,211569.3,8
2022-02-01,T10,Baño,159362.27,2
2022-02-01,T10,Cocina y mesa,47560.65,1
2022-02-01,T10,Decoracion,0.0,0
2022-02-01,T10,Iluminacion,461516.89,10
2022-02-01,T10,Muebles,547264.02,7
2022-02-01,T10,Organizacion,0.0,0
2022-02-01,T10,Textil hogar,26187.06,1
2022-02-01,T11,Baño,0.0,0
2022-02-01,T11,Cocina y mesa,0.0,0
2022-02-01,T11,Decoracion,0.0,0
2022-02-01,T11,Iluminacion,507429.11,11
2022-02-01,T11,Muebles,97630.05,2
2022-02-01,T11,Organizacion,0.0,0
2022-02-01,T11,Textil hogar,212443.06,10
2022-02-01,T12,Baño,163217.26,3
2022-02-01,T12,Cocina y mesa,0.0,0
2022-02-01,T12,Decoracion,0.0,0
2022-02-01,T12,Iluminacion,112237.42,2
2022-02-01,T12,Muebles,283770.57,3
2022-02-01,T12,Organizacion,88859.94,2
2022-02-01,T12,Textil hogar,49331.78,1
2022-02-01,T13,Baño,255986.58,7
2022-02-01,T13,Cocina y mesa,61881.78,2
2022-02-01,T13,Decoracion,0.0,0
2022-02-01,T13,Iluminacion,272806.65,6
2022-02-01,T13,Muebles,595702.76,10
2022-02-01,T13,Organizacion,141488.58,3
2022-02-01,T13,Textil hogar,87462.58,2
2022-02-01,T14,Baño,0.0,0
2022-02-01,T14,Cocina y mesa,92367.75,3
2022-02-01,T14,Decoracion,0.0,0
2022-02-01,T14,Iluminacion,247903.26,6
2022-02-01,T14,Muebles,27482.17,3
2022-02-01,T14,Organizacion,125393.35,3
2022-02-01,T14,Textil hogar,11531.1,5
2022-02-01,T15,Baño,0.0,0
2022-02-01,T15,Cocina y mesa,58034.82,2
2022-02-01,T15,Decoracion,0.0,0
2022-02-01,T15,Iluminacion,142012.95,5
2022-02-01,T15,Muebles,159602.69,2
2022-02-01,T15,Organizacion,82908.15,2
2022-02-01,T15,Textil hogar,173743.32,6
2022-02-01,T16,Baño,176412.13,2
2022-02-01,T16,Cocina y mesa,0.0,0
2022-02-01,T16,Decoracion,0.0,0
2022-02-01,T16,Iluminacion,414465.22,9
2022-02-01,T16,Muebles,322486.88,4
2022-02-01,T16,Organizacion,0.0,0
2022-02-01,T16,Textil hogar,5644.65,2
2022-02-01,T17,Baño,37879.93,1
2022-02-01,T17,Cocina y mesa,0.0,0
2022-02-01,T17,Decoracion,0.0,0
2022-02-01,T17,Iluminacion,153358.27,3
2022-02-01,T17,Muebles,342651.53,5
2022-02-01,T17,Organizacion,100491.09,2
2022-02-01,T17,Textil hogar,283780.75,11
2022-02-01,T18,Baño,85452.01,2
2022-02-01,T18,Cocina y mesa,60243.73,2
2022-02-01,T18,Decoracion,0.0,0
2022-02-01,T18,Iluminacion,400243.64,8
2022-02-01,T18,Muebles,94925.67,2
2022-02-01,T18,Organizacion,0.0,0
2022-02-01,T18,Textil hogar,89088.51,1
2022-02-01,T19,Baño,493583.71,7
2022-02-01,T19,Cocina y mesa,0.0,0
2022-02-01,T19,Decoracion,0.0,0
2022-02-01,T19,Iluminacion,186144.66,4
2022-02-01,T19,Muebles,0.0,0
2022-02-01,T19,Organizacion,0.0,0
2022-02-01,T19,Textil hogar,38131.2,5
2022-02-01,T20,Baño,0.0,0
2022-02-01,T20,Cocina y mesa,0.0,0
2022-02-01,T20,Decoracion,0.0,0
2022-02-01,T20,Iluminacion,0.0,0
2022-02-01,T20,Muebles,370472.4,5
2022-02-01,T20,Organizacion,0.0,0
2022-02-01,T20,Textil hogar,0.0,0
2022-02-01,T21,Baño,528933.24,11
2022-02-01,T21,Cocina y mesa,101135.16,3
2022-02-01,T21,Decoracion,0.0,0
2022-02-01,T21,Iluminacion,0.0,0
2022-02-01,T21,Muebles,331746.94,4
2022-02-01,T21,Organizacion,0.0,0
2022-02-01,T21,Textil hogar,460055.34,13
2022-02-01,T22,Baño,402190.63,9
2022-02-01,T22,Cocina y mesa,91680.21,3
2022-02-01,T22,Decoracion,0.0,0
2022-02-01,T22,Iluminacion,89813.45,3
2022-02-01,T22,Muebles,0.0,0
2022-02-01,T22,Organizacion,0.0,0
2022-02-01,T22,Textil hogar,223660.11,3
2022-02-01,T23,Baño,269131.14,4
2022-02-01,T23,Cocina y mesa,0.0,0
2022-02-01,T23,Decoracion,0.0,0
2022-02-01,T23,Iluminacion,201286.42,5
2022-02-01,T23,Muebles,83198.49,2
2022-02-01,T23,Organizacion,0.0,0
2022-02-01,T23,Textil hogar,17768.39,6
2022-02-01,T24,Baño,78943.55,2
2022-02-01,T24,Cocina y mesa,150135.32,6
2022-02-01,T24,Decoracion,0.0,0
2022-02-01,T24,Iluminacion,229614.82,4
2022-02-01,T24,Muebles,98689.89,2
2022-02-01,T24,Organizacion,0.0,0
2022-02-01,T24,Textil hogar,140524.39,2
2022-02-01,T25,Baño,195694.76,6
2022-02-01,T25,Cocina y mesa,0.0,0
2022-02-01,T25,Decoracion,0.0,0
2022-02-01,T25,Iluminacion,0.0,0
2022-02-01,T25,Muebles,249591.93,5
2022-02-01,T25,Organizacion,0.0,0
2022-02-01,T25,Textil hogar,270600.73,8
2022-02-01,T26,Baño,152785.31,3
2022-02-01,T26,Cocina y mesa,55850.46,2
2022-02-01,T26,Decoracion,0.0,0
2022-02-01,T26,Iluminacion,69630.9,2
2022-02-01,T26,Muebles,90123.79,3
2022-02-01,T26,Organizacion,105464.49,2
2022-02-01,T26,Textil hogar,0.0,0
2022-02-01,T27,Baño,94204.01,1
2022-02-01,T27,Cocina y mesa,0.0,0
2022-02-01,T27,Decoracion,0.0,0
2022-02-01,T27,Iluminacion,798813.95,16
2022-02-01,T27,Muebles,761744.77,10
2022-02-01,T27,Organizacion,0.0,0
2022-02-01,T27,Textil hogar,164427.97,3
2022-02-01,T28,Baño,200992.2,5
2022-02-01,T28,Cocina y mesa,42134.76,1
2022-02-01,T28,Decoracion,0.0,0
2022-02-01,T28,Iluminacion,548138.58,13
2022-02-01,T28,Muebles,632551.36,10
2022-02-01,T28,Organizacion,0.0,0
2022-02-01,T28,Textil hogar,56643.48,1
2022-03-01,T01,Baño,331273.69,8
2022-03-01,T01,Cocina y mesa,5676.77,1
2022-03-01,T01,Decoracion,119975.67,12
2022-03-01,T01,Iluminacion,61611.61,3
2022-03-01,T01,Muebles,622518.35,9
2022-03-01,T01,Organizacion,0.0,0
2022-03-01,T01,Textil hogar,10304.64,4
2022-03-01,T02,Baño,175310.35,8
2022-03-01,T02,Cocina y mesa,83133.53,2
2022-03-01,T02,Decoracion,54086.37,5
2022-03-01,T02,Iluminacion,0.0,0
2022-03-01,T02,Muebles,891248.77,12
2022-03-01,T02,Organizacion,0.0,0
2022-03-01,T02,Textil hogar,182998.03,14
2022-03-01,T03,Baño,78456.21,1
2022-03-01,T03,Cocina y mesa,0.0,0
2022-03-01,T03,Decoracion,0.0,0
2022-03-01,T03,Iluminacion,224821.19,6
2022-03-01,T03,Muebles,1068309.28,14
2022-03-01,T03,Organizacion,0.0,0
2022-03-01,T03,Textil hogar,12017.34,4
2022-03-01,T04,Baño,106197.5,4
2022-03-01,T04,Cocina y mesa,0.0,0
2022-03-01,T04,Decoracion,126675.86,11
2022-03-01,T04,Iluminacion,266523.16,6
2022-03-01,T04,Muebles,706507.1,9
2022-03-01,T04,Organizacion,246359.78,8
2022-03-01,T04,Textil hogar,14555.37,5
2022-03-01,T05,Baño,120214.36,6
2022-03-01,T05,Cocina y mesa,10591.57,2
2022-03-01,T05,Decoracion,63041.09,6
2022-03-01,T05,Iluminacion,175258.13,3
2022-03-01,T05,Muebles,238413.68,7
2022-03-01,T05,Organizacion,193814.93,4
2022-03-01,T05,Textil hogar,263139.54,5
2022-03-01,T06,Baño,402027.02,11
2022-03-01,T06,Cocina y mesa,0.0,0
2022-03-01,T06,Decoracion,76890.44,7
2022-03-01,T06,Iluminacion,357978.18,9
2022-03-01,T06,Muebles,358736.9,7
2022-03-01,T06,Organizacion,109694.37,3
2022-03-01,T06,Textil hogar,200250.13,12
2022-03-01,T07,Baño,210428.8,8
2022-03-01,T07,Cocina y mesa,177741.92,6
2022-03-01,T07,Decoracion,0.0,0
2022-03-01,T07,Iluminacion,115129.59,3
2022-03-01,T07,Muebles,702310.62,9
2022-03-01,T07,Organizacion,182907.64,6
2022-03-01,T07,Textil hogar,28555.12,1
2022-03-01,T08,Baño,169389.84,3
2022-03-01,T08,Cocina y mesa,0.0,0
2022-03-01,T08,Decoracion,50870.52,5
2022-03-01,T08,Iluminacion,458892.84,12
2022-03-01,T08,Muebles,441507.27,10
2022-03-01,T08,Organizacion,36672.88,1
2022-03-01,T08,Textil hogar,10859.26,4
2022-03-01,T09,Baño,136622.12,5
2022-03-01,T09,Cocina y mesa,162185.78,6
2022-03-01,T09,Decoracion,0.0,0
2022-03-01,T09,Iluminacion,472410.79,13
2022-03-01,T09,Muebles,339711.79,5
2022-03-01,T09,Organizacion,55652.54,1
2022-03-01,T09,Textil hogar,258418.52,11
2022-03-01,T10,Baño,585934.89,15
2022-03-01,T10,Cocina y mesa,0.0,0
2022-03-01,T10,Decoracion,181734.0,12
2022-03-01,T10,Iluminacion,585700.79,13
2022-03-01,T10,Muebles,1045831.1,14
2022-03-01,T10,Organizacion,45448.87,2
2022-03-01,T10,Textil hogar,0.0,0
2022-03-01,T11,Baño,563989.11,17
2022-03-01,T11,Cocina y mesa,11722.32,2
2022-03-01,T11,Decoracion,0.0,0
2022-03-01,T11,Iluminacion,289689.38,6
2022-03-01,T11,Muebles,515966.96,6
2022-03-01,T11,Organizacion,162508.06,4
2022-03-01,T11,Textil hogar,97756.0,8
2022-03-01,T12,Baño,563306.67,16
2022-03-01,T12,Cocina y mesa,18149.96,3
2022-03-01,T12,Decoracion,0.0,0
2022-03-01,T12,Iluminacion,175896.55,3
2022-03-01,T12,Muebles,361731.07,5
2022-03-01,T12,Organizacion,201899.57,7
2022-03-01,T12,Textil hogar,101783.93,2
2022-03-01,T13,Baño,234579.43,10
2022-03-01,T13,Cocina y mesa,0.0,0
2022-03-01,T13,Decoracion,112663.07,11
2022-03-01,T13,Iluminacion,144780.91,3
2022-03-01,T13,Muebles,534614.76,12
2022-03-01,T13,Organizacion,379976.74,9
2022-03-01,T13,Textil hogar,182574.56,3
2022-03-01,T14,Baño,17058.45,1
2022-03-01,T14,Cocina y mesa,32252.72,1
2022-03-01,T14,Decoracion,0.0,0
2022-03-01,T14,Iluminacion,293140.06,7
2022-03-01,T14,Muebles,113277.22,4
2022-03-01,T14,Organizacion,88284.52,3
2022-03-01,T14,Textil hogar,5812.86,2
2022-03-01,T15,Baño,16976.29,1
2022-03-01,T15,Cocina y mesa,89246.2,5
2022-03-01,T15,Decoracion,75058.72,7
2022-03-01,T15,Iluminacion,189315.13,6
2022-03-01,T15,Muebles,143488.16,2
2022-03-01,T15,Organizacion,21173.12,1
2022-03-01,T15,Textil hogar,118860.91,10
2022-03-01,T16,Baño,156251.75,9
2022-03-01,T16,Cocina y mesa,10772.2,2
2022-03-01,T16,Decoracion,0.0,0
2022-03-01,T16,Iluminacion,708403.78,16
2022-03-01,T16,Muebles,454182.06,6
2022-03-01,T16,Organizacion,0.0,0
2022-03-01,T16,Textil hogar,9029.07,3
2022-03-01,T17,Baño,39267.15,1
2022-03-01,T17,Cocina y mesa,11244.6,2
2022-03-01,T17,Decoracion,96925.4,9
2022-03-01,T17,Iluminacion,238797.15,5
2022-03-01,T17,Muebles,527449.35,6
2022-03-01,T17,Organizacion,114643.73,3
2022-03-01,T17,Textil hogar,14378.65,6
2022-03-01,T18,Baño,296006.56,11
2022-03-01,T18,Cocina y mesa,90768.98,4
2022-03-01,T18,Decoracion,198526.72,14
2022-03-01,T18,Iluminacion,361295.45,10
2022-03-01,T18,Muebles,200651.1,4
2022-03-01,T18,Organizacion,47717.97,2
2022-03-01,T18,Textil hogar,152321.83,2
2022-03-01,T19,Baño,289421.52,8
2022-03-01,T19,Cocina y mesa,0.0,0
2022-03-01,T19,Decoracion,34969.67,1
2022-03-01,T19,Iluminacion,258314.04,7
2022-03-01,T19,Muebles,227126.65,3
2022-03-01,T19,Organizacion,222767.63,7
2022-03-01,T19,Textil hogar,144672.98,3
2022-03-01,T20,Baño,54706.31,3
2022-03-01,T20,Cocina y mesa,86321.21,2
2022-03-01,T20,Decoracion,0.0,0
2022-03-01,T20,Iluminacion,193891.35,4
2022-03-01,T20,Muebles,682151.5,8
2022-03-01,T20,Organizacion,0.0,0
2022-03-01,T20,Textil hogar,0.0,0
2022-03-01,T21,Baño,270820.75,8
2022-03-01,T21,Cocina y mesa,249093.34,8
2022-03-01,T21,Decoracion,37814.52,1
2022-03-01,T21,Iluminacion,203414.83,4
2022-03-01,T21,Muebles,340469.18,4
2022-03-01,T21,Organizacion,46952.36,2
2022-03-01,T21,Textil hogar,83730.87,2
2022-03-01,T22,Baño,434378.77,8
2022-03-01,T22,Cocina y mesa,190276.29,7
2022-03-01,T22,Decoracion,161216.15,10
2022-03-01,T22,Iluminacion,216870.14,5
2022-03-01,T22,Muebles,82030.28,1
2022-03-01,T22,Organizacion,0.0,0
2022-03-01,T22,Textil hogar,85087.66,1
2022-03-01,T23,Baño,72673.76,5
2022-03-01,T23,Cocina y mesa,10655.51,2
2022-03-01,T23,Decoracion,185943.49,12
2022-03-01,T23,Iluminacion,469252.02,10
2022-03-01,T23,Muebles,530042.84,6
2022-03-01,T23,Organizacion,41868.43,1
2022-03-01,T23,Textil hogar,94892.3,7
2022-03-01,T24,Baño,156295.81,6
2022-03-01,T24,Cocina y mesa,55798.26,2
2022-03-01,T24,Decoracion,0.0,0
2022-03-01,T24,Iluminacion,183658.67,3
2022-03-01,T24,Muebles,185742.67,2
2022-03-01,T24,Organizacion,90313.36,3
2022-03-01,T24,Textil hogar,0.0,0
2022-03-01,T25,Baño,246713.48,8
2022-03-01,T25,Cocina y mesa,5831.58,1
2022-03-01,T25,Decoracion,94329.68,9
2022-03-01,T25,Iluminacion,7757.06,1
2022-03-01,T25,Muebles,148096.41,3
2022-03-01,T25,Organizacion,89941.7,4
2022-03-01,T25,Textil hogar,225246.66,8
2022-03-01,T26,Baño,204321.87,3
2022-03-01,T26,Cocina y mesa,130651.31,5
2022-03-01,T26,Decoracion,136074.02,12
2022-03-01,T26,Iluminacion,28422.1,1
2022-03-01,T26,Muebles,239402.83,4
2022-03-01,T26,Organizacion,358554.53,10
2022-03-01,T26,Textil hogar,0.0,0
2022-03-01,T27,Baño,245125.0,8
2022-03-01,T27,Cocina y mesa,94047.12,2
2022-03-01,T27,Decoracion,104807.96,10
2022-03-01,T27,Iluminacion,359735.37,10
2022-03-01,T27,Muebles,527111.2,7
2022-03-01,T27,Organizacion,123220.63,3
2022-03-01,T27,Textil hogar,208300.28,9
2022-03-01,T28,Baño,197733.49,6
2022-03-01,T28,Cocina y mesa,10256.76,2
2022-03-01,T28,Decoracion,0.0,0
2022-03-01,T28,Iluminacion,168470.68,4
2022-03-01,T28,Muebles,363980.73,6
2022-03-01,T28,Organizacion,47731.24,1
2022-03-01,T28,Textil hogar,53282.05,1
2022-04-01,T01,Baño,30237.0,2
2022-04-01,T01,Cocina y mesa,60798.95,5
2022-04-01,T01,Decoracion,644080.45,20
2022-04-01,T01,Iluminacion,0.0,0
2022-04-01,T01,Muebles,411049.49,8
2022-04-01,T01,Organizacion,376539.57,6
2022-04-01,T01,Textil hogar,81112.94,8
2022-04-01,T02,Baño,114432.53,2
2022-04-01,T02,Cocina y mesa,966126.92,17
2022-04-01,T02,Decoracion,441245.93,18
2022-04-01,T02,Iluminacion,312686.61,6
2022-04-01,T02,Muebles,820576.76,12
2022-04-01,T02,Organizacion,61129.67,3
2022-04-01,T02,Textil hogar,94581.71,9
2022-04-01,T03,Baño,152770.28,3
2022-04-01,T03,Cocina y mesa,532226.95,11
2022-04-01,T03,Decoracion,467844.89,11
2022-04-01,T03,Iluminacion,126157.7,4
2022-04-01,T03,Muebles,831562.31,10
2022-04-01,T03,Organizacion,0.0,0
2022-04-01,T03,Textil hogar,11522.77,4
2022-04-01,T04,Baño,87131.62,5
2022-04-01,T04,Cocina y mesa,1355666.27,25
2022-04-01,T04,Decoracion,67910.83,7
2022-04-01,T04,Iluminacion,368234.92,13
2022-04-01,T04,Muebles,1391399.34,24
2022-04-01,T04,Organizacion,241034.8,8
2022-04-01,T04,Textil hogar,252747.96,6
2022-04-01,T05,Baño,362728.77,8
2022-04-01,T05,Cocina y mesa,1021428.55,18
2022-04-01,T05,Decoracion,223955.47,9
2022-04-01,T05,Iluminacion,187551.33,6
2022-04-01,T05,Muebles,745285.84,20
2022-04-01,T05,Organizacion,128706.65,4
2022-04-01,T05,Textil hogar,195534.98,3
2022-04-01,T06,Baño,433249.53,7
2022-04-01,T06,Cocina y mesa,51469.55,1
2022-04-01,T06,Decoracion,416683.92,14
2022-04-01,T06,Iluminacion,432638.98,10
2022-04-01,T06,Muebles,862299.96,13
2022-04-01,T06,Organizacion,146450.08,4
2022-04-01,T06,Textil hogar,49765.34,1
2022-04-01,T07,Baño,179668.27,7
2022-04-01,T07,Cocina y mesa,1079388.71,22
2022-04-01,T07,Decoracion,230189.69,3
2022-04-01,T07,Iluminacion,176907.27,7
2022-04-01,T07,Muebles,788506.52,11
2022-04-01,T07,Organizacion,386179.05,9
2022-04-01,T07,Textil hogar,0.0,0
2022-04-01,T08,Baño,571289.87,10
2022-04-01,T08,Cocina y mesa,115349.37,7
2022-04-01,T08,Decoracion,221679.41,11
2022-04-01,T08,Iluminacion,410577.78,10
2022-04-01,T08,Muebles,148070.34,3
2022-04-01,T08,Organizacion,484060.85,9
2022-04-01,T08,Textil hogar,143945.44,6
2022-04-01,T09,Baño,186189.5,7
2022-04-01,T09,Cocina y mesa,390378.35,12
2022-04-01,T09,Decoracion,510939.73,11
2022-04-01,T09,Iluminacion,379577.46,13
2022-04-01,T09,Muebles,469895.07,8
2022-04-01,T09,Organizacion,48570.91,1
2022-04-01,T09,Textil hogar,16463.6,6
2022-04-01,T10,Baño,285699.54,8
2022-04-01,T10,Cocina y mesa,37841.8,1
2022-04-01,T10,Decoracion,417287.34,20
2022-04-01,T10,Iluminacion,601801.71,13
2022-04-01,T10,Muebles,565037.28,7
2022-04-01,T10,Organizacion,0.0,0
2022-04-01,T10,Textil hogar,174509.14,4
2022-04-01,T11,Baño,264544.9,6
2022-04-01,T11,Cocina y mesa,135163.84,4
2022-04-01,T11,Decoracion,256011.34,3
2022-04-01,T11,Iluminacion,254597.59,5
2022-04-01,T11,Muebles,134711.96,5
2022-04-01,T11,Organizacion,171790.72,4
2022-04-01,T11,Textil hogar,153746.8,8
2022-04-01,T12,Baño,200050.26,5
2022-04-01,T12,Cocina y mesa,6239.51,1
2022-04-01,T12,Decoracion,638945.74,16
2022-04-01,T12,Iluminacion,446985.89,9
2022-04-01,T12,Muebles,1066547.68,17
2022-04-01,T12,Organizacion,219930.8,7
2022-04-01,T12,Textil hogar,255292.98,5
2022-04-01,T13,Baño,254369.55,10
2022-04-01,T13,Cocina y mesa,102919.91,3
2022-04-01,T13,Decoracion,106032.3,10
2022-04-01,T13,Iluminacion,477434.09,11
2022-04-01,T13,Muebles,1014152.3,20
2022-04-01,T13,Organizacion,727497.85,12
2022-04-01,T13,Textil hogar,288475.11,7
2022-04-01,T14,Baño,32611.13,2
2022-04-01,T14,Cocina y mesa,35067.34,2
2022-04-01,T14,Decoracion,219020.95,4
2022-04-01,T14,Iluminacion,462008.47,12
2022-04-01,T14,Muebles,340572.62,10
2022-04-01,T14,Organizacion,61536.87,2
2022-04-01,T14,Textil hogar,8766.56,3
2022-04-01,T15,Baño,167666.34,9
2022-04-01,T15,Cocina y mesa,107867.05,5
2022-04-01,T15,Decoracion,274232.82,7
2022-04-01,T15,Iluminacion,485984.07,13
2022-04-01,T15,Muebles,1355090.35,19
2022-04-01,T15,Organizacion,118285.27,6
2022-04-01,T15,Textil hogar,216418.66,5
2022-04-01,T16,Baño,276108.97,11
2022-04-01,T16,Cocina y mesa,0.0,0
2022-04-01,T16,Decoracion,152274.86,4
2022-04-01,T16,Iluminacion,226348.31,5
2022-04-01,T16,Muebles,1081088.51,19
2022-04-01,T16,Organizacion,104982.49,2
2022-04-01,T16,Textil hogar,62867.67,6
2022-04-01,T17,Baño,186634.43,7
2022-04-01,T17,Cocina y mesa,153150.76,7
2022-04-01,T17,Decoracion,467280.61,18
2022-04-01,T17,Iluminacion,332492.46,7
2022-04-01,T17,Muebles,264789.15,5
2022-04-01,T17,Organizacion,617614.6,12
2022-04-01,T17,Textil hogar,498367.03,11
2022-04-01,T18,Baño,82131.01,5
2022-04-01,T18,Cocina y mesa,76964.65,5
2022-04-01,T18,Decoracion,370058.94,7
2022-04-01,T18,Iluminacion,689338.36,15
2022-04-01,T18,Muebles,69118.88,1
2022-04-01,T18,Organizacion,172886.5,2
2022-04-01,T18,Textil hogar,134240.03,2
2022-04-01,T19,Baño,196770.38,6
2022-04-01,T19,Cocina y mesa,0.0,0
2022-04-01,T19,Decoracion,131845.53,3
2022-04-01,T19,Iluminacion,220320.66,4
2022-04-01,T19,Muebles,371092.44,9
2022-04-01,T19,Organizacion,166489.82,7
2022-04-01,T19,Textil hogar,0.0,0
2022-04-01,T20,Baño,115018.72,6
2022-04-01,T20,Cocina y mesa,107573.5,5
2022-04-01,T20,Decoracion,512637.39,12
2022-04-01,T20,Iluminacion,346629.32,9
2022-04-01,T20,Muebles,713179.99,10
2022-04-01,T20,Organizacion,46896.24,1
2022-04-01,T20,Textil hogar,0.0,0
2022-04-01,T21,Baño,377065.58,9
2022-04-01,T21,Cocina y mesa,96950.57,2
2022-04-01,T21,Decoracion,488672.45,11
2022-04-01,T21,Iluminacion,376642.13,13
2022-04-01,T21,Muebles,389190.35,9
2022-04-01,T21,Organizacion,401561.93,5
2022-04-01,T21,Textil hogar,585246.77,10
2022-04-01,T22,Baño,75220.83,2
2022-04-01,T22,Cocina y mesa,252673.75,8
2022-04-01,T22,Decoracion,521089.01,21
2022-04-01,T22,Iluminacion,709555.85,14
2022-04-01,T22,Muebles,59942.13,6
2022-04-01,T22,Organizacion,577389.15,7
2022-04-01,T22,Textil hogar,253426.08,4
2022-04-01,T23,Baño,119380.8,2
2022-04-01,T23,Cocina y mesa,943322.06,20
2022-04-01,T23,Decoracion,169254.69,6
2022-04-01,T23,Iluminacion,504963.46,11
2022-04-01,T23,Muebles,785225.04,16
2022-04-01,T23,Organizacion,46209.78,1
2022-04-01,T23,Textil hogar,8432.83,3
2022-04-01,T24,Baño,235213.73,9
2022-04-01,T24,Cocina y mesa,764739.7,14
2022-04-01,T24,Decoracion,387851.8,10
2022-04-01,T24,Iluminacion,112653.21,2
2022-04-01,T24,Muebles,842440.52,18
2022-04-01,T24,Organizacion,356555.88,11
2022-04-01,T24,Textil hogar,672051.57,12
2022-04-01,T25,Baño,381644.99,11
2022-04-01,T25,Cocina y mesa,17771.06,3
2022-04-01,T25,Decoracion,283221.63,9
2022-04-01,T25,Iluminacion,19271.12,1
2022-04-01,T25,Muebles,439412.24,9
2022-04-01,T25,Organizacion,291843.27,3
2022-04-01,T25,Textil hogar,162019.68,11
2022-04-01,T26,Baño,215826.8,6
2022-04-01,T26,Cocina y mesa,653640.43,14
2022-04-01,T26,Decoracion,744226.74,27
2022-04-01,T26,Iluminacion,394443.03,13
2022-04-01,T26,Muebles,296922.23,12
2022-04-01,T26,Organizacion,241080.57,8
2022-04-01,T26,Textil hogar,0.0,0
2022-04-01,T27,Baño,368755.56,8
2022-04-01,T27,Cocina y mesa,11551.03,2
2022-04-01,T27,Decoracion,357082.14,13
2022-04-01,T27,Iluminacion,201583.28,5
2022-04-01,T27,Muebles,788227.72,10
2022-04-01,T27,Organizacion,0.0,0
2022-04-01,T27,Textil hogar,563991.82,14
2022-04-01,T28,Baño,163484.78,7
2022-04-01,T28,Cocina y mesa,0.0,0
2022-04-01,T28,Decoracion,0.0,0
2022-04-01,T28,Iluminacion,350763.38,8
2022-04-01,T28,Muebles,391135.21,5
2022-04-01,T28,Organizacion,152723.15,5
2022-04-01,T28,Textil hogar,0.0,0
2022-05-01,T01,Baño,555957.21,28
2022-05-01,T01,Cocina y mesa,496982.57,16
2022-05-01,T01,Decoracion,1216932.78,33
2022-05-01,T01,Iluminacion,99348.09,4
2022-05-01,T01,Muebles,1823443.42,35
2022-05-01,T01,Organizacion,37846.99,5
2022-05-01,T01,Textil hogar,128764.4,9
2022-05-01,T02,Baño,706660.56,18
2022-05-01,T02,Cocina y mesa,199202.45,6
2022-05-01,T02,Decoracion,833077.19,25
2022-05-01,T02,Iluminacion,145189.25,4
2022-05-01,T02,Muebles,604432.97,13
2022-05-01,T02,Organizacion,73244.75,4
2022-05-01,T02,Textil hogar,46642.83,6
2022-05-01,T03,Baño,585590.7,23
2022-05-01,T03,Cocina y mesa,940519.87,21
2022-05-01,T03,Decoracion,813255.09,23
2022-05-01,T03,Iluminacion,132735.63,4
2022-05-01,T03,Muebles,728218.0,12
2022-05-01,T03,Organizacion,13506.46,1
2022-05-01,T03,Textil hogar,5769.74,2
2022-05-01,T04,Baño,228149.63,22
2022-05-01,T04,Cocina y mesa,807234.4,15
2022-05-01,T04,Decoracion,983487.77,34
2022-05-01,T04,Iluminacion,336537.96,8
2022-05-01,T04,Muebles,1214357.39,28
2022-05-01,T04,Organizacion,212924.17,6
2022-05-01,T04,Textil hogar,468173.26,13
2022-05-01,T05,Baño,346899.21,6
2022-05-01,T05,Cocina y mesa,1950754.98,37
2022-05-01,T05,Decoracion,692539.73,30
2022-05-01,T05,Iluminacion,7161.39,1
2022-05-01,T05,Muebles,475152.4,12
2022-05-01,T05,Organizacion,146446.81,5
2022-05-01,T05,Textil hogar,430798.79,9
2022-05-01,T06,Baño,251903.5,5
2022-05-01,T06,Cocina y mesa,468981.46,12
2022-05-01,T06,Decoracion,1344648.76,33
2022-05-01,T06,Iluminacion,404664.25,11
2022-05-01,T06,Muebles,1135900.21,19
2022-05-01,T06,Organizacion,205223.05,10
2022-05-01,T06,Textil hogar,355597.82,10
2022-05-01,T07,Baño,175857.19,6
2022-05-01,T07,Cocina y mesa,1075733.7,19
2022-05-01,T07,Decoracion,2026422.46,35
2022-05-01,T07,Iluminacion,351842.67,10
2022-05-01,T07,Muebles,724393.01,11
2022-05-01,T07,Organizacion,457213.71,7
2022-05-01,T07,Textil hogar,433620.57,10
2022-05-01,T08,Baño,477071.83,11
2022-05-01,T08,Cocina y mesa,384422.45,14
2022-05-01,T08,Decoracion,1232194.37,24
2022-05-01,T08,Iluminacion,375874.53,10
2022-05-01,T08,Muebles,568240.14,13
2022-05-01,T08,Organizacion,518279.83,9
2022-05-01,T08,Textil hogar,70610.96,3
2022-05-01,T09,Baño,562750.71,34
2022-05-01,T09,Cocina y mesa,556068.79,18
2022-05-01,T09,Decoracion,882420.02,27
2022-05-01,T09,Iluminacion,205981.41,7
2022-05-01,T09,Muebles,1738021.41,26
2022-05-01,T09,Organizacion,141441.49,3
2022-05-01,T09,Textil hogar,289797.41,11
2022-05-01,T10,Baño,306417.64,13
2022-05-01,T10,Cocina y mesa,334702.52,9
2022-05-01,T10,Decoracion,1130404.72,38
2022-05-01,T10,Iluminacion,324723.08,10
2022-05-01,T10,Muebles,586777.22,8
2022-05-01,T10,Organizacion,33154.08,2
2022-05-01,T10,Textil hogar,525596.64,10
2022-05-01,T11,Baño,190038.48,9
2022-05-01,T11,Cocina y mesa,110391.13,5
2022-05-01,T11,Decoracion,1372638.81,24
2022-05-01,T11,Iluminacion,360380.33,11
2022-05-01,T11,Muebles,250432.07,5
2022-05-01,T11,Organizacion,113245.36,5
2022-05-01,T11,Textil hogar,215221.98,5
2022-05-01,T12,Baño,552668.29,27
2022-05-01,T12,Cocina y mesa,50640.67,3
2022-05-01,T12,Decoracion,965588.33,22
2022-05-01,T12,Iluminacion,438078.45,10
2022-05-01,T12,Muebles,1405977.14,24
2022-05-01,T12,Organizacion,121934.67,5
2022-05-01,T12,Textil hogar,180665.28,4
2022-05-01,T13,Baño,263839.66,8
2022-05-01,T13,Cocina y mesa,174463.8,4
2022-05-01,T13,Decoracion,596410.4,17
2022-05-01,T13,Iluminacion,514268.25,14
2022-05-01,T13,Muebles,833206.85,21
2022-05-01,T13,Organizacion,428356.29,11
2022-05-01,T13,Textil hogar,396315.02,7
2022-05-01,T14,Baño,211110.42,4
2022-05-01,T14,Cocina y mesa,194373.38,9
2022-05-01,T14,Decoracion,605944.65,19
2022-05-01,T14,Iluminacion,520296.77,9
2022-05-01,T14,Muebles,584238.53,19
2022-05-01,T14,Organizacion,180008.31,5
2022-05-01,T14,Textil hogar,318083.83,12
2022-05-01,T15,Baño,415312.41,22
2022-05-01,T15,Cocina y mesa,588589.79,20
2022-05-01,T15,Decoracion,2423508.95,57
2022-05-01,T15,Iluminacion,216985.67,6
2022-05-01,T15,Muebles,1477430.17,25
2022-05-01,T15,Organizacion,303149.96,9
2022-05-01,T15,Textil hogar,383642.91,12
2022-05-01,T16,Baño,415972.9,13
2022-05-01,T16,Cocina y mesa,355606.26,11
2022-05-01,T16,Decoracion,1400457.74,34
2022-05-01,T16,Iluminacion,449235.36,12
2022-05-01,T16,Muebles,878105.68,16
2022-05-01,T16,Organizacion,455801.64,6
2022-05-01,T16,Textil hogar,267128.27,9
2022-05-01,T17,Baño,365491.84,9
2022-05-01,T17,Cocina y mesa,943907.0,25
2022-05-01,T17,Decoracion,1894009.5,43
2022-05-01,T17,Iluminacion,484605.12,12
2022-05-01,T17,Muebles,905736.02,14
2022-05-01,T17,Organizacion,474158.91,9
2022-05-01,T17,Textil hogar,420972.25,16
2022-05-01,T18,Baño,252454.79,12
2022-05-01,T18,Cocina y mesa,233580.43,7
2022-05-01,T18,Decoracion,222505.72,16
2022-05-01,T18,Iluminacion,335716.57,8
2022-05-01,T18,Muebles,563551.53,11
2022-05-01,T18,Organizacion,494794.35,9
2022-05-01,T18,Textil hogar,526301.34,10
2022-05-01,T19,Baño,566739.22,11
2022-05-01,T19,Cocina y mesa,327189.99,9
2022-05-01,T19,Decoracion,1197413.13,20
2022-05-01,T19,Iluminacion,262389.07,8
2022-05-01,T19,Muebles,173006.49,3
2022-05-01,T19,Organizacion,309273.98,11
2022-05-01,T19,Textil hogar,58518.81,4
2022-05-01,T20,Baño,276049.67,10
2022-05-01,T20,Cocina y mesa,496853.55,14
2022-05-01,T20,Decoracion,1386917.97,26
2022-05-01,T20,Iluminacion,105663.8,5
2022-05-01,T20,Muebles,1258155.02,22
2022-05-01,T20,Organizacion,0.0,0
2022-05-01,T20,Textil hogar,249927.01,7
2022-05-01,T21,Baño,350896.12,9
2022-05-01,T21,Cocina y mesa,389378.49,12
2022-05-01,T21,Decoracion,1246984.96,23
2022-05-01,T21,Iluminacion,63263.64,2
2022-05-01,T21,Muebles,895319.06,20
2022-05-01,T21,Organizacion,503023.47,11
2022-05-01,T21,Textil hogar,247654.36,9
2022-05-01,T22,Baño,365195.97,7
2022-05-01,T22,Cocina y mesa,276653.85,10
2022-05-01,T22,Decoracion,2284781.33,52
2022-05-01,T22,Iluminacion,553651.43,13
2022-05-01,T22,Muebles,580961.11,13
2022-05-01,T22,Organizacion,357169.53,6
2022-05-01,T22,Textil hogar,96284.59,2
2022-05-01,T23,Baño,195112.37,10
2022-05-01,T23,Cocina y mesa,1172053.17,27
2022-05-01,T23,Decoracion,1149689.37,33
2022-05-01,T23,Iluminacion,292847.62,8
2022-05-01,T23,Muebles,1169595.17,25
2022-05-01,T23,Organizacion,156346.99,4
2022-05-01,T23,Textil hogar,86229.48,5
2022-05-01,T24,Baño,378830.43,21
2022-05-01,T24,Cocina y mesa,1235358.08,28
2022-05-01,T24,Decoracion,1446541.44,33
2022-05-01,T24,Iluminacion,306024.05,6
2022-05-01,T24,Muebles,1128587.98,24
2022-05-01,T24,Organizacion,417307.26,11
2022-05-01,T24,Textil hogar,538200.86,12
2022-05-01,T25,Baño,641117.78,18
2022-05-01,T25,Cocina y mesa,347106.13,14
2022-05-01,T25,Decoracion,1857741.98,38
2022-05-01,T25,Iluminacion,7217.06,1
2022-05-01,T25,Muebles,292902.66,7
2022-05-01,T25,Organizacion,198383.38,2
2022-05-01,T25,Textil hogar,402348.5,10
2022-05-01,T26,Baño,673294.5,29
2022-05-01,T26,Cocina y mesa,1022597.2,20
2022-05-01,T26,Decoracion,1075268.31,40
2022-05-01,T26,Iluminacion,215527.11,7
2022-05-01,T26,Muebles,487452.34,14
2022-05-01,T26,Organizacion,234100.01,8
2022-05-01,T26,Textil hogar,273324.65,6
2022-05-01,T27,Baño,255471.3,8
2022-05-01,T27,Cocina y mesa,282254.84,8
2022-05-01,T27,Decoracion,2137725.61,41
2022-05-01,T27,Iluminacion,293831.73,8
2022-05-01,T27,Muebles,1636022.9,22
2022-05-01,T27,Organizacion,105511.85,3
2022-05-01,T27,Textil hogar,217316.67,8
2022-05-01,T28,Baño,664199.38,32
2022-05-01,T28,Cocina y mesa,180741.26,8
2022-05-01,T28,Decoracion,91917.08,3
2022-05-01,T28,Iluminacion,205969.32,6
2022-05-01,T28,Muebles,968995.67,18
2022-05-01,T28,Organizacion,173364.28,6
2022-05-01,T28,Textil hogar,239865.81,4
2022-06-01,T01,Baño,193793.59,19
2022-06-01,T01,Cocina y mesa,1428720.12,27
2022-06-01,T01,Decoracion,872535.49,29
2022-06-01,T01,Iluminacion,40676.45,2
2022-06-01,T01,Muebles,1228015.57,25
2022-06-01,T01,Organizacion,359226.21,12
2022-06-01,T01,Textil hogar,188458.04,8
2022-06-01,T02,Baño,510340.38,13
2022-06-01,T02,Cocina y mesa,1432694.0,26
2022-06-01,T02,Decoracion,1927786.2,39
2022-06-01,T02,Iluminacion,767239.64,12
2022-06-01,T02,Muebles,1298355.89,23
2022-06-01,T02,Organizacion,87728.5,6
2022-06-01,T02,Textil hogar,417308.3,14
2022-06-01,T03,Baño,658783.72,26
2022-06-01,T03,Cocina y mesa,1021329.15,22
2022-06-01,T03,Decoracion,922217.33,31
2022-06-01,T03,Iluminacion,1227819.77,24
2022-06-01,T03,Muebles,860251.06,12
2022-06-01,T03,Organizacion,152056.39,8
2022-06-01,T03,Textil hogar,52933.98,5
2022-06-01,T04,Baño,286850.39,25
2022-06-01,T04,Cocina y mesa,2913955.59,57
2022-06-01,T04,Decoracion,1050834.76,27
2022-06-01,T04,Iluminacion,1047964.98,18
2022-06-01,T04,Muebles,1139206.73,25
2022-06-01,T04,Organizacion,171214.19,6
2022-06-01,T04,Textil hogar,80555.3,7
2022-06-01,T05,Baño,248100.77,7
2022-06-01,T05,Cocina y mesa,2433259.02,41
2022-06-01,T05,Decoracion,760287.19,37
2022-06-01,T05,Iluminacion,233596.82,6
2022-06-01,T05,Muebles,846604.42,21
2022-06-01,T05,Organizacion,284897.6,13
2022-06-01,T05,Textil hogar,415897.02,9
2022-06-01,T06,Baño,412358.43,7
2022-06-01,T06,Cocina y mesa,534127.49,14
2022-06-01,T06,Decoracion,1106818.12,32
2022-06-01,T06,Iluminacion,370761.77,9
2022-06-01,T06,Muebles,729512.64,14
2022-06-01,T06,Organizacion,300441.27,13
2022-06-01,T06,Textil hogar,178856.65,5
2022-06-01,T07,Baño,104537.25,3
2022-06-01,T07,Cocina y mesa,1700814.02,34
2022-06-01,T07,Decoracion,1678977.01,30
2022-06-01,T07,Iluminacion,242931.06,6
2022-06-01,T07,Muebles,897480.34,13
2022-06-01,T07,Organizacion,323514.95,7
2022-06-01,T07,Textil hogar,33895.5,-2
2022-06-01,T08,Baño,387759.08,13
2022-06-01,T08,Cocina y mesa,1273271.76,24
2022-06-01,T08,Decoracion,1060598.38,29
2022-06-01,T08,Iluminacion,1421957.17,27
2022-06-01,T08,Muebles,129966.74,3
2022-06-01,T08,Organizacion,631675.04,19
2022-06-01,T08,Textil hogar,525390.18,13
2022-06-01,T09,Baño,492088.93,39
2022-06-01,T09,Cocina y mesa,799887.38,20
2022-06-01,T09,Decoracion,2114421.29,42
2022-06-01,T09,Iluminacion,239165.59,9
2022-06-01,T09,Muebles,846222.62,15
2022-06-01,T09,Organizacion,192682.17,6
2022-06-01,T09,Textil hogar,264776.84,9
2022-06-01,T10,Baño,120904.64,2
2022-06-01,T10,Cocina y mesa,395781.41,11
2022-06-01,T10,Decoracion,1600490.52,49
2022-06-01,T10,Iluminacion,1529587.06,28
2022-06-01,T10,Muebles,1448934.79,19
2022-06-01,T10,Organizacion,93921.79,4
2022-06-01,T10,Textil hogar,515090.25,8
2022-06-01,T11,Baño,392194.24,13
2022-06-01,T11,Cocina y mesa,651472.97,14
2022-06-01,T11,Decoracion,1105243.11,22
2022-06-01,T11,Iluminacion,592752.01,12
2022-06-01,T11,Muebles,439652.07,8
2022-06-01,T11,Organizacion,403181.25,16
2022-06-01,T11,Textil hogar,228950.48,8
2022-06-01,T12,Baño,548383.01,29
2022-06-01,T12,Cocina y mesa,32446.45,5
2022-06-01,T12,Decoracion,875120.73,22
2022-06-01,T12,Iluminacion,408267.82,8
2022-06-01,T12,Muebles,1127007.89,21
2022-06-01,T12,Organizacion,216290.48,11
2022-06-01,T12,Textil hogar,275753.73,7
2022-06-01,T13,Baño,172785.23,6
2022-06-01,T13,Cocina y mesa,1195810.3,19
2022-06-01,T13,Decoracion,1380302.9,35
2022-06-01,T13,Iluminacion,1857208.54,31
2022-06-01,T13,Muebles,854826.02,16
2022-06-01,T13,Organizacion,683316.47,18
2022-06-01,T13,Textil hogar,454954.4,9
2022-06-01,T14,Baño,91535.62,6
2022-06-01,T14,Cocina y mesa,1029052.92,22
2022-06-01,T14,Decoracion,615954.47,21
2022-06-01,T14,Iluminacion,810054.05,14
2022-06-01,T14,Muebles,332307.49,10
2022-06-01,T14,Organizacion,205841.03,8
2022-06-01,T14,Textil hogar,219754.3,12
2022-06-01,T15,Baño,547710.93,34
2022-06-01,T15,Cocina y mesa,1117065.39,26
2022-06-01,T15,Decoracion,1337165.93,39
2022-06-01,T15,Iluminacion,1039909.34,20
2022-06-01,T15,Muebles,1378865.73,27
2022-06-01,T15,Organizacion,62902.79,3
2022-06-01,T15,Textil hogar,316480.97,11
2022-06-01,T16,Baño,571742.1,20
2022-06-01,T16,Cocina y mesa,720212.15,16
2022-06-01,T16,Decoracion,1264995.88,34
2022-06-01,T16,Iluminacion,527984.93,15
2022-06-01,T16,Muebles,1067508.0,20
2022-06-01,T16,Organizacion,396947.58,9
2022-06-01,T16,Textil hogar,231855.24,8
2022-06-01,T17,Baño,260016.24,10
2022-06-01,T17,Cocina y mesa,458163.06,15
2022-06-01,T17,Decoracion,1777724.43,38
2022-06-01,T17,Iluminacion,1505237.57,24
2022-06-01,T17,Muebles,862772.04,11
2022-06-01,T17,Organizacion,422406.39,9
2022-06-01,T17,Textil hogar,858156.58,22
2022-06-01,T18,Baño,335159.81,11
2022-06-01,T18,Cocina y mesa,1342427.25,26
2022-06-01,T18,Decoracion,425693.05,20
2022-06-01,T18,Iluminacion,1195719.46,19
2022-06-01,T18,Muebles,204468.2,5
2022-06-01,T18,Organizacion,413107.81,7
2022-06-01,T18,Textil hogar,678986.66,14
2022-06-01,T19,Baño,601838.55,16
2022-06-01,T19,Cocina y mesa,1353702.81,30
2022-06-01,T19,Decoracion,1260275.79,25
2022-06-01,T19,Iluminacion,1863205.87,37
2022-06-01,T19,Muebles,843655.15,19
2022-06-01,T19,Organizacion,141523.75,5
2022-06-01,T19,Textil hogar,547691.75,16
2022-06-01,T20,Baño,355011.39,12
2022-06-01,T20,Cocina y mesa,1427010.23,31
2022-06-01,T20,Decoracion,1507435.81,46
2022-06-01,T20,Iluminacion,1333528.68,26
2022-06-01,T20,Muebles,739247.85,17
2022-06-01,T20,Organizacion,181471.57,7
2022-06-01,T20,Textil hogar,94867.78,2
2022-06-01,T21,Baño,372983.64,12
2022-06-01,T21,Cocina y mesa,561765.61,16
2022-06-01,T21,Decoracion,2446132.35,56
2022-06-01,T21,Iluminacion,290831.9,8
2022-06-01,T21,Muebles,890271.3,16
2022-06-01,T21,Organizacion,169970.85,7
2022-06-01,T21,Textil hogar,777877.17,20
2022-06-01,T22,Baño,-6596.18,4
2022-06-01,T22,Cocina y mesa,1056795.54,19
2022-06-01,T22,Decoracion,1480328.22,40
2022-06-01,T22,Iluminacion,1945262.69,35
2022-06-01,T22,Muebles,622315.24,13
2022-06-01,T22,Organizacion,308532.94,11
2022-06-01,T22,Textil hogar,402784.24,6
2022-06-01,T23,Baño,182611.71,4
2022-06-01,T23,Cocina y mesa,721097.52,17
2022-06-01,T23,Decoracion,1585733.23,43
2022-06-01,T23,Iluminacion,1485050.24,28
2022-06-01,T23,Muebles,1824457.83,28
2022-06-01,T23,Organizacion,60775.65,2
2022-06-01,T23,Textil hogar,629776.15,19
2022-06-01,T24,Baño,517125.71,28
2022-06-01,T24,Cocina y mesa,1749206.24,35
2022-06-01,T24,Decoracion,2005292.79,47
2022-06-01,T24,Iluminacion,893320.41,13
2022-06-01,T24,Muebles,1094310.54,28
2022-06-01,T24,Organizacion,617837.41,12
2022-06-01,T24,Textil hogar,506181.43,10
2022-06-01,T25,Baño,391370.01,10
2022-06-01,T25,Cocina y mesa,224019.71,7
2022-06-01,T25,Decoracion,2006457.81,44
2022-06-01,T25,Iluminacion,348306.83,6
2022-06-01,T25,Muebles,1129548.95,20
2022-06-01,T25,Organizacion,80744.74,1
2022-06-01,T25,Textil hogar,744201.21,18
2022-06-01,T26,Baño,768540.27,36
2022-06-01,T26,Cocina y mesa,2029493.27,44
2022-06-01,T26,Decoracion,1583597.36,36
2022-06-01,T26,Iluminacion,1175823.93,22
2022-06-01,T26,Muebles,636794.23,12
2022-06-01,T26,Organizacion,354063.87,15
2022-06-01,T26,Textil hogar,243977.53,5
2022-06-01,T27,Baño,183626.78,6
2022-06-01,T27,Cocina y mesa,966304.42,19
2022-06-01,T27,Decoracion,2315926.39,54
2022-06-01,T27,Iluminacion,326912.38,9
2022-06-01,T27,Muebles,998967.77,14
2022-06-01,T27,Organizacion,207055.06,9
2022-06-01,T27,Textil hogar,555418.17,14
2022-06-01,T28,Baño,581867.12,30
2022-06-01,T28,Cocina y mesa,47511.34,4
2022-06-01,T28,Decoracion,97837.75,6
2022-06-01,T28,Iluminacion,1385742.55,25
2022-06-01,T28,Muebles,832717.97,17
2022-06-01,T28,Organizacion,362684.05,17
2022-06-01,T28,Textil hogar,316570.66,6
2022-07-01,T01,Baño,791100.14,26
2022-07-01,T01,Cocina y mesa,1679870.83,35
2022-07-01,T01,Decoracion,2112101.38,52
2022-07-01,T01,Iluminacion,27503.11,1
2022-07-01,T01,Muebles,1212873.85,31
2022-07-01,T01,Organizacion,219859.43,9
2022-07-01,T01,Textil hogar,969296.7,25
2022-07-01,T02,Baño,353307.81,13
2022-07-01,T02,Cocina y mesa,2333108.96,39
2022-07-01,T02,Decoracion,2192419.7,40
2022-07-01,T02,Iluminacion,997159.53,21
2022-07-01,T02,Muebles,1684915.42,26
2022-07-01,T02,Organizacion,206584.38,12
2022-07-01,T02,Textil hogar,710130.47,23
2022-07-01,T03,Baño,1359650.17,39
2022-07-01,T03,Cocina y mesa,2589315.65,47
2022-07-01,T03,Decoracion,596102.11,31
2022-07-01,T03,Iluminacion,1397800.58,25
2022-07-01,T03,Muebles,1225164.99,18
2022-07-01,T03,Organizacion,150155.52,8
2022-07-01,T03,Textil hogar,14495.56,6
2022-07-01,T04,Baño,661259.44,32
2022-07-01,T04,Cocina y mesa,2519047.09,47
2022-07-01,T04,Decoracion,1610749.65,42
2022-07-01,T04,Iluminacion,1352518.5,25
2022-07-01,T04,Muebles,988081.12,17
2022-07-01,T04,Organizacion,379822.16,14
2022-07-01,T04,Textil hogar,1224354.32,31
2022-07-01,T05,Baño,1137377.39,26
2022-07-01,T05,Cocina y mesa,2553788.39,51
2022-07-01,T05,Decoracion,940010.49,49
2022-07-01,T05,Iluminacion,184618.89,5
2022-07-01,T05,Muebles,651096.26,15
2022-07-01,T05,Organizacion,65912.32,2
2022-07-01,T05,Textil hogar,591809.04,14
2022-07-01,T06,Baño,132926.07,6
2022-07-01,T06,Cocina y mesa,825417.99,19
2022-07-01,T06,Decoracion,993177.35,22
2022-07-01,T06,Iluminacion,445586.69,12
2022-07-01,T06,Muebles,1398104.45,23
2022-07-01,T06,Organizacion,507733.9,16
2022-07-01,T06,Textil hogar,309843.4,9
2022-07-01,T07,Baño,25252.99,1
2022-07-01,T07,Cocina y mesa,2326407.51,50
2022-07-01,T07,Decoracion,2895148.21,48
2022-07-01,T07,Iluminacion,238299.66,9
2022-07-01,T07,Muebles,582343.92,10
2022-07-01,T07,Organizacion,552325.93,14
2022-07-01,T07,Textil hogar,338190.24,9
2022-07-01,T08,Baño,1312042.74,27
2022-07-01,T08,Cocina y mesa,3036381.44,61
2022-07-01,T08,Decoracion,1574937.1,27
2022-07-01,T08,Iluminacion,1350298.05,22
2022-07-01,T08,Muebles,175592.04,3
2022-07-01,T08,Organizacion,292776.35,5
2022-07-01,T08,Textil hogar,976858.31,24
2022-07-01,T09,Baño,1133362.36,45
2022-07-01,T09,Cocina y mesa,1648317.14,46
2022-07-01,T09,Decoracion,1373720.33,32
2022-07-01,T09,Iluminacion,299944.24,10
2022-07-01,T09,Muebles,901025.61,16
2022-07-01,T09,Organizacion,151536.71,4
2022-07-01,T09,Textil hogar,247946.3,9
2022-07-01,T10,Baño,404047.97,16
2022-07-01,T10,Cocina y mesa,1628220.87,34
2022-07-01,T10,Decoracion,1539926.35,42
2022-07-01,T10,Iluminacion,1482039.22,24
2022-07-01,T10,Muebles,180062.72,3
2022-07-01,T10,Organizacion,197826.77,9
2022-07-01,T10,Textil hogar,652670.67,17
2022-07-01,T11,Baño,604281.89,14
2022-07-01,T11,Cocina y mesa,1862482.02,41
2022-07-01,T11,Decoracion,1826452.37,33
2022-07-01,T11,Iluminacion,517674.86,12
2022-07-01,T11,Muebles,979166.36,19
2022-07-01,T11,Organizacion,343706.64,12
2022-07-01,T11,Textil hogar,158278.32,8
2022-07-01,T12,Baño,1104645.31,36
2022-07-01,T12,Cocina y mesa,105276.62,2
2022-07-01,T12,Decoracion,1246990.51,27
2022-07-01,T12,Iluminacion,626473.14,12
2022-07-01,T12,Muebles,1487251.16,28
2022-07-01,T12,Organizacion,361852.75,15
2022-07-01,T12,Textil hogar,306557.44,8
2022-07-01,T13,Baño,387679.72,10
2022-07-01,T13,Cocina y mesa,1034047.68,20
2022-07-01,T13,Decoracion,1835517.71,40
2022-07-01,T13,Iluminacion,1083003.88,20
2022-07-01,T13,Muebles,1336702.28,27
2022-07-01,T13,Organizacion,658701.73,13
2022-07-01,T13,Textil hogar,815140.13,19
2022-07-01,T14,Baño,229940.98,6
2022-07-01,T14,Cocina y mesa,982381.64,24
2022-07-01,T14,Decoracion,1294306.55,32
2022-07-01,T14,Iluminacion,815107.19,12
2022-07-01,T14,Muebles,611965.62,19
2022-07-01,T14,Organizacion,18359.7,2
2022-07-01,T14,Textil hogar,506573.59,11
2022-07-01,T15,Baño,923995.74,20
2022-07-01,T15,Cocina y mesa,1762004.5,37
2022-07-01,T15,Decoracion,2363376.17,64
2022-07-01,T15,Iluminacion,1924824.94,35
2022-07-01,T15,Muebles,1543222.03,27
2022-07-01,T15,Organizacion,176035.93,5
2022-07-01,T15,Textil hogar,563177.89,14
2022-07-01,T16,Baño,324808.67,9
2022-07-01,T16,Cocina y mesa,1957785.23,37
2022-07-01,T16,Decoracion,681797.14,7
2022-07-01,T16,Iluminacion,625770.08,17
2022-07-01,T16,Muebles,1171556.86,21
2022-07-01,T16,Organizacion,567486.07,12
2022-07-01,T16,Textil hogar,687449.03,16
2022-07-01,T17,Baño,874906.56,15
2022-07-01,T17,Cocina y mesa,1820961.57,42
2022-07-01,T17,Decoracion,1351135.5,30
2022-07-01,T17,Iluminacion,-963369.27,-9
2022-07-01,T17,Muebles,915622.36,17
2022-07-01,T17,Organizacion,389827.55,13
2022-07-01,T17,Textil hogar,919682.33,20
2022-07-01,T18,Baño,408587.45,16
2022-07-01,T18,Cocina y mesa,562264.25,12
2022-07-01,T18,Decoracion,1588496.22,39
2022-07-01,T18,Iluminacion,1061903.4,19
2022-07-01,T18,Muebles,393717.28,7
2022-07-01,T18,Organizacion,131947.46,6
2022-07-01,T18,Textil hogar,502572.66,13
2022-07-01,T19,Baño,1006872.21,21
2022-07-01,T19,Cocina y mesa,1525452.92,30
2022-07-01,T19,Decoracion,1893132.14,37
2022-07-01,T19,Iluminacion,1362549.28,23
2022-07-01,T19,Muebles,1208312.94,29
2022-07-01,T19,Organizacion,406779.01,13
2022-07-01,T19,Textil hogar,900967.97,25
2022-07-01,T20,Baño,505579.36,20
2022-07-01,T20,Cocina y mesa,1386219.01,32
2022-07-01,T20,Decoracion,1228732.83,29
2022-07-01,T20,Iluminacion,1258811.09,22
2022-07-01,T20,Muebles,1072973.46,16
2022-07-01,T20,Organizacion,51572.8,2
2022-07-01,T20,Textil hogar,75970.17,2
2022-07-01,T21,Baño,421062.18,12
2022-07-01,T21,Cocina y mesa,1807405.37,53
2022-07-01,T21,Decoracion,1646624.37,38
2022-07-01,T21,Iluminacion,255232.83,6
2022-07-01,T21,Muebles,1055526.77,22
2022-07-01,T21,Organizacion,348039.2,8
2022-07-01,T21,Textil hogar,1288286.48,32
2022-07-01,T22,Baño,307322.83,4
2022-07-01,T22,Cocina y mesa,1684354.29,34
2022-07-01,T22,Decoracion,1895602.09,49
2022-07-01,T22,Iluminacion,1599165.8,29
2022-07-01,T22,Muebles,602548.65,12
2022-07-01,T22,Organizacion,541060.07,6
2022-07-01,T22,Textil hogar,349197.6,7
2022-07-01,T23,Baño,122701.18,3
2022-07-01,T23,Cocina y mesa,1710570.65,39
2022-07-01,T23,Decoracion,2002803.91,55
2022-07-01,T23,Iluminacion,1474932.08,27
2022-07-01,T23,Muebles,1667150.75,32
2022-07-01,T23,Organizacion,67942.04,3
2022-07-01,T23,Textil hogar,650081.14,18
2022-07-01,T24,Baño,247769.91,21
2022-07-01,T24,Cocina y mesa,2728423.68,56
2022-07-01,T24,Decoracion,2350188.11,48
2022-07-01,T24,Iluminacion,850396.35,14
2022-07-01,T24,Muebles,709092.84,15
2022-07-01,T24,Organizacion,669971.55,12
2022-07-01,T24,Textil hogar,1197137.75,22
2022-07-01,T25,Baño,730454.75,19
2022-07-01,T25,Cocina y mesa,1446539.64,29
2022-07-01,T25,Decoracion,2239819.32,41
2022-07-01,T25,Iluminacion,1286908.93,22
2022-07-01,T25,Muebles,640275.6,12
2022-07-01,T25,Organizacion,289681.53,7
2022-07-01,T25,Textil hogar,552985.71,14
2022-07-01,T26,Baño,1152141.01,40
2022-07-01,T26,Cocina y mesa,2065998.6,39
2022-07-01,T26,Decoracion,2370803.15,50
2022-07-01,T26,Iluminacion,319073.22,11
2022-07-01,T26,Muebles,653564.56,17
2022-07-01,T26,Organizacion,271543.63,11
2022-07-01,T26,Textil hogar,486817.91,10
2022-07-01,T27,Baño,284474.25,10
2022-07-01,T27,Cocina y mesa,1477247.2,24
2022-07-01,T27,Decoracion,2223902.87,53
2022-07-01,T27,Iluminacion,296236.77,7
2022-07-01,T27,Muebles,1102988.02,14
2022-07-01,T27,Organizacion,273778.14,13
2022-07-01,T27,Textil hogar,1018523.96,26
2022-07-01,T28,Baño,536995.96,33
2022-07-01,T28,Cocina y mesa,1556550.12,52
2022-07-01,T28,Decoracion,308365.39,13
2022-07-01,T28,Iluminacion,1546045.17,27
2022-07-01,T28,Muebles,797155.62,19
2022-07-01,T28,Organizacion,213494.66,8
2022-07-01,T28,Textil hogar,272645.44,5
2022-08-01,T01,Baño,601696.94,27
2022-08-01,T01,Cocina y mesa,3059602.29,59
2022-08-01,T01,Decoracion,776244.81,22
2022-08-01,T01,Iluminacion,43613.89,3
2022-08-01,T01,Muebles,878086.95,17
2022-08-01,T01,Organizacion,397792.37,11
2022-08-01,T01,Textil hogar,1198580.59,26
2022-08-01,T02,Baño,780163.35,20
2022-08-01,T02,Cocina y mesa,2213308.88,37
2022-08-01,T02,Decoracion,3111752.36,58
2022-08-01,T02,Iluminacion,766599.59,16
2022-08-01,T02,Muebles,1687844.96,27
2022-08-01,T02,Organizacion,309381.73,15
2022-08-01,T02,Textil hogar,780441.67,21
2022-08-01,T03,Baño,920493.01,30
2022-08-01,T03,Cocina y mesa,1646659.21,35
2022-08-01,T03,Decoracion,2118856.05,50
2022-08-01,T03,Iluminacion,900642.72,16
2022-08-01,T03,Muebles,1034378.47,16
2022-08-01,T03,Organizacion,434441.62,19
2022-08-01,T03,Textil hogar,188752.92,11
2022-08-01,T04,Baño,673135.87,34
2022-08-01,T04,Cocina y mesa,2811856.51,57
2022-08-01,T04,Decoracion,1171399.64,39
2022-08-01,T04,Iluminacion,1290509.46,20
2022-08-01,T04,Muebles,1401964.77,28
2022-08-01,T04,Organizacion,475791.2,20
2022-08-01,T04,Textil hogar,1158469.19,25
2022-08-01,T05,Baño,831159.75,17
2022-08-01,T05,Cocina y mesa,4102116.46,78
2022-08-01,T05,Decoracion,407577.05,25
2022-08-01,T05,Iluminacion,65835.59,2
2022-08-01,T05,Muebles,625087.75,10
2022-08-01,T05,Organizacion,128883.02,6
2022-08-01,T05,Textil hogar,1595791.42,31
2022-08-01,T06,Baño,329001.92,8
2022-08-01,T06,Cocina y mesa,1041420.67,25
2022-08-01,T06,Decoracion,2648169.75,48
2022-08-01,T06,Iluminacion,421302.23,7
2022-08-01,T06,Muebles,799345.77,14
2022-08-01,T06,Organizacion,601797.62,24
2022-08-01,T06,Textil hogar,109719.62,3
2022-08-01,T07,Baño,185337.33,6
2022-08-01,T07,Cocina y mesa,350251.09,20
2022-08-01,T07,Decoracion,2877926.95,49
2022-08-01,T07,Iluminacion,182047.69,5
2022-08-01,T07,Muebles,490553.66,8
2022-08-01,T07,Organizacion,1203793.81,22
2022-08-01,T07,Textil hogar,489247.18,13
2022-08-01,T08,Baño,1380022.7,26
2022-08-01,T08,Cocina y mesa,1474417.46,24
2022-08-01,T08,Decoracion,3122590.0,54
2022-08-01,T08,Iluminacion,1548229.09,24
2022-08-01,T08,Muebles,565633.55,12
2022-08-01,T08,Organizacion,791625.4,24
2022-08-01,T08,Textil hogar,1149765.61,29
2022-08-01,T09,Baño,520635.96,31
2022-08-01,T09,Cocina y mesa,1822856.8,52
2022-08-01,T09,Decoracion,2064264.8,44
2022-08-01,T09,Iluminacion,202549.92,7
2022-08-01,T09,Muebles,842680.86,17
2022-08-01,T09,Organizacion,87267.14,4
2022-08-01,T09,Textil hogar,501448.83,18
2022-08-01,T10,Baño,1402252.64,30
2022-08-01,T10,Cocina y mesa,1667391.9,38
2022-08-01,T10,Decoracion,2817683.83,73
2022-08-01,T10,Iluminacion,962891.69,18
2022-08-01,T10,Muebles,676253.45,9
2022-08-01,T10,Organizacion,364576.81,15
2022-08-01,T10,Textil hogar,563482.28,14
2022-08-01,T11,Baño,508828.05,11
2022-08-01,T11,Cocina y mesa,1907558.76,53
2022-08-01,T11,Decoracion,2660654.61,51
2022-08-01,T11,Iluminacion,527561.32,12
2022-08-01,T11,Muebles,1027193.32,17
2022-08-01,T11,Organizacion,121969.22,4
2022-08-01,T11,Textil hogar,107370.77,3
2022-08-01,T12,Baño,409410.02,21
2022-08-01,T12,Cocina y mesa,448775.64,11
2022-08-01,T12,Decoracion,4028388.1,80
2022-08-01,T12,Iluminacion,540297.54,15
2022-08-01,T12,Muebles,1531679.6,24
2022-08-01,T12,Organizacion,631827.26,25
2022-08-01,T12,Textil hogar,286251.0,6
2022-08-01,T13,Baño,483737.41,17
2022-08-01,T13,Cocina y mesa,2467379.67,60
2022-08-01,T13,Decoracion,855356.64,26
2022-08-01,T13,Iluminacion,1525536.96,28
2022-08-01,T13,Muebles,1274367.13,26
2022-08-01,T13,Organizacion,287951.87,7
2022-08-01,T13,Textil hogar,763667.55,17
2022-08-01,T14,Baño,327526.85,7
2022-08-01,T14,Cocina y mesa,1108105.58,21
2022-08-01,T14,Decoracion,1706943.32,37
2022-08-01,T14,Iluminacion,801298.28,18
2022-08-01,T14,Muebles,395848.38,13
2022-08-01,T14,Organizacion,289144.97,13
2022-08-01,T14,Textil hogar,709710.95,17
2022-08-01,T15,Baño,606382.08,35
2022-08-01,T15,Cocina y mesa,2163261.26,45
2022-08-01,T15,Decoracion,3388274.94,69
2022-08-01,T15,Iluminacion,1404271.76,24
2022-08-01,T15,Muebles,1495823.1,29
2022-08-01,T15,Organizacion,512684.32,12
2022-08-01,T15,Textil hogar,682402.97,22
2022-08-01,T16,Baño,362689.46,9
2022-08-01,T16,Cocina y mesa,1647110.89,32
2022-08-01,T16,Decoracion,1746635.74,41
2022-08-01,T16,Iluminacion,557213.41,13
2022-08-01,T16,Muebles,1515275.53,26
2022-08-01,T16,Organizacion,1593669.76,40
2022-08-01,T16,Textil hogar,694176.29,15
2022-08-01,T17,Baño,914017.55,19
2022-08-01,T17,Cocina y mesa,2222139.34,51
2022-08-01,T17,Decoracion,2404331.09,45
2022-08-01,T17,Iluminacion,1246742.06,20
2022-08-01,T17,Muebles,772421.04,13
2022-08-01,T17,Organizacion,409827.69,10
2022-08-01,T17,Textil hogar,454042.56,10
2022-08-01,T18,Baño,287408.25,10
2022-08-01,T18,Cocina y mesa,837443.57,18
2022-08-01,T18,Decoracion,2302376.58,40
2022-08-01,T18,Iluminacion,1534509.42,25
2022-08-01,T18,Muebles,536905.74,12
2022-08-01,T18,Organizacion,366405.65,8
2022-08-01,T18,Textil hogar,520522.33,10
2022-08-01,T19,Baño,1059748.32,24
2022-08-01,T19,Cocina y mesa,2314274.14,50
2022-08-01,T19,Decoracion,1393878.0,23
2022-08-01,T19,Iluminacion,1640016.6,28
2022-08-01,T19,Muebles,889120.41,19
2022-08-01,T19,Organizacion,740605.16,25
2022-08-01,T19,Textil hogar,755675.03,18
2022-08-01,T20,Baño,426168.21,13
2022-08-01,T20,Cocina y mesa,2239113.54,43
2022-08-01,T20,Decoracion,2495957.41,44
2022-08-01,T20,Iluminacion,685848.05,13
2022-08-01,T20,Muebles,747181.79,12
2022-08-01,T20,Organizacion,363007.14,15
2022-08-01,T20,Textil hogar,131336.77,4
2022-08-01,T21,Baño,379000.02,10
2022-08-01,T21,Cocina y mesa,1566890.66,47
2022-08-01,T21,Decoracion,2070418.21,32
2022-08-01,T21,Iluminacion,183781.66,3
2022-08-01,T21,Muebles,1693639.85,30
2022-08-01,T21,Organizacion,842241.94,24
2022-08-01,T21,Textil hogar,682027.15,16
2022-08-01,T22,Baño,180770.26,3
2022-08-01,T22,Cocina y mesa,1572334.74,31
2022-08-01,T22,Decoracion,2331494.45,48
2022-08-01,T22,Iluminacion,1948055.77,34
2022-08-01,T22,Muebles,616590.78,16
2022-08-01,T22,Organizacion,563717.09,14
2022-08-01,T22,Textil hogar,339434.41,6
2022-08-01,T23,Baño,328659.02,9
2022-08-01,T23,Cocina y mesa,2825197.91,53
2022-08-01,T23,Decoracion,2688067.47,60
2022-08-01,T23,Iluminacion,976211.16,21
2022-08-01,T23,Muebles,975326.1,19
2022-08-01,T23,Organizacion,59898.7,2
2022-08-01,T23,Textil hogar,927775.93,22
2022-08-01,T24,Baño,278827.15,23
2022-08-01,T24,Cocina y mesa,2088992.16,55
2022-08-01,T24,Decoracion,2055504.54,46
2022-08-01,T24,Iluminacion,469313.46,8
2022-08-01,T24,Muebles,913870.01,19
2022-08-01,T24,Organizacion,704590.64,14
2022-08-01,T24,Textil hogar,1189753.58,21
2022-08-01,T25,Baño,274878.09,8
2022-08-01,T25,Cocina y mesa,550800.78,14
2022-08-01,T25,Decoracion,2641154.83,52
2022-08-01,T25,Iluminacion,762986.53,12
2022-08-01,T25,Muebles,725345.28,12
2022-08-01,T25,Organizacion,413878.2,10
2022-08-01,T25,Textil hogar,714308.97,20
2022-08-01,T26,Baño,1025206.69,30
2022-08-01,T26,Cocina y mesa,2447151.6,44
2022-08-01,T26,Decoracion,2855050.24,68
2022-08-01,T26,Iluminacion,1138638.69,26
2022-08-01,T26,Muebles,1152222.24,27
2022-08-01,T26,Organizacion,462028.23,17
2022-08-01,T26,Textil hogar,685314.4,10
2022-08-01,T27,Baño,141289.61,5
2022-08-01,T27,Cocina y mesa,811963.06,17
2022-08-01,T27,Decoracion,2280632.11,53
2022-08-01,T27,Iluminacion,216553.17,7
2022-08-01,T27,Muebles,1364113.83,19
2022-08-01,T27,Organizacion,716165.06,30
2022-08-01,T27,Textil hogar,601477.85,18
2022-08-01,T28,Baño,453936.72,15
2022-08-01,T28,Cocina y mesa,1272976.67,35
2022-08-01,T28,Decoracion,1521506.71,29
2022-08-01,T28,Iluminacion,1215999.36,23
2022-08-01,T28,Muebles,890164.76,17
2022-08-01,T28,Organizacion,455577.86,20
2022-08-01,T28,Textil hogar,614697.66,12
2022-09-01,T01,Baño,373281.35,9
2022-09-01,T01,Cocina y mesa,1836473.56,35
2022-09-01,T01,Decoracion,1136366.73,26
2022-09-01,T01,Iluminacion,130113.62,5
2022-09-01,T01,Muebles,1468631.09,35
2022-09-01,T01,Organizacion,462731.42,7
2022-09-01,T01,Textil hogar,408795.65,15
2022-09-01,T02,Baño,225241.96,11
2022-09-01,T02,Cocina y mesa,2594046.55,43
2022-09-01,T02,Decoracion,3507188.47,66
2022-09-01,T02,Iluminacion,1785538.14,34
2022-09-01,T02,Muebles,1463708.54,38
2022-09-01,T02,Organizacion,384261.58,15
2022-09-01,T02,Textil hogar,581279.69,22
2022-09-01,T03,Baño,768540.68,29
2022-09-01,T03,Cocina y mesa,2562607.1,50
2022-09-01,T03,Decoracion,2894469.0,61
2022-09-01,T03,Iluminacion,1259997.18,22
2022-09-01,T03,Muebles,1265661.31,22
2022-09-01,T03,Organizacion,822498.78,24
2022-09-01,T03,Textil hogar,178105.54,10
2022-09-01,T04,Baño,350858.31,32
2022-09-01,T04,Cocina y mesa,2219002.54,45
2022-09-01,T04,Decoracion,1824317.78,49
2022-09-01,T04,Iluminacion,1123784.22,15
2022-09-01,T04,Muebles,1389137.85,42
2022-09-01,T04,Organizacion,746369.01,27
2022-09-01,T04,Textil hogar,700831.55,24
2022-09-01,T05,Baño,1119331.32,21
2022-09-01,T05,Cocina y mesa,4083429.74,78
2022-09-01,T05,Decoracion,867906.87,29
2022-09-01,T05,Iluminacion,487958.21,10
2022-09-01,T05,Muebles,1737593.34,53
2022-09-01,T05,Organizacion,108987.4,4
2022-09-01,T05,Textil hogar,578307.0,12
2022-09-01,T06,Baño,253875.14,4
2022-09-01,T06,Cocina y mesa,543279.9,16
2022-09-01,T06,Decoracion,2620778.26,46
2022-09-01,T06,Iluminacion,366250.84,10
2022-09-01,T06,Muebles,1211631.44,33
2022-09-01,T06,Organizacion,734368.16,28
2022-09-01,T06,Textil hogar,321590.04,12
2022-09-01,T07,Baño,185193.51,6
2022-09-01,T07,Cocina y mesa,1296338.7,39
2022-09-01,T07,Decoracion,2915531.23,56
2022-09-01,T07,Iluminacion,455894.1,11
2022-09-01,T07,Muebles,786221.46,22
2022-09-01,T07,Organizacion,714799.65,14
2022-09-01,T07,Textil hogar,429285.44,15
2022-09-01,T08,Baño,301424.6,9
2022-09-01,T08,Cocina y mesa,1930625.13,41
2022-09-01,T08,Decoracion,3149799.88,64
2022-09-01,T08,Iluminacion,1290375.45,29
2022-09-01,T08,Muebles,1159241.97,37
2022-09-01,T08,Organizacion,916815.86,22
2022-09-01,T08,Textil hogar,42425.26,6
2022-09-01,T09,Baño,509420.22,32
2022-09-01,T09,Cocina y mesa,1927204.73,59
2022-09-01,T09,Decoracion,1866379.88,42
2022-09-01,T09,Iluminacion,482547.99,16
2022-09-01,T09,Muebles,1385902.81,34
2022-09-01,T09,Organizacion,36017.86,2
2022-09-01,T09,Textil hogar,478591.56,18
2022-09-01,T10,Baño,1017814.97,27
2022-09-01,T10,Cocina y mesa,1389065.04,26
2022-09-01,T10,Decoracion,3502072.09,75
2022-09-01,T10,Iluminacion,1917591.23,34
2022-09-01,T10,Muebles,314400.02,5
2022-09-01,T10,Organizacion,461000.14,23
2022-09-01,T10,Textil hogar,830683.17,17
2022-09-01,T11,Baño,427391.28,11
2022-09-01,T11,Cocina y mesa,1339971.55,37
2022-09-01,T11,Decoracion,3752501.1,67
2022-09-01,T11,Iluminacion,342115.37,9
2022-09-01,T11,Muebles,952594.99,20
2022-09-01,T11,Organizacion,663797.54,19
2022-09-01,T11,Textil hogar,252203.33,12
2022-09-01,T12,Baño,1210521.99,31
2022-09-01,T12,Cocina y mesa,486368.77,14
2022-09-01,T12,Decoracion,2514106.04,50
2022-09-01,T12,Iluminacion,806230.92,15
2022-09-01,T12,Muebles,2052762.98,57
2022-09-01,T12,Organizacion,681035.21,27
2022-09-01,T12,Textil hogar,162105.04,5
2022-09-01,T13,Baño,605144.9,19
2022-09-01,T13,Cocina y mesa,1410843.77,27
2022-09-01,T13,Decoracion,1656496.42,36
2022-09-01,T13,Iluminacion,1628754.38,35
2022-09-01,T13,Muebles,787302.28,21
2022-09-01,T13,Organizacion,967188.99,19
2022-09-01,T13,Textil hogar,589005.82,16
2022-09-01,T14,Baño,451206.36,8
2022-09-01,T14,Cocina y mesa,1346759.56,26
2022-09-01,T14,Decoracion,3036757.53,74
2022-09-01,T14,Iluminacion,1283431.05,21
2022-09-01,T14,Muebles,534507.53,20
2022-09-01,T14,Organizacion,419789.65,17
2022-09-01,T14,Textil hogar,468221.54,16
2022-09-01,T15,Baño,931850.39,31
2022-09-01,T15,Cocina y mesa,1633454.11,42
2022-09-01,T15,Decoracion,2438288.44,58
2022-09-01,T15,Iluminacion,1479963.68,30
2022-09-01,T15,Muebles,1726711.98,49
2022-09-01,T15,Organizacion,1028660.67,20
2022-09-01,T15,Textil hogar,703276.89,5
2022-09-01,T16,Baño,58797.39,8
2022-09-01,T16,Cocina y mesa,1579653.3,28
2022-09-01,T16,Decoracion,2269792.41,61
2022-09-01,T16,Iluminacion,561848.37,16
2022-09-01,T16,Muebles,2109831.54,52
2022-09-01,T16,Organizacion,1410793.69,32
2022-09-01,T16,Textil hogar,641623.53,25
2022-09-01,T17,Baño,792973.81,21
2022-09-01,T17,Cocina y mesa,1548000.31,35
2022-09-01,T17,Decoracion,1657790.23,40
2022-09-01,T17,Iluminacion,1360637.17,27
2022-09-01,T17,Muebles,532171.56,16
2022-09-01,T17,Organizacion,602020.1,14
2022-09-01,T17,Textil hogar,424022.17,13
2022-09-01,T18,Baño,412971.65,15
2022-09-01,T18,Cocina y mesa,816177.66,17
2022-09-01,T18,Decoracion,2976045.19,68
2022-09-01,T18,Iluminacion,1412318.78,25
2022-09-01,T18,Muebles,521831.22,21
2022-09-01,T18,Organizacion,865838.8,14
2022-09-01,T18,Textil hogar,804043.89,21
2022-09-01,T19,Baño,1751898.63,34
2022-09-01,T19,Cocina y mesa,2346391.35,50
2022-09-01,T19,Decoracion,2638662.25,49
2022-09-01,T19,Iluminacion,1782150.3,31
2022-09-01,T19,Muebles,965948.17,35
2022-09-01,T19,Organizacion,565756.33,20
2022-09-01,T19,Textil hogar,565895.66,23
2022-09-01,T20,Baño,638293.53,18
2022-09-01,T20,Cocina y mesa,2290013.05,45
2022-09-01,T20,Decoracion,2576779.6,53
2022-09-01,T20,Iluminacion,1059593.29,21
2022-09-01,T20,Muebles,918115.94,28
2022-09-01,T20,Organizacion,593521.81,21
2022-09-01,T20,Textil hogar,280922.61,11
2022-09-01,T21,Baño,789042.07,18
2022-09-01,T21,Cocina y mesa,2055153.87,57
2022-09-01,T21,Decoracion,3819820.69,74
2022-09-01,T21,Iluminacion,403908.55,7
2022-09-01,T21,Muebles,1262766.22,38
2022-09-01,T21,Organizacion,833061.12,25
2022-09-01,T21,Textil hogar,873837.84,22
2022-09-01,T22,Baño,448500.23,10
2022-09-01,T22,Cocina y mesa,2013984.63,37
2022-09-01,T22,Decoracion,2933464.29,62
2022-09-01,T22,Iluminacion,1581269.69,32
2022-09-01,T22,Muebles,1076294.41,33
2022-09-01,T22,Organizacion,946656.45,29
2022-09-01,T22,Textil hogar,215213.54,8
2022-09-01,T23,Baño,400763.93,12
2022-09-01,T23,Cocina y mesa,2043442.45,38
2022-09-01,T23,Decoracion,3216609.44,81
2022-09-01,T23,Iluminacion,516002.76,12
2022-09-01,T23,Muebles,1076007.74,21
2022-09-01,T23,Organizacion,104724.8,3
2022-09-01,T23,Textil hogar,423012.26,17
2022-09-01,T24,Baño,524151.41,26
2022-09-01,T24,Cocina y mesa,2498344.91,59
2022-09-01,T24,Decoracion,2562103.85,55
2022-09-01,T24,Iluminacion,687279.4,10
2022-09-01,T24,Muebles,643248.42,19
2022-09-01,T24,Organizacion,652652.12,14
2022-09-01,T24,Textil hogar,1153359.42,27
2022-09-01,T25,Baño,247214.19,9
2022-09-01,T25,Cocina y mesa,2505035.25,57
2022-09-01,T25,Decoracion,2727937.25,64
2022-09-01,T25,Iluminacion,854509.37,13
2022-09-01,T25,Muebles,845794.61,41
2022-09-01,T25,Organizacion,416109.22,8
2022-09-01,T25,Textil hogar,609913.88,16
2022-09-01,T26,Baño,96597.03,21
2022-09-01,T26,Cocina y mesa,1358810.32,25
2022-09-01,T26,Decoracion,1248560.98,39
2022-09-01,T26,Iluminacion,1080617.9,23
2022-09-01,T26,Muebles,757900.03,28
2022-09-01,T26,Organizacion,633535.29,22
2022-09-01,T26,Textil hogar,237031.12,7
2022-09-01,T27,Baño,429899.52,15
2022-09-01,T27,Cocina y mesa,511550.88,14
2022-09-01,T27,Decoracion,2242880.14,58
2022-09-01,T27,Iluminacion,654708.2,16
2022-09-01,T27,Muebles,1041444.69,13
2022-09-01,T27,Organizacion,701078.92,30
2022-09-01,T27,Textil hogar,516093.09,11
2022-09-01,T28,Baño,424561.46,25
2022-09-01,T28,Cocina y mesa,1692737.38,46
2022-09-01,T28,Decoracion,722004.79,19
2022-09-01,T28,Iluminacion,1271452.97,24
2022-09-01,T28,Muebles,703163.14,27
2022-09-01,T28,Organizacion,781428.9,26
2022-09-01,T28,Textil hogar,650573.7,14
2022-10-01,T01,Baño,651783.04,31
2022-10-01,T01,Cocina y mesa,2749133.74,56
2022-10-01,T01,Decoracion,1816735.96,43
2022-10-01,T01,Iluminacion,1491077.71,28
2022-10-01,T01,Muebles,913043.41,19
2022-10-01,T01,Organizacion,618613.98,16
2022-10-01,T01,Textil hogar,704726.27,19
2022-10-01,T02,Baño,696157.56,22
2022-10-01,T02,Cocina y mesa,1827796.49,33
2022-10-01,T02,Decoracion,2975468.78,62
2022-10-01,T02,Iluminacion,2169195.02,41
2022-10-01,T02,Muebles,2035427.61,56
2022-10-01,T02,Organizacion,704381.02,26
2022-10-01,T02,Textil hogar,1145788.45,34
2022-10-01,T03,Baño,1493379.56,51
2022-10-01,T03,Cocina y mesa,2360267.92,57
2022-10-01,T03,Decoracion,2410362.22,55
2022-10-01,T03,Iluminacion,319525.87,11
2022-10-01,T03,Muebles,1347258.98,27
2022-10-01,T03,Organizacion,775978.96,24
2022-10-01,T03,Textil hogar,155436.07,12
2022-10-01,T04,Baño,916849.47,44
2022-10-01,T04,Cocina y mesa,3188344.52,64
2022-10-01,T04,Decoracion,2741907.46,65
2022-10-01,T04,Iluminacion,3482556.56,62
2022-10-01,T04,Muebles,863188.86,28
2022-10-01,T04,Organizacion,716781.63,24
2022-10-01,T04,Textil hogar,863992.31,26
2022-10-01,T05,Baño,1804595.49,38
2022-10-01,T05,Cocina y mesa,3711509.24,73
2022-10-01,T05,Decoracion,1301057.74,41
2022-10-01,T05,Iluminacion,2018987.14,34
2022-10-01,T05,Muebles,1274198.9,52
2022-10-01,T05,Organizacion,421987.07,11
2022-10-01,T05,Textil hogar,1160701.08,21
2022-10-01,T06,Baño,461148.38,13
2022-10-01,T06,Cocina y mesa,1588966.35,35
2022-10-01,T06,Decoracion,3384544.12,37
2022-10-01,T06,Iluminacion,2560015.34,47
2022-10-01,T06,Muebles,1458585.68,29
2022-10-01,T06,Organizacion,868908.25,31
2022-10-01,T06,Textil hogar,505617.4,18
2022-10-01,T07,Baño,616918.93,17
2022-10-01,T07,Cocina y mesa,1362021.8,41
2022-10-01,T07,Decoracion,4649775.23,83
2022-10-01,T07,Iluminacion,1589192.01,36
2022-10-01,T07,Muebles,1056988.83,37
2022-10-01,T07,Organizacion,555281.41,15
2022-10-01,T07,Textil hogar,1381925.85,35
2022-10-01,T08,Baño,872183.24,16
2022-10-01,T08,Cocina y mesa,1624684.48,39
2022-10-01,T08,Decoracion,3007761.6,68
2022-10-01,T08,Iluminacion,2936765.31,53
2022-10-01,T08,Muebles,1303827.02,44
2022-10-01,T08,Organizacion,923669.13,25
2022-10-01,T08,Textil hogar,1188737.37,23
2022-10-01,T09,Baño,856910.97,42
2022-10-01,T09,Cocina y mesa,1481919.73,40
2022-10-01,T09,Decoracion,2463828.35,66
2022-10-01,T09,Iluminacion,2197497.37,47
2022-10-01,T09,Muebles,1713760.45,33
2022-10-01,T09,Organizacion,371943.83,11
2022-10-01,T09,Textil hogar,1176238.92,32
2022-10-01,T10,Baño,1093482.75,24
2022-10-01,T10,Cocina y mesa,805718.13,21
2022-10-01,T10,Decoracion,2621530.22,61
2022-10-01,T10,Iluminacion,1949508.46,34
2022-10-01,T10,Muebles,1458356.77,26
2022-10-01,T10,Organizacion,525248.67,23
2022-10-01,T10,Textil hogar,1040241.93,23
2022-10-01,T11,Baño,288741.56,8
2022-10-01,T11,Cocina y mesa,1471507.42,34
2022-10-01,T11,Decoracion,3992393.28,89
2022-10-01,T11,Iluminacion,1188766.93,21
2022-10-01,T11,Muebles,1073872.53,39
2022-10-01,T11,Organizacion,571189.84,14
2022-10-01,T11,Textil hogar,537682.77,19
2022-10-01,T12,Baño,609894.11,27
2022-10-01,T12,Cocina y mesa,563939.24,14
2022-10-01,T12,Decoracion,2755051.64,59
2022-10-01,T12,Iluminacion,571188.61,9
2022-10-01,T12,Muebles,2787941.22,71
2022-10-01,T12,Organizacion,855463.59,32
2022-10-01,T12,Textil hogar,456617.38,14
2022-10-01,T13,Baño,537661.39,16
2022-10-01,T13,Cocina y mesa,2278463.97,51
2022-10-01,T13,Decoracion,2071844.02,40
2022-10-01,T13,Iluminacion,2473436.58,41
2022-10-01,T13,Muebles,1646540.21,35
2022-10-01,T13,Organizacion,791526.84,16
2022-10-01,T13,Textil hogar,855824.59,24
2022-10-01,T14,Baño,165559.47,4
2022-10-01,T14,Cocina y mesa,1701332.43,44
2022-10-01,T14,Decoracion,2584599.79,70
2022-10-01,T14,Iluminacion,2815980.11,49
2022-10-01,T14,Muebles,608407.3,27
2022-10-01,T14,Organizacion,515540.07,20
2022-10-01,T14,Textil hogar,718933.15,18
2022-10-01,T15,Baño,840883.28,35
2022-10-01,T15,Cocina y mesa,2509709.83,53
2022-10-01,T15,Decoracion,3825089.96,83
2022-10-01,T15,Iluminacion,2446440.89,41
2022-10-01,T15,Muebles,1768591.85,50
2022-10-01,T15,Organizacion,682868.66,15
2022-10-01,T15,Textil hogar,1073815.3,23
2022-10-01,T16,Baño,1013443.05,28
2022-10-01,T16,Cocina y mesa,1578302.87,33
2022-10-01,T16,Decoracion,2082488.65,46
2022-10-01,T16,Iluminacion,1050720.25,29
2022-10-01,T16,Muebles,1444761.63,47
2022-10-01,T16,Organizacion,1164991.46,36
2022-10-01,T16,Textil hogar,832745.54,21
2022-10-01,T17,Baño,744479.01,16
2022-10-01,T17,Cocina y mesa,1513074.94,33
2022-10-01,T17,Decoracion,1763397.97,41
2022-10-01,T17,Iluminacion,3813875.73,67
2022-10-01,T17,Muebles,864477.83,22
2022-10-01,T17,Organizacion,635012.75,20
2022-10-01,T17,Textil hogar,641345.51,18
2022-10-01,T18,Baño,726832.35,22
2022-10-01,T18,Cocina y mesa,1054358.92,20
2022-10-01,T18,Decoracion,3068076.31,76
2022-10-01,T18,Iluminacion,1277244.5,24
2022-10-01,T18,Muebles,539852.32,19
2022-10-01,T18,Organizacion,635140.05,18
2022-10-01,T18,Textil hogar,857216.33,25
2022-10-01,T19,Baño,757128.36,23
2022-10-01,T19,Cocina y mesa,2785494.81,54
2022-10-01,T19,Decoracion,3075718.18,61
2022-10-01,T19,Iluminacion,2438324.39,48
2022-10-01,T19,Muebles,1338334.16,36
2022-10-01,T19,Organizacion,1083230.67,32
2022-10-01,T19,Textil hogar,161944.09,7
2022-10-01,T20,Baño,423611.71,14
2022-10-01,T20,Cocina y mesa,2700149.51,56
2022-10-01,T20,Decoracion,2581914.67,38
2022-10-01,T20,Iluminacion,2468929.28,40
2022-10-01,T20,Muebles,1103672.47,26
2022-10-01,T20,Organizacion,817483.21,24
2022-10-01,T20,Textil hogar,507286.3,14
2022-10-01,T21,Baño,524686.76,15
2022-10-01,T21,Cocina y mesa,1836916.86,59
2022-10-01,T21,Decoracion,3225075.43,60
2022-10-01,T21,Iluminacion,1145973.27,20
2022-10-01,T21,Muebles,1765909.29,50
2022-10-01,T21,Organizacion,647765.7,19
2022-10-01,T21,Textil hogar,1258440.59,25
2022-10-01,T22,Baño,565496.0,14
2022-10-01,T22,Cocina y mesa,1611110.26,33
2022-10-01,T22,Decoracion,3484497.01,75
2022-10-01,T22,Iluminacion,3572866.81,59
2022-10-01,T22,Muebles,809747.78,17
2022-10-01,T22,Organizacion,898949.01,22
2022-10-01,T22,Textil hogar,988189.67,22
2022-10-01,T23,Baño,695475.66,22
2022-10-01,T23,Cocina y mesa,2712236.14,61
2022-10-01,T23,Decoracion,2972424.81,71
2022-10-01,T23,Iluminacion,1911717.63,34
2022-10-01,T23,Muebles,1339580.1,32
2022-10-01,T23,Organizacion,360348.58,11
2022-10-01,T23,Textil hogar,735832.95,23
2022-10-01,T24,Baño,683192.94,24
2022-10-01,T24,Cocina y mesa,3235466.25,70
2022-10-01,T24,Decoracion,2010978.18,39
2022-10-01,T24,Iluminacion,2148711.74,35
2022-10-01,T24,Muebles,2513027.15,52
2022-10-01,T24,Organizacion,848428.0,14
2022-10-01,T24,Textil hogar,1044612.05,27
2022-10-01,T25,Baño,957227.94,23
2022-10-01,T25,Cocina y mesa,1962191.49,40
2022-10-01,T25,Decoracion,4007509.78,86
2022-10-01,T25,Iluminacion,2257518.22,37
2022-10-01,T25,Muebles,1075097.72,36
2022-10-01,T25,Organizacion,493251.4,12
2022-10-01,T25,Textil hogar,1436523.19,32
2022-10-01,T26,Baño,1177818.16,36
2022-10-01,T26,Cocina y mesa,2982180.76,51
2022-10-01,T26,Decoracion,2599979.25,64
2022-10-01,T26,Iluminacion,1901610.49,35
2022-10-01,T26,Muebles,1158592.18,29
2022-10-01,T26,Organizacion,756453.24,30
2022-10-01,T26,Textil hogar,528082.99,12
2022-10-01,T27,Baño,446972.66,11
2022-10-01,T27,Cocina y mesa,1682492.86,34
2022-10-01,T27,Decoracion,3602642.05,82
2022-10-01,T27,Iluminacion,1302632.37,27
2022-10-01,T27,Muebles,1369107.79,42
2022-10-01,T27,Organizacion,679337.86,30
2022-10-01,T27,Textil hogar,557111.26,17
2022-10-01,T28,Baño,832803.14,37
2022-10-01,T28,Cocina y mesa,804192.75,34
2022-10-01,T28,Decoracion,2087873.89,51
2022-10-01,T28,Iluminacion,1731297.18,36
2022-10-01,T28,Muebles,1240211.65,52
2022-10-01,T28,Organizacion,930168.69,35
2022-10-01,T28,Textil hogar,528027.19,11
2022-11-01,T01,Baño,664109.44,36
2022-11-01,T01,Cocina y mesa,3165475.48,54
2022-11-01,T01,Decoracion,2154847.36,57
2022-11-01,T01,Iluminacion,1065662.35,22
2022-11-01,T01,Muebles,944146.73,19
2022-11-01,T01,Organizacion,1057078.7,16
2022-11-01,T01,Textil hogar,1226419.33,25
2022-11-01,T02,Baño,900493.84,24
2022-11-01,T02,Cocina y mesa,2636987.35,51
2022-11-01,T02,Decoracion,3232335.26,68
2022-11-01,T02,Iluminacion,2314111.42,49
2022-11-01,T02,Muebles,1092675.29,44
2022-11-01,T02,Organizacion,2321940.37,64
2022-11-01,T02,Textil hogar,869684.06,25
2022-11-01,T03,Baño,1260750.03,36
2022-11-01,T03,Cocina y mesa,3495240.82,70
2022-11-01,T03,Decoracion,2492417.52,58
2022-11-01,T03,Iluminacion,2852510.99,59
2022-11-01,T03,Muebles,1359873.51,36
2022-11-01,T03,Organizacion,676851.58,21
2022-11-01,T03,Textil hogar,911538.72,21
2022-11-01,T04,Baño,447314.71,28
2022-11-01,T04,Cocina y mesa,3559957.71,66
2022-11-01,T04,Decoracion,2600013.47,69
2022-11-01,T04,Iluminacion,3172826.25,66
2022-11-01,T04,Muebles,1603986.0,41
2022-11-01,T04,Organizacion,1147754.11,43
2022-11-01,T04,Textil hogar,1277064.94,35
2022-11-01,T05,Baño,1333017.5,25
2022-11-01,T05,Cocina y mesa,3795876.89,68
2022-11-01,T05,Decoracion,962068.98,38
2022-11-01,T05,Iluminacion,2515477.05,56
2022-11-01,T05,Muebles,1714400.13,62
2022-11-01,T05,Organizacion,1283011.58,36
2022-11-01,T05,Textil hogar,696368.76,15
2022-11-01,T06,Baño,294302.0,12
2022-11-01,T06,Cocina y mesa,1236840.61,22
2022-11-01,T06,Decoracion,3395355.06,74
2022-11-01,T06,Iluminacion,1953454.67,38
2022-11-01,T06,Muebles,787753.55,19
2022-11-01,T06,Organizacion,1064166.19,34
2022-11-01,T06,Textil hogar,750171.23,19
2022-11-01,T07,Baño,725557.38,21
2022-11-01,T07,Cocina y mesa,2753126.92,64
2022-11-01,T07,Decoracion,5254925.18,94
2022-11-01,T07,Iluminacion,1816.22,21
2022-11-01,T07,Muebles,1423261.89,42
2022-11-01,T07,Organizacion,528990.75,12
2022-11-01,T07,Textil hogar,1147556.1,29
2022-11-01,T08,Baño,1454307.06,33
2022-11-01,T08,Cocina y mesa,3238627.87,60
2022-11-01,T08,Decoracion,3967880.58,84
2022-11-01,T08,Iluminacion,3271707.67,63
2022-11-01,T08,Muebles,992822.58,52
2022-11-01,T08,Organizacion,773012.61,23
2022-11-01,T08,Textil hogar,1188108.23,23
2022-11-01,T09,Baño,863454.54,41
2022-11-01,T09,Cocina y mesa,2025961.2,55
2022-11-01,T09,Decoracion,2224582.25,48
2022-11-01,T09,Iluminacion,2108910.67,40
2022-11-01,T09,Muebles,2096540.51,48
2022-11-01,T09,Organizacion,176976.91,7
2022-11-01,T09,Textil hogar,489040.32,17
2022-11-01,T10,Baño,1089923.94,24
2022-11-01,T10,Cocina y mesa,1041927.21,23
2022-11-01,T10,Decoracion,3191093.76,68
2022-11-01,T10,Iluminacion,2794089.63,68
2022-11-01,T10,Muebles,909101.14,17
2022-11-01,T10,Organizacion,1214061.75,31
2022-11-01,T10,Textil hogar,1459499.58,30
2022-11-01,T11,Baño,886310.57,29
2022-11-01,T11,Cocina y mesa,2450671.1,66
2022-11-01,T11,Decoracion,3250829.14,72
2022-11-01,T11,Iluminacion,1258835.37,39
2022-11-01,T11,Muebles,1044324.81,37
2022-11-01,T11,Organizacion,462955.4,10
2022-11-01,T11,Textil hogar,437385.29,15
2022-11-01,T12,Baño,880056.25,23
2022-11-01,T12,Cocina y mesa,1547125.51,30
2022-11-01,T12,Decoracion,3337360.84,78
2022-11-01,T12,Iluminacion,904029.45,28
2022-11-01,T12,Muebles,2319487.5,70
2022-11-01,T12,Organizacion,1638519.26,44
2022-11-01,T12,Textil hogar,660028.83,19
2022-11-01,T13,Baño,226096.4,8
2022-11-01,T13,Cocina y mesa,2258045.22,54
2022-11-01,T13,Decoracion,2277229.82,55
2022-11-01,T13,Iluminacion,2098081.68,50
2022-11-01,T13,Muebles,676178.43,22
2022-11-01,T13,Organizacion,891561.78,22
2022-11-01,T13,Textil hogar,1379658.99,32
2022-11-01,T14,Baño,28928.62,6
2022-11-01,T14,Cocina y mesa,1336985.86,31
2022-11-01,T14,Decoracion,3273633.58,79
2022-11-01,T14,Iluminacion,2524343.36,64
2022-11-01,T14,Muebles,311894.52,18
2022-11-01,T14,Organizacion,437215.09,15
2022-11-01,T14,Textil hogar,859978.41,19
2022-11-01,T15,Baño,1249990.11,44
2022-11-01,T15,Cocina y mesa,2291256.86,41
2022-11-01,T15,Decoracion,4386418.2,90
2022-11-01,T15,Iluminacion,2417336.65,65
2022-11-01,T15,Muebles,2129409.81,56
2022-11-01,T15,Organizacion,1485254.67,33
2022-11-01,T15,Textil hogar,790280.97,17
2022-11-01,T16,Baño,739137.88,22
2022-11-01,T16,Cocina y mesa,1548513.13,29
2022-11-01,T16,Decoracion,3706277.33,81
2022-11-01,T16,Iluminacion,1933419.31,48
2022-11-01,T16,Muebles,1930470.86,61
2022-11-01,T16,Organizacion,1408294.12,37
2022-11-01,T16,Textil hogar,1061038.12,27
2022-11-01,T17,Baño,717355.05,16
2022-11-01,T17,Cocina y mesa,1887910.95,39
2022-11-01,T17,Decoracion,2596075.46,57
2022-11-01,T17,Iluminacion,3707602.63,68
2022-11-01,T17,Muebles,376609.61,17
2022-11-01,T17,Organizacion,1246157.78,29
2022-11-01,T17,Textil hogar,960385.89,22
2022-11-01,T18,Baño,716234.5,21
2022-11-01,T18,Cocina y mesa,1391399.57,30
2022-11-01,T18,Decoracion,3802212.77,79
2022-11-01,T18,Iluminacion,2136131.71,47
2022-11-01,T18,Muebles,486706.11,20
2022-11-01,T18,Organizacion,857941.6,19
2022-11-01,T18,Textil hogar,1197572.08,25
2022-11-01,T19,Baño,1574188.9,43
2022-11-01,T19,Cocina y mesa,2144753.51,43
2022-11-01,T19,Decoracion,2359844.38,49
2022-11-01,T19,Iluminacion,3119538.5,66
2022-11-01,T19,Muebles,1213139.24,36
2022-11-01,T19,Organizacion,979860.27,33
2022-11-01,T19,Textil hogar,230250.79,13
2022-11-01,T20,Baño,971700.99,33
2022-11-01,T20,Cocina y mesa,2156294.9,43
2022-11-01,T20,Decoracion,1934265.47,38
2022-11-01,T20,Iluminacion,3051087.31,47
2022-11-01,T20,Muebles,1063040.97,25
2022-11-01,T20,Organizacion,1117634.86,29
2022-11-01,T20,Textil hogar,850962.82,24
2022-11-01,T21,Baño,539011.47,14
2022-11-01,T21,Cocina y mesa,2807806.49,76
2022-11-01,T21,Decoracion,3627730.11,70
2022-11-01,T21,Iluminacion,1646493.01,51
2022-11-01,T21,Muebles,1578734.64,52
2022-11-01,T21,Organizacion,649236.21,22
2022-11-01,T21,Textil hogar,1192153.32,32
2022-11-01,T22,Baño,298337.96,11
2022-11-01,T22,Cocina y mesa,3617452.95,70
2022-11-01,T22,Decoracion,3310665.2,71
2022-11-01,T22,Iluminacion,4071633.45,84
2022-11-01,T22,Muebles,386300.27,12
2022-11-01,T22,Organizacion,1039577.71,32
2022-11-01,T22,Textil hogar,828512.09,19
2022-11-01,T23,Baño,439181.17,16
2022-11-01,T23,Cocina y mesa,2627893.83,53
2022-11-01,T23,Decoracion,3825283.15,89
2022-11-01,T23,Iluminacion,1726485.31,48
2022-11-01,T23,Muebles,1512678.52,37
2022-11-01,T23,Organizacion,344473.76,11
2022-11-01,T23,Textil hogar,1033060.28,35
2022-11-01,T24,Baño,634519.93,27
2022-11-01,T24,Cocina y mesa,4761559.97,90
2022-11-01,T24,Decoracion,2607793.26,53
2022-11-01,T24,Iluminacion,3368866.61,74
2022-11-01,T24,Muebles,895281.22,24
2022-11-01,T24,Organizacion,1350942.14,27
2022-11-01,T24,Textil hogar,761256.9,17
2022-11-01,T25,Baño,1000005.97,29
2022-11-01,T25,Cocina y mesa,2179574.52,43
2022-11-01,T25,Decoracion,4494462.32,101
2022-11-01,T25,Iluminacion,2434239.67,44
2022-11-01,T25,Muebles,1593576.93,56
2022-11-01,T25,Organizacion,1687337.38,27
2022-11-01,T25,Textil hogar,1559159.82,30
2022-11-01,T26,Baño,1515566.31,56
2022-11-01,T26,Cocina y mesa,1892807.75,37
2022-11-01,T26,Decoracion,2662844.43,69
2022-11-01,T26,Iluminacion,1527662.62,46
2022-11-01,T26,Muebles,1358570.42,30
2022-11-01,T26,Organizacion,1273475.48,34
2022-11-01,T26,Textil hogar,154236.3,3
2022-11-01,T27,Baño,300240.42,12
2022-11-01,T27,Cocina y mesa,1632321.95,26
2022-11-01,T27,Decoracion,2545499.14,55
2022-11-01,T27,Iluminacion,1816429.39,48
2022-11-01,T27,Muebles,1580458.08,39
2022-11-01,T27,Organizacion,1003937.67,35
2022-11-01,T27,Textil hogar,1051170.29,26
2022-11-01,T28,Baño,698650.54,30
2022-11-01,T28,Cocina y mesa,1565932.66,49
2022-11-01,T28,Decoracion,1935338.3,37
2022-11-01,T28,Iluminacion,1512117.15,35
2022-11-01,T28,Muebles,1763061.19,50
2022-11-01,T28,Organizacion,1660705.31,39
2022-11-01,T28,Textil hogar,288758.95,6
2022-12-01,T01,Baño,1020040.74,40
2022-12-01,T01,Cocina y mesa,3600718.24,75
2022-12-01,T01,Decoracion,2611840.04,71
2022-12-01,T01,Iluminacion,1505806.21,17
2022-12-01,T01,Muebles,1508603.66,41
2022-12-01,T01,Organizacion,877914.48,16
2022-12-01,T01,Textil hogar,1369004.49,33
2022-12-01,T02,Baño,1371967.92,25
2022-12-01,T02,Cocina y mesa,3015333.66,55
2022-12-01,T02,Decoracion,3755086.92,75
2022-12-01,T02,Iluminacion,1657901.99,38
2022-12-01,T02,Muebles,1884579.82,79
2022-12-01,T02,Organizacion,1586393.14,43
2022-12-01,T02,Textil hogar,970584.88,34
2022-12-01,T03,Baño,1614473.18,46
2022-12-01,T03,Cocina y mesa,3016255.08,59
2022-12-01,T03,Decoracion,3255077.91,70
2022-12-01,T03,Iluminacion,3882103.49,80
2022-12-01,T03,Muebles,1065156.58,24
2022-12-01,T03,Organizacion,1092659.54,31
2022-12-01,T03,Textil hogar,936060.78,24
2022-12-01,T04,Baño,537743.5,35
2022-12-01,T04,Cocina y mesa,3078174.72,59
2022-12-01,T04,Decoracion,3374942.01,76
2022-12-01,T04,Iluminacion,3990210.23,76
2022-12-01,T04,Muebles,927993.95,37
2022-12-01,T04,Organizacion,892816.33,31
2022-12-01,T04,Textil hogar,1467929.08,34
2022-12-01,T05,Baño,1323431.96,23
2022-12-01,T05,Cocina y mesa,3197957.85,63
2022-12-01,T05,Decoracion,2229986.5,67
2022-12-01,T05,Iluminacion,2698877.38,64
2022-12-01,T05,Muebles,1945683.44,82
2022-12-01,T05,Organizacion,618230.05,15
2022-12-01,T05,Textil hogar,1370509.33,26
2022-12-01,T06,Baño,401604.0,7
2022-12-01,T06,Cocina y mesa,1506097.33,37
2022-12-01,T06,Decoracion,4644712.16,89
2022-12-01,T06,Iluminacion,1825996.51,35
2022-12-01,T06,Muebles,974247.32,31
2022-12-01,T06,Organizacion,704915.12,20
2022-12-01,T06,Textil hogar,704894.07,18
2022-12-01,T07,Baño,874379.11,26
2022-12-01,T07,Cocina y mesa,2463695.59,55
2022-12-01,T07,Decoracion,4418055.01,87
2022-12-01,T07,Iluminacion,1707179.17,51
2022-12-01,T07,Muebles,1407923.39,49
2022-12-01,T07,Organizacion,597062.05,14
2022-12-01,T07,Textil hogar,1190794.53,30
2022-12-01,T08,Baño,1249213.16,28
2022-12-01,T08,Cocina y mesa,1812565.15,39
2022-12-01,T08,Decoracion,2676762.35,65
2022-12-01,T08,Iluminacion,3554413.76,71
2022-12-01,T08,Muebles,1126269.12,49
2022-12-01,T08,Organizacion,1186921.18,30
2022-12-01,T08,Textil hogar,1018976.74,27
2022-12-01,T09,Baño,1174378.81,37
2022-12-01,T09,Cocina y mesa,2593635.54,75
2022-12-01,T09,Decoracion,3973984.86,87
2022-12-01,T09,Iluminacion,1908525.07,53
2022-12-01,T09,Muebles,2363435.14,60
2022-12-01,T09,Organizacion,243102.17,6
2022-12-01,T09,Textil hogar,509054.95,14
2022-12-01,T10,Baño,1292969.29,32
2022-12-01,T10,Cocina y mesa,1129196.4,30
2022-12-01,T10,Decoracion,4282206.79,80
2022-12-01,T10,Iluminacion,2929088.12,62
2022-12-01,T10,Muebles,1396506.18,28
2022-12-01,T10,Organizacion,1483708.72,41
2022-12-01,T10,Textil hogar,1806862.44,36
2022-12-01,T11,Baño,1117046.26,31
2022-12-01,T11,Cocina y mesa,2187856.38,59
2022-12-01,T11,Decoracion,3841125.34,75
2022-12-01,T11,Iluminacion,1270515.59,37
2022-12-01,T11,Muebles,1201025.74,41
2022-12-01,T11,Organizacion,599917.03,16
2022-12-01,T11,Textil hogar,313514.65,11
2022-12-01,T12,Baño,1036222.91,41
2022-12-01,T12,Cocina y mesa,1693697.68,36
2022-12-01,T12,Decoracion,3040178.7,66
2022-12-01,T12,Iluminacion,659060.78,16
2022-12-01,T12,Muebles,2173182.63,70
2022-12-01,T12,Organizacion,1476022.64,42
2022-12-01,T12,Textil hogar,339144.21,9
2022-12-01,T13,Baño,1142211.22,30
2022-12-01,T13,Cocina y mesa,2072309.37,46
2022-12-01,T13,Decoracion,2985673.93,70
2022-12-01,T13,Iluminacion,1804733.07,38
2022-12-01,T13,Muebles,1135561.16,31
2022-12-01,T13,Organizacion,675134.84,19
2022-12-01,T13,Textil hogar,1442595.71,27
2022-12-01,T14,Baño,321724.91,8
2022-12-01,T14,Cocina y mesa,1530398.8,32
2022-12-01,T14,Decoracion,3597122.46,80
2022-12-01,T14,Iluminacion,3295548.71,67
2022-12-01,T14,Muebles,918066.01,42
2022-12-01,T14,Organizacion,220798.31,9
2022-12-01,T14,Textil hogar,765904.75,25
2022-12-01,T15,Baño,2318543.31,72
2022-12-01,T15,Cocina y mesa,2865977.63,54
2022-12-01,T15,Decoracion,4319569.12,94
2022-12-01,T15,Iluminacion,3098895.15,64
2022-12-01,T15,Muebles,2147071.06,65
2022-12-01,T15,Organizacion,1115518.15,20
2022-12-01,T15,Textil hogar,740361.04,22
2022-12-01,T16,Baño,1677639.72,38
2022-12-01,T16,Cocina y mesa,1384135.8,26
2022-12-01,T16,Decoracion,3714665.18,81
2022-12-01,T16,Iluminacion,2239674.35,56
2022-12-01,T16,Muebles,1379726.36,46
2022-12-01,T16,Organizacion,1524734.86,45
2022-12-01,T16,Textil hogar,1002475.58,23
2022-12-01,T17,Baño,909720.64,23
2022-12-01,T17,Cocina y mesa,2754470.61,57
2022-12-01,T17,Decoracion,4077714.17,85
2022-12-01,T17,Iluminacion,3823459.72,78
2022-12-01,T17,Muebles,1413211.28,37
2022-12-01,T17,Organizacion,1266446.26,28
2022-12-01,T17,Textil hogar,1178163.62,32
2022-12-01,T18,Baño,302418.44,4
2022-12-01,T18,Cocina y mesa,1237583.83,24
2022-12-01,T18,Decoracion,4987198.95,106
2022-12-01,T18,Iluminacion,1963876.61,39
2022-12-01,T18,Muebles,472367.08,22
2022-12-01,T18,Organizacion,1464214.65,34
2022-12-01,T18,Textil hogar,1642404.45,36
2022-12-01,T19,Baño,1688478.25,36
2022-12-01,T19,Cocina y mesa,2987644.0,64
2022-12-01,T19,Decoracion,3438649.15,75
2022-12-01,T19,Iluminacion,2646173.88,72
2022-12-01,T19,Muebles,1458853.89,47
2022-12-01,T19,Organizacion,997276.81,33
2022-12-01,T19,Textil hogar,800341.13,25
2022-12-01,T20,Baño,1090328.33,32
2022-12-01,T20,Cocina y mesa,4272988.75,90
2022-12-01,T20,Decoracion,3631097.16,72
2022-12-01,T20,Iluminacion,2486571.12,44
2022-12-01,T20,Muebles,1777340.54,49
2022-12-01,T20,Organizacion,404931.03,18
2022-12-01,T20,Textil hogar,965176.3,22
2022-12-01,T21,Baño,838621.5,19
2022-12-01,T21,Cocina y mesa,2939758.65,86
2022-12-01,T21,Decoracion,3494639.15,74
2022-12-01,T21,Iluminacion,1194579.13,35
2022-12-01,T21,Muebles,1764285.41,60
2022-12-01,T21,Organizacion,753186.42,20
2022-12-01,T21,Textil hogar,1948623.61,40
2022-12-01,T22,Baño,967175.91,22
2022-12-01,T22,Cocina y mesa,2229411.19,42
2022-12-01,T22,Decoracion,4041554.61,77
2022-12-01,T22,Iluminacion,3248145.06,55
2022-12-01,T22,Muebles,908283.57,36
2022-12-01,T22,Organizacion,530014.77,14
2022-12-01,T22,Textil hogar,647237.17,14
2022-12-01,T23,Baño,749596.6,22
2022-12-01,T23,Cocina y mesa,3276098.92,69
2022-12-01,T23,Decoracion,3468264.23,86
2022-12-01,T23,Iluminacion,2459342.49,66
2022-12-01,T23,Muebles,2008389.62,48
2022-12-01,T23,Organizacion,623379.1,17
2022-12-01,T23,Textil hogar,699287.14,25
2022-12-01,T24,Baño,1405490.45,39
2022-12-01,T24,Cocina y mesa,4101988.54,74
2022-12-01,T24,Decoracion,2740697.87,56
2022-12-01,T24,Iluminacion,3979661.87,84
2022-12-01,T24,Muebles,1534145.25,37
2022-12-01,T24,Organizacion,1016857.1,19
2022-12-01,T24,Textil hogar,1979532.08,44
2022-12-01,T25,Baño,1494721.83,38
2022-12-01,T25,Cocina y mesa,2109645.89,44
2022-12-01,T25,Decoracion,5384499.92,123
2022-12-01,T25,Iluminacion,643866.32,10
2022-12-01,T25,Muebles,1316024.39,54
2022-12-01,T25,Organizacion,1325784.61,21
2022-12-01,T25,Textil hogar,1684300.09,39
2022-12-01,T26,Baño,1267145.11,50
2022-12-01,T26,Cocina y mesa,3787088.67,67
2022-12-01,T26,Decoracion,4241281.32,100
2022-12-01,T26,Iluminacion,3305844.56,73
2022-12-01,T26,Muebles,871216.27,33
2022-12-01,T26,Organizacion,1249250.71,33
2022-12-01,T26,Textil hogar,576417.57,14
2022-12-01,T27,Baño,799527.18,19
2022-12-01,T27,Cocina y mesa,786844.56,16
2022-12-01,T27,Decoracion,2663103.42,70
2022-12-01,T27,Iluminacion,1611584.51,44
2022-12-01,T27,Muebles,1920548.36,49
2022-12-01,T27,Organizacion,805242.11,31
2022-12-01,T27,Textil hogar,965245.9,29
2022-12-01,T28,Baño,1337682.37,44
2022-12-01,T28,Cocina y mesa,2646108.36,65
2022-12-01,T28,Decoracion,2013717.95,42
2022-12-01,T28,Iluminacion,2226994.96,43
2022-12-01,T28,Muebles,1719894.5,60
2022-12-01,T28,Organizacion,2217093.05,53
2022-12-01,T28,Textil hogar,759527.2,18
2023-01-01,T01,Baño,1608535.38,50
2023-01-01,T01,Cocina y mesa,3651656.4,76
2023-01-01,T01,Decoracion,1683705.08,47
2023-01-01,T01,Iluminacion,767104.88,27
2023-01-01,T01,Muebles,427155.93,26
2023-01-01,T01,Organizacion,945404.53,14
2023-01-01,T01,Textil hogar,2583530.87,71
2023-01-01,T02,Baño,1280757.23,29
2023-01-01,T02,Cocina y mesa,3587344.78,64
2023-01-01,T02,Decoracion,3091588.44,78
2023-01-01,T02,Iluminacion,1810873.65,42
2023-01-01,T02,Muebles,1310972.75,57
2023-01-01,T02,Organizacion,1669041.7,43
2023-01-01,T02,Textil hogar,1341053.92,56
2023-01-01,T03,Baño,1506960.63,35
2023-01-01,T03,Cocina y mesa,3525992.52,70
2023-01-01,T03,Decoracion,5534572.52,125
2023-01-01,T03,Iluminacion,2379501.21,49
2023-01-01,T03,Muebles,1677442.39,38
2023-01-01,T03,Organizacion,841567.34,27
2023-01-01,T03,Textil hogar,539409.63,18
2023-01-01,T04,Baño,545238.06,29
2023-01-01,T04,Cocina y mesa,3834226.45,70
2023-01-01,T04,Decoracion,3561365.83,99
2023-01-01,T04,Iluminacion,3831171.69,82
2023-01-01,T04,Muebles,1878964.6,54
2023-01-01,T04,Organizacion,1511876.67,47
2023-01-01,T04,Textil hogar,1085175.86,38
2023-01-01,T05,Baño,2216440.28,38
2023-01-01,T05,Cocina y mesa,3906646.4,69
2023-01-01,T05,Decoracion,2393503.18,74
2023-01-01,T05,Iluminacion,2121438.05,31
2023-01-01,T05,Muebles,1748487.33,69
2023-01-01,T05,Organizacion,740613.87,22
2023-01-01,T05,Textil hogar,1345486.75,28
2023-01-01,T06,Baño,605024.25,15
2023-01-01,T06,Cocina y mesa,1414697.57,36
2023-01-01,T06,Decoracion,3575280.46,77
2023-01-01,T06,Iluminacion,2514940.74,55
2023-01-01,T06,Muebles,2408534.85,43
2023-01-01,T06,Organizacion,925627.68,30
2023-01-01,T06,Textil hogar,921709.33,32
2023-01-01,T07,Baño,572348.24,14
2023-01-01,T07,Cocina y mesa,2628126.55,69
2023-01-01,T07,Decoracion,4707736.19,92
2023-01-01,T07,Iluminacion,1644443.14,53
2023-01-01,T07,Muebles,951343.7,33
2023-01-01,T07,Organizacion,447618.56,11
2023-01-01,T07,Textil hogar,728770.57,18
2023-01-01,T08,Baño,1776405.98,40
2023-01-01,T08,Cocina y mesa,3263368.74,63
2023-01-01,T08,Decoracion,5980491.13,122
2023-01-01,T08,Iluminacion,2512803.68,63
2023-01-01,T08,Muebles,1378950.19,56
2023-01-01,T08,Organizacion,713609.01,20
2023-01-01,T08,Textil hogar,974815.84,22
2023-01-01,T09,Baño,781567.12,39
2023-01-01,T09,Cocina y mesa,2427522.16,63
2023-01-01,T09,Decoracion,3325722.46,67
2023-01-01,T09,Iluminacion,1863292.54,42
2023-01-01,T09,Muebles,1767092.75,50
2023-01-01,T09,Organizacion,548793.43,17
2023-01-01,T09,Textil hogar,1159994.3,40
2023-01-01,T10,Baño,1154046.63,33
2023-01-01,T10,Cocina y mesa,1634786.97,36
2023-01-01,T10,Decoracion,4595848.53,99
2023-01-01,T10,Iluminacion,3178396.04,80
2023-01-01,T10,Muebles,1074074.34,28
2023-01-01,T10,Organizacion,1027720.87,29
2023-01-01,T10,Textil hogar,1260756.84,27
2023-01-01,T11,Baño,1020863.2,26
2023-01-01,T11,Cocina y mesa,2590031.19,67
2023-01-01,T11,Decoracion,5632021.22,113
2023-01-01,T11,Iluminacion,1768790.6,44
2023-01-01,T11,Muebles,763964.47,41
2023-01-01,T11,Organizacion,476290.2,14
2023-01-01,T11,Textil hogar,511204.79,19
2023-01-01,T12,Baño,1875853.91,50
2023-01-01,T12,Cocina y mesa,3085297.43,53
2023-01-01,T12,Decoracion,4845104.65,109
2023-01-01,T12,Iluminacion,1365428.44,32
2023-01-01,T12,Muebles,2054693.16,77
2023-01-01,T12,Organizacion,1544633.23,43
2023-01-01,T12,Textil hogar,627332.35,25
2023-01-01,T13,Baño,1280114.51,33
2023-01-01,T13,Cocina y mesa,1342300.0,42
2023-01-01,T13,Decoracion,2779182.57,67
2023-01-01,T13,Iluminacion,3293869.79,77
2023-01-01,T13,Muebles,1136451.46,33
2023-01-01,T13,Organizacion,799001.69,16
2023-01-01,T13,Textil hogar,1441936.95,37
2023-01-01,T14,Baño,106769.32,2
2023-01-01,T14,Cocina y mesa,2118654.23,42
2023-01-01,T14,Decoracion,3494237.44,73
2023-01-01,T14,Iluminacion,1184134.63,43
2023-01-01,T14,Muebles,438305.62,21
2023-01-01,T14,Organizacion,595873.39,25
2023-01-01,T14,Textil hogar,1132322.1,35
2023-01-01,T15,Baño,1821765.07,51
2023-01-01,T15,Cocina y mesa,2739577.95,51
2023-01-01,T15,Decoracion,5366576.82,121
2023-01-01,T15,Iluminacion,2132152.54,61
2023-01-01,T15,Muebles,2174051.23,79
2023-01-01,T15,Organizacion,1381839.71,26
2023-01-01,T15,Textil hogar,787978.04,27
2023-01-01,T16,Baño,1281880.18,32
2023-01-01,T16,Cocina y mesa,1557657.92,27
2023-01-01,T16,Decoracion,4661758.14,110
2023-01-01,T16,Iluminacion,2412495.05,60
2023-01-01,T16,Muebles,1187041.8,42
2023-01-01,T16,Organizacion,1306029.68,35
2023-01-01,T16,Textil hogar,652292.53,29
2023-01-01,T17,Baño,1739358.14,37
2023-01-01,T17,Cocina y mesa,2614393.62,52
2023-01-01,T17,Decoracion,3541711.36,75
2023-01-01,T17,Iluminacion,4037474.79,76
2023-01-01,T17,Muebles,1638457.89,47
2023-01-01,T17,Organizacion,1527073.56,32
2023-01-01,T17,Textil hogar,207877.94,13
2023-01-01,T18,Baño,1006579.72,29
2023-01-01,T18,Cocina y mesa,1975085.41,39
2023-01-01,T18,Decoracion,5083316.9,113
2023-01-01,T18,Iluminacion,2969396.3,66
2023-01-01,T18,Muebles,987382.63,29
2023-01-01,T18,Organizacion,1089005.39,26
2023-01-01,T18,Textil hogar,1932206.93,56
2023-01-01,T19,Baño,2626879.28,50
2023-01-01,T19,Cocina y mesa,2230063.87,47
2023-01-01,T19,Decoracion,4676969.86,100
2023-01-01,T19,Iluminacion,3528782.93,86
2023-01-01,T19,Muebles,1714859.84,58
2023-01-01,T19,Organizacion,916496.92,31
2023-01-01,T19,Textil hogar,1024578.62,35
2023-01-01,T20,Baño,1137736.13,40
2023-01-01,T20,Cocina y mesa,2208940.54,44
2023-01-01,T20,Decoracion,3808392.92,86
2023-01-01,T20,Iluminacion,3099818.4,55
2023-01-01,T20,Muebles,1594832.0,38
2023-01-01,T20,Organizacion,579691.53,18
2023-01-01,T20,Textil hogar,205043.42,18
2023-01-01,T21,Baño,390038.9,6
2023-01-01,T21,Cocina y mesa,2721312.51,88
2023-01-01,T21,Decoracion,4221679.62,89
2023-01-01,T21,Iluminacion,1382664.79,39
2023-01-01,T21,Muebles,1711398.62,72
2023-01-01,T21,Organizacion,941590.57,24
2023-01-01,T21,Textil hogar,1517489.64,34
2023-01-01,T22,Baño,1001650.07,24
2023-01-01,T22,Cocina y mesa,2513320.3,49
2023-01-01,T22,Decoracion,4712795.26,100
2023-01-01,T22,Iluminacion,3171996.33,60
2023-01-01,T22,Muebles,1187485.72,49
2023-01-01,T22,Organizacion,725783.99,21
2023-01-01,T22,Textil hogar,786769.48,23
2023-01-01,T23,Baño,971972.64,27
2023-01-01,T23,Cocina y mesa,2393597.53,52
2023-01-01,T23,Decoracion,4966860.13,118
2023-01-01,T23,Iluminacion,2443492.67,48
2023-01-01,T23,Muebles,1406463.54,35
2023-01-01,T23,Organizacion,498179.26,14
2023-01-01,T23,Textil hogar,1205692.6,44
2023-01-01,T24,Baño,1357404.37,52
2023-01-01,T24,Cocina y mesa,3640890.69,85
2023-01-01,T24,Decoracion,3050010.56,71
2023-01-01,T24,Iluminacion,-514763.02,14
2023-01-01,T24,Muebles,1498052.07,41
2023-01-01,T24,Organizacion,647981.68,15
2023-01-01,T24,Textil hogar,1499910.62,38
2023-01-01,T25,Baño,1628917.31,29
2023-01-01,T25,Cocina y mesa,1558044.43,35
2023-01-01,T25,Decoracion,5812311.81,131
2023-01-01,T25,Iluminacion,2408381.83,45
2023-01-01,T25,Muebles,1490199.48,63
2023-01-01,T25,Organizacion,879889.0,17
2023-01-01,T25,Textil hogar,1353446.19,37
2023-01-01,T26,Baño,1272673.67,39
2023-01-01,T26,Cocina y mesa,2855209.97,52
2023-01-01,T26,Decoracion,4398736.8,111
2023-01-01,T26,Iluminacion,2642153.67,60
2023-01-01,T26,Muebles,1084151.4,35
2023-01-01,T26,Organizacion,1096675.97,28
2023-01-01,T26,Textil hogar,802344.22,31
2023-01-01,T27,Baño,432188.79,9
2023-01-01,T27,Cocina y mesa,1457256.07,28
2023-01-01,T27,Decoracion,2787576.76,66
2023-01-01,T27,Iluminacion,1221731.01,38
2023-01-01,T27,Muebles,2074963.41,62
2023-01-01,T27,Organizacion,882898.85,31
2023-01-01,T27,Textil hogar,1201025.37,46
2023-01-01,T28,Baño,1792289.24,50
2023-01-01,T28,Cocina y mesa,2426242.79,63
2023-01-01,T28,Decoracion,3463304.39,76
2023-01-01,T28,Iluminacion,2794278.25,52
2023-01-01,T28,Muebles,1021393.04,38
2023-01-01,T28,Organizacion,1388964.59,32
2023-01-01,T28,Textil hogar,808960.08,18
2023-02-01,T01,Baño,1808362.19,52
2023-02-01,T01,Cocina y mesa,3778071.06,67
2023-02-01,T01,Decoracion,3799582.03,97
2023-02-01,T01,Iluminacion,1959345.56,38
2023-02-01,T01,Muebles,1692159.63,41
2023-02-01,T01,Organizacion,1011998.65,19
2023-02-01,T01,Textil hogar,2053996.37,52
2023-02-01,T02,Baño,584999.13,16
2023-02-01,T02,Cocina y mesa,2821427.91,44
2023-02-01,T02,Decoracion,4068906.37,96
2023-02-01,T02,Iluminacion,2232381.97,44
2023-02-01,T02,Muebles,1839468.77,61
2023-02-01,T02,Organizacion,1539284.28,44
2023-02-01,T02,Textil hogar,1167705.87,39
2023-02-01,T03,Baño,1741942.34,46
2023-02-01,T03,Cocina y mesa,5593230.08,96
2023-02-01,T03,Decoracion,3684967.74,93
2023-02-01,T03,Iluminacion,2226747.17,44
2023-02-01,T03,Muebles,1942906.4,31
2023-02-01,T03,Organizacion,1026206.13,28
2023-02-01,T03,Textil hogar,989381.43,23
2023-02-01,T04,Baño,767661.89,46
2023-02-01,T04,Cocina y mesa,5037656.92,98
2023-02-01,T04,Decoracion,3501352.27,83
2023-02-01,T04,Iluminacion,3807905.15,73
2023-02-01,T04,Muebles,1720990.16,50
2023-02-01,T04,Organizacion,624862.54,17
2023-02-01,T04,Textil hogar,1882969.69,41
2023-02-01,T05,Baño,2028977.74,35
2023-02-01,T05,Cocina y mesa,5016781.24,91
2023-02-01,T05,Decoracion,3371252.61,89
2023-02-01,T05,Iluminacion,2003618.09,49
2023-02-01,T05,Muebles,2226134.44,72
2023-02-01,T05,Organizacion,1250554.17,34
2023-02-01,T05,Textil hogar,1336027.58,35
2023-02-01,T06,Baño,567628.63,11
2023-02-01,T06,Cocina y mesa,3807901.94,76
2023-02-01,T06,Decoracion,4325468.35,96
2023-02-01,T06,Iluminacion,2779741.71,55
2023-02-01,T06,Muebles,2325367.32,47
2023-02-01,T06,Organizacion,632737.83,27
2023-02-01,T06,Textil hogar,815921.58,24
2023-02-01,T07,Baño,816845.57,21
2023-02-01,T07,Cocina y mesa,3220237.52,73
2023-02-01,T07,Decoracion,3704356.73,68
2023-02-01,T07,Iluminacion,2054284.54,57
2023-02-01,T07,Muebles,1647801.32,46
2023-02-01,T07,Organizacion,883902.56,19
2023-02-01,T07,Textil hogar,1416291.42,30
2023-02-01,T08,Baño,1194028.93,23
2023-02-01,T08,Cocina y mesa,4217441.17,84
2023-02-01,T08,Decoracion,4642943.23,111
2023-02-01,T08,Iluminacion,3383736.71,63
2023-02-01,T08,Muebles,1078704.89,36
2023-02-01,T08,Organizacion,1325346.43,40
2023-02-01,T08,Textil hogar,1265647.33,34
2023-02-01,T09,Baño,649649.24,21
2023-02-01,T09,Cocina y mesa,2527642.22,60
2023-02-01,T09,Decoracion,3002630.88,71
2023-02-01,T09,Iluminacion,1113307.33,27
2023-02-01,T09,Muebles,2336378.52,62
2023-02-01,T09,Organizacion,641764.59,18
2023-02-01,T09,Textil hogar,1233638.62,45
2023-02-01,T10,Baño,1563027.97,34
2023-02-01,T10,Cocina y mesa,2675385.96,53
2023-02-01,T10,Decoracion,5566476.78,123
2023-02-01,T10,Iluminacion,3094970.9,69
2023-02-01,T10,Muebles,1603439.9,40
2023-02-01,T10,Organizacion,1267530.99,27
2023-02-01,T10,Textil hogar,1126411.84,34
2023-02-01,T11,Baño,1382371.9,27
2023-02-01,T11,Cocina y mesa,3245409.15,62
2023-02-01,T11,Decoracion,5724512.29,124
2023-02-01,T11,Iluminacion,794570.94,26
2023-02-01,T11,Muebles,2021145.12,55
2023-02-01,T11,Organizacion,619357.15,17
2023-02-01,T11,Textil hogar,752098.57,26
2023-02-01,T12,Baño,1627247.94,49
2023-02-01,T12,Cocina y mesa,1571076.86,40
2023-02-01,T12,Decoracion,4832319.09,114
2023-02-01,T12,Iluminacion,1328102.59,38
2023-02-01,T12,Muebles,2639625.1,85
2023-02-01,T12,Organizacion,1242562.76,33
2023-02-01,T12,Textil hogar,638418.51,18
2023-02-01,T13,Baño,1384581.79,39
2023-02-01,T13,Cocina y mesa,4561628.54,77
2023-02-01,T13,Decoracion,2524209.18,53
2023-02-01,T13,Iluminacion,2000534.94,49
2023-02-01,T13,Muebles,1146545.39,41
2023-02-01,T13,Organizacion,966299.88,26
2023-02-01,T13,Textil hogar,734788.26,24
2023-02-01,T14,Baño,316420.49,11
2023-02-01,T14,Cocina y mesa,1972945.07,37
2023-02-01,T14,Decoracion,2867090.88,72
2023-02-01,T14,Iluminacion,3677893.94,89
2023-02-01,T14,Muebles,1504963.77,53
2023-02-01,T14,Organizacion,691178.61,27
2023-02-01,T14,Textil hogar,855250.93,25
2023-02-01,T15,Baño,820857.9,34
2023-02-01,T15,Cocina y mesa,3476137.39,78
2023-02-01,T15,Decoracion,4570505.96,102
2023-02-01,T15,Iluminacion,3197923.81,66
2023-02-01,T15,Muebles,2493402.81,69
2023-02-01,T15,Organizacion,1151409.47,27
2023-02-01,T15,Textil hogar,1577761.77,43
2023-02-01,T16,Baño,1450814.56,39
2023-02-01,T16,Cocina y mesa,3445299.83,63
2023-02-01,T16,Decoracion,4808332.01,110
2023-02-01,T16,Iluminacion,2900178.97,69
2023-02-01,T16,Muebles,3014366.22,96
2023-02-01,T16,Organizacion,1914356.79,48
2023-02-01,T16,Textil hogar,1318627.47,36
2023-02-01,T17,Baño,1684799.61,37
2023-02-01,T17,Cocina y mesa,2061472.12,46
2023-02-01,T17,Decoracion,4582355.78,102
2023-02-01,T17,Iluminacion,4682125.97,92
2023-02-01,T17,Muebles,880314.92,35
2023-02-01,T17,Organizacion,1481526.45,34
2023-02-01,T17,Textil hogar,828584.57,22
2023-02-01,T18,Baño,602320.8,18
2023-02-01,T18,Cocina y mesa,3440817.85,67
2023-02-01,T18,Decoracion,4801425.17,108
2023-02-01,T18,Iluminacion,2915023.81,56
2023-02-01,T18,Muebles,739745.69,19
2023-02-01,T18,Organizacion,1173776.01,33
2023-02-01,T18,Textil hogar,1282679.82,30
2023-02-01,T19,Baño,1796260.04,42
2023-02-01,T19,Cocina y mesa,2947497.57,53
2023-02-01,T19,Decoracion,4658576.06,105
2023-02-01,T19,Iluminacion,3648709.76,82
2023-02-01,T19,Muebles,1655975.05,51
2023-02-01,T19,Organizacion,1061178.29,31
2023-02-01,T19,Textil hogar,1143705.01,34
2023-02-01,T20,Baño,1215564.09,38
2023-02-01,T20,Cocina y mesa,2696605.52,59
2023-02-01,T20,Decoracion,3936989.63,88
2023-02-01,T20,Iluminacion,1946831.55,36
2023-02-01,T20,Muebles,1815160.83,48
2023-02-01,T20,Organizacion,700681.07,23
2023-02-01,T20,Textil hogar,1152748.9,36
2023-02-01,T21,Baño,1216267.89,29
2023-02-01,T21,Cocina y mesa,3248631.09,91
2023-02-01,T21,Decoracion,4966220.87,104
2023-02-01,T21,Iluminacion,953802.16,23
2023-02-01,T21,Muebles,2698988.46,87
2023-02-01,T21,Organizacion,1234926.52,34
2023-02-01,T21,Textil hogar,1405172.7,38
2023-02-01,T22,Baño,1639637.42,35
2023-02-01,T22,Cocina y mesa,1900623.99,35
2023-02-01,T22,Decoracion,3901881.47,92
2023-02-01,T22,Iluminacion,4877279.18,91
2023-02-01,T22,Muebles,816663.48,28
2023-02-01,T22,Organizacion,994313.85,27
2023-02-01,T22,Textil hogar,1154423.41,35
2023-02-01,T23,Baño,890901.51,21
2023-02-01,T23,Cocina y mesa,1919320.65,52
2023-02-01,T23,Decoracion,5224016.35,131
2023-02-01,T23,Iluminacion,2301649.31,59
2023-02-01,T23,Muebles,2187764.43,60
2023-02-01,T23,Organizacion,343991.11,10
2023-02-01,T23,Textil hogar,1785899.62,48
2023-02-01,T24,Baño,1621499.19,41
2023-02-01,T24,Cocina y mesa,4519696.89,94
2023-02-01,T24,Decoracion,4420055.93,93
2023-02-01,T24,Iluminacion,3108313.73,71
2023-02-01,T24,Muebles,1740074.85,45
2023-02-01,T24,Organizacion,1337107.16,31
2023-02-01,T24,Textil hogar,1904476.11,34
2023-02-01,T25,Baño,1214472.67,30
2023-02-01,T25,Cocina y mesa,3998159.26,77
2023-02-01,T25,Decoracion,5353137.28,124
2023-02-01,T25,Iluminacion,3136944.31,52
2023-02-01,T25,Muebles,2191143.89,86
2023-02-01,T25,Organizacion,1368913.0,22
2023-02-01,T25,Textil hogar,1235478.06,34
2023-02-01,T26,Baño,1769026.43,58
2023-02-01,T26,Cocina y mesa,2674947.22,50
2023-02-01,T26,Decoracion,3267987.04,85
2023-02-01,T26,Iluminacion,3149929.61,75
2023-02-01,T26,Muebles,2055300.19,56
2023-02-01,T26,Organizacion,1203302.14,36
2023-02-01,T26,Textil hogar,1013005.18,30
2023-02-01,T27,Baño,463889.84,13
2023-02-01,T27,Cocina y mesa,2676337.33,51
2023-02-01,T27,Decoracion,3585854.12,96
2023-02-01,T27,Iluminacion,2531427.92,63
2023-02-01,T27,Muebles,2004517.79,48
2023-02-01,T27,Organizacion,1264213.15,43
2023-02-01,T27,Textil hogar,1370336.96,40
2023-02-01,T28,Baño,1270129.65,45
2023-02-01,T28,Cocina y mesa,3627361.66,67
2023-02-01,T28,Decoracion,3023046.02,73
2023-02-01,T28,Iluminacion,2264788.46,44
2023-02-01,T28,Muebles,2457197.1,74
2023-02-01,T28,Organizacion,1651037.4,44
2023-02-01,T28,Textil hogar,621868.71,10
2023-03-01,T01,Baño,763567.86,44
2023-03-01,T01,Cocina y mesa,6010636.48,103
2023-03-01,T01,Decoracion,3012782.42,84
2023-03-01,T01,Iluminacion,2089798.08,51
2023-03-01,T01,Muebles,1311079.58,42
2023-03-01,T01,Organizacion,1583386.84,30
2023-03-01,T01,Textil hogar,2113407.19,50
2023-03-01,T02,Baño,1035353.73,23
2023-03-01,T02,Cocina y mesa,4396090.18,73
2023-03-01,T02,Decoracion,3408332.0,67
2023-03-01,T02,Iluminacion,2158320.67,48
2023-03-01,T02,Muebles,1528445.67,70
2023-03-01,T02,Organizacion,2139214.62,48
2023-03-01,T02,Textil hogar,1726857.53,58
2023-03-01,T03,Baño,2856674.68,69
2023-03-01,T03,Cocina y mesa,4985771.88,94
2023-03-01,T03,Decoracion,3112311.75,79
2023-03-01,T03,Iluminacion,2546025.1,58
2023-03-01,T03,Muebles,1952316.26,38
2023-03-01,T03,Organizacion,1638968.09,43
2023-03-01,T03,Textil hogar,965140.01,27
2023-03-01,T04,Baño,1372854.4,63
2023-03-01,T04,Cocina y mesa,5401038.75,97
2023-03-01,T04,Decoracion,5569094.0,123
2023-03-01,T04,Iluminacion,3210815.56,63
2023-03-01,T04,Muebles,2629555.28,74
2023-03-01,T04,Organizacion,773904.6,25
2023-03-01,T04,Textil hogar,1361315.59,36
2023-03-01,T05,Baño,1708853.06,37
2023-03-01,T05,Cocina y mesa,3946007.45,74
2023-03-01,T05,Decoracion,3153384.7,89
2023-03-01,T05,Iluminacion,1828942.39,52
2023-03-01,T05,Muebles,1839143.11,72
2023-03-01,T05,Organizacion,744587.02,28
2023-03-01,T05,Textil hogar,1795418.05,39
2023-03-01,T06,Baño,1497822.01,29
2023-03-01,T06,Cocina y mesa,2885669.21,56
2023-03-01,T06,Decoracion,3897045.36,80
2023-03-01,T06,Iluminacion,2768400.87,56
2023-03-01,T06,Muebles,1595976.12,47
2023-03-01,T06,Organizacion,1905367.85,50
2023-03-01,T06,Textil hogar,2256607.63,42
2023-03-01,T07,Baño,1589447.65,37
2023-03-01,T07,Cocina y mesa,2203098.28,52
2023-03-01,T07,Decoracion,5151548.53,105
2023-03-01,T07,Iluminacion,2360693.67,62
2023-03-01,T07,Muebles,1702484.6,44
2023-03-01,T07,Organizacion,1352465.5,27
2023-03-01,T07,Textil hogar,1016857.41,28
2023-03-01,T08,Baño,1718810.35,45
2023-03-01,T08,Cocina y mesa,4737195.12,95
2023-03-01,T08,Decoracion,5526715.41,120
2023-03-01,T08,Iluminacion,3096367.23,59
2023-03-01,T08,Muebles,1752041.13,66
2023-03-01,T08,Organizacion,1033354.79,25
2023-03-01,T08,Textil hogar,1368326.08,33
2023-03-01,T09,Baño,1487049.19,43
2023-03-01,T09,Cocina y mesa,4049658.31,82
2023-03-01,T09,Decoracion,4860522.93,110
2023-03-01,T09,Iluminacion,2703714.08,63
2023-03-01,T09,Muebles,2271654.1,57
2023-03-01,T09,Organizacion,715983.94,23
2023-03-01,T09,Textil hogar,2512030.53,55
2023-03-01,T10,Baño,1309955.22,33
2023-03-01,T10,Cocina y mesa,1656119.88,40
2023-03-01,T10,Decoracion,4387905.73,108
2023-03-01,T10,Iluminacion,4069440.95,87
2023-03-01,T10,Muebles,1748098.13,35
2023-03-01,T10,Organizacion,1153711.15,30
2023-03-01,T10,Textil hogar,2084699.6,47
2023-03-01,T11,Baño,1793181.31,47
2023-03-01,T11,Cocina y mesa,3573073.28,65
2023-03-01,T11,Decoracion,5755836.69,126
2023-03-01,T11,Iluminacion,1974607.2,39
2023-03-01,T11,Muebles,1619831.15,46
2023-03-01,T11,Organizacion,1267600.52,33
2023-03-01,T11,Textil hogar,944957.95,39
2023-03-01,T12,Baño,1547442.75,51
2023-03-01,T12,Cocina y mesa,2311613.43,51
2023-03-01,T12,Decoracion,4852885.8,115
2023-03-01,T12,Iluminacion,670066.67,16
2023-03-01,T12,Muebles,1354858.69,44
2023-03-01,T12,Organizacion,1144197.77,34
2023-03-01,T12,Textil hogar,407621.92,11
2023-03-01,T13,Baño,2155547.4,49
2023-03-01,T13,Cocina y mesa,3657916.61,73
2023-03-01,T13,Decoracion,2877781.72,68
2023-03-01,T13,Iluminacion,3669318.44,82
2023-03-01,T13,Muebles,1783088.75,51
2023-03-01,T13,Organizacion,1759934.5,39
2023-03-01,T13,Textil hogar,1247359.94,37
2023-03-01,T14,Baño,502382.94,12
2023-03-01,T14,Cocina y mesa,1100744.06,23
2023-03-01,T14,Decoracion,2853404.28,74
2023-03-01,T14,Iluminacion,2049114.06,48
2023-03-01,T14,Muebles,940057.01,36
2023-03-01,T14,Organizacion,804574.15,30
2023-03-01,T14,Textil hogar,893530.43,27
2023-03-01,T15,Baño,2418900.96,64
2023-03-01,T15,Cocina y mesa,2154343.84,48
2023-03-01,T15,Decoracion,5015318.96,106
2023-03-01,T15,Iluminacion,3774638.53,85
2023-03-01,T15,Muebles,3565179.54,93
2023-03-01,T15,Organizacion,1582319.67,35
2023-03-01,T15,Textil hogar,888758.3,25
2023-03-01,T16,Baño,1384982.89,31
2023-03-01,T16,Cocina y mesa,2277879.63,53
2023-03-01,T16,Decoracion,4551138.32,107
2023-03-01,T16,Iluminacion,4088416.26,91
2023-03-01,T16,Muebles,2413650.17,55
2023-03-01,T16,Organizacion,1689199.31,42
2023-03-01,T16,Textil hogar,699815.13,28
2023-03-01,T17,Baño,3067196.09,66
2023-03-01,T17,Cocina y mesa,2953153.64,60
2023-03-01,T17,Decoracion,4398813.88,106
2023-03-01,T17,Iluminacion,2446113.5,53
2023-03-01,T17,Muebles,1636726.43,38
2023-03-01,T17,Organizacion,2020857.85,38
2023-03-01,T17,Textil hogar,829333.04,15
2023-03-01,T18,Baño,837210.4,26
2023-03-01,T18,Cocina y mesa,3483747.68,68
2023-03-01,T18,Decoracion,4616432.64,109
2023-03-01,T18,Iluminacion,3453986.91,69
2023-03-01,T18,Muebles,662326.91,10
2023-03-01,T18,Organizacion,1627164.62,39
2023-03-01,T18,Textil hogar,1447634.86,36
2023-03-01,T19,Baño,2038568.8,45
2023-03-01,T19,Cocina y mesa,3837486.34,77
2023-03-01,T19,Decoracion,4024254.24,87
2023-03-01,T19,Iluminacion,3514399.08,76
2023-03-01,T19,Muebles,1237211.57,47
2023-03-01,T19,Organizacion,777125.24,27
2023-03-01,T19,Textil hogar,933984.7,41
2023-03-01,T20,Baño,2025770.2,48
2023-03-01,T20,Cocina y mesa,3316216.28,72
2023-03-01,T20,Decoracion,4319195.88,87
2023-03-01,T20,Iluminacion,3811874.37,64
2023-03-01,T20,Muebles,1231948.17,32
2023-03-01,T20,Organizacion,913045.32,28
2023-03-01,T20,Textil hogar,2591874.36,53
2023-03-01,T21,Baño,1727374.85,35
2023-03-01,T21,Cocina y mesa,3292670.99,84
2023-03-01,T21,Decoracion,5115204.04,117
2023-03-01,T21,Iluminacion,1949324.36,47
2023-03-01,T21,Muebles,2203774.67,69
2023-03-01,T21,Organizacion,1151377.85,28
2023-03-01,T21,Textil hogar,934693.47,32
2023-03-01,T22,Baño,1382332.39,35
2023-03-01,T22,Cocina y mesa,4476022.64,80
2023-03-01,T22,Decoracion,3841444.41,82
2023-03-01,T22,Iluminacion,4383288.91,82
2023-03-01,T22,Muebles,1316232.36,43
2023-03-01,T22,Organizacion,1423160.67,44
2023-03-01,T22,Textil hogar,2430781.86,47
2023-03-01,T23,Baño,1181840.69,32
2023-03-01,T23,Cocina y mesa,4731423.24,88
2023-03-01,T23,Decoracion,4257466.37,117
2023-03-01,T23,Iluminacion,2704782.34,63
2023-03-01,T23,Muebles,934321.83,31
2023-03-01,T23,Organizacion,811320.1,24
2023-03-01,T23,Textil hogar,2616952.58,58
2023-03-01,T24,Baño,1327301.99,50
2023-03-01,T24,Cocina y mesa,4387946.25,81
2023-03-01,T24,Decoracion,3512437.95,73
2023-03-01,T24,Iluminacion,2788527.46,67
2023-03-01,T24,Muebles,946607.57,32
2023-03-01,T24,Organizacion,1373252.43,29
2023-03-01,T24,Textil hogar,2594571.35,53
2023-03-01,T25,Baño,1821768.7,37
2023-03-01,T25,Cocina y mesa,5540829.44,106
2023-03-01,T25,Decoracion,6073879.7,136
2023-03-01,T25,Iluminacion,3157059.4,58
2023-03-01,T25,Muebles,2127650.55,92
2023-03-01,T25,Organizacion,1205465.81,23
2023-03-01,T25,Textil hogar,1869235.15,38
2023-03-01,T26,Baño,2524838.79,70
2023-03-01,T26,Cocina y mesa,3215754.11,51
2023-03-01,T26,Decoracion,5264273.16,131
2023-03-01,T26,Iluminacion,3224435.6,71
2023-03-01,T26,Muebles,1322105.05,48
2023-03-01,T26,Organizacion,1581239.51,43
2023-03-01,T26,Textil hogar,1101519.29,32
2023-03-01,T27,Baño,595045.49,14
2023-03-01,T27,Cocina y mesa,2506616.92,51
2023-03-01,T27,Decoracion,4592914.69,110
2023-03-01,T27,Iluminacion,3235184.84,76
2023-03-01,T27,Muebles,2484421.15,62
2023-03-01,T27,Organizacion,2060133.7,51
2023-03-01,T27,Textil hogar,1200747.24,29
2023-03-01,T28,Baño,1157961.72,49
2023-03-01,T28,Cocina y mesa,4327442.29,92
2023-03-01,T28,Decoracion,3517999.02,82
2023-03-01,T28,Iluminacion,1954341.07,42
2023-03-01,T28,Muebles,2565344.25,56
2023-03-01,T28,Organizacion,1444575.55,33
2023-03-01,T28,Textil hogar,1159062.94,24
2023-04-01,T01,Baño,1003813.81,32
2023-04-01,T01,Cocina y mesa,4716424.35,88
2023-04-01,T01,Decoracion,3517381.98,94
2023-04-01,T01,Iluminacion,1946859.32,39
2023-04-01,T01,Muebles,1838482.87,50
2023-04-01,T01,Organizacion,1220752.92,26
2023-04-01,T01,Textil hogar,2815814.1,64
2023-04-01,T02,Baño,896336.68,18
2023-04-01,T02,Cocina y mesa,5010709.47,93
2023-04-01,T02,Decoracion,4913965.68,116
2023-04-01,T02,Iluminacion,2323877.7,49
2023-04-01,T02,Muebles,2576347.53,78
2023-04-01,T02,Organizacion,1482811.41,32
2023-04-01,T02,Textil hogar,1892664.86,56
2023-04-01,T03,Baño,2318672.42,54
2023-04-01,T03,Cocina y mesa,3323286.38,64
2023-04-01,T03,Decoracion,5098488.81,115
2023-04-01,T03,Iluminacion,2644911.3,60
2023-04-01,T03,Muebles,1620932.81,36
2023-04-01,T03,Organizacion,931599.79,24
2023-04-01,T03,Textil hogar,1133272.14,32
2023-04-01,T04,Baño,2143651.83,67
2023-04-01,T04,Cocina y mesa,5891415.39,112
2023-04-01,T04,Decoracion,3756222.41,90
2023-04-01,T04,Iluminacion,3557498.83,68
2023-04-01,T04,Muebles,1973716.25,52
2023-04-01,T04,Organizacion,1081612.12,36
2023-04-01,T04,Textil hogar,2474707.04,62
2023-04-01,T05,Baño,2003745.48,40
2023-04-01,T05,Cocina y mesa,5233173.85,94
2023-04-01,T05,Decoracion,2989151.72,84
2023-04-01,T05,Iluminacion,2442294.85,56
2023-04-01,T05,Muebles,2121689.81,65
2023-04-01,T05,Organizacion,768141.12,27
2023-04-01,T05,Textil hogar,1496536.84,39
2023-04-01,T06,Baño,996410.12,22
2023-04-01,T06,Cocina y mesa,845602.3,32
2023-04-01,T06,Decoracion,3641508.3,77
2023-04-01,T06,Iluminacion,2747096.65,52
2023-04-01,T06,Muebles,2249948.2,50
2023-04-01,T06,Organizacion,1656856.49,41
2023-04-01,T06,Textil hogar,2119240.56,41
2023-04-01,T07,Baño,1899192.72,47
2023-04-01,T07,Cocina y mesa,3206889.62,70
2023-04-01,T07,Decoracion,4789779.67,96
2023-04-01,T07,Iluminacion,737080.05,21
2023-04-01,T07,Muebles,1509822.22,51
2023-04-01,T07,Organizacion,2366684.27,46
2023-04-01,T07,Textil hogar,1154612.94,29
2023-04-01,T08,Baño,1767645.97,39
2023-04-01,T08,Cocina y mesa,4442809.16,83
2023-04-01,T08,Decoracion,5132164.16,98
2023-04-01,T08,Iluminacion,4421177.59,85
2023-04-01,T08,Muebles,1235335.59,54
2023-04-01,T08,Organizacion,1805609.92,48
2023-04-01,T08,Textil hogar,1862419.8,52
2023-04-01,T09,Baño,940516.96,39
2023-04-01,T09,Cocina y mesa,4516960.44,100
2023-04-01,T09,Decoracion,3531129.42,86
2023-04-01,T09,Iluminacion,2631752.65,56
2023-04-01,T09,Muebles,1840232.59,59
2023-04-01,T09,Organizacion,326733.36,13
2023-04-01,T09,Textil hogar,2428957.45,53
2023-04-01,T10,Baño,1856426.39,40
2023-04-01,T10,Cocina y mesa,2481048.9,51
2023-04-01,T10,Decoracion,4581578.17,114
2023-04-01,T10,Iluminacion,3592255.14,69
2023-04-01,T10,Muebles,1732072.8,39
2023-04-01,T10,Organizacion,1568609.26,46
2023-04-01,T10,Textil hogar,1480223.42,36
2023-04-01,T11,Baño,1982371.46,44
2023-04-01,T11,Cocina y mesa,3182110.22,61
2023-04-01,T11,Decoracion,5254568.33,112
2023-04-01,T11,Iluminacion,1713968.03,39
2023-04-01,T11,Muebles,1925527.87,54
2023-04-01,T11,Organizacion,1091877.63,21
2023-04-01,T11,Textil hogar,1341852.16,39
2023-04-01,T12,Baño,2012696.74,53
2023-04-01,T12,Cocina y mesa,2812592.9,52
2023-04-01,T12,Decoracion,6841826.39,155
2023-04-01,T12,Iluminacion,1172086.82,31
2023-04-01,T12,Muebles,2986185.43,71
2023-04-01,T12,Organizacion,1465317.75,39
2023-04-01,T12,Textil hogar,598390.63,15
2023-04-01,T13,Baño,1470404.86,28
2023-04-01,T13,Cocina y mesa,3505435.66,64
2023-04-01,T13,Decoracion,2679168.91,81
2023-04-01,T13,Iluminacion,3898239.4,87
2023-04-01,T13,Muebles,1250477.95,40
2023-04-01,T13,Organizacion,1905181.77,44
2023-04-01,T13,Textil hogar,926827.07,26
2023-04-01,T14,Baño,560372.05,13
2023-04-01,T14,Cocina y mesa,3626351.54,65
2023-04-01,T14,Decoracion,3485206.33,86
2023-04-01,T14,Iluminacion,4235090.05,90
2023-04-01,T14,Muebles,1321346.1,34
2023-04-01,T14,Organizacion,737748.97,28
2023-04-01,T14,Textil hogar,1285847.9,31
2023-04-01,T15,Baño,2298720.47,64
2023-04-01,T15,Cocina y mesa,3603147.72,82
2023-04-01,T15,Decoracion,4679784.9,98
2023-04-01,T15,Iluminacion,2148189.21,66
2023-04-01,T15,Muebles,3426156.32,95
2023-04-01,T15,Organizacion,1983127.57,47
2023-04-01,T15,Textil hogar,1321723.09,33
2023-04-01,T16,Baño,2624128.84,55
2023-04-01,T16,Cocina y mesa,2904015.41,59
2023-04-01,T16,Decoracion,4413642.26,101
2023-04-01,T16,Iluminacion,1886212.26,38
2023-04-01,T16,Muebles,2936532.19,90
2023-04-01,T16,Organizacion,1571359.49,48
2023-04-01,T16,Textil hogar,859946.84,30
2023-04-01,T17,Baño,1910226.67,34
2023-04-01,T17,Cocina y mesa,2734354.48,60
2023-04-01,T17,Decoracion,3969496.61,92
2023-04-01,T17,Iluminacion,3390093.77,71
2023-04-01,T17,Muebles,1150380.17,41
2023-04-01,T17,Organizacion,2376711.39,46
2023-04-01,T17,Textil hogar,1381673.4,28
2023-04-01,T18,Baño,666129.36,21
2023-04-01,T18,Cocina y mesa,4420091.36,82
2023-04-01,T18,Decoracion,4106640.07,96
2023-04-01,T18,Iluminacion,3488076.84,82
2023-04-01,T18,Muebles,1037221.74,27
2023-04-01,T18,Organizacion,1865525.24,40
2023-04-01,T18,Textil hogar,2828889.56,63
2023-04-01,T19,Baño,2400259.1,39
2023-04-01,T19,Cocina y mesa,3265211.95,73
2023-04-01,T19,Decoracion,4561937.53,103
2023-04-01,T19,Iluminacion,3959406.76,96
2023-04-01,T19,Muebles,1587550.91,50
2023-04-01,T19,Organizacion,1676587.42,48
2023-04-01,T19,Textil hogar,891104.1,34
2023-04-01,T20,Baño,1312097.05,37
2023-04-01,T20,Cocina y mesa,4474483.23,89
2023-04-01,T20,Decoracion,4766251.36,101
2023-04-01,T20,Iluminacion,3977400.21,74
2023-04-01,T20,Muebles,1235509.28,37
2023-04-01,T20,Organizacion,929755.03,33
2023-04-01,T20,Textil hogar,2486380.9,44
2023-04-01,T21,Baño,1766346.32,36
2023-04-01,T21,Cocina y mesa,3088811.96,76
2023-04-01,T21,Decoracion,5170873.5,110
2023-04-01,T21,Iluminacion,1746693.44,51
2023-04-01,T21,Muebles,2328685.69,76
2023-04-01,T21,Organizacion,1032481.89,35
2023-04-01,T21,Textil hogar,1656107.81,36
2023-04-01,T22,Baño,1712070.47,43
2023-04-01,T22,Cocina y mesa,4329032.71,79
2023-04-01,T22,Decoracion,4143231.95,90
2023-04-01,T22,Iluminacion,4623109.91,91
2023-04-01,T22,Muebles,1610421.78,61
2023-04-01,T22,Organizacion,768569.36,28
2023-04-01,T22,Textil hogar,2187931.46,44
2023-04-01,T23,Baño,1668818.94,38
2023-04-01,T23,Cocina y mesa,3115651.37,63
2023-04-01,T23,Decoracion,4831710.77,124
2023-04-01,T23,Iluminacion,4246445.52,91
2023-04-01,T23,Muebles,2174073.28,58
2023-04-01,T23,Organizacion,230499.31,8
2023-04-01,T23,Textil hogar,2537139.56,56
2023-04-01,T24,Baño,1940599.17,45
2023-04-01,T24,Cocina y mesa,5429965.47,106
2023-04-01,T24,Decoracion,3124027.86,77
2023-04-01,T24,Iluminacion,2886459.8,66
2023-04-01,T24,Muebles,2230620.76,42
2023-04-01,T24,Organizacion,1795059.21,39
2023-04-01,T24,Textil hogar,3679326.82,68
2023-04-01,T25,Baño,2747535.44,62
2023-04-01,T25,Cocina y mesa,4965284.97,82
2023-04-01,T25,Decoracion,5866398.68,139
2023-04-01,T25,Iluminacion,2213804.83,34
2023-04-01,T25,Muebles,1804334.33,70
2023-04-01,T25,Organizacion,1780852.52,31
2023-04-01,T25,Textil hogar,3048196.32,67
2023-04-01,T26,Baño,3296020.47,82
2023-04-01,T26,Cocina y mesa,3007614.09,57
2023-04-01,T26,Decoracion,4316038.96,113
2023-04-01,T26,Iluminacion,3749718.2,81
2023-04-01,T26,Muebles,1505228.35,45
2023-04-01,T26,Organizacion,2419999.54,63
2023-04-01,T26,Textil hogar,1840858.76,47
2023-04-01,T27,Baño,416734.09,14
2023-04-01,T27,Cocina y mesa,2830626.03,53
2023-04-01,T27,Decoracion,3322727.85,79
2023-04-01,T27,Iluminacion,3363841.74,88
2023-04-01,T27,Muebles,2223847.18,64
2023-04-01,T27,Organizacion,1653220.01,49
2023-04-01,T27,Textil hogar,2129483.03,52
2023-04-01,T28,Baño,1462141.21,50
2023-04-01,T28,Cocina y mesa,5440864.84,105
2023-04-01,T28,Decoracion,3446145.12,87
2023-04-01,T28,Iluminacion,2316950.85,49
2023-04-01,T28,Muebles,2931754.35,88
2023-04-01,T28,Organizacion,1420382.04,25
2023-04-01,T28,Textil hogar,518722.46,15
2023-05-01,T01,Baño,1929692.38,56
2023-05-01,T01,Cocina y mesa,5968883.31,93
2023-05-01,T01,Decoracion,2937343.05,78
2023-05-01,T01,Iluminacion,2417447.69,44
2023-05-01,T01,Muebles,2186020.41,57
2023-05-01,T01,Organizacion,1752848.7,35
2023-05-01,T01,Textil hogar,2594558.91,70
2023-05-01,T02,Baño,1261129.14,28
2023-05-01,T02,Cocina y mesa,2403106.37,47
2023-05-01,T02,Decoracion,4283949.12,94
2023-05-01,T02,Iluminacion,2962363.91,60
2023-05-01,T02,Muebles,3307796.4,98
2023-05-01,T02,Organizacion,2128804.27,45
2023-05-01,T02,Textil hogar,3221442.36,87
2023-05-01,T03,Baño,2344065.23,63
2023-05-01,T03,Cocina y mesa,4164524.16,80
2023-05-01,T03,Decoracion,5665959.18,129
2023-05-01,T03,Iluminacion,1969524.02,57
2023-05-01,T03,Muebles,993664.62,24
2023-05-01,T03,Organizacion,1353289.78,35
2023-05-01,T03,Textil hogar,1513370.79,42
2023-05-01,T04,Baño,1656472.51,66
2023-05-01,T04,Cocina y mesa,4948040.74,88
2023-05-01,T04,Decoracion,4770047.17,116
2023-05-01,T04,Iluminacion,3305742.78,70
2023-05-01,T04,Muebles,2519409.5,63
2023-05-01,T04,Organizacion,1139900.19,31
2023-05-01,T04,Textil hogar,2719762.47,77
2023-05-01,T05,Baño,1549598.52,34
2023-05-01,T05,Cocina y mesa,5299322.37,95
2023-05-01,T05,Decoracion,3607718.74,93
2023-05-01,T05,Iluminacion,3502213.55,71
2023-05-01,T05,Muebles,2071057.13,72
2023-05-01,T05,Organizacion,1349530.21,31
2023-05-01,T05,Textil hogar,1376524.81,45
2023-05-01,T06,Baño,1079882.98,28
2023-05-01,T06,Cocina y mesa,2284208.39,54
2023-05-01,T06,Decoracion,3645848.2,71
2023-05-01,T06,Iluminacion,3125965.98,65
2023-05-01,T06,Muebles,2563820.88,58
2023-05-01,T06,Organizacion,1924221.23,52
2023-05-01,T06,Textil hogar,2610375.23,62
2023-05-01,T07,Baño,1402717.6,33
2023-05-01,T07,Cocina y mesa,2999210.3,64
2023-05-01,T07,Decoracion,5241304.06,112
2023-05-01,T07,Iluminacion,3353981.22,78
2023-05-01,T07,Muebles,1352153.48,41
2023-05-01,T07,Organizacion,1674520.93,37
2023-05-01,T07,Textil hogar,1255908.05,43
2023-05-01,T08,Baño,2220445.03,51
2023-05-01,T08,Cocina y mesa,5510170.88,95
2023-05-01,T08,Decoracion,6123172.68,123
2023-05-01,T08,Iluminacion,3829184.51,70
2023-05-01,T08,Muebles,1397997.9,59
2023-05-01,T08,Organizacion,2264718.23,51
2023-05-01,T08,Textil hogar,1840415.47,48
2023-05-01,T09,Baño,1725555.05,57
2023-05-01,T09,Cocina y mesa,4365670.28,96
2023-05-01,T09,Decoracion,3477657.68,86
2023-05-01,T09,Iluminacion,2775371.85,58
2023-05-01,T09,Muebles,3814411.87,81
2023-05-01,T09,Organizacion,1149452.95,31
2023-05-01,T09,Textil hogar,2403591.76,71
2023-05-01,T10,Baño,2068506.62,46
2023-05-01,T10,Cocina y mesa,1816790.85,51
2023-05-01,T10,Decoracion,5483931.52,142
2023-05-01,T10,Iluminacion,5481971.13,111
2023-05-01,T10,Muebles,1426789.26,34
2023-05-01,T10,Organizacion,359860.31,-4
2023-05-01,T10,Textil hogar,2318419.0,58
2023-05-01,T11,Baño,2001988.6,45
2023-05-01,T11,Cocina y mesa,1839354.0,39
2023-05-01,T11,Decoracion,6543532.16,136
2023-05-01,T11,Iluminacion,3018437.92,59
2023-05-01,T11,Muebles,1905137.6,49
2023-05-01,T11,Organizacion,1913945.47,41
2023-05-01,T11,Textil hogar,1451290.84,53
2023-05-01,T12,Baño,1892576.67,61
2023-05-01,T12,Cocina y mesa,2121542.75,39
2023-05-01,T12,Decoracion,5647599.17,128
2023-05-01,T12,Iluminacion,1769741.74,40
2023-05-01,T12,Muebles,3210437.37,82
2023-05-01,T12,Organizacion,1667328.52,41
2023-05-01,T12,Textil hogar,1329083.14,34
2023-05-01,T13,Baño,1894987.99,48
2023-05-01,T13,Cocina y mesa,3431858.19,63
2023-05-01,T13,Decoracion,3188554.0,85
2023-05-01,T13,Iluminacion,4152139.18,79
2023-05-01,T13,Muebles,2427196.28,62
2023-05-01,T13,Organizacion,2255467.0,41
2023-05-01,T13,Textil hogar,2553662.32,78
2023-05-01,T14,Baño,648789.19,18
2023-05-01,T14,Cocina y mesa,2709847.37,49
2023-05-01,T14,Decoracion,3928122.35,99
2023-05-01,T14,Iluminacion,4701545.89,95
2023-05-01,T14,Muebles,1487260.96,60
2023-05-01,T14,Organizacion,1380557.9,40
2023-05-01,T14,Textil hogar,1829561.81,52
2023-05-01,T15,Baño,2238324.06,65
2023-05-01,T15,Cocina y mesa,3123600.73,64
2023-05-01,T15,Decoracion,4692070.96,98
2023-05-01,T15,Iluminacion,5764799.74,120
2023-05-01,T15,Muebles,3626293.92,106
2023-05-01,T15,Organizacion,2259687.08,54
2023-05-01,T15,Textil hogar,1383168.26,60
2023-05-01,T16,Baño,925598.21,23
2023-05-01,T16,Cocina y mesa,2982196.32,58
2023-05-01,T16,Decoracion,4039621.07,98
2023-05-01,T16,Iluminacion,3567258.28,76
2023-05-01,T16,Muebles,1889827.63,65
2023-05-01,T16,Organizacion,1455962.09,33
2023-05-01,T16,Textil hogar,1792755.1,69
2023-05-01,T17,Baño,3456659.63,76
2023-05-01,T17,Cocina y mesa,2159986.68,42
2023-05-01,T17,Decoracion,4090166.85,93
2023-05-01,T17,Iluminacion,4444883.71,95
2023-05-01,T17,Muebles,1507547.75,39
2023-05-01,T17,Organizacion,2515344.98,52
2023-05-01,T17,Textil hogar,2271743.31,48
2023-05-01,T18,Baño,411203.36,14
2023-05-01,T18,Cocina y mesa,2381590.64,54
2023-05-01,T18,Decoracion,4391801.16,98
2023-05-01,T18,Iluminacion,2748040.45,54
2023-05-01,T18,Muebles,1420845.07,34
2023-05-01,T18,Organizacion,1996332.53,38
2023-05-01,T18,Textil hogar,3816543.79,84
2023-05-01,T19,Baño,3223140.53,68
2023-05-01,T19,Cocina y mesa,2642238.35,58
2023-05-01,T19,Decoracion,3945081.37,91
2023-05-01,T19,Iluminacion,3860555.65,92
2023-05-01,T19,Muebles,1747077.83,62
2023-05-01,T19,Organizacion,2353436.13,58
2023-05-01,T19,Textil hogar,1164906.47,44
2023-05-01,T20,Baño,1988458.66,52
2023-05-01,T20,Cocina y mesa,3072654.46,68
2023-05-01,T20,Decoracion,3058875.76,82
2023-05-01,T20,Iluminacion,4532155.3,81
2023-05-01,T20,Muebles,1308691.22,43
2023-05-01,T20,Organizacion,1161095.56,40
2023-05-01,T20,Textil hogar,2877284.16,57
2023-05-01,T21,Baño,1661145.09,41
2023-05-01,T21,Cocina y mesa,2105085.5,66
2023-05-01,T21,Decoracion,4521591.78,89
2023-05-01,T21,Iluminacion,2318728.06,56
2023-05-01,T21,Muebles,1999411.02,76
2023-05-01,T21,Organizacion,1112719.19,29
2023-05-01,T21,Textil hogar,2297153.58,61
2023-05-01,T22,Baño,2035670.9,44
2023-05-01,T22,Cocina y mesa,3982060.78,73
2023-05-01,T22,Decoracion,4473998.03,108
2023-05-01,T22,Iluminacion,3730796.14,75
2023-05-01,T22,Muebles,1268006.36,45
2023-05-01,T22,Organizacion,1671811.11,53
2023-05-01,T22,Textil hogar,2899569.7,68
2023-05-01,T23,Baño,1638173.0,39
2023-05-01,T23,Cocina y mesa,3773013.37,71
2023-05-01,T23,Decoracion,4305697.08,108
2023-05-01,T23,Iluminacion,2140025.93,54
2023-05-01,T23,Muebles,2187961.46,58
2023-05-01,T23,Organizacion,597722.45,17
2023-05-01,T23,Textil hogar,2668055.18,74
2023-05-01,T24,Baño,2673751.23,68
2023-05-01,T24,Cocina y mesa,5047994.31,93
2023-05-01,T24,Decoracion,4047759.28,97
2023-05-01,T24,Iluminacion,2786110.32,62
2023-05-01,T24,Muebles,1470563.02,35
2023-05-01,T24,Organizacion,2520102.05,52
2023-05-01,T24,Textil hogar,4068841.3,63
2023-05-01,T25,Baño,2173492.74,58
2023-05-01,T25,Cocina y mesa,1877858.7,34
2023-05-01,T25,Decoracion,6976050.0,148
2023-05-01,T25,Iluminacion,3616306.45,62
2023-05-01,T25,Muebles,2363425.97,90
2023-05-01,T25,Organizacion,1863780.58,33
2023-05-01,T25,Textil hogar,4313440.84,93
2023-05-01,T26,Baño,2938628.63,83
2023-05-01,T26,Cocina y mesa,3142198.9,63
2023-05-01,T26,Decoracion,4480781.23,109
2023-05-01,T26,Iluminacion,3579667.38,85
2023-05-01,T26,Muebles,1180768.31,41
2023-05-01,T26,Organizacion,1339604.34,35
2023-05-01,T26,Textil hogar,2189770.51,57
2023-05-01,T27,Baño,1122333.5,28
2023-05-01,T27,Cocina y mesa,1626902.61,34
2023-05-01,T27,Decoracion,3065231.23,74
2023-05-01,T27,Iluminacion,2373718.99,65
2023-05-01,T27,Muebles,1645753.4,35
2023-05-01,T27,Organizacion,1486624.65,38
2023-05-01,T27,Textil hogar,1326099.38,42
2023-05-01,T28,Baño,1896347.28,63
2023-05-01,T28,Cocina y mesa,3735123.61,79
2023-05-01,T28,Decoracion,4483004.04,101
2023-05-01,T28,Iluminacion,2269006.91,47
2023-05-01,T28,Muebles,2656785.43,82
2023-05-01,T28,Organizacion,1926456.18,36
2023-05-01,T28,Textil hogar,1494936.0,48
2023-06-01,T01,Baño,2381960.58,71
2023-06-01,T01,Cocina y mesa,5099827.27,96
2023-06-01,T01,Decoracion,4230937.6,108
2023-06-01,T01,Iluminacion,3285914.24,70
2023-06-01,T01,Muebles,1624087.09,49
2023-06-01,T01,Organizacion,1803010.99,31
2023-06-01,T01,Textil hogar,2388325.55,59
2023-06-01,T02,Baño,1453074.85,30
2023-06-01,T02,Cocina y mesa,3703375.11,69
2023-06-01,T02,Decoracion,4564543.69,101
2023-06-01,T02,Iluminacion,2740469.89,57
2023-06-01,T02,Muebles,2865461.43,76
2023-06-01,T02,Organizacion,2355589.24,43
2023-06-01,T02,Textil hogar,2046514.02,71
2023-06-01,T03,Baño,2290019.85,61
2023-06-01,T03,Cocina y mesa,3429964.05,73
2023-06-01,T03,Decoracion,6867083.21,148
2023-06-01,T03,Iluminacion,4327204.26,89
2023-06-01,T03,Muebles,1816194.16,42
2023-06-01,T03,Organizacion,1308509.85,39
2023-06-01,T03,Textil hogar,1371611.19,38
2023-06-01,T04,Baño,1286872.14,46
2023-06-01,T04,Cocina y mesa,6551381.95,128
2023-06-01,T04,Decoracion,6603105.27,149
2023-06-01,T04,Iluminacion,5905934.09,96
2023-06-01,T04,Muebles,1802401.97,51
2023-06-01,T04,Organizacion,716760.19,24
2023-06-01,T04,Textil hogar,2633260.99,82
2023-06-01,T05,Baño,2041327.45,42
2023-06-01,T05,Cocina y mesa,5490091.31,104
2023-06-01,T05,Decoracion,3970476.84,112
2023-06-01,T05,Iluminacion,5337253.55,103
2023-06-01,T05,Muebles,2865079.81,88
2023-06-01,T05,Organizacion,1520550.99,40
2023-06-01,T05,Textil hogar,1581097.61,45
2023-06-01,T06,Baño,1075218.53,20
2023-06-01,T06,Cocina y mesa,3174075.51,63
2023-06-01,T06,Decoracion,3599702.63,79
2023-06-01,T06,Iluminacion,4353409.22,76
2023-06-01,T06,Muebles,2782176.63,71
2023-06-01,T06,Organizacion,1517782.9,37
2023-06-01,T06,Textil hogar,3463739.68,87
2023-06-01,T07,Baño,1962096.89,47
2023-06-01,T07,Cocina y mesa,3220042.37,60
2023-06-01,T07,Decoracion,7829726.87,154
2023-06-01,T07,Iluminacion,3129493.95,79
2023-06-01,T07,Muebles,2766536.79,74
2023-06-01,T07,Organizacion,2313861.18,46
2023-06-01,T07,Textil hogar,1957787.22,70
2023-06-01,T08,Baño,2169951.6,46
2023-06-01,T08,Cocina y mesa,4219585.69,83
2023-06-01,T08,Decoracion,4963035.67,105
2023-06-01,T08,Iluminacion,3355455.65,65
2023-06-01,T08,Muebles,1892367.08,68
2023-06-01,T08,Organizacion,1355756.99,33
2023-06-01,T08,Textil hogar,2522452.59,85
2023-06-01,T09,Baño,1861506.02,58
2023-06-01,T09,Cocina y mesa,3651238.93,83
2023-06-01,T09,Decoracion,3941494.0,88
2023-06-01,T09,Iluminacion,1498230.38,43
2023-06-01,T09,Muebles,2783024.99,63
2023-06-01,T09,Organizacion,1053074.56,25
2023-06-01,T09,Textil hogar,2696205.94,74
2023-06-01,T10,Baño,1746538.98,38
2023-06-01,T10,Cocina y mesa,2096252.51,45
2023-06-01,T10,Decoracion,6712486.09,159
2023-06-01,T10,Iluminacion,5948201.03,102
2023-06-01,T10,Muebles,1766387.25,40
2023-06-01,T10,Organizacion,1545131.8,39
2023-06-01,T10,Textil hogar,2142267.66,60
2023-06-01,T11,Baño,1348882.84,42
2023-06-01,T11,Cocina y mesa,2439157.35,44
2023-06-01,T11,Decoracion,6184646.05,116
2023-06-01,T11,Iluminacion,2283433.56,54
2023-06-01,T11,Muebles,1830086.95,54
2023-06-01,T11,Organizacion,1516431.25,32
2023-06-01,T11,Textil hogar,1720862.65,60
2023-06-01,T12,Baño,2349436.03,66
2023-06-01,T12,Cocina y mesa,2119161.47,41
2023-06-01,T12,Decoracion,5051619.84,115
2023-06-01,T12,Iluminacion,1598065.33,52
2023-06-01,T12,Muebles,3432647.23,96
2023-06-01,T12,Organizacion,1295137.0,38
2023-06-01,T12,Textil hogar,1014876.15,27
2023-06-01,T13,Baño,1913491.59,47
2023-06-01,T13,Cocina y mesa,3293035.32,59
2023-06-01,T13,Decoracion,2863643.83,78
2023-06-01,T13,Iluminacion,5982309.18,111
2023-06-01,T13,Muebles,2538032.3,65
2023-06-01,T13,Organizacion,2375570.02,45
2023-06-01,T13,Textil hogar,2475617.68,67
2023-06-01,T14,Baño,459933.26,20
2023-06-01,T14,Cocina y mesa,2529552.14,49
2023-06-01,T14,Decoracion,5593327.22,128
2023-06-01,T14,Iluminacion,3377763.53,88
2023-06-01,T14,Muebles,1411817.97,41
2023-06-01,T14,Organizacion,580849.42,17
2023-06-01,T14,Textil hogar,1064938.42,41
2023-06-01,T15,Baño,2212470.62,71
2023-06-01,T15,Cocina y mesa,4205627.53,82
2023-06-01,T15,Decoracion,4470031.8,102
2023-06-01,T15,Iluminacion,4049775.98,90
2023-06-01,T15,Muebles,2876528.4,89
2023-06-01,T15,Organizacion,1681123.54,42
2023-06-01,T15,Textil hogar,2861100.52,86
2023-06-01,T16,Baño,1284409.16,29
2023-06-01,T16,Cocina y mesa,3752578.84,83
2023-06-01,T16,Decoracion,4334105.22,103
2023-06-01,T16,Iluminacion,4935993.49,105
2023-06-01,T16,Muebles,1908541.26,67
2023-06-01,T16,Organizacion,2602240.08,58
2023-06-01,T16,Textil hogar,1956485.88,80
2023-06-01,T17,Baño,2453667.24,54
2023-06-01,T17,Cocina y mesa,2862203.37,58
2023-06-01,T17,Decoracion,5059578.75,112
2023-06-01,T17,Iluminacion,6719915.49,129
2023-06-01,T17,Muebles,711935.77,33
2023-06-01,T17,Organizacion,2517428.72,50
2023-06-01,T17,Textil hogar,2131784.48,56
2023-06-01,T18,Baño,649219.03,20
2023-06-01,T18,Cocina y mesa,3295262.16,58
2023-06-01,T18,Decoracion,4206561.0,104
2023-06-01,T18,Iluminacion,3068947.56,61
2023-06-01,T18,Muebles,1647659.1,36
2023-06-01,T18,Organizacion,2335710.6,60
2023-06-01,T18,Textil hogar,2555270.8,58
2023-06-01,T19,Baño,3181118.75,65
2023-06-01,T19,Cocina y mesa,2802250.34,63
2023-06-01,T19,Decoracion,3670685.95,85
2023-06-01,T19,Iluminacion,4946493.5,113
2023-06-01,T19,Muebles,2725160.33,69
2023-06-01,T19,Organizacion,2377114.29,58
2023-06-01,T19,Textil hogar,1223892.54,39
2023-06-01,T20,Baño,1549783.54,47
2023-06-01,T20,Cocina y mesa,3802007.4,79
2023-06-01,T20,Decoracion,4258185.64,90
2023-06-01,T20,Iluminacion,2274622.38,51
2023-06-01,T20,Muebles,2022644.13,54
2023-06-01,T20,Organizacion,952399.71,24
2023-06-01,T20,Textil hogar,3338677.89,74
2023-06-01,T21,Baño,1187211.43,34
2023-06-01,T21,Cocina y mesa,3092806.85,79
2023-06-01,T21,Decoracion,6306913.83,134
2023-06-01,T21,Iluminacion,1830699.16,40
2023-06-01,T21,Muebles,2649120.07,93
2023-06-01,T21,Organizacion,718385.04,25
2023-06-01,T21,Textil hogar,2253361.14,57
2023-06-01,T22,Baño,1842223.0,44
2023-06-01,T22,Cocina y mesa,4860609.78,91
2023-06-01,T22,Decoracion,4007624.1,93
2023-06-01,T22,Iluminacion,4398331.28,83
2023-06-01,T22,Muebles,1863959.94,63
2023-06-01,T22,Organizacion,1763469.16,49
2023-06-01,T22,Textil hogar,3307773.72,83
2023-06-01,T23,Baño,1270331.05,44
2023-06-01,T23,Cocina y mesa,3754124.25,67
2023-06-01,T23,Decoracion,6273900.66,147
2023-06-01,T23,Iluminacion,4137204.27,85
2023-06-01,T23,Muebles,1990418.18,44
2023-06-01,T23,Organizacion,624144.13,18
2023-06-01,T23,Textil hogar,2262078.71,56
2023-06-01,T24,Baño,2359459.77,50
2023-06-01,T24,Cocina y mesa,5262624.94,106
2023-06-01,T24,Decoracion,5233591.5,120
2023-06-01,T24,Iluminacion,3333864.86,64
2023-06-01,T24,Muebles,1660962.75,43
2023-06-01,T24,Organizacion,1423818.59,35
2023-06-01,T24,Textil hogar,3713632.23,74
2023-06-01,T25,Baño,1218079.57,35
2023-06-01,T25,Cocina y mesa,3218655.11,68
2023-06-01,T25,Decoracion,6642726.36,143
2023-06-01,T25,Iluminacion,2763904.08,49
2023-06-01,T25,Muebles,2227582.46,70
2023-06-01,T25,Organizacion,1479642.9,32
2023-06-01,T25,Textil hogar,4312912.36,95
2023-06-01,T26,Baño,3635083.73,90
2023-06-01,T26,Cocina y mesa,3922785.74,73
2023-06-01,T26,Decoracion,5065862.95,122
2023-06-01,T26,Iluminacion,3756946.57,86
2023-06-01,T26,Muebles,1910928.71,46
2023-06-01,T26,Organizacion,1569653.63,31
2023-06-01,T26,Textil hogar,1762400.77,49
2023-06-01,T27,Baño,961547.47,27
2023-06-01,T27,Cocina y mesa,920350.97,22
2023-06-01,T27,Decoracion,5531230.15,141
2023-06-01,T27,Iluminacion,4312723.82,95
2023-06-01,T27,Muebles,2686978.77,69
2023-06-01,T27,Organizacion,2189024.91,60
2023-06-01,T27,Textil hogar,1799538.89,48
2023-06-01,T28,Baño,1349404.33,55
2023-06-01,T28,Cocina y mesa,3932126.97,78
2023-06-01,T28,Decoracion,4119171.58,88
2023-06-01,T28,Iluminacion,3984679.54,60
2023-06-01,T28,Muebles,2104539.62,61
2023-06-01,T28,Organizacion,1642269.46,26
2023-06-01,T28,Textil hogar,1366742.14,62
2023-07-01,T01,Baño,2180155.67,52
2023-07-01,T01,Cocina y mesa,5755768.67,97
2023-07-01,T01,Decoracion,4489516.74,116
2023-07-01,T01,Iluminacion,3504432.17,73
2023-07-01,T01,Muebles,2149630.21,62
2023-07-01,T01,Organizacion,2142705.49,39
2023-07-01,T01,Textil hogar,2502946.74,70
2023-07-01,T02,Baño,1062413.95,22
2023-07-01,T02,Cocina y mesa,4729280.23,84
2023-07-01,T02,Decoracion,5231698.09,117
2023-07-01,T02,Iluminacion,2631527.66,53
2023-07-01,T02,Muebles,3300304.78,99
2023-07-01,T02,Organizacion,2289150.34,54
2023-07-01,T02,Textil hogar,2940407.64,100
2023-07-01,T03,Baño,2895555.86,68
2023-07-01,T03,Cocina y mesa,3682753.82,70
2023-07-01,T03,Decoracion,4453390.93,111
2023-07-01,T03,Iluminacion,3025893.59,54
2023-07-01,T03,Muebles,3181933.32,72
2023-07-01,T03,Organizacion,1450485.12,39
2023-07-01,T03,Textil hogar,1505301.73,44
2023-07-01,T04,Baño,1610674.39,53
2023-07-01,T04,Cocina y mesa,6035208.37,113
2023-07-01,T04,Decoracion,5031998.02,113
2023-07-01,T04,Iluminacion,4637809.42,94
2023-07-01,T04,Muebles,1505350.12,48
2023-07-01,T04,Organizacion,845976.55,22
2023-07-01,T04,Textil hogar,3375287.1,90
2023-07-01,T05,Baño,2609662.84,48
2023-07-01,T05,Cocina y mesa,4631029.37,86
2023-07-01,T05,Decoracion,3115929.53,82
2023-07-01,T05,Iluminacion,5002638.32,116
2023-07-01,T05,Muebles,2642399.4,90
2023-07-01,T05,Organizacion,1191325.75,38
2023-07-01,T05,Textil hogar,2776127.52,65
2023-07-01,T06,Baño,1110102.95,30
2023-07-01,T06,Cocina y mesa,3673465.85,79
2023-07-01,T06,Decoracion,5288878.6,113
2023-07-01,T06,Iluminacion,5207764.07,87
2023-07-01,T06,Muebles,3053108.78,73
2023-07-01,T06,Organizacion,2161678.54,54
2023-07-01,T06,Textil hogar,3046270.01,88
2023-07-01,T07,Baño,1794746.08,45
2023-07-01,T07,Cocina y mesa,3062331.22,67
2023-07-01,T07,Decoracion,7343115.32,145
2023-07-01,T07,Iluminacion,3772350.51,87
2023-07-01,T07,Muebles,2054803.9,56
2023-07-01,T07,Organizacion,1975661.64,38
2023-07-01,T07,Textil hogar,2158558.05,80
2023-07-01,T08,Baño,1998353.86,46
2023-07-01,T08,Cocina y mesa,5056152.62,101
2023-07-01,T08,Decoracion,5576679.55,120
2023-07-01,T08,Iluminacion,4269881.87,87
2023-07-01,T08,Muebles,1874538.09,59
2023-07-01,T08,Organizacion,2046001.93,50
2023-07-01,T08,Textil hogar,2882065.19,84
2023-07-01,T09,Baño,1903875.95,61
2023-07-01,T09,Cocina y mesa,4748970.63,103
2023-07-01,T09,Decoracion,3920510.38,97
2023-07-01,T09,Iluminacion,2227571.52,51
2023-07-01,T09,Muebles,2653122.16,57
2023-07-01,T09,Organizacion,461106.66,14
2023-07-01,T09,Textil hogar,1620878.46,59
2023-07-01,T10,Baño,1454076.01,36
2023-07-01,T10,Cocina y mesa,2593906.88,58
2023-07-01,T10,Decoracion,4892148.2,126
2023-07-01,T10,Iluminacion,6307259.99,133
2023-07-01,T10,Muebles,1592595.25,40
2023-07-01,T10,Organizacion,1406335.49,30
2023-07-01,T10,Textil hogar,1552072.19,43
2023-07-01,T11,Baño,1946298.88,48
2023-07-01,T11,Cocina y mesa,3527311.46,59
2023-07-01,T11,Decoracion,6680524.32,125
2023-07-01,T11,Iluminacion,2359341.55,53
2023-07-01,T11,Muebles,2393778.08,77
2023-07-01,T11,Organizacion,2232096.46,48
2023-07-01,T11,Textil hogar,1913782.51,60
2023-07-01,T12,Baño,2263637.55,63
2023-07-01,T12,Cocina y mesa,2346163.38,46
2023-07-01,T12,Decoracion,4502677.79,100
2023-07-01,T12,Iluminacion,1665316.21,49
2023-07-01,T12,Muebles,3370644.94,82
2023-07-01,T12,Organizacion,1864860.87,51
2023-07-01,T12,Textil hogar,1470717.95,32
2023-07-01,T13,Baño,1877378.06,40
2023-07-01,T13,Cocina y mesa,5104732.79,93
2023-07-01,T13,Decoracion,3593469.27,100
2023-07-01,T13,Iluminacion,5594438.44,117
2023-07-01,T13,Muebles,3711600.05,87
2023-07-01,T13,Organizacion,2783161.43,54
2023-07-01,T13,Textil hogar,1998033.97,64
2023-07-01,T14,Baño,620672.28,29
2023-07-01,T14,Cocina y mesa,2330143.85,48
2023-07-01,T14,Decoracion,4586711.21,105
2023-07-01,T14,Iluminacion,4215399.23,93
2023-07-01,T14,Muebles,2926484.84,77
2023-07-01,T14,Organizacion,884068.85,35
2023-07-01,T14,Textil hogar,3202663.35,74
2023-07-01,T15,Baño,1715072.49,59
2023-07-01,T15,Cocina y mesa,3291289.33,65
2023-07-01,T15,Decoracion,6167927.11,143
2023-07-01,T15,Iluminacion,6681353.29,131
2023-07-01,T15,Muebles,2768468.2,67
2023-07-01,T15,Organizacion,1789895.42,41
2023-07-01,T15,Textil hogar,2314926.24,69
2023-07-01,T16,Baño,1688174.69,45
2023-07-01,T16,Cocina y mesa,4738271.73,87
2023-07-01,T16,Decoracion,4542969.0,112
2023-07-01,T16,Iluminacion,4572876.74,86
2023-07-01,T16,Muebles,1460747.39,60
2023-07-01,T16,Organizacion,1906667.4,51
2023-07-01,T16,Textil hogar,2098167.98,70
2023-07-01,T17,Baño,2891097.59,68
2023-07-01,T17,Cocina y mesa,3286897.66,70
2023-07-01,T17,Decoracion,4031311.61,85
2023-07-01,T17,Iluminacion,5639809.63,116
2023-07-01,T17,Muebles,2693797.8,59
2023-07-01,T17,Organizacion,2369798.55,58
2023-07-01,T17,Textil hogar,2345134.74,63
2023-07-01,T18,Baño,870875.24,27
2023-07-01,T18,Cocina y mesa,3155675.61,74
2023-07-01,T18,Decoracion,5066783.09,109
2023-07-01,T18,Iluminacion,4693617.68,95
2023-07-01,T18,Muebles,2321758.28,51
2023-07-01,T18,Organizacion,2204724.4,55
2023-07-01,T18,Textil hogar,2897496.35,69
2023-07-01,T19,Baño,3303870.76,74
2023-07-01,T19,Cocina y mesa,3194060.43,71
2023-07-01,T19,Decoracion,5459137.55,123
2023-07-01,T19,Iluminacion,4455695.73,93
2023-07-01,T19,Muebles,2008741.61,62
2023-07-01,T19,Organizacion,1674484.14,51
2023-07-01,T19,Textil hogar,1692052.18,49
2023-07-01,T20,Baño,1862837.35,49
2023-07-01,T20,Cocina y mesa,3312367.71,66
2023-07-01,T20,Decoracion,4346679.14,97
2023-07-01,T20,Iluminacion,4137688.99,73
2023-07-01,T20,Muebles,2269445.74,67
2023-07-01,T20,Organizacion,689130.52,24
2023-07-01,T20,Textil hogar,3301576.82,67
2023-07-01,T21,Baño,1415152.4,30
2023-07-01,T21,Cocina y mesa,3181199.96,79
2023-07-01,T21,Decoracion,5804169.08,122
2023-07-01,T21,Iluminacion,2806254.93,64
2023-07-01,T21,Muebles,2733979.23,77
2023-07-01,T21,Organizacion,919170.24,34
2023-07-01,T21,Textil hogar,2331277.14,60
2023-07-01,T22,Baño,2157818.88,47
2023-07-01,T22,Cocina y mesa,4903696.93,100
2023-07-01,T22,Decoracion,4898634.26,113
2023-07-01,T22,Iluminacion,3516129.61,70
2023-07-01,T22,Muebles,3007055.61,74
2023-07-01,T22,Organizacion,2239396.5,56
2023-07-01,T22,Textil hogar,2929534.16,82
2023-07-01,T23,Baño,1546370.99,37
2023-07-01,T23,Cocina y mesa,3157065.89,67
2023-07-01,T23,Decoracion,6665371.33,153
2023-07-01,T23,Iluminacion,4830456.91,100
2023-07-01,T23,Muebles,3654411.44,75
2023-07-01,T23,Organizacion,955881.63,28
2023-07-01,T23,Textil hogar,2678923.46,80
2023-07-01,T24,Baño,2508101.63,68
2023-07-01,T24,Cocina y mesa,4054994.03,73
2023-07-01,T24,Decoracion,4783291.29,114
2023-07-01,T24,Iluminacion,5130785.03,107
2023-07-01,T24,Muebles,2664015.74,54
2023-07-01,T24,Organizacion,2857060.03,64
2023-07-01,T24,Textil hogar,5201290.89,97
2023-07-01,T25,Baño,1945570.66,49
2023-07-01,T25,Cocina y mesa,4869611.77,90
2023-07-01,T25,Decoracion,6059679.21,132
2023-07-01,T25,Iluminacion,2877443.06,48
2023-07-01,T25,Muebles,3159930.98,95
2023-07-01,T25,Organizacion,1535779.03,28
2023-07-01,T25,Textil hogar,3007990.77,79
2023-07-01,T26,Baño,2856173.07,82
2023-07-01,T26,Cocina y mesa,3484060.76,67
2023-07-01,T26,Decoracion,4605973.89,113
2023-07-01,T26,Iluminacion,4054126.22,83
2023-07-01,T26,Muebles,2910970.83,70
2023-07-01,T26,Organizacion,2996930.68,71
2023-07-01,T26,Textil hogar,2010941.44,50
2023-07-01,T27,Baño,832561.28,19
2023-07-01,T27,Cocina y mesa,2667386.39,54
2023-07-01,T27,Decoracion,4570452.07,109
2023-07-01,T27,Iluminacion,3842363.22,92
2023-07-01,T27,Muebles,2164864.1,80
2023-07-01,T27,Organizacion,1289667.36,24
2023-07-01,T27,Textil hogar,2278316.37,70
2023-07-01,T28,Baño,1813270.69,61
2023-07-01,T28,Cocina y mesa,5509382.13,104
2023-07-01,T28,Decoracion,3521171.42,83
2023-07-01,T28,Iluminacion,3608461.32,70
2023-07-01,T28,Muebles,2626563.31,72
2023-07-01,T28,Organizacion,2361839.93,41
2023-07-01,T28,Textil hogar,1512668.1,48
2023-08-01,T01,Baño,1980103.97,52
2023-08-01,T01,Cocina y mesa,4374687.26,79
2023-08-01,T01,Decoracion,3678491.75,90
2023-08-01,T01,Iluminacion,3313286.71,68
2023-08-01,T01,Muebles,3474343.12,92
2023-08-01,T01,Organizacion,1460282.93,24
2023-08-01,T01,Textil hogar,1657294.74,51
2023-08-01,T02,Baño,1806415.31,43
2023-08-01,T02,Cocina y mesa,4464066.46,79
2023-08-01,T02,Decoracion,5864393.72,133
2023-08-01,T02,Iluminacion,970970.34,34
2023-08-01,T02,Muebles,3247120.01,87
2023-08-01,T02,Organizacion,2481165.59,52
2023-08-01,T02,Textil hogar,2097254.38,75
2023-08-01,T03,Baño,2643023.86,69
2023-08-01,T03,Cocina y mesa,4185400.11,77
2023-08-01,T03,Decoracion,6480553.32,161
2023-08-01,T03,Iluminacion,3871919.39,71
2023-08-01,T03,Muebles,3307340.6,75
2023-08-01,T03,Organizacion,1219162.77,37
2023-08-01,T03,Textil hogar,2040053.76,57
2023-08-01,T04,Baño,1528880.08,71
2023-08-01,T04,Cocina y mesa,5794569.85,109
2023-08-01,T04,Decoracion,5832528.1,115
2023-08-01,T04,Iluminacion,5446424.64,102
2023-08-01,T04,Muebles,2715692.64,63
2023-08-01,T04,Organizacion,1376187.95,27
2023-08-01,T04,Textil hogar,3454542.35,98
2023-08-01,T05,Baño,1620397.53,32
2023-08-01,T05,Cocina y mesa,5627359.51,108
2023-08-01,T05,Decoracion,4441562.62,125
2023-08-01,T05,Iluminacion,5154575.03,103
2023-08-01,T05,Muebles,2840466.6,105
2023-08-01,T05,Organizacion,972308.94,30
2023-08-01,T05,Textil hogar,2677628.64,69
2023-08-01,T06,Baño,1840436.67,40
2023-08-01,T06,Cocina y mesa,2768838.05,58
2023-08-01,T06,Decoracion,4489069.31,101
2023-08-01,T06,Iluminacion,5274266.44,90
2023-08-01,T06,Muebles,2707850.31,75
2023-08-01,T06,Organizacion,1366803.8,40
2023-08-01,T06,Textil hogar,3355402.05,82
2023-08-01,T07,Baño,1396306.03,34
2023-08-01,T07,Cocina y mesa,3252391.21,73
2023-08-01,T07,Decoracion,7077884.78,135
2023-08-01,T07,Iluminacion,3449069.26,80
2023-08-01,T07,Muebles,1644735.65,44
2023-08-01,T07,Organizacion,1797430.59,43
2023-08-01,T07,Textil hogar,1859704.48,73
2023-08-01,T08,Baño,2134664.1,43
2023-08-01,T08,Cocina y mesa,3578586.33,72
2023-08-01,T08,Decoracion,4385479.88,95
2023-08-01,T08,Iluminacion,4632225.76,75
2023-08-01,T08,Muebles,1467356.82,54
2023-08-01,T08,Organizacion,2677525.66,61
2023-08-01,T08,Textil hogar,3178600.35,83
2023-08-01,T09,Baño,1626829.74,54
2023-08-01,T09,Cocina y mesa,4234626.94,101
2023-08-01,T09,Decoracion,4729440.72,109
2023-08-01,T09,Iluminacion,2013325.73,47
2023-08-01,T09,Muebles,3662418.43,81
2023-08-01,T09,Organizacion,863012.02,20
2023-08-01,T09,Textil hogar,3756245.3,97
2023-08-01,T10,Baño,1705897.71,43
2023-08-01,T10,Cocina y mesa,2096164.88,44
2023-08-01,T10,Decoracion,5548140.51,130
2023-08-01,T10,Iluminacion,6413550.11,132
2023-08-01,T10,Muebles,1565306.83,41
2023-08-01,T10,Organizacion,1500006.79,45
2023-08-01,T10,Textil hogar,1979229.08,51
2023-08-01,T11,Baño,2216450.37,58
2023-08-01,T11,Cocina y mesa,2668262.51,57
2023-08-01,T11,Decoracion,5990918.4,135
2023-08-01,T11,Iluminacion,2471884.87,51
2023-08-01,T11,Muebles,2439620.88,66
2023-08-01,T11,Organizacion,1131324.12,32
2023-08-01,T11,Textil hogar,2649593.04,68
2023-08-01,T12,Baño,2398587.31,73
2023-08-01,T12,Cocina y mesa,1509868.46,30
2023-08-01,T12,Decoracion,8055182.7,187
2023-08-01,T12,Iluminacion,1573499.72,36
2023-08-01,T12,Muebles,3125268.71,86
2023-08-01,T12,Organizacion,2281838.53,61
2023-08-01,T12,Textil hogar,935834.61,27
2023-08-01,T13,Baño,2276576.75,47
2023-08-01,T13,Cocina y mesa,3648503.2,63
2023-08-01,T13,Decoracion,4037090.12,98
2023-08-01,T13,Iluminacion,5669607.49,103
2023-08-01,T13,Muebles,2939185.2,66
2023-08-01,T13,Organizacion,2288230.99,50
2023-08-01,T13,Textil hogar,2197655.88,70
2023-08-01,T14,Baño,1339725.32,33
2023-08-01,T14,Cocina y mesa,2789157.38,58
2023-08-01,T14,Decoracion,5710125.87,126
2023-08-01,T14,Iluminacion,3763782.55,80
2023-08-01,T14,Muebles,2434908.55,65
2023-08-01,T14,Organizacion,1010318.68,39
2023-08-01,T14,Textil hogar,3227203.46,89
2023-08-01,T15,Baño,2743221.97,72
2023-08-01,T15,Cocina y mesa,3825925.58,74
2023-08-01,T15,Decoracion,5143514.26,114
2023-08-01,T15,Iluminacion,5395017.66,104
2023-08-01,T15,Muebles,2550509.9,77
2023-08-01,T15,Organizacion,2266751.61,47
2023-08-01,T15,Textil hogar,1538597.11,53
2023-08-01,T16,Baño,1892509.95,48
2023-08-01,T16,Cocina y mesa,3929544.32,81
2023-08-01,T16,Decoracion,5486270.01,116
2023-08-01,T16,Iluminacion,3575007.0,84
2023-08-01,T16,Muebles,2469094.47,69
2023-08-01,T16,Organizacion,2505912.97,64
2023-08-01,T16,Textil hogar,2167974.12,66
2023-08-01,T17,Baño,3311334.47,79
2023-08-01,T17,Cocina y mesa,4350891.86,86
2023-08-01,T17,Decoracion,4401329.19,90
2023-08-01,T17,Iluminacion,5564958.24,107
2023-08-01,T17,Muebles,1566838.67,40
2023-08-01,T17,Organizacion,2531221.24,53
2023-08-01,T17,Textil hogar,3298415.4,82
2023-08-01,T18,Baño,1092132.5,33
2023-08-01,T18,Cocina y mesa,2365549.49,59
2023-08-01,T18,Decoracion,4011905.0,105
2023-08-01,T18,Iluminacion,4387181.51,89
2023-08-01,T18,Muebles,1635089.67,44
2023-08-01,T18,Organizacion,2257557.02,55
2023-08-01,T18,Textil hogar,3537929.48,74
2023-08-01,T19,Baño,3029561.11,70
2023-08-01,T19,Cocina y mesa,3113265.48,68
2023-08-01,T19,Decoracion,4997234.27,119
2023-08-01,T19,Iluminacion,6261079.44,133
2023-08-01,T19,Muebles,1960826.01,60
2023-08-01,T19,Organizacion,1882860.58,55
2023-08-01,T19,Textil hogar,2583390.19,76
2023-08-01,T20,Baño,2234433.07,60
2023-08-01,T20,Cocina y mesa,3428463.08,71
2023-08-01,T20,Decoracion,4137247.87,86
2023-08-01,T20,Iluminacion,5411749.42,102
2023-08-01,T20,Muebles,2867816.26,68
2023-08-01,T20,Organizacion,1465190.54,37
2023-08-01,T20,Textil hogar,2907115.18,66
2023-08-01,T21,Baño,2149833.82,46
2023-08-01,T21,Cocina y mesa,3059332.78,80
2023-08-01,T21,Decoracion,6810411.22,139
2023-08-01,T21,Iluminacion,2317191.61,54
2023-08-01,T21,Muebles,2530553.03,82
2023-08-01,T21,Organizacion,2303896.16,54
2023-08-01,T21,Textil hogar,1881278.94,52
2023-08-01,T22,Baño,2274052.39,52
2023-08-01,T22,Cocina y mesa,2867653.92,65
2023-08-01,T22,Decoracion,3843906.92,83
2023-08-01,T22,Iluminacion,4982070.91,98
2023-08-01,T22,Muebles,3606279.25,89
2023-08-01,T22,Organizacion,2475265.05,59
2023-08-01,T22,Textil hogar,2698645.51,63
2023-08-01,T23,Baño,2023015.13,55
2023-08-01,T23,Cocina y mesa,3270767.15,75
2023-08-01,T23,Decoracion,4232526.82,96
2023-08-01,T23,Iluminacion,4144389.33,93
2023-08-01,T23,Muebles,2704220.55,61
2023-08-01,T23,Organizacion,982464.73,26
2023-08-01,T23,Textil hogar,3949950.01,97
2023-08-01,T24,Baño,2108468.48,50
2023-08-01,T24,Cocina y mesa,5486887.1,112
2023-08-01,T24,Decoracion,4525696.53,111
2023-08-01,T24,Iluminacion,4871386.54,107
2023-08-01,T24,Muebles,2779608.7,63
2023-08-01,T24,Organizacion,1735505.78,40
2023-08-01,T24,Textil hogar,4220793.03,85
2023-08-01,T25,Baño,2523702.44,63
2023-08-01,T25,Cocina y mesa,5227613.0,93
2023-08-01,T25,Decoracion,5368612.17,124
2023-08-01,T25,Iluminacion,2856379.57,47
2023-08-01,T25,Muebles,2340274.19,88
2023-08-01,T25,Organizacion,1373163.69,23
2023-08-01,T25,Textil hogar,4216944.79,75
2023-08-01,T26,Baño,3458802.14,85
2023-08-01,T26,Cocina y mesa,4033099.69,81
2023-08-01,T26,Decoracion,5340930.98,117
2023-08-01,T26,Iluminacion,3630089.15,80
2023-08-01,T26,Muebles,2451873.8,60
2023-08-01,T26,Organizacion,1303734.07,34
2023-08-01,T26,Textil hogar,2023686.34,50
2023-08-01,T27,Baño,719655.3,20
2023-08-01,T27,Cocina y mesa,2639831.18,53
2023-08-01,T27,Decoracion,5228773.73,126
2023-08-01,T27,Iluminacion,3975345.54,97
2023-08-01,T27,Muebles,2757415.74,87
2023-08-01,T27,Organizacion,2582935.66,70
2023-08-01,T27,Textil hogar,1921307.2,48
2023-08-01,T28,Baño,1820712.5,66
2023-08-01,T28,Cocina y mesa,382833.79,24
2023-08-01,T28,Decoracion,4547987.91,106
2023-08-01,T28,Iluminacion,4676605.08,84
2023-08-01,T28,Muebles,2872563.34,69
2023-08-01,T28,Organizacion,1706023.58,33
2023-08-01,T28,Textil hogar,2009306.18,66
2023-09-01,T01,Baño,2077031.94,57
2023-09-01,T01,Cocina y mesa,3078911.18,55
2023-09-01,T01,Decoracion,3590810.71,92
2023-09-01,T01,Iluminacion,5500882.6,101
2023-09-01,T01,Muebles,2060996.53,68
2023-09-01,T01,Organizacion,2104630.08,35
2023-09-01,T01,Textil hogar,3063666.25,81
2023-09-01,T02,Baño,1994407.87,38
2023-09-01,T02,Cocina y mesa,4961255.8,99
2023-09-01,T02,Decoracion,6469968.82,146
2023-09-01,T02,Iluminacion,3047261.34,63
2023-09-01,T02,Muebles,4186498.12,116
2023-09-01,T02,Organizacion,2949403.28,65
2023-09-01,T02,Textil hogar,3040750.65,92
2023-09-01,T03,Baño,3273424.11,86
2023-09-01,T03,Cocina y mesa,6320410.81,126
2023-09-01,T03,Decoracion,7074194.92,150
2023-09-01,T03,Iluminacion,4582853.68,90
2023-09-01,T03,Muebles,2553349.03,53
2023-09-01,T03,Organizacion,1948722.96,48
2023-09-01,T03,Textil hogar,1219034.01,37
2023-09-01,T04,Baño,1534458.25,71
2023-09-01,T04,Cocina y mesa,4915394.63,102
2023-09-01,T04,Decoracion,5260253.72,124
2023-09-01,T04,Iluminacion,4731606.53,89
2023-09-01,T04,Muebles,2798813.21,78
2023-09-01,T04,Organizacion,1409637.11,42
2023-09-01,T04,Textil hogar,2481908.92,66
2023-09-01,T05,Baño,2187139.6,40
2023-09-01,T05,Cocina y mesa,5759708.39,97
2023-09-01,T05,Decoracion,3797150.16,108
2023-09-01,T05,Iluminacion,5325417.39,98
2023-09-01,T05,Muebles,2138593.55,80
2023-09-01,T05,Organizacion,1407551.35,37
2023-09-01,T05,Textil hogar,2583411.7,59
2023-09-01,T06,Baño,1510808.95,31
2023-09-01,T06,Cocina y mesa,3331133.33,72
2023-09-01,T06,Decoracion,5492466.66,116
2023-09-01,T06,Iluminacion,3800065.79,67
2023-09-01,T06,Muebles,2446529.18,64
2023-09-01,T06,Organizacion,2407305.51,59
2023-09-01,T06,Textil hogar,4550805.62,105
2023-09-01,T07,Baño,2321981.56,55
2023-09-01,T07,Cocina y mesa,4188913.48,87
2023-09-01,T07,Decoracion,6564564.64,136
2023-09-01,T07,Iluminacion,3608521.27,97
2023-09-01,T07,Muebles,3112753.48,82
2023-09-01,T07,Organizacion,1622189.64,38
2023-09-01,T07,Textil hogar,1993205.0,66
2023-09-01,T08,Baño,1540186.6,37
2023-09-01,T08,Cocina y mesa,4204025.13,83
2023-09-01,T08,Decoracion,6737794.0,152
2023-09-01,T08,Iluminacion,4146957.69,69
2023-09-01,T08,Muebles,2108739.54,75
2023-09-01,T08,Organizacion,2462767.32,59
2023-09-01,T08,Textil hogar,3299824.23,88
2023-09-01,T09,Baño,1372221.28,57
2023-09-01,T09,Cocina y mesa,4215713.35,88
2023-09-01,T09,Decoracion,5689652.19,126
2023-09-01,T09,Iluminacion,2964368.48,68
2023-09-01,T09,Muebles,3878132.35,102
2023-09-01,T09,Organizacion,926665.15,19
2023-09-01,T09,Textil hogar,3226137.64,89
2023-09-01,T10,Baño,1908702.53,48
2023-09-01,T10,Cocina y mesa,2226122.84,53
2023-09-01,T10,Decoracion,7329413.1,165
2023-09-01,T10,Iluminacion,5827705.26,120
2023-09-01,T10,Muebles,2217580.3,56
2023-09-01,T10,Organizacion,1737073.93,44
2023-09-01,T10,Textil hogar,3613077.52,82
2023-09-01,T11,Baño,2505540.83,68
2023-09-01,T11,Cocina y mesa,3218242.22,69
2023-09-01,T11,Decoracion,7072208.89,143
2023-09-01,T11,Iluminacion,3242116.21,75
2023-09-01,T11,Muebles,3196180.4,98
2023-09-01,T11,Organizacion,1768969.37,41
2023-09-01,T11,Textil hogar,3205503.62,78
2023-09-01,T12,Baño,1611155.71,67
2023-09-01,T12,Cocina y mesa,2139831.22,46
2023-09-01,T12,Decoracion,7177613.14,154
2023-09-01,T12,Iluminacion,1751307.25,56
2023-09-01,T12,Muebles,4571026.9,112
2023-09-01,T12,Organizacion,1719200.93,46
2023-09-01,T12,Textil hogar,1811764.35,36
2023-09-01,T13,Baño,1851227.99,38
2023-09-01,T13,Cocina y mesa,3200747.93,61
2023-09-01,T13,Decoracion,4364158.16,98
2023-09-01,T13,Iluminacion,3948835.24,83
2023-09-01,T13,Muebles,3620483.52,90
2023-09-01,T13,Organizacion,2694633.29,50
2023-09-01,T13,Textil hogar,2694808.91,84
2023-09-01,T14,Baño,1382689.32,39
2023-09-01,T14,Cocina y mesa,2865146.82,58
2023-09-01,T14,Decoracion,5828919.7,132
2023-09-01,T14,Iluminacion,5748398.12,118
2023-09-01,T14,Muebles,2380880.71,63
2023-09-01,T14,Organizacion,1372244.92,50
2023-09-01,T14,Textil hogar,3207098.88,82
2023-09-01,T15,Baño,2661531.45,63
2023-09-01,T15,Cocina y mesa,4819746.16,102
2023-09-01,T15,Decoracion,6976247.51,147
2023-09-01,T15,Iluminacion,5538825.56,105
2023-09-01,T15,Muebles,3484660.51,119
2023-09-01,T15,Organizacion,2109775.6,42
2023-09-01,T15,Textil hogar,1834278.75,56
2023-09-01,T16,Baño,2015126.64,53
2023-09-01,T16,Cocina y mesa,5275995.01,100
2023-09-01,T16,Decoracion,5747415.75,129
2023-09-01,T16,Iluminacion,4908431.73,106
2023-09-01,T16,Muebles,2928051.21,70
2023-09-01,T16,Organizacion,1610026.58,38
2023-09-01,T16,Textil hogar,3117006.99,71
2023-09-01,T17,Baño,4167483.51,79
2023-09-01,T17,Cocina y mesa,4825664.69,94
2023-09-01,T17,Decoracion,6340456.49,136
2023-09-01,T17,Iluminacion,6074983.53,129
2023-09-01,T17,Muebles,1953603.08,47
2023-09-01,T17,Organizacion,2955290.67,60
2023-09-01,T17,Textil hogar,2319512.63,69
2023-09-01,T18,Baño,1135565.66,31
2023-09-01,T18,Cocina y mesa,3283994.79,65
2023-09-01,T18,Decoracion,4938164.15,118
2023-09-01,T18,Iluminacion,5147881.53,104
2023-09-01,T18,Muebles,2086183.79,55
2023-09-01,T18,Organizacion,2887018.08,67
2023-09-01,T18,Textil hogar,3574302.9,77
2023-09-01,T19,Baño,2651959.89,61
2023-09-01,T19,Cocina y mesa,3656694.7,76
2023-09-01,T19,Decoracion,4076425.53,95
2023-09-01,T19,Iluminacion,3969234.9,86
2023-09-01,T19,Muebles,1903585.65,58
2023-09-01,T19,Organizacion,2292768.84,61
2023-09-01,T19,Textil hogar,2285846.45,74
2023-09-01,T20,Baño,2434730.47,60
2023-09-01,T20,Cocina y mesa,4417444.51,87
2023-09-01,T20,Decoracion,4956305.06,116
2023-09-01,T20,Iluminacion,3634444.47,62
2023-09-01,T20,Muebles,2392394.49,66
2023-09-01,T20,Organizacion,710714.53,25
2023-09-01,T20,Textil hogar,4828904.61,90
2023-09-01,T21,Baño,2093782.49,46
2023-09-01,T21,Cocina y mesa,4502543.88,112
2023-09-01,T21,Decoracion,5904212.54,138
2023-09-01,T21,Iluminacion,1944329.48,51
2023-09-01,T21,Muebles,3761785.13,124
2023-09-01,T21,Organizacion,1461228.23,37
2023-09-01,T21,Textil hogar,3230090.37,89
2023-09-01,T22,Baño,2134058.6,54
2023-09-01,T22,Cocina y mesa,4553258.87,96
2023-09-01,T22,Decoracion,4817641.77,112
2023-09-01,T22,Iluminacion,4510852.74,83
2023-09-01,T22,Muebles,3146041.5,82
2023-09-01,T22,Organizacion,1867296.78,41
2023-09-01,T22,Textil hogar,2238096.62,60
2023-09-01,T23,Baño,1896344.8,44
2023-09-01,T23,Cocina y mesa,4681084.11,88
2023-09-01,T23,Decoracion,5037481.81,136
2023-09-01,T23,Iluminacion,4667453.33,96
2023-09-01,T23,Muebles,3710124.44,78
2023-09-01,T23,Organizacion,741040.9,21
2023-09-01,T23,Textil hogar,4609182.02,127
2023-09-01,T24,Baño,1572464.31,56
2023-09-01,T24,Cocina y mesa,4817827.72,104
2023-09-01,T24,Decoracion,4503347.55,116
2023-09-01,T24,Iluminacion,4289602.24,83
2023-09-01,T24,Muebles,2378590.19,57
2023-09-01,T24,Organizacion,1918349.75,40
2023-09-01,T24,Textil hogar,4557973.85,90
2023-09-01,T25,Baño,2832633.66,61
2023-09-01,T25,Cocina y mesa,5734029.82,110
2023-09-01,T25,Decoracion,7106355.57,152
2023-09-01,T25,Iluminacion,3317733.97,62
2023-09-01,T25,Muebles,4047805.61,123
2023-09-01,T25,Organizacion,1375788.42,27
2023-09-01,T25,Textil hogar,3792449.5,94
2023-09-01,T26,Baño,3244074.98,82
2023-09-01,T26,Cocina y mesa,3927549.8,71
2023-09-01,T26,Decoracion,5307759.62,130
2023-09-01,T26,Iluminacion,4328021.95,101
2023-09-01,T26,Muebles,2523086.93,61
2023-09-01,T26,Organizacion,1256562.83,30
2023-09-01,T26,Textil hogar,3135936.5,66
2023-09-01,T27,Baño,1600166.43,39
2023-09-01,T27,Cocina y mesa,2347585.49,44
2023-09-01,T27,Decoracion,6675288.57,145
2023-09-01,T27,Iluminacion,5100069.39,118
2023-09-01,T27,Muebles,3491047.55,98
2023-09-01,T27,Organizacion,1545296.17,38
2023-09-01,T27,Textil hogar,1889693.02,54
2023-09-01,T28,Baño,1392343.39,49
2023-09-01,T28,Cocina y mesa,4864313.29,98
2023-09-01,T28,Decoracion,5261379.78,129
2023-09-01,T28,Iluminacion,1937365.5,46
2023-09-01,T28,Muebles,3492620.88,83
2023-09-01,T28,Organizacion,1786328.78,39
2023-09-01,T28,Textil hogar,1792958.82,68
2023-10-01,T01,Baño,2265242.19,65
2023-10-01,T01,Cocina y mesa,4089983.49,80
2023-10-01,T01,Decoracion,5618436.2,121
2023-10-01,T01,Iluminacion,4438386.53,101
2023-10-01,T01,Muebles,2795042.83,83
2023-10-01,T01,Organizacion,3103401.85,62
2023-10-01,T01,Textil hogar,3541786.4,91
2023-10-01,T02,Baño,1693361.62,35
2023-10-01,T02,Cocina y mesa,4698441.92,88
2023-10-01,T02,Decoracion,5374702.85,114
2023-10-01,T02,Iluminacion,3280296.38,64
2023-10-01,T02,Muebles,4874326.99,124
2023-10-01,T02,Organizacion,2288441.96,53
2023-10-01,T02,Textil hogar,3124056.89,93
2023-10-01,T03,Baño,1558622.55,50
2023-10-01,T03,Cocina y mesa,5807867.78,107
2023-10-01,T03,Decoracion,5809340.91,141
2023-10-01,T03,Iluminacion,3951329.35,84
2023-10-01,T03,Muebles,2795837.04,50
2023-10-01,T03,Organizacion,2326810.1,62
2023-10-01,T03,Textil hogar,2017272.52,59
2023-10-01,T04,Baño,1445295.2,52
2023-10-01,T04,Cocina y mesa,7084489.8,132
2023-10-01,T04,Decoracion,6989427.41,161
2023-10-01,T04,Iluminacion,6287888.8,117
2023-10-01,T04,Muebles,2258939.32,61
2023-10-01,T04,Organizacion,713605.51,22
2023-10-01,T04,Textil hogar,2352501.95,70
2023-10-01,T05,Baño,2061483.44,37
2023-10-01,T05,Cocina y mesa,5137885.95,100
2023-10-01,T05,Decoracion,4709243.44,122
2023-10-01,T05,Iluminacion,4739750.74,101
2023-10-01,T05,Muebles,3048007.41,95
2023-10-01,T05,Organizacion,1152184.23,25
2023-10-01,T05,Textil hogar,4048196.75,95
2023-10-01,T06,Baño,1983821.24,42
2023-10-01,T06,Cocina y mesa,2729342.43,58
2023-10-01,T06,Decoracion,6526487.34,138
2023-10-01,T06,Iluminacion,4127573.86,86
2023-10-01,T06,Muebles,2273273.79,64
2023-10-01,T06,Organizacion,1790198.35,43
2023-10-01,T06,Textil hogar,4370868.09,101
2023-10-01,T07,Baño,2432052.13,40
2023-10-01,T07,Cocina y mesa,4306259.48,82
2023-10-01,T07,Decoracion,6515713.82,136
2023-10-01,T07,Iluminacion,4033117.78,99
2023-10-01,T07,Muebles,2605098.48,71
2023-10-01,T07,Organizacion,820082.22,22
2023-10-01,T07,Textil hogar,2249695.83,77
2023-10-01,T08,Baño,2328643.04,46
2023-10-01,T08,Cocina y mesa,4863326.8,94
2023-10-01,T08,Decoracion,8343159.26,169
2023-10-01,T08,Iluminacion,4342469.3,77
2023-10-01,T08,Muebles,1877762.0,68
2023-10-01,T08,Organizacion,2953390.24,79
2023-10-01,T08,Textil hogar,4398882.59,105
2023-10-01,T09,Baño,1928775.46,55
2023-10-01,T09,Cocina y mesa,3481844.22,73
2023-10-01,T09,Decoracion,3835031.02,93
2023-10-01,T09,Iluminacion,2963495.53,80
2023-10-01,T09,Muebles,3520798.14,85
2023-10-01,T09,Organizacion,689185.81,13
2023-10-01,T09,Textil hogar,3125361.59,78
2023-10-01,T10,Baño,2117719.92,48
2023-10-01,T10,Cocina y mesa,3132151.28,65
2023-10-01,T10,Decoracion,6608515.25,156
2023-10-01,T10,Iluminacion,5542893.7,125
2023-10-01,T10,Muebles,1415726.97,34
2023-10-01,T10,Organizacion,1743288.6,37
2023-10-01,T10,Textil hogar,2744082.35,68
2023-10-01,T11,Baño,2225276.85,63
2023-10-01,T11,Cocina y mesa,2891180.19,63
2023-10-01,T11,Decoracion,7841155.5,161
2023-10-01,T11,Iluminacion,2682363.43,71
2023-10-01,T11,Muebles,2697584.17,79
2023-10-01,T11,Organizacion,1832744.26,37
2023-10-01,T11,Textil hogar,2657937.61,72
2023-10-01,T12,Baño,1719367.82,48
2023-10-01,T12,Cocina y mesa,2331540.79,46
2023-10-01,T12,Decoracion,5360987.58,114
2023-10-01,T12,Iluminacion,2239570.41,62
2023-10-01,T12,Muebles,2996323.2,85
2023-10-01,T12,Organizacion,2398441.4,59
2023-10-01,T12,Textil hogar,2051339.88,40
2023-10-01,T13,Baño,2003754.91,42
2023-10-01,T13,Cocina y mesa,4900573.49,90
2023-10-01,T13,Decoracion,5342299.03,118
2023-10-01,T13,Iluminacion,5469730.24,116
2023-10-01,T13,Muebles,3040303.0,75
2023-10-01,T13,Organizacion,2106824.53,43
2023-10-01,T13,Textil hogar,1509722.71,62
2023-10-01,T14,Baño,584747.64,16
2023-10-01,T14,Cocina y mesa,2691188.93,56
2023-10-01,T14,Decoracion,5252584.64,117
2023-10-01,T14,Iluminacion,2747659.57,79
2023-10-01,T14,Muebles,2340189.65,59
2023-10-01,T14,Organizacion,1081923.49,39
2023-10-01,T14,Textil hogar,2618903.15,65
2023-10-01,T15,Baño,2650827.69,74
2023-10-01,T15,Cocina y mesa,4026354.58,91
2023-10-01,T15,Decoracion,7289503.58,159
2023-10-01,T15,Iluminacion,5515340.28,100
2023-10-01,T15,Muebles,3598733.11,101
2023-10-01,T15,Organizacion,2144344.03,52
2023-10-01,T15,Textil hogar,2035016.48,63
2023-10-01,T16,Baño,2508368.68,62
2023-10-01,T16,Cocina y mesa,3033021.47,76
2023-10-01,T16,Decoracion,5593963.48,137
2023-10-01,T16,Iluminacion,4650081.78,94
2023-10-01,T16,Muebles,2187636.7,76
2023-10-01,T16,Organizacion,2499631.92,53
2023-10-01,T16,Textil hogar,3333354.13,94
2023-10-01,T17,Baño,2106313.49,46
2023-10-01,T17,Cocina y mesa,3530108.09,70
2023-10-01,T17,Decoracion,5690997.13,103
2023-10-01,T17,Iluminacion,6208663.65,128
2023-10-01,T17,Muebles,2474542.6,55
2023-10-01,T17,Organizacion,2446370.45,52
2023-10-01,T17,Textil hogar,2941676.15,67
2023-10-01,T18,Baño,1510411.86,51
2023-10-01,T18,Cocina y mesa,2851775.09,66
2023-10-01,T18,Decoracion,3928605.9,92
2023-10-01,T18,Iluminacion,4336381.41,90
2023-10-01,T18,Muebles,2553675.35,57
2023-10-01,T18,Organizacion,2831747.77,62
2023-10-01,T18,Textil hogar,5967719.49,118
2023-10-01,T19,Baño,4170046.43,95
2023-10-01,T19,Cocina y mesa,5158579.47,108
2023-10-01,T19,Decoracion,5451806.85,129
2023-10-01,T19,Iluminacion,5597169.22,133
2023-10-01,T19,Muebles,2928788.36,67
2023-10-01,T19,Organizacion,3314928.0,91
2023-10-01,T19,Textil hogar,1812503.7,64
2023-10-01,T20,Baño,1486199.61,42
2023-10-01,T20,Cocina y mesa,4277257.68,90
2023-10-01,T20,Decoracion,6012961.98,124
2023-10-01,T20,Iluminacion,4458402.02,88
2023-10-01,T20,Muebles,3411627.15,77
2023-10-01,T20,Organizacion,1409572.81,35
2023-10-01,T20,Textil hogar,4313640.84,95
2023-10-01,T21,Baño,2099016.23,45
2023-10-01,T21,Cocina y mesa,3008839.29,76
2023-10-01,T21,Decoracion,8842640.48,191
2023-10-01,T21,Iluminacion,1970484.25,50
2023-10-01,T21,Muebles,4689531.17,142
2023-10-01,T21,Organizacion,2940905.24,70
2023-10-01,T21,Textil hogar,2845135.99,78
2023-10-01,T22,Baño,1330882.13,35
2023-10-01,T22,Cocina y mesa,4396709.63,93
2023-10-01,T22,Decoracion,5846117.62,141
2023-10-01,T22,Iluminacion,3396363.82,78
2023-10-01,T22,Muebles,2845690.44,79
2023-10-01,T22,Organizacion,2540636.84,58
2023-10-01,T22,Textil hogar,3078988.39,77
2023-10-01,T23,Baño,1285217.44,40
2023-10-01,T23,Cocina y mesa,4729689.61,91
2023-10-01,T23,Decoracion,7043478.48,169
2023-10-01,T23,Iluminacion,3382197.84,85
2023-10-01,T23,Muebles,2821510.8,61
2023-10-01,T23,Organizacion,1158753.49,29
2023-10-01,T23,Textil hogar,3646831.36,92
2023-10-01,T24,Baño,2106732.68,46
2023-10-01,T24,Cocina y mesa,5782722.9,117
2023-10-01,T24,Decoracion,5855914.13,138
2023-10-01,T24,Iluminacion,5564182.92,120
2023-10-01,T24,Muebles,3394004.06,73
2023-10-01,T24,Organizacion,2569596.64,56
2023-10-01,T24,Textil hogar,3432919.16,76
2023-10-01,T25,Baño,2362091.61,63
2023-10-01,T25,Cocina y mesa,5677634.9,111
2023-10-01,T25,Decoracion,7477753.42,155
2023-10-01,T25,Iluminacion,2245077.47,45
2023-10-01,T25,Muebles,2934024.88,118
2023-10-01,T25,Organizacion,2488312.77,54
2023-10-01,T25,Textil hogar,3755469.99,86
2023-10-01,T26,Baño,3586696.25,94
2023-10-01,T26,Cocina y mesa,4687453.95,93
2023-10-01,T26,Decoracion,4714795.78,109
2023-10-01,T26,Iluminacion,3588139.06,79
2023-10-01,T26,Muebles,2894774.44,74
2023-10-01,T26,Organizacion,1647632.08,44
2023-10-01,T26,Textil hogar,3328370.93,67
2023-10-01,T27,Baño,1613757.63,33
2023-10-01,T27,Cocina y mesa,3688078.85,74
2023-10-01,T27,Decoracion,5961756.49,158
2023-10-01,T27,Iluminacion,4619053.17,119
2023-10-01,T27,Muebles,2495942.19,77
2023-10-01,T27,Organizacion,2785487.68,72
2023-10-01,T27,Textil hogar,1908727.35,61
2023-10-01,T28,Baño,1224228.87,47
2023-10-01,T28,Cocina y mesa,3111302.07,63
2023-10-01,T28,Decoracion,4214283.92,92
2023-10-01,T28,Iluminacion,3252827.54,63
2023-10-01,T28,Muebles,2704841.84,74
2023-10-01,T28,Organizacion,1907964.46,49
2023-10-01,T28,Textil hogar,1855305.28,55
2023-11-01,T01,Baño,1624797.24,43
2023-11-01,T01,Cocina y mesa,3760469.71,69
2023-11-01,T01,Decoracion,5617718.63,127
2023-11-01,T01,Iluminacion,3901803.58,92
2023-11-01,T01,Muebles,2285167.36,83
2023-11-01,T01,Organizacion,3315211.58,74
2023-11-01,T01,Textil hogar,3370691.01,83
2023-11-01,T02,Baño,1734023.69,39
2023-11-01,T02,Cocina y mesa,4502453.63,86
2023-11-01,T02,Decoracion,5856523.17,139
2023-11-01,T02,Iluminacion,2936572.8,67
2023-11-01,T02,Muebles,3776042.26,105
2023-11-01,T02,Organizacion,2390254.18,48
2023-11-01,T02,Textil hogar,2589477.66,92
2023-11-01,T03,Baño,2426009.9,73
2023-11-01,T03,Cocina y mesa,6367998.41,120
2023-11-01,T03,Decoracion,7534361.62,178
2023-11-01,T03,Iluminacion,4201936.05,72
2023-11-01,T03,Muebles,2915172.52,60
2023-11-01,T03,Organizacion,2597296.64,81
2023-11-01,T03,Textil hogar,1193985.4,43
2023-11-01,T04,Baño,1553113.18,63
2023-11-01,T04,Cocina y mesa,5760647.42,115
2023-11-01,T04,Decoracion,7032690.63,153
2023-11-01,T04,Iluminacion,6500116.09,139
2023-11-01,T04,Muebles,2758068.15,89
2023-11-01,T04,Organizacion,2250260.94,70
2023-11-01,T04,Textil hogar,3956962.34,117
2023-11-01,T05,Baño,2882133.17,50
2023-11-01,T05,Cocina y mesa,4751453.94,84
2023-11-01,T05,Decoracion,4863443.13,121
2023-11-01,T05,Iluminacion,4548041.17,116
2023-11-01,T05,Muebles,3237049.57,99
2023-11-01,T05,Organizacion,1857878.15,59
2023-11-01,T05,Textil hogar,3157092.2,85
2023-11-01,T06,Baño,2549114.11,49
2023-11-01,T06,Cocina y mesa,3626199.54,77
2023-11-01,T06,Decoracion,4255731.5,98
2023-11-01,T06,Iluminacion,5254042.36,98
2023-11-01,T06,Muebles,2366151.56,78
2023-11-01,T06,Organizacion,1876566.26,54
2023-11-01,T06,Textil hogar,4322270.14,113
2023-11-01,T07,Baño,1227257.83,31
2023-11-01,T07,Cocina y mesa,2556792.5,51
2023-11-01,T07,Decoracion,6936577.86,139
2023-11-01,T07,Iluminacion,3925156.36,116
2023-11-01,T07,Muebles,2711750.86,82
2023-11-01,T07,Organizacion,2947071.03,61
2023-11-01,T07,Textil hogar,1993421.49,77
2023-11-01,T08,Baño,3203448.74,69
2023-11-01,T08,Cocina y mesa,5009260.81,91
2023-11-01,T08,Decoracion,7733887.79,179
2023-11-01,T08,Iluminacion,4241671.99,98
2023-11-01,T08,Muebles,2099020.95,72
2023-11-01,T08,Organizacion,2926805.39,71
2023-11-01,T08,Textil hogar,2743035.65,64
2023-11-01,T09,Baño,3017218.08,76
2023-11-01,T09,Cocina y mesa,3762005.75,81
2023-11-01,T09,Decoracion,5708065.18,130
2023-11-01,T09,Iluminacion,3035423.02,85
2023-11-01,T09,Muebles,4139272.29,106
2023-11-01,T09,Organizacion,952283.29,26
2023-11-01,T09,Textil hogar,3096034.61,88
2023-11-01,T10,Baño,1969280.13,51
2023-11-01,T10,Cocina y mesa,3045768.87,68
2023-11-01,T10,Decoracion,7258986.43,167
2023-11-01,T10,Iluminacion,7166450.53,168
2023-11-01,T10,Muebles,1911612.38,49
2023-11-01,T10,Organizacion,1706480.28,45
2023-11-01,T10,Textil hogar,2489740.72,59
2023-11-01,T11,Baño,2707421.15,66
2023-11-01,T11,Cocina y mesa,2733395.1,67
2023-11-01,T11,Decoracion,9490742.21,208
2023-11-01,T11,Iluminacion,1688470.48,58
2023-11-01,T11,Muebles,3067751.14,89
2023-11-01,T11,Organizacion,1692920.81,49
2023-11-01,T11,Textil hogar,2343732.3,73
2023-11-01,T12,Baño,3559388.98,88
2023-11-01,T12,Cocina y mesa,2449841.78,55
2023-11-01,T12,Decoracion,7698024.93,159
2023-11-01,T12,Iluminacion,3201607.83,84
2023-11-01,T12,Muebles,3715424.62,109
2023-11-01,T12,Organizacion,1685314.14,42
2023-11-01,T12,Textil hogar,1238881.31,29
2023-11-01,T13,Baño,3037213.14,62
2023-11-01,T13,Cocina y mesa,3748923.16,70
2023-11-01,T13,Decoracion,6631469.92,158
2023-11-01,T13,Iluminacion,5047303.18,109
2023-11-01,T13,Muebles,3750835.06,88
2023-11-01,T13,Organizacion,2323500.23,52
2023-11-01,T13,Textil hogar,4293734.13,119
2023-11-01,T14,Baño,891185.52,28
2023-11-01,T14,Cocina y mesa,3462691.38,65
2023-11-01,T14,Decoracion,5475851.71,123
2023-11-01,T14,Iluminacion,3831245.13,91
2023-11-01,T14,Muebles,1761865.81,51
2023-11-01,T14,Organizacion,1355043.35,46
2023-11-01,T14,Textil hogar,2656129.28,65
2023-11-01,T15,Baño,3463997.99,98
2023-11-01,T15,Cocina y mesa,3461796.01,76
2023-11-01,T15,Decoracion,7255365.59,159
2023-11-01,T15,Iluminacion,5326313.8,109
2023-11-01,T15,Muebles,4597527.81,130
2023-11-01,T15,Organizacion,2943421.01,71
2023-11-01,T15,Textil hogar,2201214.44,69
2023-11-01,T16,Baño,2036963.7,50
2023-11-01,T16,Cocina y mesa,3727394.4,74
2023-11-01,T16,Decoracion,6122776.41,147
2023-11-01,T16,Iluminacion,4692620.36,98
2023-11-01,T16,Muebles,3801106.03,107
2023-11-01,T16,Organizacion,1343130.63,42
2023-11-01,T16,Textil hogar,3054871.5,82
2023-11-01,T17,Baño,2737114.94,53
2023-11-01,T17,Cocina y mesa,4029610.82,82
2023-11-01,T17,Decoracion,6077464.98,129
2023-11-01,T17,Iluminacion,6104788.55,126
2023-11-01,T17,Muebles,2773041.39,67
2023-11-01,T17,Organizacion,2267993.31,52
2023-11-01,T17,Textil hogar,3893592.69,89
2023-11-01,T18,Baño,2537814.99,51
2023-11-01,T18,Cocina y mesa,4125312.69,82
2023-11-01,T18,Decoracion,6631580.21,151
2023-11-01,T18,Iluminacion,5012828.34,113
2023-11-01,T18,Muebles,2396390.06,59
2023-11-01,T18,Organizacion,4078994.59,91
2023-11-01,T18,Textil hogar,4109234.15,93
2023-11-01,T19,Baño,2625158.61,64
2023-11-01,T19,Cocina y mesa,3758070.93,86
2023-11-01,T19,Decoracion,5354502.8,123
2023-11-01,T19,Iluminacion,2966200.63,97
2023-11-01,T19,Muebles,2427939.95,80
2023-11-01,T19,Organizacion,2391891.21,71
2023-11-01,T19,Textil hogar,1840712.6,68
2023-11-01,T20,Baño,2451066.11,63
2023-11-01,T20,Cocina y mesa,4077779.84,79
2023-11-01,T20,Decoracion,6717152.32,144
2023-11-01,T20,Iluminacion,5002176.8,105
2023-11-01,T20,Muebles,2046224.8,67
2023-11-01,T20,Organizacion,1146227.4,33
2023-11-01,T20,Textil hogar,4960387.5,99
2023-11-01,T21,Baño,1403708.28,36
2023-11-01,T21,Cocina y mesa,3651919.1,83
2023-11-01,T21,Decoracion,7102178.03,151
2023-11-01,T21,Iluminacion,1870747.51,51
2023-11-01,T21,Muebles,2469470.11,82
2023-11-01,T21,Organizacion,2383725.39,59
2023-11-01,T21,Textil hogar,3794468.94,94
2023-11-01,T22,Baño,2123971.79,50
2023-11-01,T22,Cocina y mesa,5194805.4,103
2023-11-01,T22,Decoracion,7201798.31,158
2023-11-01,T22,Iluminacion,5790291.51,124
2023-11-01,T22,Muebles,2638628.21,82
2023-11-01,T22,Organizacion,2096466.14,47
2023-11-01,T22,Textil hogar,2870657.23,76
2023-11-01,T23,Baño,2361823.14,52
2023-11-01,T23,Cocina y mesa,3337044.37,67
2023-11-01,T23,Decoracion,7218199.49,177
2023-11-01,T23,Iluminacion,3509197.11,91
2023-11-01,T23,Muebles,3216185.46,63
2023-11-01,T23,Organizacion,1878769.56,48
2023-11-01,T23,Textil hogar,5435725.36,124
2023-11-01,T24,Baño,1767581.97,59
2023-11-01,T24,Cocina y mesa,6085479.53,113
2023-11-01,T24,Decoracion,5189789.93,119
2023-11-01,T24,Iluminacion,6474206.91,144
2023-11-01,T24,Muebles,2757285.07,66
2023-11-01,T24,Organizacion,2047438.12,41
2023-11-01,T24,Textil hogar,3698179.39,76
2023-11-01,T25,Baño,2911788.11,70
2023-11-01,T25,Cocina y mesa,5408938.53,108
2023-11-01,T25,Decoracion,5940785.96,133
2023-11-01,T25,Iluminacion,3538227.85,75
2023-11-01,T25,Muebles,3170503.38,112
2023-11-01,T25,Organizacion,2509585.57,57
2023-11-01,T25,Textil hogar,5061567.74,107
2023-11-01,T26,Baño,2669754.68,72
2023-11-01,T26,Cocina y mesa,4339930.56,86
2023-11-01,T26,Decoracion,5485486.44,132
2023-11-01,T26,Iluminacion,4817861.15,94
2023-11-01,T26,Muebles,2109605.6,54
2023-11-01,T26,Organizacion,2838483.32,66
2023-11-01,T26,Textil hogar,3223501.31,69
2023-11-01,T27,Baño,1838685.01,45
2023-11-01,T27,Cocina y mesa,3423105.5,69
2023-11-01,T27,Decoracion,6178947.72,138
2023-11-01,T27,Iluminacion,3671222.53,98
2023-11-01,T27,Muebles,3123695.29,84
2023-11-01,T27,Organizacion,2845117.64,74
2023-11-01,T27,Textil hogar,3154334.57,70
2023-11-01,T28,Baño,1622220.5,67
2023-11-01,T28,Cocina y mesa,3188529.62,69
2023-11-01,T28,Decoracion,6337351.17,134
2023-11-01,T28,Iluminacion,4794145.35,122
2023-11-01,T28,Muebles,4217331.14,109
2023-11-01,T28,Organizacion,1304397.28,28
2023-11-01,T28,Textil hogar,2256580.03,69
2023-12-01,T01,Baño,2196231.3,60
2023-12-01,T01,Cocina y mesa,5742342.43,110
2023-12-01,T01,Decoracion,5720715.76,133
2023-12-01,T01,Iluminacion,4304452.09,94
2023-12-01,T01,Muebles,2158087.51,76
2023-12-01,T01,Organizacion,2874214.23,66
2023-12-01,T01,Textil hogar,4384355.31,102
2023-12-01,T02,Baño,1255196.45,27
2023-12-01,T02,Cocina y mesa,2794386.57,60
2023-12-01,T02,Decoracion,5618276.42,135
2023-12-01,T02,Iluminacion,3938606.83,82
2023-12-01,T02,Muebles,4311499.08,96
2023-12-01,T02,Organizacion,4122612.26,89
2023-12-01,T02,Textil hogar,3526217.22,102
2023-12-01,T03,Baño,1871670.81,56
2023-12-01,T03,Cocina y mesa,6358619.63,122
2023-12-01,T03,Decoracion,9035589.26,206
2023-12-01,T03,Iluminacion,4138860.37,77
2023-12-01,T03,Muebles,2821886.04,62
2023-12-01,T03,Organizacion,2330666.11,72
2023-12-01,T03,Textil hogar,2584985.85,74
2023-12-01,T04,Baño,1753940.1,67
2023-12-01,T04,Cocina y mesa,6947052.25,130
2023-12-01,T04,Decoracion,7506479.52,165
2023-12-01,T04,Iluminacion,6442449.8,143
2023-12-01,T04,Muebles,3074803.2,92
2023-12-01,T04,Organizacion,2533231.13,65
2023-12-01,T04,Textil hogar,4505510.13,105
2023-12-01,T05,Baño,2484892.8,50
2023-12-01,T05,Cocina y mesa,5188494.26,88
2023-12-01,T05,Decoracion,6138330.05,147
2023-12-01,T05,Iluminacion,5473755.13,121
2023-12-01,T05,Muebles,3019345.79,91
2023-12-01,T05,Organizacion,1824469.63,54
2023-12-01,T05,Textil hogar,3782075.27,96
2023-12-01,T06,Baño,3133983.89,66
2023-12-01,T06,Cocina y mesa,3208357.04,81
2023-12-01,T06,Decoracion,6765732.13,145
2023-12-01,T06,Iluminacion,3711149.82,68
2023-12-01,T06,Muebles,2788090.76,74
2023-12-01,T06,Organizacion,2164673.79,61
2023-12-01,T06,Textil hogar,4150243.29,94
2023-12-01,T07,Baño,2394968.06,58
2023-12-01,T07,Cocina y mesa,2922278.3,66
2023-12-01,T07,Decoracion,9131601.17,188
2023-12-01,T07,Iluminacion,4114342.59,130
2023-12-01,T07,Muebles,2832335.47,72
2023-12-01,T07,Organizacion,2408220.99,44
2023-12-01,T07,Textil hogar,3138134.0,98
2023-12-01,T08,Baño,2569522.78,52
2023-12-01,T08,Cocina y mesa,4053934.18,78
2023-12-01,T08,Decoracion,5957179.07,145
2023-12-01,T08,Iluminacion,4648172.74,101
2023-12-01,T08,Muebles,1915668.54,59
2023-12-01,T08,Organizacion,3076885.83,73
2023-12-01,T08,Textil hogar,3604935.1,86
2023-12-01,T09,Baño,1106697.24,46
2023-12-01,T09,Cocina y mesa,5456659.11,112
2023-12-01,T09,Decoracion,6161347.66,150
2023-12-01,T09,Iluminacion,3081333.2,79
2023-12-01,T09,Muebles,2591974.06,63
2023-12-01,T09,Organizacion,944132.77,34
2023-12-01,T09,Textil hogar,3777520.34,101
2023-12-01,T10,Baño,1367221.57,36
2023-12-01,T10,Cocina y mesa,3472633.54,80
2023-12-01,T10,Decoracion,7415358.18,170
2023-12-01,T10,Iluminacion,6316577.95,135
2023-12-01,T10,Muebles,1557439.35,36
2023-12-01,T10,Organizacion,1565643.51,52
2023-12-01,T10,Textil hogar,3049509.82,78
2023-12-01,T11,Baño,4288341.54,91
2023-12-01,T11,Cocina y mesa,4007798.89,83
2023-12-01,T11,Decoracion,9396412.22,208
2023-12-01,T11,Iluminacion,2690602.48,68
2023-12-01,T11,Muebles,3201168.22,80
2023-12-01,T11,Organizacion,2494302.72,60
2023-12-01,T11,Textil hogar,2192211.22,77
2023-12-01,T12,Baño,3168939.74,85
2023-12-01,T12,Cocina y mesa,2935562.14,76
2023-12-01,T12,Decoracion,7906772.21,163
2023-12-01,T12,Iluminacion,2831886.08,88
2023-12-01,T12,Muebles,3491927.07,86
2023-12-01,T12,Organizacion,1755660.82,43
2023-12-01,T12,Textil hogar,2102481.32,47
2023-12-01,T13,Baño,2929989.99,60
2023-12-01,T13,Cocina y mesa,3231210.73,77
2023-12-01,T13,Decoracion,6501317.01,150
2023-12-01,T13,Iluminacion,5288350.6,120
2023-12-01,T13,Muebles,3639303.25,85
2023-12-01,T13,Organizacion,2971190.57,58
2023-12-01,T13,Textil hogar,3854348.77,104
2023-12-01,T14,Baño,961650.44,32
2023-12-01,T14,Cocina y mesa,4216808.91,72
2023-12-01,T14,Decoracion,6372606.79,141
2023-12-01,T14,Iluminacion,5564472.85,126
2023-12-01,T14,Muebles,3161663.1,86
2023-12-01,T14,Organizacion,1132744.23,43
2023-12-01,T14,Textil hogar,2997712.52,74
2023-12-01,T15,Baño,3455022.6,77
2023-12-01,T15,Cocina y mesa,3970424.99,89
2023-12-01,T15,Decoracion,7285079.61,158
2023-12-01,T15,Iluminacion,5650477.49,109
2023-12-01,T15,Muebles,3802793.79,101
2023-12-01,T15,Organizacion,1861667.74,44
2023-12-01,T15,Textil hogar,2308952.91,72
2023-12-01,T16,Baño,2859149.17,61
2023-12-01,T16,Cocina y mesa,4840283.52,96
2023-12-01,T16,Decoracion,5975140.49,140
2023-12-01,T16,Iluminacion,4873321.07,101
2023-12-01,T16,Muebles,2371910.48,57
2023-12-01,T16,Organizacion,2012260.04,43
2023-12-01,T16,Textil hogar,3093957.77,77
2023-12-01,T17,Baño,2174132.77,59
2023-12-01,T17,Cocina y mesa,4304171.67,80
2023-12-01,T17,Decoracion,5505317.33,133
2023-12-01,T17,Iluminacion,6832719.97,147
2023-12-01,T17,Muebles,2301430.69,60
2023-12-01,T17,Organizacion,3228491.14,69
2023-12-01,T17,Textil hogar,4292879.29,99
2023-12-01,T18,Baño,2525350.72,57
2023-12-01,T18,Cocina y mesa,3844304.22,82
2023-12-01,T18,Decoracion,5655457.7,137
2023-12-01,T18,Iluminacion,5744616.93,114
2023-12-01,T18,Muebles,2707312.85,62
2023-12-01,T18,Organizacion,3877458.98,88
2023-12-01,T18,Textil hogar,4407852.19,92
2023-12-01,T19,Baño,5016291.13,119
2023-12-01,T19,Cocina y mesa,5073222.11,106
2023-12-01,T19,Decoracion,6804509.08,156
2023-12-01,T19,Iluminacion,6486976.34,154
2023-12-01,T19,Muebles,2118061.71,49
2023-12-01,T19,Organizacion,2850830.58,74
2023-12-01,T19,Textil hogar,2898324.91,76
2023-12-01,T20,Baño,2032880.19,60
2023-12-01,T20,Cocina y mesa,4415121.79,98
2023-12-01,T20,Decoracion,4942494.97,115
2023-12-01,T20,Iluminacion,5847994.38,101
2023-12-01,T20,Muebles,2905270.55,73
2023-12-01,T20,Organizacion,1158614.0,33
2023-12-01,T20,Textil hogar,4724420.4,104
2023-12-01,T21,Baño,2388984.61,56
2023-12-01,T21,Cocina y mesa,3715495.42,110
2023-12-01,T21,Decoracion,9085095.13,189
2023-12-01,T21,Iluminacion,1866113.19,43
2023-12-01,T21,Muebles,3276070.5,93
2023-12-01,T21,Organizacion,1903670.68,46
2023-12-01,T21,Textil hogar,3129560.1,77
2023-12-01,T22,Baño,2596022.84,65
2023-12-01,T22,Cocina y mesa,3303686.72,76
2023-12-01,T22,Decoracion,6966021.96,154
2023-12-01,T22,Iluminacion,5319257.12,111
2023-12-01,T22,Muebles,3345060.35,93
2023-12-01,T22,Organizacion,2992899.68,73
2023-12-01,T22,Textil hogar,2721421.21,67
2023-12-01,T23,Baño,2525554.89,74
2023-12-01,T23,Cocina y mesa,6220223.51,116
2023-12-01,T23,Decoracion,7875483.92,196
2023-12-01,T23,Iluminacion,4323292.46,104
2023-12-01,T23,Muebles,3049753.66,68
2023-12-01,T23,Organizacion,2166278.68,52
2023-12-01,T23,Textil hogar,4633503.46,97
2023-12-01,T24,Baño,2614068.79,73
2023-12-01,T24,Cocina y mesa,5890092.85,108
2023-12-01,T24,Decoracion,4746440.78,109
2023-12-01,T24,Iluminacion,6267122.49,141
2023-12-01,T24,Muebles,2859465.96,65
2023-12-01,T24,Organizacion,2114962.86,45
2023-12-01,T24,Textil hogar,5232256.73,108
2023-12-01,T25,Baño,2305339.68,55
2023-12-01,T25,Cocina y mesa,5623985.23,114
2023-12-01,T25,Decoracion,7690314.44,176
2023-12-01,T25,Iluminacion,3938858.78,80
2023-12-01,T25,Muebles,2990420.25,93
2023-12-01,T25,Organizacion,2968674.43,74
2023-12-01,T25,Textil hogar,4583353.14,112
2023-12-01,T26,Baño,3867071.01,93
2023-12-01,T26,Cocina y mesa,2689689.32,62
2023-12-01,T26,Decoracion,6803818.46,168
2023-12-01,T26,Iluminacion,3762530.74,83
2023-12-01,T26,Muebles,2424061.74,65
2023-12-01,T26,Organizacion,2823247.76,66
2023-12-01,T26,Textil hogar,2595608.59,57
2023-12-01,T27,Baño,1844976.58,44
2023-12-01,T27,Cocina y mesa,2500251.33,69
2023-12-01,T27,Decoracion,6974718.79,150
2023-12-01,T27,Iluminacion,4831190.59,126
2023-12-01,T27,Muebles,2218880.25,62
2023-12-01,T27,Organizacion,3283627.3,88
2023-12-01,T27,Textil hogar,3134370.13,69
2023-12-01,T28,Baño,1712025.22,68
2023-12-01,T28,Cocina y mesa,5704515.08,116
2023-12-01,T28,Decoracion,8218310.27,184
2023-12-01,T28,Iluminacion,4704533.98,110
2023-12-01,T28,Muebles,3142644.44,85
2023-12-01,T28,Organizacion,2171352.59,58
2023-12-01,T28,Textil hogar,2115702.24,71
2024-01-01,T01,Baño,2848231.24,75
2024-01-01,T01,Cocina y mesa,5252089.45,98
2024-01-01,T01,Decoracion,8218241.5,181
2024-01-01,T01,Iluminacion,3089551.04,89
2024-01-01,T01,Muebles,1900294.18,48
2024-01-01,T01,Organizacion,2139744.2,48
2024-01-01,T01,Textil hogar,5370930.18,123
2024-01-01,T02,Baño,1249357.49,35
2024-01-01,T02,Cocina y mesa,4911082.37,105
2024-01-01,T02,Decoracion,5017194.5,120
2024-01-01,T02,Iluminacion,2222824.68,68
2024-01-01,T02,Muebles,2990155.01,94
2024-01-01,T02,Organizacion,3404848.33,72
2024-01-01,T02,Textil hogar,3422715.11,95
2024-01-01,T03,Baño,2019990.26,53
2024-01-01,T03,Cocina y mesa,4947925.07,101
2024-01-01,T03,Decoracion,7028966.27,177
2024-01-01,T03,Iluminacion,2950177.63,71
2024-01-01,T03,Muebles,4692372.21,93
2024-01-01,T03,Organizacion,3171621.99,82
2024-01-01,T03,Textil hogar,2682403.78,71
2024-01-01,T04,Baño,2410508.84,86
2024-01-01,T04,Cocina y mesa,6377919.13,120
2024-01-01,T04,Decoracion,7504426.95,167
2024-01-01,T04,Iluminacion,7313929.02,158
2024-01-01,T04,Muebles,2552299.01,82
2024-01-01,T04,Organizacion,3761726.14,95
2024-01-01,T04,Textil hogar,2827922.88,87
2024-01-01,T05,Baño,3630027.29,67
2024-01-01,T05,Cocina y mesa,5476995.1,99
2024-01-01,T05,Decoracion,4481867.2,117
2024-01-01,T05,Iluminacion,5895285.68,123
2024-01-01,T05,Muebles,2911301.11,87
2024-01-01,T05,Organizacion,2206424.52,60
2024-01-01,T05,Textil hogar,3479255.06,90
2024-01-01,T06,Baño,2235742.34,52
2024-01-01,T06,Cocina y mesa,2546546.06,70
2024-01-01,T06,Decoracion,7730562.08,160
2024-01-01,T06,Iluminacion,3595438.09,72
2024-01-01,T06,Muebles,2977316.88,72
2024-01-01,T06,Organizacion,2760031.22,64
2024-01-01,T06,Textil hogar,4997803.26,118
2024-01-01,T07,Baño,1756405.68,45
2024-01-01,T07,Cocina y mesa,3460105.05,92
2024-01-01,T07,Decoracion,9781594.81,206
2024-01-01,T07,Iluminacion,4787118.62,141
2024-01-01,T07,Muebles,2455456.11,64
2024-01-01,T07,Organizacion,3042066.82,56
2024-01-01,T07,Textil hogar,3181442.52,104
2024-01-01,T08,Baño,2105894.97,48
2024-01-01,T08,Cocina y mesa,5602166.29,101
2024-01-01,T08,Decoracion,7151851.05,162
2024-01-01,T08,Iluminacion,4246102.98,91
2024-01-01,T08,Muebles,2812303.41,85
2024-01-01,T08,Organizacion,3271171.23,84
2024-01-01,T08,Textil hogar,5640632.81,136
2024-01-01,T09,Baño,1760801.68,60
2024-01-01,T09,Cocina y mesa,5073762.37,106
2024-01-01,T09,Decoracion,6925504.09,161
2024-01-01,T09,Iluminacion,2942339.69,80
2024-01-01,T09,Muebles,5047420.47,109
2024-01-01,T09,Organizacion,980089.59,30
2024-01-01,T09,Textil hogar,3508089.76,95
2024-01-01,T10,Baño,2871974.45,68
2024-01-01,T10,Cocina y mesa,3872848.54,91
2024-01-01,T10,Decoracion,5867316.76,129
2024-01-01,T10,Iluminacion,7657453.38,166
2024-01-01,T10,Muebles,2030737.23,49
2024-01-01,T10,Organizacion,1657221.6,48
2024-01-01,T10,Textil hogar,3463521.75,82
2024-01-01,T11,Baño,3446235.23,77
2024-01-01,T11,Cocina y mesa,3310958.59,82
2024-01-01,T11,Decoracion,10134508.89,212
2024-01-01,T11,Iluminacion,2542598.4,55
2024-01-01,T11,Muebles,2411256.22,70
2024-01-01,T11,Organizacion,3040555.29,73
2024-01-01,T11,Textil hogar,3270240.92,93
2024-01-01,T12,Baño,1980403.7,70
2024-01-01,T12,Cocina y mesa,3143091.01,65
2024-01-01,T12,Decoracion,6815124.92,144
2024-01-01,T12,Iluminacion,2605344.41,73
2024-01-01,T12,Muebles,4087923.36,106
2024-01-01,T12,Organizacion,2358639.91,56
2024-01-01,T12,Textil hogar,3016455.34,61
2024-01-01,T13,Baño,3481752.72,71
2024-01-01,T13,Cocina y mesa,6142018.25,107
2024-01-01,T13,Decoracion,4683126.11,109
2024-01-01,T13,Iluminacion,5508070.49,137
2024-01-01,T13,Muebles,3316358.79,79
2024-01-01,T13,Organizacion,3970772.44,80
2024-01-01,T13,Textil hogar,5233958.13,143
2024-01-01,T14,Baño,1009934.56,42
2024-01-01,T14,Cocina y mesa,3189008.22,63
2024-01-01,T14,Decoracion,6093326.72,141
2024-01-01,T14,Iluminacion,3910610.73,109
2024-01-01,T14,Muebles,4033357.49,104
2024-01-01,T14,Organizacion,1616357.23,56
2024-01-01,T14,Textil hogar,3782840.81,83
2024-01-01,T15,Baño,3295055.68,97
2024-01-01,T15,Cocina y mesa,4507672.5,99
2024-01-01,T15,Decoracion,7963162.72,182
2024-01-01,T15,Iluminacion,5638634.38,119
2024-01-01,T15,Muebles,3865965.94,103
2024-01-01,T15,Organizacion,2400102.82,50
2024-01-01,T15,Textil hogar,2711269.6,85
2024-01-01,T16,Baño,2379943.37,54
2024-01-01,T16,Cocina y mesa,3939307.13,72
2024-01-01,T16,Decoracion,4920141.9,107
2024-01-01,T16,Iluminacion,3346051.43,74
2024-01-01,T16,Muebles,3630563.11,98
2024-01-01,T16,Organizacion,2145743.95,53
2024-01-01,T16,Textil hogar,4246768.12,100
2024-01-01,T17,Baño,3079022.35,72
2024-01-01,T17,Cocina y mesa,5690879.08,110
2024-01-01,T17,Decoracion,6091084.45,129
2024-01-01,T17,Iluminacion,5378361.05,117
2024-01-01,T17,Muebles,2787721.85,66
2024-01-01,T17,Organizacion,2937108.0,66
2024-01-01,T17,Textil hogar,4462579.02,110
2024-01-01,T18,Baño,2898691.06,78
2024-01-01,T18,Cocina y mesa,4610959.02,94
2024-01-01,T18,Decoracion,5910236.5,143
2024-01-01,T18,Iluminacion,5854895.79,128
2024-01-01,T18,Muebles,2626172.19,56
2024-01-01,T18,Organizacion,3650523.56,79
2024-01-01,T18,Textil hogar,4647938.44,83
2024-01-01,T19,Baño,4165275.63,93
2024-01-01,T19,Cocina y mesa,5570762.07,123
2024-01-01,T19,Decoracion,5442142.57,122
2024-01-01,T19,Iluminacion,5739425.4,152
2024-01-01,T19,Muebles,2752605.97,67
2024-01-01,T19,Organizacion,2471197.03,73
2024-01-01,T19,Textil hogar,4084553.73,110
2024-01-01,T20,Baño,2843915.38,69
2024-01-01,T20,Cocina y mesa,4876190.78,99
2024-01-01,T20,Decoracion,5244584.09,119
2024-01-01,T20,Iluminacion,5744369.77,112
2024-01-01,T20,Muebles,2716236.76,74
2024-01-01,T20,Organizacion,1357455.46,38
2024-01-01,T20,Textil hogar,5095779.24,108
2024-01-01,T21,Baño,1543782.6,46
2024-01-01,T21,Cocina y mesa,4625696.51,123
2024-01-01,T21,Decoracion,7938533.27,174
2024-01-01,T21,Iluminacion,2885378.29,65
2024-01-01,T21,Muebles,3397977.22,87
2024-01-01,T21,Organizacion,2516457.62,64
2024-01-01,T21,Textil hogar,2839098.07,69
2024-01-01,T22,Baño,2982314.51,69
2024-01-01,T22,Cocina y mesa,7003626.7,137
2024-01-01,T22,Decoracion,8559805.87,184
2024-01-01,T22,Iluminacion,5124966.42,111
2024-01-01,T22,Muebles,4176627.68,114
2024-01-01,T22,Organizacion,2662021.04,64
2024-01-01,T22,Textil hogar,3034523.42,93
2024-01-01,T23,Baño,1924663.93,43
2024-01-01,T23,Cocina y mesa,5313303.47,103
2024-01-01,T23,Decoracion,8362550.68,201
2024-01-01,T23,Iluminacion,3166234.76,93
2024-01-01,T23,Muebles,3523464.18,82
2024-01-01,T23,Organizacion,1720012.23,41
2024-01-01,T23,Textil hogar,4561570.61,121
2024-01-01,T24,Baño,2666948.17,76
2024-01-01,T24,Cocina y mesa,6098665.17,112
2024-01-01,T24,Decoracion,6410628.38,148
2024-01-01,T24,Iluminacion,4630893.06,112
2024-01-01,T24,Muebles,2371978.84,64
2024-01-01,T24,Organizacion,3070098.61,62
2024-01-01,T24,Textil hogar,6380373.01,149
2024-01-01,T25,Baño,3756919.08,86
2024-01-01,T25,Cocina y mesa,5157794.21,108
2024-01-01,T25,Decoracion,7944139.59,167
2024-01-01,T25,Iluminacion,3667792.45,76
2024-01-01,T25,Muebles,3037967.48,76
2024-01-01,T25,Organizacion,3534401.01,85
2024-01-01,T25,Textil hogar,5401350.46,118
2024-01-01,T26,Baño,3749085.03,90
2024-01-01,T26,Cocina y mesa,4927574.37,101
2024-01-01,T26,Decoracion,6369240.28,139
2024-01-01,T26,Iluminacion,4344736.72,94
2024-01-01,T26,Muebles,2971984.36,68
2024-01-01,T26,Organizacion,2292503.78,57
2024-01-01,T26,Textil hogar,3202045.71,75
2024-01-01,T27,Baño,2220992.39,49
2024-01-01,T27,Cocina y mesa,4435370.98,94
2024-01-01,T27,Decoracion,5796085.68,147
2024-01-01,T27,Iluminacion,6154683.09,154
2024-01-01,T27,Muebles,2509380.22,80
2024-01-01,T27,Organizacion,2514597.26,59
2024-01-01,T27,Textil hogar,3328201.41,82
2024-01-01,T28,Baño,3584566.7,109
2024-01-01,T28,Cocina y mesa,6213844.88,128
2024-01-01,T28,Decoracion,7451962.66,169
2024-01-01,T28,Iluminacion,4045560.91,99
2024-01-01,T28,Muebles,4435226.98,99
2024-01-01,T28,Organizacion,2308418.95,58
2024-01-01,T28,Textil hogar,2989538.47,85
2024-02-01,T01,Baño,2469570.89,88
2024-02-01,T01,Cocina y mesa,5935309.49,126
2024-02-01,T01,Decoracion,6021445.8,135
2024-02-01,T01,Iluminacion,4910154.77,119
2024-02-01,T01,Muebles,3438026.9,96
2024-02-01,T01,Organizacion,2033935.25,40
2024-02-01,T01,Textil hogar,3821951.72,94
2024-02-01,T02,Baño,1630444.24,40
2024-02-01,T02,Cocina y mesa,4278873.79,95
2024-02-01,T02,Decoracion,6758515.94,161
2024-02-01,T02,Iluminacion,1960135.07,52
2024-02-01,T02,Muebles,4577267.48,111
2024-02-01,T02,Organizacion,3035114.35,66
2024-02-01,T02,Textil hogar,3659734.3,102
2024-02-01,T03,Baño,2765912.0,75
2024-02-01,T03,Cocina y mesa,5900932.09,121
2024-02-01,T03,Decoracion,8425239.62,189
2024-02-01,T03,Iluminacion,4216957.62,96
2024-02-01,T03,Muebles,4439251.61,92
2024-02-01,T03,Organizacion,1712993.22,50
2024-02-01,T03,Textil hogar,2382842.18,63
2024-02-01,T04,Baño,2437734.52,85
2024-02-01,T04,Cocina y mesa,7942582.13,167
2024-02-01,T04,Decoracion,4443846.76,104
2024-02-01,T04,Iluminacion,5335110.84,125
2024-02-01,T04,Muebles,2218315.05,68
2024-02-01,T04,Organizacion,2188436.08,59
2024-02-01,T04,Textil hogar,3410561.21,106
2024-02-01,T05,Baño,3927696.1,77
2024-02-01,T05,Cocina y mesa,4482127.39,86
2024-02-01,T05,Decoracion,6122588.65,147
2024-02-01,T05,Iluminacion,5756235.11,131
2024-02-01,T05,Muebles,3362452.87,103
2024-02-01,T05,Organizacion,1932234.35,54
2024-02-01,T05,Textil hogar,4787335.79,111
2024-02-01,T06,Baño,3604505.41,71
2024-02-01,T06,Cocina y mesa,2966378.72,84
2024-02-01,T06,Decoracion,7793933.51,154
2024-02-01,T06,Iluminacion,5516718.84,100
2024-02-01,T06,Muebles,2763945.87,57
2024-02-01,T06,Organizacion,2446562.3,70
2024-02-01,T06,Textil hogar,4721434.93,115
2024-02-01,T07,Baño,2280335.63,59
2024-02-01,T07,Cocina y mesa,4139690.64,108
2024-02-01,T07,Decoracion,8989071.41,192
2024-02-01,T07,Iluminacion,5535087.69,145
2024-02-01,T07,Muebles,3214136.6,76
2024-02-01,T07,Organizacion,2372241.33,49
2024-02-01,T07,Textil hogar,2755873.19,89
2024-02-01,T08,Baño,2710556.47,55
2024-02-01,T08,Cocina y mesa,4334742.36,89
2024-02-01,T08,Decoracion,7964084.44,180
2024-02-01,T08,Iluminacion,4950005.32,112
2024-02-01,T08,Muebles,1785045.72,52
2024-02-01,T08,Organizacion,2757889.43,75
2024-02-01,T08,Textil hogar,3452324.57,95
2024-02-01,T09,Baño,2499451.74,86
2024-02-01,T09,Cocina y mesa,5310761.03,122
2024-02-01,T09,Decoracion,5207219.63,120
2024-02-01,T09,Iluminacion,2967053.7,75
2024-02-01,T09,Muebles,3788761.97,89
2024-02-01,T09,Organizacion,1219120.21,20
2024-02-01,T09,Textil hogar,4011144.32,109
2024-02-01,T10,Baño,3399204.06,81
2024-02-01,T10,Cocina y mesa,3046514.11,74
2024-02-01,T10,Decoracion,6430034.58,153
2024-02-01,T10,Iluminacion,6831521.31,150
2024-02-01,T10,Muebles,2220496.03,56
2024-02-01,T10,Organizacion,2239817.52,52
2024-02-01,T10,Textil hogar,3227723.19,68
2024-02-01,T11,Baño,3557696.1,73
2024-02-01,T11,Cocina y mesa,2554117.54,60
2024-02-01,T11,Decoracion,10346942.41,229
2024-02-01,T11,Iluminacion,2544823.12,71
2024-02-01,T11,Muebles,3230317.82,100
2024-02-01,T11,Organizacion,2121349.85,48
2024-02-01,T11,Textil hogar,3963309.55,91
2024-02-01,T12,Baño,2326852.02,69
2024-02-01,T12,Cocina y mesa,2971584.44,73
2024-02-01,T12,Decoracion,7256623.96,169
2024-02-01,T12,Iluminacion,2038243.39,62
2024-02-01,T12,Muebles,3034061.95,82
2024-02-01,T12,Organizacion,2057724.48,51
2024-02-01,T12,Textil hogar,1896733.43,45
2024-02-01,T13,Baño,2707643.81,59
2024-02-01,T13,Cocina y mesa,5052710.46,91
2024-02-01,T13,Decoracion,4847844.95,119
2024-02-01,T13,Iluminacion,6355711.53,139
2024-02-01,T13,Muebles,2359783.24,55
2024-02-01,T13,Organizacion,4087999.04,79
2024-02-01,T13,Textil hogar,4036125.99,108
2024-02-01,T14,Baño,1137492.68,44
2024-02-01,T14,Cocina y mesa,3127136.84,72
2024-02-01,T14,Decoracion,6316990.32,143
2024-02-01,T14,Iluminacion,4946274.67,119
2024-02-01,T14,Muebles,2414084.2,74
2024-02-01,T14,Organizacion,1815108.81,67
2024-02-01,T14,Textil hogar,3304089.99,72
2024-02-01,T15,Baño,3235122.42,96
2024-02-01,T15,Cocina y mesa,4029416.13,97
2024-02-01,T15,Decoracion,6914172.34,162
2024-02-01,T15,Iluminacion,5095143.42,109
2024-02-01,T15,Muebles,3292010.78,99
2024-02-01,T15,Organizacion,3398922.6,74
2024-02-01,T15,Textil hogar,2438401.76,80
2024-02-01,T16,Baño,2278940.81,58
2024-02-01,T16,Cocina y mesa,5446981.99,125
2024-02-01,T16,Decoracion,4947719.59,114
2024-02-01,T16,Iluminacion,3547044.87,83
2024-02-01,T16,Muebles,3440602.6,91
2024-02-01,T16,Organizacion,1127709.23,38
2024-02-01,T16,Textil hogar,2977886.26,81
2024-02-01,T17,Baño,3563583.82,82
2024-02-01,T17,Cocina y mesa,4148987.65,95
2024-02-01,T17,Decoracion,7889091.76,167
2024-02-01,T17,Iluminacion,4714151.05,113
2024-02-01,T17,Muebles,3390399.85,70
2024-02-01,T17,Organizacion,1831058.35,44
2024-02-01,T17,Textil hogar,4794692.73,110
2024-02-01,T18,Baño,2263933.68,58
2024-02-01,T18,Cocina y mesa,6022058.0,125
2024-02-01,T18,Decoracion,4659057.59,117
2024-02-01,T18,Iluminacion,4653455.44,110
2024-02-01,T18,Muebles,3145159.81,75
2024-02-01,T18,Organizacion,3800908.52,83
2024-02-01,T18,Textil hogar,5751585.18,128
2024-02-01,T19,Baño,3772264.84,95
2024-02-01,T19,Cocina y mesa,6452932.18,151
2024-02-01,T19,Decoracion,7587734.32,157
2024-02-01,T19,Iluminacion,5155274.7,136
2024-02-01,T19,Muebles,1927145.92,49
2024-02-01,T19,Organizacion,3262040.22,98
2024-02-01,T19,Textil hogar,4474534.4,110
2024-02-01,T20,Baño,2918988.72,73
2024-02-01,T20,Cocina y mesa,4896018.21,103
2024-02-01,T20,Decoracion,7602359.69,156
2024-02-01,T20,Iluminacion,4592555.09,95
2024-02-01,T20,Muebles,2542490.17,64
2024-02-01,T20,Organizacion,1256042.36,31
2024-02-01,T20,Textil hogar,5806647.69,124
2024-02-01,T21,Baño,1607849.51,41
2024-02-01,T21,Cocina y mesa,5341234.98,138
2024-02-01,T21,Decoracion,9225720.82,196
2024-02-01,T21,Iluminacion,2404692.18,55
2024-02-01,T21,Muebles,3459969.57,85
2024-02-01,T21,Organizacion,2735023.49,65
2024-02-01,T21,Textil hogar,3337476.78,77
2024-02-01,T22,Baño,2202140.5,60
2024-02-01,T22,Cocina y mesa,4629293.65,104
2024-02-01,T22,Decoracion,8819807.8,196
2024-02-01,T22,Iluminacion,5225646.88,111
2024-02-01,T22,Muebles,3260833.69,90
2024-02-01,T22,Organizacion,3239854.06,71
2024-02-01,T22,Textil hogar,4139543.57,105
2024-02-01,T23,Baño,2693228.47,58
2024-02-01,T23,Cocina y mesa,4069418.84,84
2024-02-01,T23,Decoracion,6881879.23,172
2024-02-01,T23,Iluminacion,5118434.69,129
2024-02-01,T23,Muebles,2645023.61,62
2024-02-01,T23,Organizacion,1497290.12,39
2024-02-01,T23,Textil hogar,4330165.83,114
2024-02-01,T24,Baño,2909844.81,69
2024-02-01,T24,Cocina y mesa,4454257.82,89
2024-02-01,T24,Decoracion,5812078.58,140
2024-02-01,T24,Iluminacion,5569910.67,115
2024-02-01,T24,Muebles,2916716.75,72
2024-02-01,T24,Organizacion,2622326.67,52
2024-02-01,T24,Textil hogar,6236562.74,136
2024-02-01,T25,Baño,2812905.05,63
2024-02-01,T25,Cocina y mesa,6009971.24,119
2024-02-01,T25,Decoracion,7781893.64,169
2024-02-01,T25,Iluminacion,3009514.12,76
2024-02-01,T25,Muebles,2611010.04,72
2024-02-01,T25,Organizacion,2841362.86,58
2024-02-01,T25,Textil hogar,5631531.95,116
2024-02-01,T26,Baño,3988801.87,107
2024-02-01,T26,Cocina y mesa,4338457.95,86
2024-02-01,T26,Decoracion,7545831.16,169
2024-02-01,T26,Iluminacion,4071199.32,106
2024-02-01,T26,Muebles,2697570.43,70
2024-02-01,T26,Organizacion,2563248.96,59
2024-02-01,T26,Textil hogar,2423747.54,61
2024-02-01,T27,Baño,2533011.47,57
2024-02-01,T27,Cocina y mesa,4083604.02,91
2024-02-01,T27,Decoracion,6569151.92,164
2024-02-01,T27,Iluminacion,5612194.76,143
2024-02-01,T27,Muebles,3052986.4,79
2024-02-01,T27,Organizacion,3708623.55,100
2024-02-01,T27,Textil hogar,2740816.42,73
2024-02-01,T28,Baño,2186357.5,70
2024-02-01,T28,Cocina y mesa,5149362.66,120
2024-02-01,T28,Decoracion,5906842.23,130
2024-02-01,T28,Iluminacion,4574002.74,108
2024-02-01,T28,Muebles,3478718.75,82
2024-02-01,T28,Organizacion,2309498.01,56
2024-02-01,T28,Textil hogar,2523590.54,76
2024-03-01,T01,Baño,2237841.4,63
2024-03-01,T01,Cocina y mesa,5853438.15,128
2024-03-01,T01,Decoracion,6799683.49,168
2024-03-01,T01,Iluminacion,4393797.66,91
2024-03-01,T01,Muebles,2932173.05,95
2024-03-01,T01,Organizacion,2294340.94,60
2024-03-01,T01,Textil hogar,3465169.35,83
2024-03-01,T02,Baño,1460703.62,41
2024-03-01,T02,Cocina y mesa,4536314.04,112
2024-03-01,T02,Decoracion,7330759.1,162
2024-03-01,T02,Iluminacion,3239285.96,75
2024-03-01,T02,Muebles,4661614.85,115
2024-03-01,T02,Organizacion,3873943.79,87
2024-03-01,T02,Textil hogar,3459193.78,104
2024-03-01,T03,Baño,3025498.46,81
2024-03-01,T03,Cocina y mesa,6229172.22,132
2024-03-01,T03,Decoracion,8343375.67,181
2024-03-01,T03,Iluminacion,2823287.31,66
2024-03-01,T03,Muebles,3564559.39,81
2024-03-01,T03,Organizacion,2944881.27,78
2024-03-01,T03,Textil hogar,2046549.93,68
2024-03-01,T04,Baño,2501564.87,81
2024-03-01,T04,Cocina y mesa,5410452.56,123
2024-03-01,T04,Decoracion,7452994.08,163
2024-03-01,T04,Iluminacion,6375451.53,158
2024-03-01,T04,Muebles,3419920.5,89
2024-03-01,T04,Organizacion,2649884.46,82
2024-03-01,T04,Textil hogar,3175825.67,84
2024-03-01,T05,Baño,4917343.88,93
2024-03-01,T05,Cocina y mesa,6254267.11,117
2024-03-01,T05,Decoracion,6160274.53,143
2024-03-01,T05,Iluminacion,5104563.12,118
2024-03-01,T05,Muebles,4151885.23,125
2024-03-01,T05,Organizacion,2579898.9,62
2024-03-01,T05,Textil hogar,4223682.09,101
2024-03-01,T06,Baño,2874856.01,68
2024-03-01,T06,Cocina y mesa,3832317.93,85
2024-03-01,T06,Decoracion,6314590.66,142
2024-03-01,T06,Iluminacion,3868407.13,83
2024-03-01,T06,Muebles,2795867.96,64
2024-03-01,T06,Organizacion,1580331.46,44
2024-03-01,T06,Textil hogar,4503693.69,100
2024-03-01,T07,Baño,2481717.61,56
2024-03-01,T07,Cocina y mesa,3964331.62,120
2024-03-01,T07,Decoracion,8571935.72,170
2024-03-01,T07,Iluminacion,4347432.72,112
2024-03-01,T07,Muebles,4072344.7,108
2024-03-01,T07,Organizacion,1755547.06,35
2024-03-01,T07,Textil hogar,4016879.14,126
2024-03-01,T08,Baño,2297856.72,57
2024-03-01,T08,Cocina y mesa,4543538.35,92
2024-03-01,T08,Decoracion,7937925.86,168
2024-03-01,T08,Iluminacion,3827549.58,81
2024-03-01,T08,Muebles,2780703.5,76
2024-03-01,T08,Organizacion,3383477.07,77
2024-03-01,T08,Textil hogar,4428832.7,109
2024-03-01,T09,Baño,2453115.51,72
2024-03-01,T09,Cocina y mesa,5239489.27,139
2024-03-01,T09,Decoracion,6545112.13,152
2024-03-01,T09,Iluminacion,3959706.16,115
2024-03-01,T09,Muebles,4561973.28,109
2024-03-01,T09,Organizacion,2129750.61,53
2024-03-01,T09,Textil hogar,4353962.44,95
2024-03-01,T10,Baño,2020109.3,47
2024-03-01,T10,Cocina y mesa,3966654.86,94
2024-03-01,T10,Decoracion,6837112.35,174
2024-03-01,T10,Iluminacion,5452904.55,131
2024-03-01,T10,Muebles,3333476.24,83
2024-03-01,T10,Organizacion,2299966.38,68
2024-03-01,T10,Textil hogar,3954641.33,85
2024-03-01,T11,Baño,3592553.81,85
2024-03-01,T11,Cocina y mesa,2822638.0,67
2024-03-01,T11,Decoracion,8671976.0,178
2024-03-01,T11,Iluminacion,3263891.63,91
2024-03-01,T11,Muebles,4203779.27,116
2024-03-01,T11,Organizacion,2404167.98,64
2024-03-01,T11,Textil hogar,3227413.57,95
2024-03-01,T12,Baño,2815755.53,74
2024-03-01,T12,Cocina y mesa,3287356.0,77
2024-03-01,T12,Decoracion,8493745.54,189
2024-03-01,T12,Iluminacion,2429598.66,73
2024-03-01,T12,Muebles,3628334.8,95
2024-03-01,T12,Organizacion,2366799.36,53
2024-03-01,T12,Textil hogar,2045017.41,42
2024-03-01,T13,Baño,3398386.16,71
2024-03-01,T13,Cocina y mesa,4418285.0,93
2024-03-01,T13,Decoracion,4602873.26,121
2024-03-01,T13,Iluminacion,5135635.13,128
2024-03-01,T13,Muebles,4508421.46,111
2024-03-01,T13,Organizacion,3685496.83,75
2024-03-01,T13,Textil hogar,3116432.5,91
2024-03-01,T14,Baño,1173555.05,36
2024-03-01,T14,Cocina y mesa,2086320.0,52
2024-03-01,T14,Decoracion,5623577.67,126
2024-03-01,T14,Iluminacion,4767430.65,118
2024-03-01,T14,Muebles,3571732.45,97
2024-03-01,T14,Organizacion,1774924.99,65
2024-03-01,T14,Textil hogar,4379623.2,91
2024-03-01,T15,Baño,4209379.94,108
2024-03-01,T15,Cocina y mesa,4624300.92,103
2024-03-01,T15,Decoracion,7438572.97,167
2024-03-01,T15,Iluminacion,5242345.04,119
2024-03-01,T15,Muebles,4873993.39,132
2024-03-01,T15,Organizacion,2596084.31,65
2024-03-01,T15,Textil hogar,3029505.12,80
2024-03-01,T16,Baño,2598831.65,62
2024-03-01,T16,Cocina y mesa,4201695.3,99
2024-03-01,T16,Decoracion,6340756.8,136
2024-03-01,T16,Iluminacion,3879958.34,71
2024-03-01,T16,Muebles,2746782.17,78
2024-03-01,T16,Organizacion,1742185.88,46
2024-03-01,T16,Textil hogar,3932085.69,105
2024-03-01,T17,Baño,3944439.34,90
2024-03-01,T17,Cocina y mesa,5708436.0,125
2024-03-01,T17,Decoracion,7261316.94,160
2024-03-01,T17,Iluminacion,5411486.56,113
2024-03-01,T17,Muebles,3790828.06,89
2024-03-01,T17,Organizacion,2806611.82,70
2024-03-01,T17,Textil hogar,3773921.76,94
2024-03-01,T18,Baño,2697270.29,69
2024-03-01,T18,Cocina y mesa,3744503.68,95
2024-03-01,T18,Decoracion,6040455.1,140
2024-03-01,T18,Iluminacion,5136791.64,123
2024-03-01,T18,Muebles,2703504.19,70
2024-03-01,T18,Organizacion,3015896.96,66
2024-03-01,T18,Textil hogar,5515587.93,124
2024-03-01,T19,Baño,5542656.38,119
2024-03-01,T19,Cocina y mesa,5337022.71,123
2024-03-01,T19,Decoracion,7067698.92,154
2024-03-01,T19,Iluminacion,6050916.92,159
2024-03-01,T19,Muebles,3748113.35,97
2024-03-01,T19,Organizacion,3117359.05,88
2024-03-01,T19,Textil hogar,4357178.69,106
2024-03-01,T20,Baño,2822374.22,73
2024-03-01,T20,Cocina y mesa,5600169.48,120
2024-03-01,T20,Decoracion,6727802.85,141
2024-03-01,T20,Iluminacion,5788682.46,115
2024-03-01,T20,Muebles,2450276.3,74
2024-03-01,T20,Organizacion,1341796.65,38
2024-03-01,T20,Textil hogar,4401134.21,93
2024-03-01,T21,Baño,2070008.23,57
2024-03-01,T21,Cocina y mesa,5047323.78,130
2024-03-01,T21,Decoracion,7974289.38,159
2024-03-01,T21,Iluminacion,1664615.04,44
2024-03-01,T21,Muebles,4344507.39,125
2024-03-01,T21,Organizacion,2837413.4,72
2024-03-01,T21,Textil hogar,2761418.1,77
2024-03-01,T22,Baño,2663519.03,70
2024-03-01,T22,Cocina y mesa,6118754.57,134
2024-03-01,T22,Decoracion,8018642.55,182
2024-03-01,T22,Iluminacion,4513579.14,93
2024-03-01,T22,Muebles,3578120.08,106
2024-03-01,T22,Organizacion,1865209.71,45
2024-03-01,T22,Textil hogar,4145484.01,96
2024-03-01,T23,Baño,1875381.75,59
2024-03-01,T23,Cocina y mesa,5831218.03,110
2024-03-01,T23,Decoracion,8029033.8,188
2024-03-01,T23,Iluminacion,4465913.74,118
2024-03-01,T23,Muebles,3780867.04,91
2024-03-01,T23,Organizacion,1542266.42,45
2024-03-01,T23,Textil hogar,4976289.03,111
2024-03-01,T24,Baño,2258907.57,61
2024-03-01,T24,Cocina y mesa,6469719.27,128
2024-03-01,T24,Decoracion,6581996.84,161
2024-03-01,T24,Iluminacion,4898847.37,117
2024-03-01,T24,Muebles,4015534.91,95
2024-03-01,T24,Organizacion,2233827.89,45
2024-03-01,T24,Textil hogar,6128357.99,123
2024-03-01,T25,Baño,4111926.93,94
2024-03-01,T25,Cocina y mesa,6234416.56,137
2024-03-01,T25,Decoracion,8429719.34,187
2024-03-01,T25,Iluminacion,3074708.74,68
2024-03-01,T25,Muebles,3236513.55,87
2024-03-01,T25,Organizacion,3122759.35,83
2024-03-01,T25,Textil hogar,5098086.55,119
2024-03-01,T26,Baño,4783181.76,111
2024-03-01,T26,Cocina y mesa,4976776.41,110
2024-03-01,T26,Decoracion,7963287.32,181
2024-03-01,T26,Iluminacion,4038994.86,96
2024-03-01,T26,Muebles,3135351.95,86
2024-03-01,T26,Organizacion,2840646.31,67
2024-03-01,T26,Textil hogar,3072352.45,79
2024-03-01,T27,Baño,2622579.63,60
2024-03-01,T27,Cocina y mesa,3589368.58,83
2024-03-01,T27,Decoracion,7821690.73,180
2024-03-01,T27,Iluminacion,4439353.51,121
2024-03-01,T27,Muebles,2842888.75,78
2024-03-01,T27,Organizacion,3361826.18,97
2024-03-01,T27,Textil hogar,3904420.52,82
2024-03-01,T28,Baño,2865090.39,92
2024-03-01,T28,Cocina y mesa,4180448.46,88
2024-03-01,T28,Decoracion,7822637.41,182
2024-03-01,T28,Iluminacion,3926946.99,86
2024-03-01,T28,Muebles,3907091.79,97
2024-03-01,T28,Organizacion,2649933.41,62
2024-03-01,T28,Textil hogar,2550849.29,75
2024-04-01,T01,Baño,2882898.13,77
2024-04-01,T01,Cocina y mesa,5460241.13,135
2024-04-01,T01,Decoracion,6770424.57,147
2024-04-01,T01,Iluminacion,3215595.2,91
2024-04-01,T01,Muebles,3635255.61,100
2024-04-01,T01,Organizacion,2592546.59,59
2024-04-01,T01,Textil hogar,3873004.31,102
2024-04-01,T02,Baño,2581584.68,55
2024-04-01,T02,Cocina y mesa,5351004.42,125
2024-04-01,T02,Decoracion,6089021.73,140
2024-04-01,T02,Iluminacion,4048471.51,97
2024-04-01,T02,Muebles,4687614.1,124
2024-04-01,T02,Organizacion,3648016.85,79
2024-04-01,T02,Textil hogar,3922120.48,102
2024-04-01,T03,Baño,3108519.62,91
2024-04-01,T03,Cocina y mesa,5967057.91,118
2024-04-01,T03,Decoracion,7931220.42,184
2024-04-01,T03,Iluminacion,4373738.25,95
2024-04-01,T03,Muebles,3612178.01,70
2024-04-01,T03,Organizacion,2669382.84,79
2024-04-01,T03,Textil hogar,2388933.3,61
2024-04-01,T04,Baño,1746219.77,67
2024-04-01,T04,Cocina y mesa,9425605.95,184
2024-04-01,T04,Decoracion,7973977.57,177
2024-04-01,T04,Iluminacion,7494512.11,149
2024-04-01,T04,Muebles,3624003.51,96
2024-04-01,T04,Organizacion,3841897.06,110
2024-04-01,T04,Textil hogar,3582039.83,85
2024-04-01,T05,Baño,3652409.82,75
2024-04-01,T05,Cocina y mesa,5144399.41,104
2024-04-01,T05,Decoracion,6334833.79,158
2024-04-01,T05,Iluminacion,5690285.75,126
2024-04-01,T05,Muebles,4772528.96,140
2024-04-01,T05,Organizacion,3718243.33,80
2024-04-01,T05,Textil hogar,4286525.39,99
2024-04-01,T06,Baño,3064565.85,66
2024-04-01,T06,Cocina y mesa,3328405.4,72
2024-04-01,T06,Decoracion,6969432.66,155
2024-04-01,T06,Iluminacion,6417189.31,114
2024-04-01,T06,Muebles,2175720.08,59
2024-04-01,T06,Organizacion,3159881.97,89
2024-04-01,T06,Textil hogar,5406347.8,120
2024-04-01,T07,Baño,2921939.53,71
2024-04-01,T07,Cocina y mesa,4921627.73,107
2024-04-01,T07,Decoracion,8941743.05,184
2024-04-01,T07,Iluminacion,6113779.91,154
2024-04-01,T07,Muebles,3208031.53,93
2024-04-01,T07,Organizacion,2410490.3,50
2024-04-01,T07,Textil hogar,2240473.93,71
2024-04-01,T08,Baño,3276970.12,73
2024-04-01,T08,Cocina y mesa,5107252.98,109
2024-04-01,T08,Decoracion,6306887.14,128
2024-04-01,T08,Iluminacion,4571773.81,105
2024-04-01,T08,Muebles,2834033.47,61
2024-04-01,T08,Organizacion,4820020.1,101
2024-04-01,T08,Textil hogar,3301805.33,107
2024-04-01,T09,Baño,2838950.95,71
2024-04-01,T09,Cocina y mesa,5961502.05,137
2024-04-01,T09,Decoracion,7691784.3,182
2024-04-01,T09,Iluminacion,4570350.58,103
2024-04-01,T09,Muebles,4388072.96,99
2024-04-01,T09,Organizacion,2101578.08,54
2024-04-01,T09,Textil hogar,4461015.82,111
2024-04-01,T10,Baño,2781310.89,67
2024-04-01,T10,Cocina y mesa,3519295.08,74
2024-04-01,T10,Decoracion,7177853.49,157
2024-04-01,T10,Iluminacion,7209365.11,152
2024-04-01,T10,Muebles,2133613.84,54
2024-04-01,T10,Organizacion,2768604.31,66
2024-04-01,T10,Textil hogar,2542736.53,70
2024-04-01,T11,Baño,3719140.59,77
2024-04-01,T11,Cocina y mesa,2219304.29,56
2024-04-01,T11,Decoracion,8742247.17,198
2024-04-01,T11,Iluminacion,2957754.08,73
2024-04-01,T11,Muebles,4052992.44,108
2024-04-01,T11,Organizacion,2948459.95,79
2024-04-01,T11,Textil hogar,2889079.93,78
2024-04-01,T12,Baño,2023180.31,53
2024-04-01,T12,Cocina y mesa,3006798.49,59
2024-04-01,T12,Decoracion,7712632.45,171
2024-04-01,T12,Iluminacion,2597035.92,82
2024-04-01,T12,Muebles,3655884.85,107
2024-04-01,T12,Organizacion,2550271.54,60
2024-04-01,T12,Textil hogar,2318409.0,47
2024-04-01,T13,Baño,3537359.73,73
2024-04-01,T13,Cocina y mesa,5062113.15,98
2024-04-01,T13,Decoracion,4931392.09,120
2024-04-01,T13,Iluminacion,5837423.8,126
2024-04-01,T13,Muebles,4298553.1,97
2024-04-01,T13,Organizacion,3494320.79,81
2024-04-01,T13,Textil hogar,5040488.44,118
2024-04-01,T14,Baño,1560545.53,47
2024-04-01,T14,Cocina y mesa,4452698.92,91
2024-04-01,T14,Decoracion,6697300.94,157
2024-04-01,T14,Iluminacion,5061119.95,130
2024-04-01,T14,Muebles,2807493.89,87
2024-04-01,T14,Organizacion,3124128.44,86
2024-04-01,T14,Textil hogar,2946268.18,86
2024-04-01,T15,Baño,3311915.49,85
2024-04-01,T15,Cocina y mesa,4938956.09,106
2024-04-01,T15,Decoracion,7574494.33,165
2024-04-01,T15,Iluminacion,5733958.21,116
2024-04-01,T15,Muebles,4442068.7,135
2024-04-01,T15,Organizacion,3544052.12,81
2024-04-01,T15,Textil hogar,1686847.45,58
2024-04-01,T16,Baño,2983081.31,74
2024-04-01,T16,Cocina y mesa,4529583.71,99
2024-04-01,T16,Decoracion,6497189.94,141
2024-04-01,T16,Iluminacion,5532241.22,119
2024-04-01,T16,Muebles,3699051.63,109
2024-04-01,T16,Organizacion,2184547.85,61
2024-04-01,T16,Textil hogar,3856080.58,110
2024-04-01,T17,Baño,3073123.41,73
2024-04-01,T17,Cocina y mesa,6085759.28,118
2024-04-01,T17,Decoracion,9241238.38,194
2024-04-01,T17,Iluminacion,5989718.79,130
2024-04-01,T17,Muebles,2788300.19,76
2024-04-01,T17,Organizacion,3391135.36,73
2024-04-01,T17,Textil hogar,4681294.67,103
2024-04-01,T18,Baño,2305165.04,62
2024-04-01,T18,Cocina y mesa,4813929.64,111
2024-04-01,T18,Decoracion,6288304.97,145
2024-04-01,T18,Iluminacion,4413095.38,102
2024-04-01,T18,Muebles,2936519.54,76
2024-04-01,T18,Organizacion,4960324.19,104
2024-04-01,T18,Textil hogar,4425790.64,97
2024-04-01,T19,Baño,5132881.4,108
2024-04-01,T19,Cocina y mesa,5876203.49,131
2024-04-01,T19,Decoracion,8838374.23,185
2024-04-01,T19,Iluminacion,5665031.09,148
2024-04-01,T19,Muebles,3119165.58,83
2024-04-01,T19,Organizacion,3319469.05,98
2024-04-01,T19,Textil hogar,5848820.1,133
2024-04-01,T20,Baño,2299866.94,59
2024-04-01,T20,Cocina y mesa,4146769.33,90
2024-04-01,T20,Decoracion,7020881.96,159
2024-04-01,T20,Iluminacion,5077859.06,100
2024-04-01,T20,Muebles,2972932.03,80
2024-04-01,T20,Organizacion,2021739.97,54
2024-04-01,T20,Textil hogar,3584924.47,87
2024-04-01,T21,Baño,1390346.27,38
2024-04-01,T21,Cocina y mesa,6559105.75,165
2024-04-01,T21,Decoracion,7826430.15,177
2024-04-01,T21,Iluminacion,1650474.28,69
2024-04-01,T21,Muebles,4219499.23,109
2024-04-01,T21,Organizacion,3420887.07,81
2024-04-01,T21,Textil hogar,2255657.78,68
2024-04-01,T22,Baño,2407341.63,67
2024-04-01,T22,Cocina y mesa,5649496.39,118
2024-04-01,T22,Decoracion,9412595.11,223
2024-04-01,T22,Iluminacion,4114242.11,94
2024-04-01,T22,Muebles,4273202.12,96
2024-04-01,T22,Organizacion,3687195.22,74
2024-04-01,T22,Textil hogar,4309885.65,94
2024-04-01,T23,Baño,2286697.44,64
2024-04-01,T23,Cocina y mesa,6264853.17,117
2024-04-01,T23,Decoracion,7419393.5,185
2024-04-01,T23,Iluminacion,4197130.86,124
2024-04-01,T23,Muebles,5597194.31,119
2024-04-01,T23,Organizacion,3150461.25,77
2024-04-01,T23,Textil hogar,5918760.88,146
2024-04-01,T24,Baño,2775581.65,77
2024-04-01,T24,Cocina y mesa,7394784.59,137
2024-04-01,T24,Decoracion,6504747.73,150
2024-04-01,T24,Iluminacion,5978369.36,135
2024-04-01,T24,Muebles,4162965.14,96
2024-04-01,T24,Organizacion,3278196.09,66
2024-04-01,T24,Textil hogar,7047147.74,143
2024-04-01,T25,Baño,3851883.58,93
2024-04-01,T25,Cocina y mesa,7353327.74,153
2024-04-01,T25,Decoracion,8300933.55,178
2024-04-01,T25,Iluminacion,2037741.53,46
2024-04-01,T25,Muebles,3348143.05,102
2024-04-01,T25,Organizacion,2158868.6,65
2024-04-01,T25,Textil hogar,5561251.02,127
2024-04-01,T26,Baño,4145763.41,102
2024-04-01,T26,Cocina y mesa,4736871.51,108
2024-04-01,T26,Decoracion,6969563.16,154
2024-04-01,T26,Iluminacion,3711260.64,90
2024-04-01,T26,Muebles,3478302.93,72
2024-04-01,T26,Organizacion,2546945.7,58
2024-04-01,T26,Textil hogar,4675350.86,93
2024-04-01,T27,Baño,2017859.82,51
2024-04-01,T27,Cocina y mesa,3179087.4,81
2024-04-01,T27,Decoracion,6258385.03,147
2024-04-01,T27,Iluminacion,5050805.96,111
2024-04-01,T27,Muebles,4618025.41,110
2024-04-01,T27,Organizacion,2545312.78,83
2024-04-01,T27,Textil hogar,2925780.01,69
2024-04-01,T28,Baño,2577369.91,94
2024-04-01,T28,Cocina y mesa,4972636.04,106
2024-04-01,T28,Decoracion,6406906.27,158
2024-04-01,T28,Iluminacion,3934632.78,85
2024-04-01,T28,Muebles,4971651.22,107
2024-04-01,T28,Organizacion,3449546.92,88
2024-04-01,T28,Textil hogar,3352207.46,99
2024-05-01,T01,Baño,2622938.6,76
2024-05-01,T01,Cocina y mesa,7537167.55,155
2024-05-01,T01,Decoracion,7524671.84,167
2024-05-01,T01,Iluminacion,5407808.08,122
2024-05-01,T01,Muebles,2947287.96,80
2024-05-01,T01,Organizacion,2416445.2,52
2024-05-01,T01,Textil hogar,2572851.33,75
2024-05-01,T02,Baño,1233206.15,32
2024-05-01,T02,Cocina y mesa,7170285.16,150
2024-05-01,T02,Decoracion,7132328.31,156
2024-05-01,T02,Iluminacion,4967405.61,97
2024-05-01,T02,Muebles,4519115.99,112
2024-05-01,T02,Organizacion,3385537.59,66
2024-05-01,T02,Textil hogar,3347643.18,97
2024-05-01,T03,Baño,2370535.47,74
2024-05-01,T03,Cocina y mesa,7285843.37,145
2024-05-01,T03,Decoracion,7482254.7,173
2024-05-01,T03,Iluminacion,4008741.7,85
2024-05-01,T03,Muebles,4218453.71,96
2024-05-01,T03,Organizacion,2440226.15,69
2024-05-01,T03,Textil hogar,1741870.79,46
2024-05-01,T04,Baño,2053116.05,79
2024-05-01,T04,Cocina y mesa,7380817.78,150
2024-05-01,T04,Decoracion,7597942.53,163
2024-05-01,T04,Iluminacion,5012119.72,121
2024-05-01,T04,Muebles,3203786.49,98
2024-05-01,T04,Organizacion,3595181.8,99
2024-05-01,T04,Textil hogar,3704138.56,108
2024-05-01,T05,Baño,4171201.21,80
2024-05-01,T05,Cocina y mesa,6210299.09,124
2024-05-01,T05,Decoracion,7015429.31,173
2024-05-01,T05,Iluminacion,5468437.3,129
2024-05-01,T05,Muebles,2690379.54,90
2024-05-01,T05,Organizacion,4823617.17,102
2024-05-01,T05,Textil hogar,5077467.81,103
2024-05-01,T06,Baño,3119863.98,74
2024-05-01,T06,Cocina y mesa,3270011.24,98
2024-05-01,T06,Decoracion,8083337.84,171
2024-05-01,T06,Iluminacion,6729186.36,125
2024-05-01,T06,Muebles,2586200.4,67
2024-05-01,T06,Organizacion,4778361.07,102
2024-05-01,T06,Textil hogar,6357654.4,154
2024-05-01,T07,Baño,2692733.07,63
2024-05-01,T07,Cocina y mesa,5617841.85,140
2024-05-01,T07,Decoracion,11170568.62,217
2024-05-01,T07,Iluminacion,4579802.71,128
2024-05-01,T07,Muebles,3803852.32,100
2024-05-01,T07,Organizacion,3515059.74,67
2024-05-01,T07,Textil hogar,2741189.22,95
2024-05-01,T08,Baño,3001401.83,70
2024-05-01,T08,Cocina y mesa,6334270.51,139
2024-05-01,T08,Decoracion,9529584.9,205
2024-05-01,T08,Iluminacion,3340259.79,88
2024-05-01,T08,Muebles,2021720.15,51
2024-05-01,T08,Organizacion,5926132.05,125
2024-05-01,T08,Textil hogar,4577010.91,114
2024-05-01,T09,Baño,1709607.14,61
2024-05-01,T09,Cocina y mesa,6634041.92,155
2024-05-01,T09,Decoracion,6231728.77,141
2024-05-01,T09,Iluminacion,3493634.84,95
2024-05-01,T09,Muebles,4066373.94,89
2024-05-01,T09,Organizacion,1907023.54,54
2024-05-01,T09,Textil hogar,4295705.53,113
2024-05-01,T10,Baño,2558295.62,59
2024-05-01,T10,Cocina y mesa,4084766.04,82
2024-05-01,T10,Decoracion,6373118.61,159
2024-05-01,T10,Iluminacion,6975636.73,148
2024-05-01,T10,Muebles,2285506.07,55
2024-05-01,T10,Organizacion,2950344.25,76
2024-05-01,T10,Textil hogar,3554778.09,73
2024-05-01,T11,Baño,4019169.53,91
2024-05-01,T11,Cocina y mesa,4736229.35,105
2024-05-01,T11,Decoracion,11256851.91,226
2024-05-01,T11,Iluminacion,3426788.93,85
2024-05-01,T11,Muebles,5198954.83,131
2024-05-01,T11,Organizacion,3321941.69,76
2024-05-01,T11,Textil hogar,3757337.22,111
2024-05-01,T12,Baño,2693786.81,72
2024-05-01,T12,Cocina y mesa,3084131.43,90
2024-05-01,T12,Decoracion,8906838.39,194
2024-05-01,T12,Iluminacion,2060971.85,69
2024-05-01,T12,Muebles,3931091.29,107
2024-05-01,T12,Organizacion,4097174.12,86
2024-05-01,T12,Textil hogar,2032174.94,37
2024-05-01,T13,Baño,3042276.02,66
2024-05-01,T13,Cocina y mesa,4757961.37,88
2024-05-01,T13,Decoracion,5565023.12,134
2024-05-01,T13,Iluminacion,4385905.29,110
2024-05-01,T13,Muebles,4785481.29,115
2024-05-01,T13,Organizacion,4968283.63,105
2024-05-01,T13,Textil hogar,4237641.36,111
2024-05-01,T14,Baño,1293115.56,49
2024-05-01,T14,Cocina y mesa,4001545.92,73
2024-05-01,T14,Decoracion,6373261.55,139
2024-05-01,T14,Iluminacion,3744611.31,93
2024-05-01,T14,Muebles,3924821.97,98
2024-05-01,T14,Organizacion,1655517.34,50
2024-05-01,T14,Textil hogar,3577480.41,89
2024-05-01,T15,Baño,3326955.66,79
2024-05-01,T15,Cocina y mesa,6386069.46,144
2024-05-01,T15,Decoracion,8548990.8,196
2024-05-01,T15,Iluminacion,5949880.96,122
2024-05-01,T15,Muebles,4517120.49,116
2024-05-01,T15,Organizacion,4096698.75,74
2024-05-01,T15,Textil hogar,2435459.93,76
2024-05-01,T16,Baño,2858871.83,72
2024-05-01,T16,Cocina y mesa,5910583.92,125
2024-05-01,T16,Decoracion,5528913.07,119
2024-05-01,T16,Iluminacion,3551813.57,79
2024-05-01,T16,Muebles,3589453.53,94
2024-05-01,T16,Organizacion,2252106.87,50
2024-05-01,T16,Textil hogar,3677607.74,104
2024-05-01,T17,Baño,4242945.83,83
2024-05-01,T17,Cocina y mesa,6284244.98,134
2024-05-01,T17,Decoracion,9417470.16,206
2024-05-01,T17,Iluminacion,7151261.48,150
2024-05-01,T17,Muebles,4186914.85,91
2024-05-01,T17,Organizacion,3544733.05,77
2024-05-01,T17,Textil hogar,4941498.14,113
2024-05-01,T18,Baño,3430496.8,85
2024-05-01,T18,Cocina y mesa,5308961.21,117
2024-05-01,T18,Decoracion,5923130.23,138
2024-05-01,T18,Iluminacion,6507538.14,119
2024-05-01,T18,Muebles,2401925.37,71
2024-05-01,T18,Organizacion,3325704.08,84
2024-05-01,T18,Textil hogar,5134355.76,130
2024-05-01,T19,Baño,5845190.18,124
2024-05-01,T19,Cocina y mesa,5545176.48,129
2024-05-01,T19,Decoracion,6024524.82,131
2024-05-01,T19,Iluminacion,4469657.27,115
2024-05-01,T19,Muebles,3161977.35,83
2024-05-01,T19,Organizacion,4056643.5,100
2024-05-01,T19,Textil hogar,2946619.28,67
2024-05-01,T20,Baño,2611836.03,63
2024-05-01,T20,Cocina y mesa,3650592.41,94
2024-05-01,T20,Decoracion,7323004.0,164
2024-05-01,T20,Iluminacion,5539837.74,103
2024-05-01,T20,Muebles,3376543.77,93
2024-05-01,T20,Organizacion,3274567.85,75
2024-05-01,T20,Textil hogar,5654439.02,112
2024-05-01,T21,Baño,1849818.38,47
2024-05-01,T21,Cocina y mesa,5822599.31,139
2024-05-01,T21,Decoracion,7645035.3,171
2024-05-01,T21,Iluminacion,2712455.76,74
2024-05-01,T21,Muebles,3401872.09,92
2024-05-01,T21,Organizacion,4991842.83,107
2024-05-01,T21,Textil hogar,2574402.33,74
2024-05-01,T22,Baño,1980642.66,59
2024-05-01,T22,Cocina y mesa,7740518.96,158
2024-05-01,T22,Decoracion,7264904.24,158
2024-05-01,T22,Iluminacion,5050437.61,122
2024-05-01,T22,Muebles,5408929.24,138
2024-05-01,T22,Organizacion,4169703.07,77
2024-05-01,T22,Textil hogar,5260440.01,110
2024-05-01,T23,Baño,2415223.01,64
2024-05-01,T23,Cocina y mesa,6277316.8,119
2024-05-01,T23,Decoracion,7992892.78,190
2024-05-01,T23,Iluminacion,5228183.45,126
2024-05-01,T23,Muebles,5405331.46,119
2024-05-01,T23,Organizacion,2600870.84,58
2024-05-01,T23,Textil hogar,5377244.55,132
2024-05-01,T24,Baño,3258705.08,85
2024-05-01,T24,Cocina y mesa,7772850.97,146
2024-05-01,T24,Decoracion,7566968.32,173
2024-05-01,T24,Iluminacion,5837255.19,144
2024-05-01,T24,Muebles,4515361.18,100
2024-05-01,T24,Organizacion,3895872.31,72
2024-05-01,T24,Textil hogar,6536744.17,129
2024-05-01,T25,Baño,4052675.9,98
2024-05-01,T25,Cocina y mesa,6115708.23,119
2024-05-01,T25,Decoracion,9061741.4,194
2024-05-01,T25,Iluminacion,2883885.25,69
2024-05-01,T25,Muebles,2676988.33,69
2024-05-01,T25,Organizacion,3913295.15,79
2024-05-01,T25,Textil hogar,5372921.97,108
2024-05-01,T26,Baño,2694500.51,68
2024-05-01,T26,Cocina y mesa,6001695.42,131
2024-05-01,T26,Decoracion,7594000.53,165
2024-05-01,T26,Iluminacion,4787407.85,106
2024-05-01,T26,Muebles,3760904.34,84
2024-05-01,T26,Organizacion,4257168.03,96
2024-05-01,T26,Textil hogar,3018370.95,69
2024-05-01,T27,Baño,2326336.32,60
2024-05-01,T27,Cocina y mesa,2427742.69,56
2024-05-01,T27,Decoracion,6673658.2,138
2024-05-01,T27,Iluminacion,4357689.86,121
2024-05-01,T27,Muebles,4241323.57,97
2024-05-01,T27,Organizacion,5278827.27,115
2024-05-01,T27,Textil hogar,3249704.38,83
2024-05-01,T28,Baño,2083971.21,69
2024-05-01,T28,Cocina y mesa,5177945.95,110
2024-05-01,T28,Decoracion,8856479.43,190
2024-05-01,T28,Iluminacion,4367687.41,114
2024-05-01,T28,Muebles,4443722.24,111
2024-05-01,T28,Organizacion,3726131.18,93
2024-05-01,T28,Textil hogar,3327749.95,95
2024-06-01,T01,Baño,3099303.14,83
2024-06-01,T01,Cocina y mesa,6127584.74,135
2024-06-01,T01,Decoracion,8362878.97,185
2024-06-01,T01,Iluminacion,5682375.69,116
2024-06-01,T01,Muebles,3108307.29,74
2024-06-01,T01,Organizacion,3527014.02,92
2024-06-01,T01,Textil hogar,3602798.26,77
2024-06-01,T02,Baño,2032896.57,46
2024-06-01,T02,Cocina y mesa,8123488.03,172
2024-06-01,T02,Decoracion,7329204.94,158
2024-06-01,T02,Iluminacion,4017812.3,80
2024-06-01,T02,Muebles,5955634.52,144
2024-06-01,T02,Organizacion,3802432.46,71
2024-06-01,T02,Textil hogar,4151320.61,106
2024-06-01,T03,Baño,3671240.89,98
2024-06-01,T03,Cocina y mesa,7295568.27,158
2024-06-01,T03,Decoracion,5230767.74,120
2024-06-01,T03,Iluminacion,4170079.54,86
2024-06-01,T03,Muebles,2704468.39,82
2024-06-01,T03,Organizacion,2083779.72,59
2024-06-01,T03,Textil hogar,1952106.98,65
2024-06-01,T04,Baño,1800266.14,71
2024-06-01,T04,Cocina y mesa,6776090.09,140
2024-06-01,T04,Decoracion,11235903.58,233
2024-06-01,T04,Iluminacion,6418636.06,149
2024-06-01,T04,Muebles,3905843.71,117
2024-06-01,T04,Organizacion,3285236.88,94
2024-06-01,T04,Textil hogar,4299818.86,108
2024-06-01,T05,Baño,4008000.04,86
2024-06-01,T05,Cocina y mesa,7318913.76,150
2024-06-01,T05,Decoracion,6406693.23,145
2024-06-01,T05,Iluminacion,5821442.25,109
2024-06-01,T05,Muebles,4105742.22,107
2024-06-01,T05,Organizacion,4129814.99,101
2024-06-01,T05,Textil hogar,4407216.53,113
2024-06-01,T06,Baño,2339255.14,55
2024-06-01,T06,Cocina y mesa,5588780.89,139
2024-06-01,T06,Decoracion,8866540.08,178
2024-06-01,T06,Iluminacion,6627288.89,123
2024-06-01,T06,Muebles,2844307.46,76
2024-06-01,T06,Organizacion,4485608.69,90
2024-06-01,T06,Textil hogar,5847330.99,128
2024-06-01,T07,Baño,3629976.94,78
2024-06-01,T07,Cocina y mesa,5550185.15,124
2024-06-01,T07,Decoracion,8123238.88,169
2024-06-01,T07,Iluminacion,5305126.9,148
2024-06-01,T07,Muebles,4032139.45,113
2024-06-01,T07,Organizacion,3682514.56,74
2024-06-01,T07,Textil hogar,2921506.31,93
2024-06-01,T08,Baño,2651116.16,62
2024-06-01,T08,Cocina y mesa,6334828.84,128
2024-06-01,T08,Decoracion,7639110.12,173
2024-06-01,T08,Iluminacion,4116721.31,103
2024-06-01,T08,Muebles,1093206.6,39
2024-06-01,T08,Organizacion,5427321.46,126
2024-06-01,T08,Textil hogar,2771003.35,76
2024-06-01,T09,Baño,2074533.29,64
2024-06-01,T09,Cocina y mesa,5981724.01,140
2024-06-01,T09,Decoracion,6189386.33,139
2024-06-01,T09,Iluminacion,3215236.74,84
2024-06-01,T09,Muebles,6015233.61,129
2024-06-01,T09,Organizacion,2341350.06,60
2024-06-01,T09,Textil hogar,5057392.03,125
2024-06-01,T10,Baño,3320173.89,91
2024-06-01,T10,Cocina y mesa,7119685.37,154
2024-06-01,T10,Decoracion,7166295.71,175
2024-06-01,T10,Iluminacion,7253243.74,166
2024-06-01,T10,Muebles,3444461.55,64
2024-06-01,T10,Organizacion,3090550.18,81
2024-06-01,T10,Textil hogar,5111210.23,102
2024-06-01,T11,Baño,3751153.38,93
2024-06-01,T11,Cocina y mesa,5613975.07,134
2024-06-01,T11,Decoracion,9268182.4,189
2024-06-01,T11,Iluminacion,2976498.39,83
2024-06-01,T11,Muebles,5287043.66,124
2024-06-01,T11,Organizacion,5034108.23,102
2024-06-01,T11,Textil hogar,4377318.23,118
2024-06-01,T12,Baño,2909518.93,74
2024-06-01,T12,Cocina y mesa,3634259.09,99
2024-06-01,T12,Decoracion,7234333.03,173
2024-06-01,T12,Iluminacion,2184332.06,67
2024-06-01,T12,Muebles,5405154.92,137
2024-06-01,T12,Organizacion,4852159.0,99
2024-06-01,T12,Textil hogar,2569845.93,61
2024-06-01,T13,Baño,3744482.03,83
2024-06-01,T13,Cocina y mesa,4973603.0,91
2024-06-01,T13,Decoracion,7239768.2,161
2024-06-01,T13,Iluminacion,5749961.26,139
2024-06-01,T13,Muebles,3989541.11,87
2024-06-01,T13,Organizacion,6270864.14,151
2024-06-01,T13,Textil hogar,4615932.2,123
2024-06-01,T14,Baño,1508400.84,43
2024-06-01,T14,Cocina y mesa,6935302.47,127
2024-06-01,T14,Decoracion,6655851.65,150
2024-06-01,T14,Iluminacion,5615851.45,136
2024-06-01,T14,Muebles,3607785.07,104
2024-06-01,T14,Organizacion,2619254.88,85
2024-06-01,T14,Textil hogar,3735756.19,94
2024-06-01,T15,Baño,3756389.63,99
2024-06-01,T15,Cocina y mesa,6162653.33,127
2024-06-01,T15,Decoracion,7824732.58,170
2024-06-01,T15,Iluminacion,6398999.85,140
2024-06-01,T15,Muebles,4494464.15,125
2024-06-01,T15,Organizacion,5723198.39,121
2024-06-01,T15,Textil hogar,2799686.8,80
2024-06-01,T16,Baño,3058177.53,71
2024-06-01,T16,Cocina y mesa,7033399.75,141
2024-06-01,T16,Decoracion,5133184.44,133
2024-06-01,T16,Iluminacion,4455475.9,98
2024-06-01,T16,Muebles,3110771.38,74
2024-06-01,T16,Organizacion,2939898.02,79
2024-06-01,T16,Textil hogar,3730543.33,95
2024-06-01,T17,Baño,3621724.85,69
2024-06-01,T17,Cocina y mesa,5663273.42,107
2024-06-01,T17,Decoracion,8814766.71,187
2024-06-01,T17,Iluminacion,6201551.82,139
2024-06-01,T17,Muebles,3186085.39,77
2024-06-01,T17,Organizacion,4095346.35,76
2024-06-01,T17,Textil hogar,5532680.03,134
2024-06-01,T18,Baño,2529717.33,62
2024-06-01,T18,Cocina y mesa,8094855.98,157
2024-06-01,T18,Decoracion,5909807.29,151
2024-06-01,T18,Iluminacion,6008576.16,135
2024-06-01,T18,Muebles,3079408.15,81
2024-06-01,T18,Organizacion,4273981.45,98
2024-06-01,T18,Textil hogar,6078273.38,121
2024-06-01,T19,Baño,3929290.21,88
2024-06-01,T19,Cocina y mesa,5422801.76,127
2024-06-01,T19,Decoracion,5809533.6,131
2024-06-01,T19,Iluminacion,6178749.14,160
2024-06-01,T19,Muebles,4109270.0,98
2024-06-01,T19,Organizacion,3182357.51,86
2024-06-01,T19,Textil hogar,5824007.87,135
2024-06-01,T20,Baño,2071028.95,46
2024-06-01,T20,Cocina y mesa,5204630.6,115
2024-06-01,T20,Decoracion,7883277.37,157
2024-06-01,T20,Iluminacion,5590090.46,111
2024-06-01,T20,Muebles,2541090.23,73
2024-06-01,T20,Organizacion,4286882.94,101
2024-06-01,T20,Textil hogar,5948987.2,121
2024-06-01,T21,Baño,2108893.41,59
2024-06-01,T21,Cocina y mesa,7385754.66,176
2024-06-01,T21,Decoracion,7242541.42,150
2024-06-01,T21,Iluminacion,2383278.96,78
2024-06-01,T21,Muebles,4430703.18,111
2024-06-01,T21,Organizacion,4289585.9,98
2024-06-01,T21,Textil hogar,3067944.75,76
2024-06-01,T22,Baño,2690303.6,71
2024-06-01,T22,Cocina y mesa,9065321.05,185
2024-06-01,T22,Decoracion,6922273.0,159
2024-06-01,T22,Iluminacion,4767791.12,110
2024-06-01,T22,Muebles,4310564.26,113
2024-06-01,T22,Organizacion,4738149.75,100
2024-06-01,T22,Textil hogar,3817070.36,91
2024-06-01,T23,Baño,3842628.95,86
2024-06-01,T23,Cocina y mesa,5316542.53,108
2024-06-01,T23,Decoracion,7632593.88,178
2024-06-01,T23,Iluminacion,4942015.68,117
2024-06-01,T23,Muebles,5437134.28,113
2024-06-01,T23,Organizacion,3420421.6,88
2024-06-01,T23,Textil hogar,5200579.6,130
2024-06-01,T24,Baño,3606408.13,94
2024-06-01,T24,Cocina y mesa,8090217.13,161
2024-06-01,T24,Decoracion,7153767.71,163
2024-06-01,T24,Iluminacion,5976298.79,137
2024-06-01,T24,Muebles,3804567.51,85
2024-06-01,T24,Organizacion,4919461.47,102
2024-06-01,T24,Textil hogar,5605296.87,125
2024-06-01,T25,Baño,2897323.29,67
2024-06-01,T25,Cocina y mesa,7079400.48,139
2024-06-01,T25,Decoracion,8670704.77,183
2024-06-01,T25,Iluminacion,3352395.92,78
2024-06-01,T25,Muebles,4333009.23,115
2024-06-01,T25,Organizacion,4568953.76,90
2024-06-01,T25,Textil hogar,5081211.63,115
2024-06-01,T26,Baño,3959464.79,99
2024-06-01,T26,Cocina y mesa,7750414.82,167
2024-06-01,T26,Decoracion,7141436.68,162
2024-06-01,T26,Iluminacion,6431305.94,134
2024-06-01,T26,Muebles,2955584.1,86
2024-06-01,T26,Organizacion,5052030.34,110
2024-06-01,T26,Textil hogar,3180057.19,67
2024-06-01,T27,Baño,2458564.79,58
2024-06-01,T27,Cocina y mesa,5237352.65,113
2024-06-01,T27,Decoracion,4271346.09,119
2024-06-01,T27,Iluminacion,5719776.44,125
2024-06-01,T27,Muebles,3356947.9,80
2024-06-01,T27,Organizacion,6323588.32,149
2024-06-01,T27,Textil hogar,3952523.43,84
2024-06-01,T28,Baño,2917447.64,98
2024-06-01,T28,Cocina y mesa,6322057.66,137
2024-06-01,T28,Decoracion,7187589.45,182
2024-06-01,T28,Iluminacion,4913410.86,116
2024-06-01,T28,Muebles,4375630.47,107
2024-06-01,T28,Organizacion,4207494.46,99
2024-06-01,T28,Textil hogar,4368927.07,111
2024-07-01,T01,Baño,2904867.15,80
2024-07-01,T01,Cocina y mesa,8481942.03,160
2024-07-01,T01,Decoracion,7340614.42,176
2024-07-01,T01,Iluminacion,6105720.52,136
2024-07-01,T01,Muebles,2550594.58,81
2024-07-01,T01,Organizacion,3276274.04,83
2024-07-01,T01,Textil hogar,5270120.09,122
2024-07-01,T02,Baño,2986924.18,65
2024-07-01,T02,Cocina y mesa,6236240.56,129
2024-07-01,T02,Decoracion,7872342.83,169
2024-07-01,T02,Iluminacion,3801660.32,88
2024-07-01,T02,Muebles,6260038.98,136
2024-07-01,T02,Organizacion,3296905.51,80
2024-07-01,T02,Textil hogar,3583203.26,123
2024-07-01,T03,Baño,2339040.71,64
2024-07-01,T03,Cocina y mesa,9215415.18,178
2024-07-01,T03,Decoracion,8703477.31,194
2024-07-01,T03,Iluminacion,3923049.77,83
2024-07-01,T03,Muebles,3875094.44,94
2024-07-01,T03,Organizacion,2022789.66,57
2024-07-01,T03,Textil hogar,3175822.96,77
2024-07-01,T04,Baño,2518081.14,93
2024-07-01,T04,Cocina y mesa,8531598.03,174
2024-07-01,T04,Decoracion,7811246.51,154
2024-07-01,T04,Iluminacion,6326069.47,134
2024-07-01,T04,Muebles,3299384.4,109
2024-07-01,T04,Organizacion,3501718.36,92
2024-07-01,T04,Textil hogar,4526635.89,109
2024-07-01,T05,Baño,4631287.67,87
2024-07-01,T05,Cocina y mesa,8250206.31,156
2024-07-01,T05,Decoracion,6158391.7,167
2024-07-01,T05,Iluminacion,4166246.58,125
2024-07-01,T05,Muebles,4750344.8,123
2024-07-01,T05,Organizacion,4720555.6,101
2024-07-01,T05,Textil hogar,6211941.18,143
2024-07-01,T06,Baño,1753745.87,45
2024-07-01,T06,Cocina y mesa,4900098.22,107
2024-07-01,T06,Decoracion,7005132.85,137
2024-07-01,T06,Iluminacion,6087349.91,108
2024-07-01,T06,Muebles,3247397.6,81
2024-07-01,T06,Organizacion,4131636.89,99
2024-07-01,T06,Textil hogar,4687548.22,124
2024-07-01,T07,Baño,2395168.94,58
2024-07-01,T07,Cocina y mesa,6123819.3,148
2024-07-01,T07,Decoracion,8457443.17,165
2024-07-01,T07,Iluminacion,5314604.17,149
2024-07-01,T07,Muebles,3011464.11,79
2024-07-01,T07,Organizacion,3569158.99,69
2024-07-01,T07,Textil hogar,4206449.52,97
2024-07-01,T08,Baño,2851404.76,62
2024-07-01,T08,Cocina y mesa,5768712.41,109
2024-07-01,T08,Decoracion,8096343.87,183
2024-07-01,T08,Iluminacion,5895685.14,134
2024-07-01,T08,Muebles,2063240.95,53
2024-07-01,T08,Organizacion,6089678.3,121
2024-07-01,T08,Textil hogar,5567922.84,125
2024-07-01,T09,Baño,3233332.48,89
2024-07-01,T09,Cocina y mesa,6821431.93,145
2024-07-01,T09,Decoracion,6845556.22,155
2024-07-01,T09,Iluminacion,3543165.98,88
2024-07-01,T09,Muebles,5176193.72,108
2024-07-01,T09,Organizacion,1666436.94,53
2024-07-01,T09,Textil hogar,4717714.27,125
2024-07-01,T10,Baño,2851845.63,73
2024-07-01,T10,Cocina y mesa,5058057.89,107
2024-07-01,T10,Decoracion,8670273.96,189
2024-07-01,T10,Iluminacion,6579447.82,138
2024-07-01,T10,Muebles,3633030.22,80
2024-07-01,T10,Organizacion,3104225.19,88
2024-07-01,T10,Textil hogar,6803254.56,137
2024-07-01,T11,Baño,4063922.84,100
2024-07-01,T11,Cocina y mesa,4551735.71,98
2024-07-01,T11,Decoracion,10105962.18,223
2024-07-01,T11,Iluminacion,3250621.0,90
2024-07-01,T11,Muebles,5966640.31,133
2024-07-01,T11,Organizacion,5579979.96,113
2024-07-01,T11,Textil hogar,4974143.29,115
2024-07-01,T12,Baño,2887698.85,86
2024-07-01,T12,Cocina y mesa,4556538.86,115
2024-07-01,T12,Decoracion,8590381.44,209
2024-07-01,T12,Iluminacion,2211481.54,61
2024-07-01,T12,Muebles,4404138.56,101
2024-07-01,T12,Organizacion,4430997.62,115
2024-07-01,T12,Textil hogar,2987045.76,63
2024-07-01,T13,Baño,3485794.67,82
2024-07-01,T13,Cocina y mesa,5632511.74,105
2024-07-01,T13,Decoracion,4475783.29,103
2024-07-01,T13,Iluminacion,6027100.33,142
2024-07-01,T13,Muebles,4756474.26,100
2024-07-01,T13,Organizacion,5461742.44,117
2024-07-01,T13,Textil hogar,7213745.25,158
2024-07-01,T14,Baño,1443719.48,49
2024-07-01,T14,Cocina y mesa,5369517.88,115
2024-07-01,T14,Decoracion,6263881.67,141
2024-07-01,T14,Iluminacion,3954932.67,104
2024-07-01,T14,Muebles,3938954.85,99
2024-07-01,T14,Organizacion,2302981.0,75
2024-07-01,T14,Textil hogar,3428341.56,86
2024-07-01,T15,Baño,2883790.72,82
2024-07-01,T15,Cocina y mesa,6554404.29,140
2024-07-01,T15,Decoracion,7868174.31,173
2024-07-01,T15,Iluminacion,5054753.51,112
2024-07-01,T15,Muebles,4395499.78,116
2024-07-01,T15,Organizacion,4453895.85,101
2024-07-01,T15,Textil hogar,4142265.3,102
2024-07-01,T16,Baño,2079003.85,58
2024-07-01,T16,Cocina y mesa,7767430.54,148
2024-07-01,T16,Decoracion,6053611.23,132
2024-07-01,T16,Iluminacion,4127501.33,94
2024-07-01,T16,Muebles,3769431.68,99
2024-07-01,T16,Organizacion,2838648.06,76
2024-07-01,T16,Textil hogar,4611632.64,120
2024-07-01,T17,Baño,3098454.04,75
2024-07-01,T17,Cocina y mesa,6746289.2,134
2024-07-01,T17,Decoracion,8918979.48,197
2024-07-01,T17,Iluminacion,4470497.02,107
2024-07-01,T17,Muebles,3827060.41,89
2024-07-01,T17,Organizacion,3273854.18,53
2024-07-01,T17,Textil hogar,4855046.87,96
2024-07-01,T18,Baño,2448985.37,63
2024-07-01,T18,Cocina y mesa,7845182.84,168
2024-07-01,T18,Decoracion,6191349.72,142
2024-07-01,T18,Iluminacion,6072095.95,130
2024-07-01,T18,Muebles,3165654.79,77
2024-07-01,T18,Organizacion,4926834.02,120
2024-07-01,T18,Textil hogar,6322560.28,142
2024-07-01,T19,Baño,3883916.91,77
2024-07-01,T19,Cocina y mesa,5284767.8,129
2024-07-01,T19,Decoracion,7364708.72,155
2024-07-01,T19,Iluminacion,7103468.76,173
2024-07-01,T19,Muebles,4257744.89,93
2024-07-01,T19,Organizacion,4245014.59,91
2024-07-01,T19,Textil hogar,4167144.56,92
2024-07-01,T20,Baño,2857311.39,65
2024-07-01,T20,Cocina y mesa,7400447.65,156
2024-07-01,T20,Decoracion,6315435.82,133
2024-07-01,T20,Iluminacion,7455806.61,141
2024-07-01,T20,Muebles,2860840.87,69
2024-07-01,T20,Organizacion,3493481.87,84
2024-07-01,T20,Textil hogar,4399454.01,97
2024-07-01,T21,Baño,2554322.71,65
2024-07-01,T21,Cocina y mesa,7992877.9,184
2024-07-01,T21,Decoracion,8174782.02,175
2024-07-01,T21,Iluminacion,1680781.89,41
2024-07-01,T21,Muebles,3669909.5,92
2024-07-01,T21,Organizacion,5426255.45,122
2024-07-01,T21,Textil hogar,5105474.73,107
2024-07-01,T22,Baño,2694580.74,61
2024-07-01,T22,Cocina y mesa,6244526.64,128
2024-07-01,T22,Decoracion,9683675.9,223
2024-07-01,T22,Iluminacion,4894450.99,112
2024-07-01,T22,Muebles,4246952.51,110
2024-07-01,T22,Organizacion,4974056.79,106
2024-07-01,T22,Textil hogar,6269135.23,146
2024-07-01,T23,Baño,2981926.76,74
2024-07-01,T23,Cocina y mesa,6879899.76,130
2024-07-01,T23,Decoracion,8429093.22,193
2024-07-01,T23,Iluminacion,5342585.65,130
2024-07-01,T23,Muebles,4884964.08,114
2024-07-01,T23,Organizacion,2302064.04,68
2024-07-01,T23,Textil hogar,5627335.16,130
2024-07-01,T24,Baño,3084939.06,83
2024-07-01,T24,Cocina y mesa,7134199.67,146
2024-07-01,T24,Decoracion,8946957.55,195
2024-07-01,T24,Iluminacion,7137449.13,152
2024-07-01,T24,Muebles,5958252.58,132
2024-07-01,T24,Organizacion,5140633.97,104
2024-07-01,T24,Textil hogar,6780848.56,156
2024-07-01,T25,Baño,3671656.31,90
2024-07-01,T25,Cocina y mesa,8502681.34,163
2024-07-01,T25,Decoracion,8919012.31,186
2024-07-01,T25,Iluminacion,4351647.45,87
2024-07-01,T25,Muebles,5094237.21,117
2024-07-01,T25,Organizacion,4496553.34,100
2024-07-01,T25,Textil hogar,4975530.89,108
2024-07-01,T26,Baño,3942211.75,90
2024-07-01,T26,Cocina y mesa,6903275.64,133
2024-07-01,T26,Decoracion,8038306.79,179
2024-07-01,T26,Iluminacion,4514454.73,102
2024-07-01,T26,Muebles,2397837.57,49
2024-07-01,T26,Organizacion,5250592.54,113
2024-07-01,T26,Textil hogar,4240671.36,105
2024-07-01,T27,Baño,2633825.69,59
2024-07-01,T27,Cocina y mesa,4027587.58,80
2024-07-01,T27,Decoracion,5780767.04,125
2024-07-01,T27,Iluminacion,5806535.41,164
2024-07-01,T27,Muebles,4146327.75,100
2024-07-01,T27,Organizacion,4786513.84,112
2024-07-01,T27,Textil hogar,5427296.66,130
2024-07-01,T28,Baño,2778319.98,84
2024-07-01,T28,Cocina y mesa,6724370.4,134
2024-07-01,T28,Decoracion,9461498.86,228
2024-07-01,T28,Iluminacion,5245297.48,133
2024-07-01,T28,Muebles,3020284.44,65
2024-07-01,T28,Organizacion,3668029.47,96
2024-07-01,T28,Textil hogar,3459038.5,91
2024-08-01,T01,Baño,2956857.2,82
2024-08-01,T01,Cocina y mesa,9282995.05,170
2024-08-01,T01,Decoracion,9311495.47,204
2024-08-01,T01,Iluminacion,5093032.32,102
2024-08-01,T01,Muebles,1779885.06,52
2024-08-01,T01,Organizacion,3651148.25,96
2024-08-01,T01,Textil hogar,3630398.39,101
2024-08-01,T02,Baño,2072277.53,51
2024-08-01,T02,Cocina y mesa,8470880.15,164
2024-08-01,T02,Decoracion,7809640.82,172
2024-08-01,T02,Iluminacion,3769692.13,94
2024-08-01,T02,Muebles,5065270.95,125
2024-08-01,T02,Organizacion,4763499.96,94
2024-08-01,T02,Textil hogar,4661985.27,116
2024-08-01,T03,Baño,3203968.96,89
2024-08-01,T03,Cocina y mesa,9481844.01,187
2024-08-01,T03,Decoracion,7960167.07,180
2024-08-01,T03,Iluminacion,4935130.87,102
2024-08-01,T03,Muebles,4555590.11,90
2024-08-01,T03,Organizacion,3079316.74,84
2024-08-01,T03,Textil hogar,3546648.12,91
2024-08-01,T04,Baño,1490399.88,65
2024-08-01,T04,Cocina y mesa,9695339.8,179
2024-08-01,T04,Decoracion,8260283.73,184
2024-08-01,T04,Iluminacion,6788244.16,142
2024-08-01,T04,Muebles,3926338.03,109
2024-08-01,T04,Organizacion,4607059.02,123
2024-08-01,T04,Textil hogar,3612140.5,93
2024-08-01,T05,Baño,4862418.21,96
2024-08-01,T05,Cocina y mesa,8741060.05,165
2024-08-01,T05,Decoracion,6818740.71,164
2024-08-01,T05,Iluminacion,6359034.58,139
2024-08-01,T05,Muebles,2969219.23,87
2024-08-01,T05,Organizacion,4422045.72,112
2024-08-01,T05,Textil hogar,4183292.9,104
2024-08-01,T06,Baño,2828468.18,63
2024-08-01,T06,Cocina y mesa,4599128.64,108
2024-08-01,T06,Decoracion,7416431.59,172
2024-08-01,T06,Iluminacion,7009034.76,129
2024-08-01,T06,Muebles,3164685.55,79
2024-08-01,T06,Organizacion,5523497.6,123
2024-08-01,T06,Textil hogar,6085260.72,133
2024-08-01,T07,Baño,2929801.89,63
2024-08-01,T07,Cocina y mesa,4987189.26,112
2024-08-01,T07,Decoracion,7714045.26,158
2024-08-01,T07,Iluminacion,4739009.5,124
2024-08-01,T07,Muebles,3404911.08,87
2024-08-01,T07,Organizacion,5496032.07,100
2024-08-01,T07,Textil hogar,4970198.6,130
2024-08-01,T08,Baño,3487054.18,75
2024-08-01,T08,Cocina y mesa,5090422.41,114
2024-08-01,T08,Decoracion,7334773.74,168
2024-08-01,T08,Iluminacion,4828053.84,102
2024-08-01,T08,Muebles,2377254.31,66
2024-08-01,T08,Organizacion,6285297.05,145
2024-08-01,T08,Textil hogar,6645492.91,134
2024-08-01,T09,Baño,2395599.13,68
2024-08-01,T09,Cocina y mesa,7356619.99,153
2024-08-01,T09,Decoracion,7641092.23,174
2024-08-01,T09,Iluminacion,3907163.3,106
2024-08-01,T09,Muebles,6083314.56,127
2024-08-01,T09,Organizacion,2187144.33,55
2024-08-01,T09,Textil hogar,6233779.28,148
2024-08-01,T10,Baño,2367948.4,62
2024-08-01,T10,Cocina y mesa,6294256.02,138
2024-08-01,T10,Decoracion,7607529.43,166
2024-08-01,T10,Iluminacion,5027639.05,124
2024-08-01,T10,Muebles,3882960.21,79
2024-08-01,T10,Organizacion,4296582.32,100
2024-08-01,T10,Textil hogar,6497193.4,132
2024-08-01,T11,Baño,3649935.71,86
2024-08-01,T11,Cocina y mesa,7718986.99,147
2024-08-01,T11,Decoracion,11174100.77,241
2024-08-01,T11,Iluminacion,3313566.46,84
2024-08-01,T11,Muebles,5286823.37,143
2024-08-01,T11,Organizacion,5006525.99,115
2024-08-01,T11,Textil hogar,5140558.32,138
2024-08-01,T12,Baño,2520779.25,75
2024-08-01,T12,Cocina y mesa,5506023.05,129
2024-08-01,T12,Decoracion,8423772.72,197
2024-08-01,T12,Iluminacion,2255986.57,79
2024-08-01,T12,Muebles,4479522.61,103
2024-08-01,T12,Organizacion,5425732.17,104
2024-08-01,T12,Textil hogar,3659134.93,71
2024-08-01,T13,Baño,4633468.47,95
2024-08-01,T13,Cocina y mesa,6200929.81,103
2024-08-01,T13,Decoracion,7635336.28,169
2024-08-01,T13,Iluminacion,5463865.41,139
2024-08-01,T13,Muebles,4378957.42,101
2024-08-01,T13,Organizacion,6456042.21,145
2024-08-01,T13,Textil hogar,6198716.53,150
2024-08-01,T14,Baño,1913199.17,52
2024-08-01,T14,Cocina y mesa,7329843.1,132
2024-08-01,T14,Decoracion,7104345.7,161
2024-08-01,T14,Iluminacion,5674882.76,124
2024-08-01,T14,Muebles,4468111.15,101
2024-08-01,T14,Organizacion,3024618.58,78
2024-08-01,T14,Textil hogar,4526019.44,112
2024-08-01,T15,Baño,5354488.88,132
2024-08-01,T15,Cocina y mesa,8478722.2,174
2024-08-01,T15,Decoracion,8005315.64,183
2024-08-01,T15,Iluminacion,6132434.86,114
2024-08-01,T15,Muebles,4673358.83,120
2024-08-01,T15,Organizacion,6165361.89,133
2024-08-01,T15,Textil hogar,4312770.37,108
2024-08-01,T16,Baño,3185429.55,74
2024-08-01,T16,Cocina y mesa,10015643.69,161
2024-08-01,T16,Decoracion,6367725.54,143
2024-08-01,T16,Iluminacion,3944921.01,90
2024-08-01,T16,Muebles,4548705.41,110
2024-08-01,T16,Organizacion,2609608.5,75
2024-08-01,T16,Textil hogar,4535443.17,115
2024-08-01,T17,Baño,4091219.4,93
2024-08-01,T17,Cocina y mesa,5203957.3,101
2024-08-01,T17,Decoracion,6067667.09,148
2024-08-01,T17,Iluminacion,6085774.63,136
2024-08-01,T17,Muebles,3864161.47,94
2024-08-01,T17,Organizacion,5631730.64,109
2024-08-01,T17,Textil hogar,7371065.23,150
2024-08-01,T18,Baño,3263673.88,75
2024-08-01,T18,Cocina y mesa,8217022.59,171
2024-08-01,T18,Decoracion,6586404.82,150
2024-08-01,T18,Iluminacion,5562215.88,126
2024-08-01,T18,Muebles,3300790.28,80
2024-08-01,T18,Organizacion,5085178.18,133
2024-08-01,T18,Textil hogar,4932642.53,104
2024-08-01,T19,Baño,3871720.17,82
2024-08-01,T19,Cocina y mesa,6328369.89,143
2024-08-01,T19,Decoracion,7717242.75,169
2024-08-01,T19,Iluminacion,4471351.12,125
2024-08-01,T19,Muebles,3531674.9,85
2024-08-01,T19,Organizacion,3771467.51,94
2024-08-01,T19,Textil hogar,4536743.33,110
2024-08-01,T20,Baño,3299728.7,73
2024-08-01,T20,Cocina y mesa,6947830.14,134
2024-08-01,T20,Decoracion,7116875.58,153
2024-08-01,T20,Iluminacion,7254707.56,147
2024-08-01,T20,Muebles,3092478.99,70
2024-08-01,T20,Organizacion,4461013.6,101
2024-08-01,T20,Textil hogar,8013621.21,157
2024-08-01,T21,Baño,2476871.84,61
2024-08-01,T21,Cocina y mesa,7143347.71,168
2024-08-01,T21,Decoracion,9183748.86,195
2024-08-01,T21,Iluminacion,2002702.26,57
2024-08-01,T21,Muebles,4958978.19,121
2024-08-01,T21,Organizacion,6020269.86,124
2024-08-01,T21,Textil hogar,4178620.04,95
2024-08-01,T22,Baño,3083571.56,76
2024-08-01,T22,Cocina y mesa,8191596.94,160
2024-08-01,T22,Decoracion,11101596.86,248
2024-08-01,T22,Iluminacion,5648826.2,120
2024-08-01,T22,Muebles,6773733.28,156
2024-08-01,T22,Organizacion,3225570.91,84
2024-08-01,T22,Textil hogar,7069155.38,156
2024-08-01,T23,Baño,3657605.96,95
2024-08-01,T23,Cocina y mesa,5803662.67,120
2024-08-01,T23,Decoracion,7680463.71,178
2024-08-01,T23,Iluminacion,4540494.48,114
2024-08-01,T23,Muebles,5079253.81,110
2024-08-01,T23,Organizacion,4101928.67,102
2024-08-01,T23,Textil hogar,4869020.16,128
2024-08-01,T24,Baño,2870713.21,76
2024-08-01,T24,Cocina y mesa,9600665.59,171
2024-08-01,T24,Decoracion,5625523.05,134
2024-08-01,T24,Iluminacion,6847322.04,136
2024-08-01,T24,Muebles,5013847.09,112
2024-08-01,T24,Organizacion,6075734.16,122
2024-08-01,T24,Textil hogar,5880397.7,120
2024-08-01,T25,Baño,3909224.65,84
2024-08-01,T25,Cocina y mesa,8418501.03,159
2024-08-01,T25,Decoracion,9235750.4,192
2024-08-01,T25,Iluminacion,3830991.81,88
2024-08-01,T25,Muebles,4236654.52,106
2024-08-01,T25,Organizacion,5087104.31,91
2024-08-01,T25,Textil hogar,4855241.99,96
2024-08-01,T26,Baño,4474561.84,118
2024-08-01,T26,Cocina y mesa,6509650.23,118
2024-08-01,T26,Decoracion,8175901.72,185
2024-08-01,T26,Iluminacion,5149950.03,118
2024-08-01,T26,Muebles,3079885.55,83
2024-08-01,T26,Organizacion,6274153.42,132
2024-08-01,T26,Textil hogar,4021429.41,91
2024-08-01,T27,Baño,3214752.95,65
2024-08-01,T27,Cocina y mesa,5377282.77,112
2024-08-01,T27,Decoracion,7094893.82,180
2024-08-01,T27,Iluminacion,4196885.71,109
2024-08-01,T27,Muebles,3832010.65,113
2024-08-01,T27,Organizacion,5365263.39,114
2024-08-01,T27,Textil hogar,4729844.3,120
2024-08-01,T28,Baño,2920869.33,82
2024-08-01,T28,Cocina y mesa,8692434.15,177
2024-08-01,T28,Decoracion,9132035.02,217
2024-08-01,T28,Iluminacion,5354637.85,125
2024-08-01,T28,Muebles,5317097.59,129
2024-08-01,T28,Organizacion,4466974.25,99
2024-08-01,T28,Textil hogar,5225987.13,119
2024-09-01,T01,Baño,4307502.87,108
2024-09-01,T01,Cocina y mesa,7825035.62,136
2024-09-01,T01,Decoracion,8497629.02,195
2024-09-01,T01,Iluminacion,4748657.17,103
2024-09-01,T01,Muebles,3937695.45,97
2024-09-01,T01,Organizacion,3911360.99,87
2024-09-01,T01,Textil hogar,3811506.26,90
2024-09-01,T02,Baño,1848777.93,48
2024-09-01,T02,Cocina y mesa,6437919.03,153
2024-09-01,T02,Decoracion,7808590.11,180
2024-09-01,T02,Iluminacion,3333041.98,81
2024-09-01,T02,Muebles,5574996.93,133
2024-09-01,T02,Organizacion,5235257.74,105
2024-09-01,T02,Textil hogar,3537868.28,90
2024-09-01,T03,Baño,2556335.24,80
2024-09-01,T03,Cocina y mesa,8358438.22,169
2024-09-01,T03,Decoracion,9405853.81,200
2024-09-01,T03,Iluminacion,4346147.96,90
2024-09-01,T03,Muebles,3256547.17,75
2024-09-01,T03,Organizacion,3047987.79,77
2024-09-01,T03,Textil hogar,4184134.86,93
2024-09-01,T04,Baño,2443485.65,91
2024-09-01,T04,Cocina y mesa,11118913.36,209
2024-09-01,T04,Decoracion,9158942.11,201
2024-09-01,T04,Iluminacion,6798134.88,145
2024-09-01,T04,Muebles,4157812.76,113
2024-09-01,T04,Organizacion,3547450.68,98
2024-09-01,T04,Textil hogar,5473079.82,129
2024-09-01,T05,Baño,5201262.65,96
2024-09-01,T05,Cocina y mesa,8653461.4,154
2024-09-01,T05,Decoracion,7131309.24,179
2024-09-01,T05,Iluminacion,5257153.82,125
2024-09-01,T05,Muebles,5495602.05,135
2024-09-01,T05,Organizacion,5536669.53,135
2024-09-01,T05,Textil hogar,4813005.29,120
2024-09-01,T06,Baño,3545678.32,78
2024-09-01,T06,Cocina y mesa,3684603.24,103
2024-09-01,T06,Decoracion,6627968.69,131
2024-09-01,T06,Iluminacion,6821112.6,124
2024-09-01,T06,Muebles,3131492.93,82
2024-09-01,T06,Organizacion,3226677.98,85
2024-09-01,T06,Textil hogar,4458053.69,98
2024-09-01,T07,Baño,3750314.13,80
2024-09-01,T07,Cocina y mesa,7353441.46,167
2024-09-01,T07,Decoracion,9224199.48,197
2024-09-01,T07,Iluminacion,4321825.61,116
2024-09-01,T07,Muebles,4501363.1,126
2024-09-01,T07,Organizacion,4894045.88,97
2024-09-01,T07,Textil hogar,4263923.04,120
2024-09-01,T08,Baño,3215165.65,65
2024-09-01,T08,Cocina y mesa,9004124.26,191
2024-09-01,T08,Decoracion,9243358.34,194
2024-09-01,T08,Iluminacion,5640105.48,121
2024-09-01,T08,Muebles,2338276.17,48
2024-09-01,T08,Organizacion,5181593.2,112
2024-09-01,T08,Textil hogar,5299337.42,126
2024-09-01,T09,Baño,2293985.3,67
2024-09-01,T09,Cocina y mesa,8649803.35,196
2024-09-01,T09,Decoracion,8765777.52,183
2024-09-01,T09,Iluminacion,2992219.44,102
2024-09-01,T09,Muebles,5415418.79,120
2024-09-01,T09,Organizacion,4076062.42,100
2024-09-01,T09,Textil hogar,6360474.39,141
2024-09-01,T10,Baño,2826678.8,70
2024-09-01,T10,Cocina y mesa,7151460.23,148
2024-09-01,T10,Decoracion,6640541.51,153
2024-09-01,T10,Iluminacion,7540464.41,170
2024-09-01,T10,Muebles,5237237.89,105
2024-09-01,T10,Organizacion,4387223.32,95
2024-09-01,T10,Textil hogar,4476725.83,94
2024-09-01,T11,Baño,3836240.25,97
2024-09-01,T11,Cocina y mesa,6823827.72,126
2024-09-01,T11,Decoracion,9392103.38,194
2024-09-01,T11,Iluminacion,2613081.23,84
2024-09-01,T11,Muebles,4694813.17,122
2024-09-01,T11,Organizacion,4536787.01,88
2024-09-01,T11,Textil hogar,4400191.26,119
2024-09-01,T12,Baño,3532996.23,94
2024-09-01,T12,Cocina y mesa,5006312.14,110
2024-09-01,T12,Decoracion,9635394.48,207
2024-09-01,T12,Iluminacion,2177366.18,68
2024-09-01,T12,Muebles,5334118.78,124
2024-09-01,T12,Organizacion,4182253.84,111
2024-09-01,T12,Textil hogar,3973034.07,79
2024-09-01,T13,Baño,3211804.21,71
2024-09-01,T13,Cocina y mesa,7110747.41,120
2024-09-01,T13,Decoracion,8280287.92,187
2024-09-01,T13,Iluminacion,6177391.05,132
2024-09-01,T13,Muebles,4140586.07,102
2024-09-01,T13,Organizacion,7070631.85,142
2024-09-01,T13,Textil hogar,5314094.9,121
2024-09-01,T14,Baño,1589835.87,46
2024-09-01,T14,Cocina y mesa,8086980.62,153
2024-09-01,T14,Decoracion,5868669.58,136
2024-09-01,T14,Iluminacion,4698166.86,101
2024-09-01,T14,Muebles,5927133.64,134
2024-09-01,T14,Organizacion,4371416.86,123
2024-09-01,T14,Textil hogar,4994403.93,118
2024-09-01,T15,Baño,2639546.7,72
2024-09-01,T15,Cocina y mesa,9922474.15,202
2024-09-01,T15,Decoracion,6456977.31,153
2024-09-01,T15,Iluminacion,5530265.91,118
2024-09-01,T15,Muebles,5076455.63,137
2024-09-01,T15,Organizacion,6272236.11,147
2024-09-01,T15,Textil hogar,4089754.32,97
2024-09-01,T16,Baño,2944710.0,72
2024-09-01,T16,Cocina y mesa,9949786.59,182
2024-09-01,T16,Decoracion,6195587.33,139
2024-09-01,T16,Iluminacion,5081609.25,121
2024-09-01,T16,Muebles,4036099.09,106
2024-09-01,T16,Organizacion,3494642.73,88
2024-09-01,T16,Textil hogar,5149171.83,108
2024-09-01,T17,Baño,3544904.59,75
2024-09-01,T17,Cocina y mesa,7769073.77,155
2024-09-01,T17,Decoracion,10326178.76,213
2024-09-01,T17,Iluminacion,5257417.88,113
2024-09-01,T17,Muebles,4607050.79,94
2024-09-01,T17,Organizacion,6192614.33,102
2024-09-01,T17,Textil hogar,5267055.33,113
2024-09-01,T18,Baño,3243033.13,75
2024-09-01,T18,Cocina y mesa,9018632.56,189
2024-09-01,T18,Decoracion,6948488.33,168
2024-09-01,T18,Iluminacion,6135765.37,120
2024-09-01,T18,Muebles,2647989.73,72
2024-09-01,T18,Organizacion,4686872.52,112
2024-09-01,T18,Textil hogar,4727310.78,106
2024-09-01,T19,Baño,3894930.27,93
2024-09-01,T19,Cocina y mesa,6795960.86,135
2024-09-01,T19,Decoracion,7118868.01,153
2024-09-01,T19,Iluminacion,3085218.74,108
2024-09-01,T19,Muebles,3628059.91,94
2024-09-01,T19,Organizacion,5109564.26,132
2024-09-01,T19,Textil hogar,4542532.96,119
2024-09-01,T20,Baño,3399516.27,77
2024-09-01,T20,Cocina y mesa,6920921.24,160
2024-09-01,T20,Decoracion,11733042.95,219
2024-09-01,T20,Iluminacion,5885901.53,115
2024-09-01,T20,Muebles,2383431.54,75
2024-09-01,T20,Organizacion,4125366.43,96
2024-09-01,T20,Textil hogar,8096007.24,150
2024-09-01,T21,Baño,2320863.53,49
2024-09-01,T21,Cocina y mesa,6410558.53,149
2024-09-01,T21,Decoracion,11927246.18,241
2024-09-01,T21,Iluminacion,2475774.27,72
2024-09-01,T21,Muebles,5242258.08,126
2024-09-01,T21,Organizacion,5951247.45,125
2024-09-01,T21,Textil hogar,5114570.12,113
2024-09-01,T22,Baño,2669068.29,58
2024-09-01,T22,Cocina y mesa,8093818.42,140
2024-09-01,T22,Decoracion,7274273.04,168
2024-09-01,T22,Iluminacion,5921162.24,125
2024-09-01,T22,Muebles,6339945.55,134
2024-09-01,T22,Organizacion,4361609.41,83
2024-09-01,T22,Textil hogar,4690951.64,117
2024-09-01,T23,Baño,4680072.19,103
2024-09-01,T23,Cocina y mesa,6624250.55,123
2024-09-01,T23,Decoracion,7403156.68,175
2024-09-01,T23,Iluminacion,5384593.01,118
2024-09-01,T23,Muebles,6235915.93,137
2024-09-01,T23,Organizacion,3103434.89,78
2024-09-01,T23,Textil hogar,5815544.85,140
2024-09-01,T24,Baño,2984866.62,80
2024-09-01,T24,Cocina y mesa,12376341.0,216
2024-09-01,T24,Decoracion,8375228.53,186
2024-09-01,T24,Iluminacion,6694499.48,143
2024-09-01,T24,Muebles,4985443.05,109
2024-09-01,T24,Organizacion,3271427.81,73
2024-09-01,T24,Textil hogar,6893736.83,154
2024-09-01,T25,Baño,4003668.47,94
2024-09-01,T25,Cocina y mesa,9674102.5,186
2024-09-01,T25,Decoracion,6968781.8,155
2024-09-01,T25,Iluminacion,3932388.81,88
2024-09-01,T25,Muebles,4477915.58,106
2024-09-01,T25,Organizacion,6043401.73,126
2024-09-01,T25,Textil hogar,5829164.55,123
2024-09-01,T26,Baño,3148612.95,88
2024-09-01,T26,Cocina y mesa,8229904.52,150
2024-09-01,T26,Decoracion,8919003.51,208
2024-09-01,T26,Iluminacion,3523734.89,82
2024-09-01,T26,Muebles,3956658.24,105
2024-09-01,T26,Organizacion,5235488.62,118
2024-09-01,T26,Textil hogar,3730556.45,88
2024-09-01,T27,Baño,2291131.22,42
2024-09-01,T27,Cocina y mesa,6005935.54,97
2024-09-01,T27,Decoracion,8900529.78,205
2024-09-01,T27,Iluminacion,5358885.3,134
2024-09-01,T27,Muebles,4269542.05,102
2024-09-01,T27,Organizacion,6773266.47,161
2024-09-01,T27,Textil hogar,4307672.13,111
2024-09-01,T28,Baño,2971360.89,98
2024-09-01,T28,Cocina y mesa,9908276.96,178
2024-09-01,T28,Decoracion,10613866.37,240
2024-09-01,T28,Iluminacion,6070842.19,139
2024-09-01,T28,Muebles,5153085.87,118
2024-09-01,T28,Organizacion,4312776.52,90
2024-09-01,T28,Textil hogar,4200337.31,111
2024-10-01,T01,Baño,3719676.56,99
2024-10-01,T01,Cocina y mesa,7903473.1,158
2024-10-01,T01,Decoracion,7873359.67,178
2024-10-01,T01,Iluminacion,2693691.46,76
2024-10-01,T01,Muebles,3682266.44,89
2024-10-01,T01,Organizacion,3329952.87,80
2024-10-01,T01,Textil hogar,3039878.09,82
2024-10-01,T02,Baño,1952825.55,49
2024-10-01,T02,Cocina y mesa,6819912.96,126
2024-10-01,T02,Decoracion,10539527.78,236
2024-10-01,T02,Iluminacion,4339463.4,95
2024-10-01,T02,Muebles,5130372.47,132
2024-10-01,T02,Organizacion,5001097.3,106
2024-10-01,T02,Textil hogar,3556412.84,107
2024-10-01,T03,Baño,2581383.74,78
2024-10-01,T03,Cocina y mesa,8020825.88,165
2024-10-01,T03,Decoracion,10140803.52,219
2024-10-01,T03,Iluminacion,5780901.63,110
2024-10-01,T03,Muebles,5002632.09,117
2024-10-01,T03,Organizacion,3456661.13,95
2024-10-01,T03,Textil hogar,3765260.81,95
2024-10-01,T04,Baño,3002234.11,92
2024-10-01,T04,Cocina y mesa,11691898.95,221
2024-10-01,T04,Decoracion,9785646.24,225
2024-10-01,T04,Iluminacion,6715106.93,145
2024-10-01,T04,Muebles,5681714.23,153
2024-10-01,T04,Organizacion,5461039.29,142
2024-10-01,T04,Textil hogar,4038968.68,109
2024-10-01,T05,Baño,4670738.08,89
2024-10-01,T05,Cocina y mesa,10081449.8,174
2024-10-01,T05,Decoracion,8394406.97,196
2024-10-01,T05,Iluminacion,4292774.87,109
2024-10-01,T05,Muebles,5091324.28,154
2024-10-01,T05,Organizacion,4603739.7,97
2024-10-01,T05,Textil hogar,6334399.14,148
2024-10-01,T06,Baño,2957500.93,65
2024-10-01,T06,Cocina y mesa,4569267.01,115
2024-10-01,T06,Decoracion,8074252.5,169
2024-10-01,T06,Iluminacion,5659246.39,98
2024-10-01,T06,Muebles,3044464.15,69
2024-10-01,T06,Organizacion,5340559.68,127
2024-10-01,T06,Textil hogar,5076468.71,126
2024-10-01,T07,Baño,3972592.65,92
2024-10-01,T07,Cocina y mesa,8056265.75,177
2024-10-01,T07,Decoracion,9344821.84,193
2024-10-01,T07,Iluminacion,4056402.65,107
2024-10-01,T07,Muebles,4273698.47,115
2024-10-01,T07,Organizacion,4846769.26,100
2024-10-01,T07,Textil hogar,4839547.62,122
2024-10-01,T08,Baño,3058308.97,69
2024-10-01,T08,Cocina y mesa,7624024.74,152
2024-10-01,T08,Decoracion,8816433.24,209
2024-10-01,T08,Iluminacion,5002001.22,116
2024-10-01,T08,Muebles,3808570.8,93
2024-10-01,T08,Organizacion,6420814.96,143
2024-10-01,T08,Textil hogar,6225258.71,138
2024-10-01,T09,Baño,3963554.36,96
2024-10-01,T09,Cocina y mesa,11618575.45,226
2024-10-01,T09,Decoracion,8713790.71,199
2024-10-01,T09,Iluminacion,3402109.86,92
2024-10-01,T09,Muebles,6768863.67,141
2024-10-01,T09,Organizacion,2441946.05,59
2024-10-01,T09,Textil hogar,6537695.09,146
2024-10-01,T10,Baño,1678112.61,40
2024-10-01,T10,Cocina y mesa,7257734.09,150
2024-10-01,T10,Decoracion,8032922.06,194
2024-10-01,T10,Iluminacion,6020054.93,145
2024-10-01,T10,Muebles,5010014.38,106
2024-10-01,T10,Organizacion,4052079.88,108
2024-10-01,T10,Textil hogar,4026649.27,81
2024-10-01,T11,Baño,3266657.37,74
2024-10-01,T11,Cocina y mesa,7278770.23,146
2024-10-01,T11,Decoracion,11227503.26,239
2024-10-01,T11,Iluminacion,2568484.19,77
2024-10-01,T11,Muebles,5944570.64,161
2024-10-01,T11,Organizacion,6007196.46,109
2024-10-01,T11,Textil hogar,5877431.6,123
2024-10-01,T12,Baño,4025745.43,98
2024-10-01,T12,Cocina y mesa,5560093.19,114
2024-10-01,T12,Decoracion,10288779.13,235
2024-10-01,T12,Iluminacion,2438497.07,78
2024-10-01,T12,Muebles,4874128.48,105
2024-10-01,T12,Organizacion,4476867.84,116
2024-10-01,T12,Textil hogar,4325196.78,91
2024-10-01,T13,Baño,3844498.62,75
2024-10-01,T13,Cocina y mesa,8484206.1,148
2024-10-01,T13,Decoracion,5694108.54,151
2024-10-01,T13,Iluminacion,6502465.8,134
2024-10-01,T13,Muebles,5278209.12,117
2024-10-01,T13,Organizacion,7468522.09,166
2024-10-01,T13,Textil hogar,5756864.67,147
2024-10-01,T14,Baño,1795910.13,58
2024-10-01,T14,Cocina y mesa,7946964.07,144
2024-10-01,T14,Decoracion,6435123.78,159
2024-10-01,T14,Iluminacion,4819776.16,125
2024-10-01,T14,Muebles,4244924.74,104
2024-10-01,T14,Organizacion,2580113.35,80
2024-10-01,T14,Textil hogar,4613566.53,91
2024-10-01,T15,Baño,3633044.94,102
2024-10-01,T15,Cocina y mesa,9187021.27,196
2024-10-01,T15,Decoracion,6853634.53,168
2024-10-01,T15,Iluminacion,5626463.96,127
2024-10-01,T15,Muebles,4798083.55,111
2024-10-01,T15,Organizacion,5758938.4,133
2024-10-01,T15,Textil hogar,5325036.72,136
2024-10-01,T16,Baño,3771885.92,88
2024-10-01,T16,Cocina y mesa,8494878.64,165
2024-10-01,T16,Decoracion,4926546.99,118
2024-10-01,T16,Iluminacion,5715945.95,136
2024-10-01,T16,Muebles,3428161.45,92
2024-10-01,T16,Organizacion,3082536.95,84
2024-10-01,T16,Textil hogar,4910847.81,113
2024-10-01,T17,Baño,2724203.87,58
2024-10-01,T17,Cocina y mesa,8258519.69,162
2024-10-01,T17,Decoracion,9101865.72,200
2024-10-01,T17,Iluminacion,6136422.61,131
2024-10-01,T17,Muebles,3402450.18,71
2024-10-01,T17,Organizacion,3472389.1,68
2024-10-01,T17,Textil hogar,6559927.81,140
2024-10-01,T18,Baño,3301654.08,77
2024-10-01,T18,Cocina y mesa,8760161.48,151
2024-10-01,T18,Decoracion,6340478.9,143
2024-10-01,T18,Iluminacion,6788341.08,138
2024-10-01,T18,Muebles,3924352.71,80
2024-10-01,T18,Organizacion,5233311.56,129
2024-10-01,T18,Textil hogar,5645491.65,135
2024-10-01,T19,Baño,6120622.8,134
2024-10-01,T19,Cocina y mesa,8409139.47,163
2024-10-01,T19,Decoracion,7134966.64,155
2024-10-01,T19,Iluminacion,4526029.04,122
2024-10-01,T19,Muebles,4515955.06,102
2024-10-01,T19,Organizacion,5209227.23,115
2024-10-01,T19,Textil hogar,4580012.93,123
2024-10-01,T20,Baño,2563953.73,70
2024-10-01,T20,Cocina y mesa,6611558.35,146
2024-10-01,T20,Decoracion,10538776.74,210
2024-10-01,T20,Iluminacion,5722294.62,116
2024-10-01,T20,Muebles,3863585.41,93
2024-10-01,T20,Organizacion,5376997.76,120
2024-10-01,T20,Textil hogar,5357638.76,102
2024-10-01,T21,Baño,3343791.58,81
2024-10-01,T21,Cocina y mesa,8253134.18,185
2024-10-01,T21,Decoracion,11014727.73,227
2024-10-01,T21,Iluminacion,2614635.05,84
2024-10-01,T21,Muebles,5122649.42,117
2024-10-01,T21,Organizacion,4373869.82,102
2024-10-01,T21,Textil hogar,4242714.42,106
2024-10-01,T22,Baño,3800787.33,79
2024-10-01,T22,Cocina y mesa,7488658.32,158
2024-10-01,T22,Decoracion,8020308.07,191
2024-10-01,T22,Iluminacion,3742820.06,85
2024-10-01,T22,Muebles,4744700.92,109
2024-10-01,T22,Organizacion,5717547.37,123
2024-10-01,T22,Textil hogar,7036944.27,136
2024-10-01,T23,Baño,2628222.07,64
2024-10-01,T23,Cocina y mesa,5097783.75,108
2024-10-01,T23,Decoracion,8753622.49,204
2024-10-01,T23,Iluminacion,4785988.8,120
2024-10-01,T23,Muebles,6699832.84,154
2024-10-01,T23,Organizacion,3936250.04,97
2024-10-01,T23,Textil hogar,5245672.21,136
2024-10-01,T24,Baño,4062894.55,104
2024-10-01,T24,Cocina y mesa,7224370.47,138
2024-10-01,T24,Decoracion,9632169.0,221
2024-10-01,T24,Iluminacion,6237183.35,128
2024-10-01,T24,Muebles,5782160.56,119
2024-10-01,T24,Organizacion,6603387.75,129
2024-10-01,T24,Textil hogar,8256619.5,177
2024-10-01,T25,Baño,4214589.11,97
2024-10-01,T25,Cocina y mesa,6935083.74,130
2024-10-01,T25,Decoracion,7542558.91,153
2024-10-01,T25,Iluminacion,3156238.3,67
2024-10-01,T25,Muebles,5114662.51,124
2024-10-01,T25,Organizacion,4595825.01,94
2024-10-01,T25,Textil hogar,6516863.83,132
2024-10-01,T26,Baño,4254316.5,102
2024-10-01,T26,Cocina y mesa,8310663.01,161
2024-10-01,T26,Decoracion,8273616.65,186
2024-10-01,T26,Iluminacion,4182433.77,79
2024-10-01,T26,Muebles,3169166.93,89
2024-10-01,T26,Organizacion,7102879.28,137
2024-10-01,T26,Textil hogar,4624240.08,110
2024-10-01,T27,Baño,3149900.46,78
2024-10-01,T27,Cocina y mesa,7420036.61,132
2024-10-01,T27,Decoracion,7479818.46,170
2024-10-01,T27,Iluminacion,5596654.35,130
2024-10-01,T27,Muebles,3999321.66,113
2024-10-01,T27,Organizacion,5366115.38,132
2024-10-01,T27,Textil hogar,3630699.54,87
2024-10-01,T28,Baño,3235155.04,98
2024-10-01,T28,Cocina y mesa,9815127.25,180
2024-10-01,T28,Decoracion,9819737.2,220
2024-10-01,T28,Iluminacion,4362986.39,116
2024-10-01,T28,Muebles,5146314.87,112
2024-10-01,T28,Organizacion,5600285.84,139
2024-10-01,T28,Textil hogar,4078362.72,114
2024-11-01,T01,Baño,3836706.49,93
2024-11-01,T01,Cocina y mesa,8781344.56,152
2024-11-01,T01,Decoracion,8956766.5,205
2024-11-01,T01,Iluminacion,5172908.12,124
2024-11-01,T01,Muebles,3487555.7,88
2024-11-01,T01,Organizacion,3963532.6,80
2024-11-01,T01,Textil hogar,3853187.63,96
2024-11-01,T02,Baño,2276577.87,56
2024-11-01,T02,Cocina y mesa,8541274.4,174
2024-11-01,T02,Decoracion,11359523.75,267
2024-11-01,T02,Iluminacion,3327809.38,76
2024-11-01,T02,Muebles,6108454.16,153
2024-11-01,T02,Organizacion,5135188.32,107
2024-11-01,T02,Textil hogar,4782754.31,122
2024-11-01,T03,Baño,3857531.68,94
2024-11-01,T03,Cocina y mesa,8556016.95,169
2024-11-01,T03,Decoracion,9993222.97,247
2024-11-01,T03,Iluminacion,5179033.76,111
2024-11-01,T03,Muebles,4575717.47,108
2024-11-01,T03,Organizacion,3644044.43,103
2024-11-01,T03,Textil hogar,4592174.81,99
2024-11-01,T04,Baño,2619154.49,98
2024-11-01,T04,Cocina y mesa,10607860.45,205
2024-11-01,T04,Decoracion,8759996.92,188
2024-11-01,T04,Iluminacion,6080813.3,142
2024-11-01,T04,Muebles,3689996.84,108
2024-11-01,T04,Organizacion,5099951.28,135
2024-11-01,T04,Textil hogar,4162497.91,120
2024-11-01,T05,Baño,3927339.57,74
2024-11-01,T05,Cocina y mesa,8615549.06,160
2024-11-01,T05,Decoracion,8393166.37,206
2024-11-01,T05,Iluminacion,5363125.29,116
2024-11-01,T05,Muebles,3079553.64,93
2024-11-01,T05,Organizacion,5327940.41,118
2024-11-01,T05,Textil hogar,5051248.45,133
2024-11-01,T06,Baño,3665875.38,75
2024-11-01,T06,Cocina y mesa,6896620.14,159
2024-11-01,T06,Decoracion,8772830.83,194
2024-11-01,T06,Iluminacion,4999824.63,105
2024-11-01,T06,Muebles,3215473.64,82
2024-11-01,T06,Organizacion,4545720.77,116
2024-11-01,T06,Textil hogar,6557318.76,139
2024-11-01,T07,Baño,4219322.3,88
2024-11-01,T07,Cocina y mesa,7082857.47,159
2024-11-01,T07,Decoracion,10669616.77,234
2024-11-01,T07,Iluminacion,5334811.3,140
2024-11-01,T07,Muebles,4031669.77,104
2024-11-01,T07,Organizacion,5520712.27,98
2024-11-01,T07,Textil hogar,4851817.74,134
2024-11-01,T08,Baño,3637663.82,67
2024-11-01,T08,Cocina y mesa,8338113.51,164
2024-11-01,T08,Decoracion,7596008.74,175
2024-11-01,T08,Iluminacion,3963978.34,93
2024-11-01,T08,Muebles,3922690.11,92
2024-11-01,T08,Organizacion,4637761.97,100
2024-11-01,T08,Textil hogar,7428039.31,161
2024-11-01,T09,Baño,2764306.07,73
2024-11-01,T09,Cocina y mesa,10328433.84,213
2024-11-01,T09,Decoracion,8875986.32,194
2024-11-01,T09,Iluminacion,1396537.39,70
2024-11-01,T09,Muebles,7573981.92,160
2024-11-01,T09,Organizacion,2932365.5,82
2024-11-01,T09,Textil hogar,6806114.77,157
2024-11-01,T10,Baño,3383100.51,84
2024-11-01,T10,Cocina y mesa,7215735.37,138
2024-11-01,T10,Decoracion,6944022.2,162
2024-11-01,T10,Iluminacion,6742744.46,155
2024-11-01,T10,Muebles,3786819.43,85
2024-11-01,T10,Organizacion,4392258.12,114
2024-11-01,T10,Textil hogar,5448199.1,122
2024-11-01,T11,Baño,4861436.08,109
2024-11-01,T11,Cocina y mesa,6055555.54,127
2024-11-01,T11,Decoracion,9919679.02,221
2024-11-01,T11,Iluminacion,2386878.23,75
2024-11-01,T11,Muebles,4643652.42,117
2024-11-01,T11,Organizacion,5171476.33,99
2024-11-01,T11,Textil hogar,6778772.86,145
2024-11-01,T12,Baño,3595967.66,95
2024-11-01,T12,Cocina y mesa,7463443.89,148
2024-11-01,T12,Decoracion,9856962.87,222
2024-11-01,T12,Iluminacion,2616296.95,78
2024-11-01,T12,Muebles,3828923.27,85
2024-11-01,T12,Organizacion,6647129.74,155
2024-11-01,T12,Textil hogar,4820591.84,103
2024-11-01,T13,Baño,3547159.38,68
2024-11-01,T13,Cocina y mesa,8004422.25,156
2024-11-01,T13,Decoracion,5075593.71,120
2024-11-01,T13,Iluminacion,5300571.26,108
2024-11-01,T13,Muebles,4831569.45,107
2024-11-01,T13,Organizacion,6660431.23,147
2024-11-01,T13,Textil hogar,5435835.06,148
2024-11-01,T14,Baño,1968407.43,57
2024-11-01,T14,Cocina y mesa,8013360.4,158
2024-11-01,T14,Decoracion,7684759.54,177
2024-11-01,T14,Iluminacion,5267640.05,115
2024-11-01,T14,Muebles,4819053.95,133
2024-11-01,T14,Organizacion,3510924.08,101
2024-11-01,T14,Textil hogar,4187511.25,99
2024-11-01,T15,Baño,4933558.71,135
2024-11-01,T15,Cocina y mesa,8832327.77,187
2024-11-01,T15,Decoracion,10342299.05,253
2024-11-01,T15,Iluminacion,6492442.58,149
2024-11-01,T15,Muebles,5601948.25,135
2024-11-01,T15,Organizacion,6446822.72,130
2024-11-01,T15,Textil hogar,5407117.41,125
2024-11-01,T16,Baño,3639103.15,78
2024-11-01,T16,Cocina y mesa,8331153.55,168
2024-11-01,T16,Decoracion,6249540.45,158
2024-11-01,T16,Iluminacion,4176214.53,92
2024-11-01,T16,Muebles,4756090.65,113
2024-11-01,T16,Organizacion,2988811.23,81
2024-11-01,T16,Textil hogar,5549329.61,120
2024-11-01,T17,Baño,3395500.38,80
2024-11-01,T17,Cocina y mesa,4623142.8,120
2024-11-01,T17,Decoracion,9410835.97,218
2024-11-01,T17,Iluminacion,3364626.91,52
2024-11-01,T17,Muebles,3931037.89,96
2024-11-01,T17,Organizacion,5961848.87,112
2024-11-01,T17,Textil hogar,7647695.12,159
2024-11-01,T18,Baño,3283717.24,79
2024-11-01,T18,Cocina y mesa,9858403.1,186
2024-11-01,T18,Decoracion,6831583.91,183
2024-11-01,T18,Iluminacion,4915541.28,115
2024-11-01,T18,Muebles,3687992.15,79
2024-11-01,T18,Organizacion,6564589.85,155
2024-11-01,T18,Textil hogar,4718367.86,106
2024-11-01,T19,Baño,5385332.86,112
2024-11-01,T19,Cocina y mesa,8871048.26,163
2024-11-01,T19,Decoracion,7632017.31,175
2024-11-01,T19,Iluminacion,6296933.32,149
2024-11-01,T19,Muebles,5432030.66,126
2024-11-01,T19,Organizacion,5832989.59,153
2024-11-01,T19,Textil hogar,5199477.09,117
2024-11-01,T20,Baño,3048178.86,73
2024-11-01,T20,Cocina y mesa,8020016.82,178
2024-11-01,T20,Decoracion,10609049.65,231
2024-11-01,T20,Iluminacion,5865924.28,114
2024-11-01,T20,Muebles,4486601.29,113
2024-11-01,T20,Organizacion,3691360.08,86
2024-11-01,T20,Textil hogar,6913438.4,141
2024-11-01,T21,Baño,2334699.2,57
2024-11-01,T21,Cocina y mesa,7219369.94,168
2024-11-01,T21,Decoracion,11562284.81,227
2024-11-01,T21,Iluminacion,2523539.54,77
2024-11-01,T21,Muebles,4102647.33,99
2024-11-01,T21,Organizacion,6763609.42,145
2024-11-01,T21,Textil hogar,5120225.04,111
2024-11-01,T22,Baño,3245432.87,81
2024-11-01,T22,Cocina y mesa,8591493.74,173
2024-11-01,T22,Decoracion,7801340.16,183
2024-11-01,T22,Iluminacion,4753329.98,99
2024-11-01,T22,Muebles,3295526.23,89
2024-11-01,T22,Organizacion,5317454.13,111
2024-11-01,T22,Textil hogar,7427917.47,157
2024-11-01,T23,Baño,3157154.8,76
2024-11-01,T23,Cocina y mesa,7998574.29,162
2024-11-01,T23,Decoracion,8974308.86,203
2024-11-01,T23,Iluminacion,5053968.05,133
2024-11-01,T23,Muebles,5377383.3,132
2024-11-01,T23,Organizacion,4696304.43,114
2024-11-01,T23,Textil hogar,7487909.86,164
2024-11-01,T24,Baño,2570085.41,72
2024-11-01,T24,Cocina y mesa,11812095.71,219
2024-11-01,T24,Decoracion,8208082.98,204
2024-11-01,T24,Iluminacion,7376850.54,157
2024-11-01,T24,Muebles,5050162.87,110
2024-11-01,T24,Organizacion,5363756.75,118
2024-11-01,T24,Textil hogar,7734037.71,175
2024-11-01,T25,Baño,4655249.13,105
2024-11-01,T25,Cocina y mesa,9464172.2,181
2024-11-01,T25,Decoracion,9265787.34,219
2024-11-01,T25,Iluminacion,3842377.49,87
2024-11-01,T25,Muebles,6350006.83,162
2024-11-01,T25,Organizacion,6383857.78,141
2024-11-01,T25,Textil hogar,5516136.83,121
2024-11-01,T26,Baño,3290504.61,90
2024-11-01,T26,Cocina y mesa,7328923.12,153
2024-11-01,T26,Decoracion,8262179.66,191
2024-11-01,T26,Iluminacion,3903926.64,89
2024-11-01,T26,Muebles,2577634.61,80
2024-11-01,T26,Organizacion,3753250.45,99
2024-11-01,T26,Textil hogar,6163460.49,126
2024-11-01,T27,Baño,3714629.64,79
2024-11-01,T27,Cocina y mesa,8515280.64,150
2024-11-01,T27,Decoracion,7674337.19,179
2024-11-01,T27,Iluminacion,5531321.62,130
2024-11-01,T27,Muebles,4013606.44,112
2024-11-01,T27,Organizacion,6283316.84,135
2024-11-01,T27,Textil hogar,4506466.24,112
2024-11-01,T28,Baño,2876833.72,93
2024-11-01,T28,Cocina y mesa,11030622.47,217
2024-11-01,T28,Decoracion,10070201.09,222
2024-11-01,T28,Iluminacion,2696194.67,87
2024-11-01,T28,Muebles,6166548.14,140
2024-11-01,T28,Organizacion,4591372.76,114
2024-11-01,T28,Textil hogar,5011247.64,117
2024-12-01,T01,Baño,2242236.09,62
2024-12-01,T01,Cocina y mesa,9092423.16,170
2024-12-01,T01,Decoracion,9883270.0,250
2024-12-01,T01,Iluminacion,4313466.75,103
2024-12-01,T01,Muebles,3572895.52,83
2024-12-01,T01,Organizacion,4281995.13,91
2024-12-01,T01,Textil hogar,3305720.03,93
2024-12-01,T02,Baño,1795237.05,37
2024-12-01,T02,Cocina y mesa,9992337.03,197
2024-12-01,T02,Decoracion,8242213.04,204
2024-12-01,T02,Iluminacion,3362685.34,85
2024-12-01,T02,Muebles,4810916.21,144
2024-12-01,T02,Organizacion,5977294.42,121
2024-12-01,T02,Textil hogar,5021420.04,143
2024-12-01,T03,Baño,4175071.85,102
2024-12-01,T03,Cocina y mesa,5957431.94,119
2024-12-01,T03,Decoracion,9684785.41,220
2024-12-01,T03,Iluminacion,4968651.31,105
2024-12-01,T03,Muebles,5981623.46,109
2024-12-01,T03,Organizacion,3668564.92,87
2024-12-01,T03,Textil hogar,3533496.58,83
2024-12-01,T04,Baño,3373678.24,98
2024-12-01,T04,Cocina y mesa,8914402.7,167
2024-12-01,T04,Decoracion,10185954.06,228
2024-12-01,T04,Iluminacion,7234151.59,151
2024-12-01,T04,Muebles,3880172.29,109
2024-12-01,T04,Organizacion,3708543.14,115
2024-12-01,T04,Textil hogar,5047577.21,119
2024-12-01,T05,Baño,4651117.82,92
2024-12-01,T05,Cocina y mesa,6580521.92,128
2024-12-01,T05,Decoracion,7165564.72,203
2024-12-01,T05,Iluminacion,4967216.21,113
2024-12-01,T05,Muebles,4757103.68,118
2024-12-01,T05,Organizacion,6109839.44,124
2024-12-01,T05,Textil hogar,5355998.73,141
2024-12-01,T06,Baño,4102568.31,84
2024-12-01,T06,Cocina y mesa,5429071.8,117
2024-12-01,T06,Decoracion,9014576.63,199
2024-12-01,T06,Iluminacion,5785778.78,120
2024-12-01,T06,Muebles,3626607.93,90
2024-12-01,T06,Organizacion,6587960.76,144
2024-12-01,T06,Textil hogar,6626759.15,147
2024-12-01,T07,Baño,3223555.77,77
2024-12-01,T07,Cocina y mesa,5764600.31,134
2024-12-01,T07,Decoracion,7926304.18,173
2024-12-01,T07,Iluminacion,4918530.86,151
2024-12-01,T07,Muebles,5404846.62,140
2024-12-01,T07,Organizacion,5521959.37,105
2024-12-01,T07,Textil hogar,4975843.06,144
2024-12-01,T08,Baño,2963568.98,68
2024-12-01,T08,Cocina y mesa,8965168.87,155
2024-12-01,T08,Decoracion,12392829.62,287
2024-12-01,T08,Iluminacion,4837760.61,124
2024-12-01,T08,Muebles,3502961.5,96
2024-12-01,T08,Organizacion,6420341.07,149
2024-12-01,T08,Textil hogar,6162738.65,145
2024-12-01,T09,Baño,3317197.86,86
2024-12-01,T09,Cocina y mesa,10055523.21,188
2024-12-01,T09,Decoracion,10848176.61,240
2024-12-01,T09,Iluminacion,3329147.88,89
2024-12-01,T09,Muebles,7705142.7,166
2024-12-01,T09,Organizacion,3318928.55,88
2024-12-01,T09,Textil hogar,6081603.04,142
2024-12-01,T10,Baño,2802385.5,69
2024-12-01,T10,Cocina y mesa,7542107.85,158
2024-12-01,T10,Decoracion,7076177.31,168
2024-12-01,T10,Iluminacion,4540571.39,114
2024-12-01,T10,Muebles,4921682.02,105
2024-12-01,T10,Organizacion,3217953.51,104
2024-12-01,T10,Textil hogar,5792588.62,125
2024-12-01,T11,Baño,3931601.13,92
2024-12-01,T11,Cocina y mesa,8242123.66,159
2024-12-01,T11,Decoracion,14524822.62,310
2024-12-01,T11,Iluminacion,2757100.69,95
2024-12-01,T11,Muebles,6026684.59,150
2024-12-01,T11,Organizacion,5490639.11,115
2024-12-01,T11,Textil hogar,5108501.11,130
2024-12-01,T12,Baño,3720716.4,104
2024-12-01,T12,Cocina y mesa,7094504.17,151
2024-12-01,T12,Decoracion,11618370.87,244
2024-12-01,T12,Iluminacion,2106463.07,57
2024-12-01,T12,Muebles,5381549.82,120
2024-12-01,T12,Organizacion,4675881.04,103
2024-12-01,T12,Textil hogar,4560674.91,95
2024-12-01,T13,Baño,3559853.19,73
2024-12-01,T13,Cocina y mesa,8944591.71,155
2024-12-01,T13,Decoracion,7268223.78,172
2024-12-01,T13,Iluminacion,5521112.98,135
2024-12-01,T13,Muebles,3868516.86,96
2024-12-01,T13,Organizacion,6990991.24,147
2024-12-01,T13,Textil hogar,6581153.83,162
2024-12-01,T14,Baño,2178918.93,58
2024-12-01,T14,Cocina y mesa,7177190.35,137
2024-12-01,T14,Decoracion,5745379.94,143
2024-12-01,T14,Iluminacion,5227830.73,130
2024-12-01,T14,Muebles,6786368.22,142
2024-12-01,T14,Organizacion,3709188.2,106
2024-12-01,T14,Textil hogar,4706476.57,112
2024-12-01,T15,Baño,2938970.21,78
2024-12-01,T15,Cocina y mesa,10488077.85,210
2024-12-01,T15,Decoracion,9683376.66,225
2024-12-01,T15,Iluminacion,6355500.87,145
2024-12-01,T15,Muebles,5603104.06,134
2024-12-01,T15,Organizacion,5642947.78,124
2024-12-01,T15,Textil hogar,3935928.34,102
2024-12-01,T16,Baño,3454538.92,84
2024-12-01,T16,Cocina y mesa,9256309.03,167
2024-12-01,T16,Decoracion,6596540.34,160
2024-12-01,T16,Iluminacion,3650481.18,96
2024-12-01,T16,Muebles,4757768.69,124
2024-12-01,T16,Organizacion,2891070.17,85
2024-12-01,T16,Textil hogar,7167603.4,167
2024-12-01,T17,Baño,2946200.36,70
2024-12-01,T17,Cocina y mesa,7142914.17,151
2024-12-01,T17,Decoracion,8149662.78,188
2024-12-01,T17,Iluminacion,5548676.33,138
2024-12-01,T17,Muebles,3807791.84,89
2024-12-01,T17,Organizacion,5049997.7,114
2024-12-01,T17,Textil hogar,7940091.11,161
2024-12-01,T18,Baño,3086383.39,74
2024-12-01,T18,Cocina y mesa,8172253.94,173
2024-12-01,T18,Decoracion,9224285.4,217
2024-12-01,T18,Iluminacion,5433460.91,120
2024-12-01,T18,Muebles,3836803.5,84
2024-12-01,T18,Organizacion,4999914.95,113
2024-12-01,T18,Textil hogar,7038048.03,159
2024-12-01,T19,Baño,5145269.51,108
2024-12-01,T19,Cocina y mesa,7077695.11,155
2024-12-01,T19,Decoracion,10731795.15,228
2024-12-01,T19,Iluminacion,6935725.54,176
2024-12-01,T19,Muebles,4764892.07,132
2024-12-01,T19,Organizacion,5323352.59,143
2024-12-01,T19,Textil hogar,5236161.57,126
2024-12-01,T20,Baño,3708279.45,82
2024-12-01,T20,Cocina y mesa,6052718.14,142
2024-12-01,T20,Decoracion,7210640.99,153
2024-12-01,T20,Iluminacion,5559245.11,115
2024-12-01,T20,Muebles,4065962.71,92
2024-12-01,T20,Organizacion,4759188.78,110
2024-12-01,T20,Textil hogar,8235631.77,146
2024-12-01,T21,Baño,2006171.67,50
2024-12-01,T21,Cocina y mesa,7762496.05,178
2024-12-01,T21,Decoracion,13788299.9,284
2024-12-01,T21,Iluminacion,3445502.47,101
2024-12-01,T21,Muebles,3915489.78,99
2024-12-01,T21,Organizacion,6762603.17,134
2024-12-01,T21,Textil hogar,4324219.06,98
2024-12-01,T22,Baño,3100140.16,72
2024-12-01,T22,Cocina y mesa,9331631.52,182
2024-12-01,T22,Decoracion,9174408.56,220
2024-12-01,T22,Iluminacion,4739476.58,108
2024-12-01,T22,Muebles,6393926.29,132
2024-12-01,T22,Organizacion,5100133.6,98
2024-12-01,T22,Textil hogar,7260862.72,163
2024-12-01,T23,Baño,3493129.75,80
2024-12-01,T23,Cocina y mesa,8343761.77,170
2024-12-01,T23,Decoracion,10203105.76,237
2024-12-01,T23,Iluminacion,5835384.63,135
2024-12-01,T23,Muebles,6720781.5,162
2024-12-01,T23,Organizacion,5185493.9,126
2024-12-01,T23,Textil hogar,7074914.42,181
2024-12-01,T24,Baño,3833589.7,92
2024-12-01,T24,Cocina y mesa,12811294.36,235
2024-12-01,T24,Decoracion,7250275.18,174
2024-12-01,T24,Iluminacion,5723940.68,132
2024-12-01,T24,Muebles,6305364.03,138
2024-12-01,T24,Organizacion,6666971.72,140
2024-12-01,T24,Textil hogar,8871339.16,192
2024-12-01,T25,Baño,3698694.74,89
2024-12-01,T25,Cocina y mesa,10504370.19,190
2024-12-01,T25,Decoracion,8741187.82,191
2024-12-01,T25,Iluminacion,3549923.23,81
2024-12-01,T25,Muebles,3942296.29,115
2024-12-01,T25,Organizacion,5844034.45,138
2024-12-01,T25,Textil hogar,7638875.54,149
2024-12-01,T26,Baño,4739108.35,120
2024-12-01,T26,Cocina y mesa,8251160.2,166
2024-12-01,T26,Decoracion,9878568.3,238
2024-12-01,T26,Iluminacion,5084473.87,128
2024-12-01,T26,Muebles,2797061.56,74
2024-12-01,T26,Organizacion,6235673.8,122
2024-12-01,T26,Textil hogar,4220003.57,101
2024-12-01,T27,Baño,3261629.3,70
2024-12-01,T27,Cocina y mesa,6614392.42,124
2024-12-01,T27,Decoracion,8957653.12,204
2024-12-01,T27,Iluminacion,6848139.94,180
2024-12-01,T27,Muebles,4531872.56,122
2024-12-01,T27,Organizacion,5854126.52,139
2024-12-01,T27,Textil hogar,4641376.12,110
2024-12-01,T28,Baño,3039710.62,80
2024-12-01,T28,Cocina y mesa,8998646.4,184
2024-12-01,T28,Decoracion,10897438.54,247
2024-12-01,T28,Iluminacion,2904696.39,76
2024-12-01,T28,Muebles,4837915.69,103
2024-12-01,T28,Organizacion,4182360.92,114
2024-12-01,T28,Textil hogar,4458762.92,126
2025-01-01,T01,Baño,2772151.97,80
2025-01-01,T01,Cocina y mesa,8151361.43,158
2025-01-01,T01,Decoracion,8220755.96,200
2025-01-01,T01,Iluminacion,4152661.3,102
2025-01-01,T01,Muebles,4550533.59,109
2025-01-01,T01,Organizacion,4348507.1,117
2025-01-01,T01,Textil hogar,4965462.02,120
2025-01-01,T02,Baño,2487882.16,56
2025-01-01,T02,Cocina y mesa,9897053.04,184
2025-01-01,T02,Decoracion,9516946.56,247
2025-01-01,T02,Iluminacion,4383745.84,91
2025-01-01,T02,Muebles,4626042.76,137
2025-01-01,T02,Organizacion,5272696.86,109
2025-01-01,T02,Textil hogar,5171564.02,141
2025-01-01,T03,Baño,3522024.44,89
2025-01-01,T03,Cocina y mesa,7664603.05,165
2025-01-01,T03,Decoracion,10102359.2,254
2025-01-01,T03,Iluminacion,5691010.33,111
2025-01-01,T03,Muebles,4906123.63,100
2025-01-01,T03,Organizacion,4268305.87,114
2025-01-01,T03,Textil hogar,3962796.95,90
2025-01-01,T04,Baño,2534235.25,91
2025-01-01,T04,Cocina y mesa,12238415.64,230
2025-01-01,T04,Decoracion,9762100.73,223
2025-01-01,T04,Iluminacion,6479756.65,151
2025-01-01,T04,Muebles,4855700.4,128
2025-01-01,T04,Organizacion,5860746.04,153
2025-01-01,T04,Textil hogar,5468275.96,146
2025-01-01,T05,Baño,3745969.97,75
2025-01-01,T05,Cocina y mesa,9717080.34,192
2025-01-01,T05,Decoracion,7671105.91,202
2025-01-01,T05,Iluminacion,6180308.08,158
2025-01-01,T05,Muebles,5287597.12,138
2025-01-01,T05,Organizacion,6080463.18,133
2025-01-01,T05,Textil hogar,5118013.45,123
2025-01-01,T06,Baño,2506159.64,57
2025-01-01,T06,Cocina y mesa,5371504.49,129
2025-01-01,T06,Decoracion,8689107.45,204
2025-01-01,T06,Iluminacion,8048229.76,151
2025-01-01,T06,Muebles,2446568.58,64
2025-01-01,T06,Organizacion,4268365.6,110
2025-01-01,T06,Textil hogar,5517860.29,115
2025-01-01,T07,Baño,2753287.72,58
2025-01-01,T07,Cocina y mesa,8264662.77,185
2025-01-01,T07,Decoracion,10294312.81,212
2025-01-01,T07,Iluminacion,6708464.1,165
2025-01-01,T07,Muebles,5197471.79,119
2025-01-01,T07,Organizacion,6872353.06,138
2025-01-01,T07,Textil hogar,4875725.04,136
2025-01-01,T08,Baño,3798238.64,89
2025-01-01,T08,Cocina y mesa,7876664.19,153
2025-01-01,T08,Decoracion,10655640.41,247
2025-01-01,T08,Iluminacion,6244388.82,143
2025-01-01,T08,Muebles,3380612.7,95
2025-01-01,T08,Organizacion,4911936.23,128
2025-01-01,T08,Textil hogar,7023790.95,161
2025-01-01,T09,Baño,3155519.72,82
2025-01-01,T09,Cocina y mesa,6805442.66,151
2025-01-01,T09,Decoracion,9865815.45,220
2025-01-01,T09,Iluminacion,4587665.03,114
2025-01-01,T09,Muebles,6786382.01,144
2025-01-01,T09,Organizacion,3330520.51,89
2025-01-01,T09,Textil hogar,5831304.19,147
2025-01-01,T10,Baño,2423148.18,65
2025-01-01,T10,Cocina y mesa,5969983.89,131
2025-01-01,T10,Decoracion,9156120.57,214
2025-01-01,T10,Iluminacion,6945958.65,163
2025-01-01,T10,Muebles,3440048.49,81
2025-01-01,T10,Organizacion,4716295.66,114
2025-01-01,T10,Textil hogar,5056284.72,94
2025-01-01,T11,Baño,3468020.48,88
2025-01-01,T11,Cocina y mesa,5126542.32,117
2025-01-01,T11,Decoracion,14073203.67,298
2025-01-01,T11,Iluminacion,3192827.26,101
2025-01-01,T11,Muebles,5954847.56,146
2025-01-01,T11,Organizacion,5727854.26,115
2025-01-01,T11,Textil hogar,6947736.09,136
2025-01-01,T12,Baño,2298737.92,72
2025-01-01,T12,Cocina y mesa,6159704.54,141
2025-01-01,T12,Decoracion,10284036.32,242
2025-01-01,T12,Iluminacion,2321000.8,76
2025-01-01,T12,Muebles,5325947.05,123
2025-01-01,T12,Organizacion,6014222.02,154
2025-01-01,T12,Textil hogar,3079393.92,73
2025-01-01,T13,Baño,2432159.5,55
2025-01-01,T13,Cocina y mesa,8228801.85,139
2025-01-01,T13,Decoracion,7280407.04,178
2025-01-01,T13,Iluminacion,4754715.65,116
2025-01-01,T13,Muebles,5160420.79,118
2025-01-01,T13,Organizacion,7799985.88,175
2025-01-01,T13,Textil hogar,8794678.31,187
2025-01-01,T14,Baño,1413382.84,41
2025-01-01,T14,Cocina y mesa,8340224.61,160
2025-01-01,T14,Decoracion,6670394.0,153
2025-01-01,T14,Iluminacion,6097841.57,134
2025-01-01,T14,Muebles,5838649.26,144
2025-01-01,T14,Organizacion,3758359.3,119
2025-01-01,T14,Textil hogar,4110229.93,101
2025-01-01,T15,Baño,4108596.34,102
2025-01-01,T15,Cocina y mesa,7955808.94,173
2025-01-01,T15,Decoracion,10268295.87,216
2025-01-01,T15,Iluminacion,6279807.91,136
2025-01-01,T15,Muebles,6134223.59,158
2025-01-01,T15,Organizacion,7538563.98,161
2025-01-01,T15,Textil hogar,5342175.34,137
2025-01-01,T16,Baño,3984748.75,85
2025-01-01,T16,Cocina y mesa,9038758.1,182
2025-01-01,T16,Decoracion,7615637.6,168
2025-01-01,T16,Iluminacion,6886979.95,150
2025-01-01,T16,Muebles,4484822.89,121
2025-01-01,T16,Organizacion,2949083.97,78
2025-01-01,T16,Textil hogar,5757589.34,141
2025-01-01,T17,Baño,3436470.31,73
2025-01-01,T17,Cocina y mesa,7734428.41,163
2025-01-01,T17,Decoracion,9519471.12,212
2025-01-01,T17,Iluminacion,6329760.99,156
2025-01-01,T17,Muebles,4970222.85,111
2025-01-01,T17,Organizacion,5734275.91,133
2025-01-01,T17,Textil hogar,8640768.85,171
2025-01-01,T18,Baño,4728575.74,107
2025-01-01,T18,Cocina y mesa,10500496.05,213
2025-01-01,T18,Decoracion,5958481.06,149
2025-01-01,T18,Iluminacion,7770066.59,152
2025-01-01,T18,Muebles,4491610.45,99
2025-01-01,T18,Organizacion,7033789.67,171
2025-01-01,T18,Textil hogar,5816072.11,128
2025-01-01,T19,Baño,5025890.46,111
2025-01-01,T19,Cocina y mesa,8006326.08,163
2025-01-01,T19,Decoracion,8783695.93,225
2025-01-01,T19,Iluminacion,7492803.44,172
2025-01-01,T19,Muebles,3957087.34,107
2025-01-01,T19,Organizacion,5532352.43,140
2025-01-01,T19,Textil hogar,6065983.65,138
2025-01-01,T20,Baño,2926489.22,83
2025-01-01,T20,Cocina y mesa,8287102.98,170
2025-01-01,T20,Decoracion,9801191.48,213
2025-01-01,T20,Iluminacion,5821147.22,114
2025-01-01,T20,Muebles,2948407.02,77
2025-01-01,T20,Organizacion,4886469.29,130
2025-01-01,T20,Textil hogar,7629314.15,146
2025-01-01,T21,Baño,3070974.06,68
2025-01-01,T21,Cocina y mesa,9398337.21,215
2025-01-01,T21,Decoracion,12441032.76,249
2025-01-01,T21,Iluminacion,3502032.04,102
2025-01-01,T21,Muebles,4705839.78,105
2025-01-01,T21,Organizacion,6610480.98,140
2025-01-01,T21,Textil hogar,4588802.83,93
2025-01-01,T22,Baño,3086935.54,73
2025-01-01,T22,Cocina y mesa,8349556.63,175
2025-01-01,T22,Decoracion,11087087.36,263
2025-01-01,T22,Iluminacion,7759410.06,162
2025-01-01,T22,Muebles,5717004.05,128
2025-01-01,T22,Organizacion,5791874.8,110
2025-01-01,T22,Textil hogar,8533122.59,178
2025-01-01,T23,Baño,3141420.32,79
2025-01-01,T23,Cocina y mesa,7232523.61,134
2025-01-01,T23,Decoracion,10031248.38,235
2025-01-01,T23,Iluminacion,3983498.2,124
2025-01-01,T23,Muebles,5659275.03,124
2025-01-01,T23,Organizacion,5113985.35,120
2025-01-01,T23,Textil hogar,6461251.41,130
2025-01-01,T24,Baño,3128101.98,88
2025-01-01,T24,Cocina y mesa,10715662.51,198
2025-01-01,T24,Decoracion,8581999.9,220
2025-01-01,T24,Iluminacion,6480513.78,137
2025-01-01,T24,Muebles,6747510.51,148
2025-01-01,T24,Organizacion,6483613.33,132
2025-01-01,T24,Textil hogar,9378272.24,201
2025-01-01,T25,Baño,4063938.85,85
2025-01-01,T25,Cocina y mesa,9681564.91,182
2025-01-01,T25,Decoracion,10298032.06,223
2025-01-01,T25,Iluminacion,4628246.87,113
2025-01-01,T25,Muebles,5498173.95,136
2025-01-01,T25,Organizacion,6305653.4,134
2025-01-01,T25,Textil hogar,6721669.23,141
2025-01-01,T26,Baño,3020655.25,97
2025-01-01,T26,Cocina y mesa,9426514.11,184
2025-01-01,T26,Decoracion,8188408.26,215
2025-01-01,T26,Iluminacion,7167637.51,147
2025-01-01,T26,Muebles,3701156.27,116
2025-01-01,T26,Organizacion,5483037.48,122
2025-01-01,T26,Textil hogar,5887411.92,122
2025-01-01,T27,Baño,3680345.59,90
2025-01-01,T27,Cocina y mesa,9034931.96,162
2025-01-01,T27,Decoracion,10988770.34,247
2025-01-01,T27,Iluminacion,4126729.33,123
2025-01-01,T27,Muebles,3349684.46,91
2025-01-01,T27,Organizacion,6005780.52,137
2025-01-01,T27,Textil hogar,5009537.79,115
2025-01-01,T28,Baño,2998630.78,90
2025-01-01,T28,Cocina y mesa,10236338.07,187
2025-01-01,T28,Decoracion,11419394.54,259
2025-01-01,T28,Iluminacion,5871876.59,131
2025-01-01,T28,Muebles,3737633.9,82
2025-01-01,T28,Organizacion,4051048.48,111
2025-01-01,T28,Textil hogar,5623517.49,139
2025-02-01,T01,Baño,2883104.88,78
2025-02-01,T01,Cocina y mesa,8522599.88,166
2025-02-01,T01,Decoracion,8091208.79,194
2025-02-01,T01,Iluminacion,5860804.13,136
2025-02-01,T01,Muebles,4788777.41,118
2025-02-01,T01,Organizacion,5345350.55,119
2025-02-01,T01,Textil hogar,5099162.82,125
2025-02-01,T02,Baño,2807002.32,61
2025-02-01,T02,Cocina y mesa,9865991.99,196
2025-02-01,T02,Decoracion,10374406.55,257
2025-02-01,T02,Iluminacion,5636329.85,117
2025-02-01,T02,Muebles,6567339.03,152
2025-02-01,T02,Organizacion,5990913.78,138
2025-02-01,T02,Textil hogar,3789812.56,98
2025-02-01,T03,Baño,3800138.87,91
2025-02-01,T03,Cocina y mesa,11488723.71,226
2025-02-01,T03,Decoracion,11072462.81,279
2025-02-01,T03,Iluminacion,5409770.44,112
2025-02-01,T03,Muebles,3666867.84,88
2025-02-01,T03,Organizacion,4385521.05,130
2025-02-01,T03,Textil hogar,4865423.73,100
2025-02-01,T04,Baño,3358733.85,109
2025-02-01,T04,Cocina y mesa,10391034.36,197
2025-02-01,T04,Decoracion,10389407.75,237
2025-02-01,T04,Iluminacion,7660636.24,156
2025-02-01,T04,Muebles,4193896.78,102
2025-02-01,T04,Organizacion,5185521.75,143
2025-02-01,T04,Textil hogar,6205409.57,150
2025-02-01,T05,Baño,5330170.39,102
2025-02-01,T05,Cocina y mesa,8822314.59,173
2025-02-01,T05,Decoracion,9397790.91,243
2025-02-01,T05,Iluminacion,4232840.3,103
2025-02-01,T05,Muebles,4748217.4,127
2025-02-01,T05,Organizacion,5884995.63,123
2025-02-01,T05,Textil hogar,6210754.6,152
2025-02-01,T06,Baño,3093786.31,71
2025-02-01,T06,Cocina y mesa,6038702.97,135
2025-02-01,T06,Decoracion,8587371.84,197
2025-02-01,T06,Iluminacion,4851259.15,96
2025-02-01,T06,Muebles,3282147.95,81
2025-02-01,T06,Organizacion,5221190.52,139
2025-02-01,T06,Textil hogar,8841872.17,190
2025-02-01,T07,Baño,4287478.34,95
2025-02-01,T07,Cocina y mesa,7244286.36,162
2025-02-01,T07,Decoracion,9430822.58,216
2025-02-01,T07,Iluminacion,4885044.35,143
2025-02-01,T07,Muebles,5156126.33,133
2025-02-01,T07,Organizacion,6419985.74,139
2025-02-01,T07,Textil hogar,4559168.78,123
2025-02-01,T08,Baño,4855628.63,100
2025-02-01,T08,Cocina y mesa,8305534.58,162
2025-02-01,T08,Decoracion,9784650.56,221
2025-02-01,T08,Iluminacion,6172267.38,131
2025-02-01,T08,Muebles,4410796.25,110
2025-02-01,T08,Organizacion,6249751.18,156
2025-02-01,T08,Textil hogar,6609574.36,147
2025-02-01,T09,Baño,3027927.18,84
2025-02-01,T09,Cocina y mesa,10413853.38,205
2025-02-01,T09,Decoracion,9651367.31,214
2025-02-01,T09,Iluminacion,4890846.02,130
2025-02-01,T09,Muebles,7683302.65,155
2025-02-01,T09,Organizacion,3113736.83,94
2025-02-01,T09,Textil hogar,6376532.63,159
2025-02-01,T10,Baño,2854100.17,74
2025-02-01,T10,Cocina y mesa,7358177.83,153
2025-02-01,T10,Decoracion,8195743.79,197
2025-02-01,T10,Iluminacion,7399031.14,155
2025-02-01,T10,Muebles,5257572.91,116
2025-02-01,T10,Organizacion,4367364.02,123
2025-02-01,T10,Textil hogar,4901203.54,98
2025-02-01,T11,Baño,3629335.27,71
2025-02-01,T11,Cocina y mesa,6619003.53,149
2025-02-01,T11,Decoracion,13657458.32,283
2025-02-01,T11,Iluminacion,2408352.03,66
2025-02-01,T11,Muebles,5495897.5,141
2025-02-01,T11,Organizacion,6072458.9,127
2025-02-01,T11,Textil hogar,6541856.13,152
2025-02-01,T12,Baño,3183475.89,89
2025-02-01,T12,Cocina y mesa,4747932.91,129
2025-02-01,T12,Decoracion,9414928.41,227
2025-02-01,T12,Iluminacion,2259769.02,76
2025-02-01,T12,Muebles,5427526.31,120
2025-02-01,T12,Organizacion,5620703.19,147
2025-02-01,T12,Textil hogar,4825583.46,101
2025-02-01,T13,Baño,3623800.72,83
2025-02-01,T13,Cocina y mesa,8470109.45,150
2025-02-01,T13,Decoracion,7444744.85,174
2025-02-01,T13,Iluminacion,4330701.35,127
2025-02-01,T13,Muebles,5420570.28,131
2025-02-01,T13,Organizacion,7978380.5,186
2025-02-01,T13,Textil hogar,4846302.19,126
2025-02-01,T14,Baño,1673293.79,36
2025-02-01,T14,Cocina y mesa,8344127.45,179
2025-02-01,T14,Decoracion,7361431.01,173
2025-02-01,T14,Iluminacion,8051622.4,175
2025-02-01,T14,Muebles,5723069.52,138
2025-02-01,T14,Organizacion,4159108.15,120
2025-02-01,T14,Textil hogar,4770729.39,131
2025-02-01,T15,Baño,2745580.24,87
2025-02-01,T15,Cocina y mesa,11142025.49,220
2025-02-01,T15,Decoracion,7587695.49,167
2025-02-01,T15,Iluminacion,6996160.39,151
2025-02-01,T15,Muebles,5727249.26,166
2025-02-01,T15,Organizacion,6146362.62,143
2025-02-01,T15,Textil hogar,6193201.39,140
2025-02-01,T16,Baño,3298168.97,78
2025-02-01,T16,Cocina y mesa,8301712.74,148
2025-02-01,T16,Decoracion,6642323.24,149
2025-02-01,T16,Iluminacion,4209987.05,115
2025-02-01,T16,Muebles,6302542.67,151
2025-02-01,T16,Organizacion,3397880.23,95
2025-02-01,T16,Textil hogar,5543930.0,127
2025-02-01,T17,Baño,4192591.11,94
2025-02-01,T17,Cocina y mesa,8310137.0,171
2025-02-01,T17,Decoracion,6834110.62,175
2025-02-01,T17,Iluminacion,5537653.36,138
2025-02-01,T17,Muebles,3761380.8,100
2025-02-01,T17,Organizacion,4862421.73,107
2025-02-01,T17,Textil hogar,7785613.81,149
2025-02-01,T18,Baño,3784302.04,89
2025-02-01,T18,Cocina y mesa,10321839.81,200
2025-02-01,T18,Decoracion,7683348.24,196
2025-02-01,T18,Iluminacion,7300181.51,159
2025-02-01,T18,Muebles,4473598.62,105
2025-02-01,T18,Organizacion,5360564.58,147
2025-02-01,T18,Textil hogar,7641244.14,156
2025-02-01,T19,Baño,6002154.88,128
2025-02-01,T19,Cocina y mesa,9817120.2,198
2025-02-01,T19,Decoracion,7775227.82,184
2025-02-01,T19,Iluminacion,7526614.03,172
2025-02-01,T19,Muebles,3953591.57,107
2025-02-01,T19,Organizacion,6162576.63,168
2025-02-01,T19,Textil hogar,4180946.77,98
2025-02-01,T20,Baño,3394551.83,80
2025-02-01,T20,Cocina y mesa,9451958.27,213
2025-02-01,T20,Decoracion,8599770.24,193
2025-02-01,T20,Iluminacion,4025704.22,91
2025-02-01,T20,Muebles,2919383.9,77
2025-02-01,T20,Organizacion,4487163.56,116
2025-02-01,T20,Textil hogar,7574175.33,156
2025-02-01,T21,Baño,2891150.65,68
2025-02-01,T21,Cocina y mesa,8597058.17,194
2025-02-01,T21,Decoracion,11069510.38,221
2025-02-01,T21,Iluminacion,3503196.06,94
2025-02-01,T21,Muebles,5045101.24,122
2025-02-01,T21,Organizacion,6592956.68,131
2025-02-01,T21,Textil hogar,6591799.97,140
2025-02-01,T22,Baño,3670055.37,86
2025-02-01,T22,Cocina y mesa,8891927.58,197
2025-02-01,T22,Decoracion,10419494.87,247
2025-02-01,T22,Iluminacion,6563444.65,141
2025-02-01,T22,Muebles,5808304.98,133
2025-02-01,T22,Organizacion,4637165.21,100
2025-02-01,T22,Textil hogar,6426210.06,135
2025-02-01,T23,Baño,3546876.56,83
2025-02-01,T23,Cocina y mesa,6150908.18,135
2025-02-01,T23,Decoracion,10521260.64,258
2025-02-01,T23,Iluminacion,4508807.3,132
2025-02-01,T23,Muebles,5349774.12,124
2025-02-01,T23,Organizacion,3965356.84,103
2025-02-01,T23,Textil hogar,6031461.64,158
2025-02-01,T24,Baño,1764225.22,57
2025-02-01,T24,Cocina y mesa,10273480.95,178
2025-02-01,T24,Decoracion,8332273.52,222
2025-02-01,T24,Iluminacion,7084063.44,149
2025-02-01,T24,Muebles,6650228.76,139
2025-02-01,T24,Organizacion,6043018.0,141
2025-02-01,T24,Textil hogar,6727554.59,149
2025-02-01,T25,Baño,3345746.69,78
2025-02-01,T25,Cocina y mesa,9580725.57,182
2025-02-01,T25,Decoracion,11308581.59,238
2025-02-01,T25,Iluminacion,5825217.52,118
2025-02-01,T25,Muebles,5978304.06,149
2025-02-01,T25,Organizacion,4692367.43,126
2025-02-01,T25,Textil hogar,8710114.88,182
2025-02-01,T26,Baño,4954700.95,119
2025-02-01,T26,Cocina y mesa,8090604.32,174
2025-02-01,T26,Decoracion,8821545.62,234
2025-02-01,T26,Iluminacion,7826255.79,170
2025-02-01,T26,Muebles,4432932.32,112
2025-02-01,T26,Organizacion,5262123.18,128
2025-02-01,T26,Textil hogar,6652444.78,131
2025-02-01,T27,Baño,2332021.18,57
2025-02-01,T27,Cocina y mesa,7092301.98,132
2025-02-01,T27,Decoracion,10208757.13,234
2025-02-01,T27,Iluminacion,5538162.74,145
2025-02-01,T27,Muebles,3636334.49,96
2025-02-01,T27,Organizacion,7959116.89,190
2025-02-01,T27,Textil hogar,4601278.28,113
2025-02-01,T28,Baño,2722100.68,74
2025-02-01,T28,Cocina y mesa,9054526.52,171
2025-02-01,T28,Decoracion,10252005.75,246
2025-02-01,T28,Iluminacion,6121415.52,143
2025-02-01,T28,Muebles,3297893.77,82
2025-02-01,T28,Organizacion,3689547.79,111
2025-02-01,T28,Textil hogar,5641434.9,132
2025-03-01,T01,Baño,3434939.15,99
2025-03-01,T01,Cocina y mesa,8709626.08,160
2025-03-01,T01,Decoracion,8802530.99,186
2025-03-01,T01,Iluminacion,3620521.14,102
2025-03-01,T01,Muebles,4627081.42,111
2025-03-01,T01,Organizacion,4989765.01,128
2025-03-01,T01,Textil hogar,4635889.79,107
2025-03-01,T02,Baño,1827360.37,46
2025-03-01,T02,Cocina y mesa,10859971.18,200
2025-03-01,T02,Decoracion,11425027.93,272
2025-03-01,T02,Iluminacion,5737270.06,123
2025-03-01,T02,Muebles,6565709.99,162
2025-03-01,T02,Organizacion,6224652.51,136
2025-03-01,T02,Textil hogar,4873385.45,137
2025-03-01,T03,Baño,3807419.42,108
2025-03-01,T03,Cocina y mesa,8271947.47,164
2025-03-01,T03,Decoracion,8396096.2,224
2025-03-01,T03,Iluminacion,4067666.71,88
2025-03-01,T03,Muebles,5669948.38,137
2025-03-01,T03,Organizacion,4549978.1,130
2025-03-01,T03,Textil hogar,3751734.87,93
2025-03-01,T04,Baño,2643470.18,88
2025-03-01,T04,Cocina y mesa,11511423.52,218
2025-03-01,T04,Decoracion,9761712.07,211
2025-03-01,T04,Iluminacion,7286911.48,157
2025-03-01,T04,Muebles,4992547.78,128
2025-03-01,T04,Organizacion,4774788.77,130
2025-03-01,T04,Textil hogar,4779008.79,125
2025-03-01,T05,Baño,4911358.93,92
2025-03-01,T05,Cocina y mesa,8899266.89,173
2025-03-01,T05,Decoracion,8072242.56,230
2025-03-01,T05,Iluminacion,7599725.82,158
2025-03-01,T05,Muebles,4932856.79,141
2025-03-01,T05,Organizacion,5515071.07,125
2025-03-01,T05,Textil hogar,5854748.25,159
2025-03-01,T06,Baño,3867230.3,84
2025-03-01,T06,Cocina y mesa,5807008.95,128
2025-03-01,T06,Decoracion,9212496.39,219
2025-03-01,T06,Iluminacion,7086504.51,139
2025-03-01,T06,Muebles,3828340.27,80
2025-03-01,T06,Organizacion,4209130.65,124
2025-03-01,T06,Textil hogar,5370632.82,118
2025-03-01,T07,Baño,4183819.22,93
2025-03-01,T07,Cocina y mesa,5148394.55,138
2025-03-01,T07,Decoracion,10019339.05,207
2025-03-01,T07,Iluminacion,6814818.91,187
2025-03-01,T07,Muebles,4424901.19,110
2025-03-01,T07,Organizacion,5406460.61,118
2025-03-01,T07,Textil hogar,4992970.28,114
2025-03-01,T08,Baño,4203378.16,96
2025-03-01,T08,Cocina y mesa,8922464.88,178
2025-03-01,T08,Decoracion,10178775.47,232
2025-03-01,T08,Iluminacion,5719445.47,121
2025-03-01,T08,Muebles,3635393.06,98
2025-03-01,T08,Organizacion,5232183.85,133
2025-03-01,T08,Textil hogar,6499198.11,147
2025-03-01,T09,Baño,3493960.03,93
2025-03-01,T09,Cocina y mesa,10521641.42,200
2025-03-01,T09,Decoracion,9436704.78,197
2025-03-01,T09,Iluminacion,6215440.83,153
2025-03-01,T09,Muebles,8158195.35,165
2025-03-01,T09,Organizacion,4251195.43,102
2025-03-01,T09,Textil hogar,5733515.66,146
2025-03-01,T10,Baño,1970661.0,63
2025-03-01,T10,Cocina y mesa,4958020.04,124
2025-03-01,T10,Decoracion,7474736.81,173
2025-03-01,T10,Iluminacion,8453224.84,201
2025-03-01,T10,Muebles,2854165.45,75
2025-03-01,T10,Organizacion,5014665.6,127
2025-03-01,T10,Textil hogar,4844987.85,91
2025-03-01,T11,Baño,3588681.43,92
2025-03-01,T11,Cocina y mesa,7445405.81,157
2025-03-01,T11,Decoracion,10463973.79,219
2025-03-01,T11,Iluminacion,3733945.76,118
2025-03-01,T11,Muebles,5314724.04,142
2025-03-01,T11,Organizacion,5885786.94,110
2025-03-01,T11,Textil hogar,5103897.67,108
2025-03-01,T12,Baño,3309022.39,107
2025-03-01,T12,Cocina y mesa,5913310.65,144
2025-03-01,T12,Decoracion,10129618.6,235
2025-03-01,T12,Iluminacion,2611725.57,98
2025-03-01,T12,Muebles,5539742.62,130
2025-03-01,T12,Organizacion,4101825.73,92
2025-03-01,T12,Textil hogar,5600273.17,119
2025-03-01,T13,Baño,4148657.06,88
2025-03-01,T13,Cocina y mesa,10130427.56,185
2025-03-01,T13,Decoracion,5896463.26,157
2025-03-01,T13,Iluminacion,4566920.69,126
2025-03-01,T13,Muebles,4810842.59,100
2025-03-01,T13,Organizacion,6402714.34,150
2025-03-01,T13,Textil hogar,7558888.14,180
2025-03-01,T14,Baño,1431559.12,44
2025-03-01,T14,Cocina y mesa,8150233.26,160
2025-03-01,T14,Decoracion,7765639.46,185
2025-03-01,T14,Iluminacion,6914155.48,151
2025-03-01,T14,Muebles,2582942.21,79
2025-03-01,T14,Organizacion,3960411.59,120
2025-03-01,T14,Textil hogar,3486171.84,87
2025-03-01,T15,Baño,3777285.28,103
2025-03-01,T15,Cocina y mesa,10987078.06,232
2025-03-01,T15,Decoracion,11176912.59,241
2025-03-01,T15,Iluminacion,6552905.45,143
2025-03-01,T15,Muebles,5326200.81,143
2025-03-01,T15,Organizacion,7251509.49,157
2025-03-01,T15,Textil hogar,6489935.48,139
2025-03-01,T16,Baño,3188158.49,88
2025-03-01,T16,Cocina y mesa,10367664.39,187
2025-03-01,T16,Decoracion,8694266.94,192
2025-03-01,T16,Iluminacion,5388558.73,138
2025-03-01,T16,Muebles,4618176.13,111
2025-03-01,T16,Organizacion,3266079.19,91
2025-03-01,T16,Textil hogar,4302728.9,107
2025-03-01,T17,Baño,4483962.04,101
2025-03-01,T17,Cocina y mesa,9657311.09,196
2025-03-01,T17,Decoracion,8764575.29,214
2025-03-01,T17,Iluminacion,6857743.09,170
2025-03-01,T17,Muebles,5651759.69,124
2025-03-01,T17,Organizacion,5737888.58,134
2025-03-01,T17,Textil hogar,5942926.06,125
2025-03-01,T18,Baño,4001558.04,92
2025-03-01,T18,Cocina y mesa,9984580.41,199
2025-03-01,T18,Decoracion,7541584.43,206
2025-03-01,T18,Iluminacion,8224402.29,167
2025-03-01,T18,Muebles,3795963.79,86
2025-03-01,T18,Organizacion,6487512.53,154
2025-03-01,T18,Textil hogar,6543894.59,137
2025-03-01,T19,Baño,5917048.7,118
2025-03-01,T19,Cocina y mesa,9842501.73,199
2025-03-01,T19,Decoracion,9867573.56,228
2025-03-01,T19,Iluminacion,6710613.13,175
2025-03-01,T19,Muebles,5577186.68,120
2025-03-01,T19,Organizacion,5070975.63,127
2025-03-01,T19,Textil hogar,4849332.99,130
2025-03-01,T20,Baño,2088893.67,60
2025-03-01,T20,Cocina y mesa,9386579.13,197
2025-03-01,T20,Decoracion,10035472.0,226
2025-03-01,T20,Iluminacion,4189394.95,94
2025-03-01,T20,Muebles,6008289.31,134
2025-03-01,T20,Organizacion,4761650.69,124
2025-03-01,T20,Textil hogar,9223570.08,189
2025-03-01,T21,Baño,3347588.33,84
2025-03-01,T21,Cocina y mesa,7808699.7,187
2025-03-01,T21,Decoracion,11877592.53,252
2025-03-01,T21,Iluminacion,2618456.85,85
2025-03-01,T21,Muebles,4130635.1,94
2025-03-01,T21,Organizacion,5177903.13,113
2025-03-01,T21,Textil hogar,3565264.7,88
2025-03-01,T22,Baño,2833074.59,77
2025-03-01,T22,Cocina y mesa,10597208.69,215
2025-03-01,T22,Decoracion,11159822.45,274
2025-03-01,T22,Iluminacion,6307345.62,145
2025-03-01,T22,Muebles,5869474.73,134
2025-03-01,T22,Organizacion,5903341.28,120
2025-03-01,T22,Textil hogar,7182399.2,159
2025-03-01,T23,Baño,3153760.7,73
2025-03-01,T23,Cocina y mesa,4972443.7,117
2025-03-01,T23,Decoracion,9844008.79,233
2025-03-01,T23,Iluminacion,4013721.71,123
2025-03-01,T23,Muebles,5500567.15,131
2025-03-01,T23,Organizacion,5628744.1,131
2025-03-01,T23,Textil hogar,5152752.19,116
2025-03-01,T24,Baño,3313805.33,84
2025-03-01,T24,Cocina y mesa,12529386.96,229
2025-03-01,T24,Decoracion,8702904.93,215
2025-03-01,T24,Iluminacion,5628902.82,121
2025-03-01,T24,Muebles,7596097.86,162
2025-03-01,T24,Organizacion,4852643.1,113
2025-03-01,T24,Textil hogar,7674681.74,174
2025-03-01,T25,Baño,4124819.05,97
2025-03-01,T25,Cocina y mesa,10588398.41,205
2025-03-01,T25,Decoracion,10992423.92,228
2025-03-01,T25,Iluminacion,4815978.12,103
2025-03-01,T25,Muebles,5930897.62,162
2025-03-01,T25,Organizacion,4924930.61,114
2025-03-01,T25,Textil hogar,5426918.05,114
2025-03-01,T26,Baño,5367844.95,122
2025-03-01,T26,Cocina y mesa,9907550.71,207
2025-03-01,T26,Decoracion,7372570.97,202
2025-03-01,T26,Iluminacion,6554987.76,150
2025-03-01,T26,Muebles,5425559.15,132
2025-03-01,T26,Organizacion,6495625.01,163
2025-03-01,T26,Textil hogar,5461845.09,118
2025-03-01,T27,Baño,2298553.34,61
2025-03-01,T27,Cocina y mesa,7368234.18,132
2025-03-01,T27,Decoracion,10651011.82,248
2025-03-01,T27,Iluminacion,5067994.51,148
2025-03-01,T27,Muebles,5712186.66,141
2025-03-01,T27,Organizacion,6270835.3,151
2025-03-01,T27,Textil hogar,5430995.23,123
2025-03-01,T28,Baño,3476947.63,112
2025-03-01,T28,Cocina y mesa,10049393.34,189
2025-03-01,T28,Decoracion,9500804.26,214
2025-03-01,T28,Iluminacion,5271626.44,133
2025-03-01,T28,Muebles,4064997.39,93
2025-03-01,T28,Organizacion,5240331.59,156
2025-03-01,T28,Textil hogar,5147796.91,120
2025-04-01,T01,Baño,4465299.43,126
2025-04-01,T01,Cocina y mesa,7702808.3,156
2025-04-01,T01,Decoracion,8375913.46,203
2025-04-01,T01,Iluminacion,6016432.44,136
2025-04-01,T01,Muebles,4292576.77,104
2025-04-01,T01,Organizacion,5896640.88,141
2025-04-01,T01,Textil hogar,3892226.04,102
2025-04-01,T02,Baño,3094835.76,71
2025-04-01,T02,Cocina y mesa,7925868.88,162
2025-04-01,T02,Decoracion,8783301.27,230
2025-04-01,T02,Iluminacion,4949475.21,102
2025-04-01,T02,Muebles,4438279.64,123
2025-04-01,T02,Organizacion,7370794.24,155
2025-04-01,T02,Textil hogar,6032897.13,143
2025-04-01,T03,Baño,3458394.74,98
2025-04-01,T03,Cocina y mesa,8904054.33,194
2025-04-01,T03,Decoracion,10280811.32,253
2025-04-01,T03,Iluminacion,6909818.86,131
2025-04-01,T03,Muebles,4369130.94,106
2025-04-01,T03,Organizacion,4290474.67,121
2025-04-01,T03,Textil hogar,5572821.09,126
2025-04-01,T04,Baño,3636753.65,109
2025-04-01,T04,Cocina y mesa,11997103.1,232
2025-04-01,T04,Decoracion,11232444.91,247
2025-04-01,T04,Iluminacion,7898503.29,169
2025-04-01,T04,Muebles,4876029.42,137
2025-04-01,T04,Organizacion,5574838.77,164
2025-04-01,T04,Textil hogar,2826901.12,92
2025-04-01,T05,Baño,6176041.44,118
2025-04-01,T05,Cocina y mesa,8188961.24,166
2025-04-01,T05,Decoracion,8622607.12,227
2025-04-01,T05,Iluminacion,5847751.25,139
2025-04-01,T05,Muebles,3508959.61,118
2025-04-01,T05,Organizacion,9299121.5,184
2025-04-01,T05,Textil hogar,5649575.16,146
2025-04-01,T06,Baño,2652995.71,57
2025-04-01,T06,Cocina y mesa,5855772.77,135
2025-04-01,T06,Decoracion,8189267.63,203
2025-04-01,T06,Iluminacion,7321626.2,140
2025-04-01,T06,Muebles,3689273.51,95
2025-04-01,T06,Organizacion,6032622.79,143
2025-04-01,T06,Textil hogar,4830086.11,116
2025-04-01,T07,Baño,3552250.65,89
2025-04-01,T07,Cocina y mesa,7154410.39,161
2025-04-01,T07,Decoracion,10044221.13,222
2025-04-01,T07,Iluminacion,5901215.22,149
2025-04-01,T07,Muebles,3957955.54,108
2025-04-01,T07,Organizacion,6479224.01,132
2025-04-01,T07,Textil hogar,4690702.33,142
2025-04-01,T08,Baño,3970976.29,91
2025-04-01,T08,Cocina y mesa,9233392.81,188
2025-04-01,T08,Decoracion,10828547.24,242
2025-04-01,T08,Iluminacion,4439285.41,104
2025-04-01,T08,Muebles,4288038.3,113
2025-04-01,T08,Organizacion,6825622.81,162
2025-04-01,T08,Textil hogar,8133210.55,178
2025-04-01,T09,Baño,3170046.33,86
2025-04-01,T09,Cocina y mesa,9138670.7,189
2025-04-01,T09,Decoracion,8558307.07,197
2025-04-01,T09,Iluminacion,5479288.73,140
2025-04-01,T09,Muebles,7871514.46,170
2025-04-01,T09,Organizacion,5182376.51,130
2025-04-01,T09,Textil hogar,8233179.26,203
2025-04-01,T10,Baño,3418200.98,96
2025-04-01,T10,Cocina y mesa,6618432.56,147
2025-04-01,T10,Decoracion,8116836.35,199
2025-04-01,T10,Iluminacion,7297968.01,157
2025-04-01,T10,Muebles,4369578.52,88
2025-04-01,T10,Organizacion,5544384.22,148
2025-04-01,T10,Textil hogar,6179930.31,129
2025-04-01,T11,Baño,4690381.39,103
2025-04-01,T11,Cocina y mesa,8095649.96,151
2025-04-01,T11,Decoracion,13081540.65,285
2025-04-01,T11,Iluminacion,1263645.61,56
2025-04-01,T11,Muebles,5926126.05,142
2025-04-01,T11,Organizacion,6412772.12,131
2025-04-01,T11,Textil hogar,7095434.63,158
2025-04-01,T12,Baño,4386633.8,127
2025-04-01,T12,Cocina y mesa,7054221.35,162
2025-04-01,T12,Decoracion,10662458.35,258
2025-04-01,T12,Iluminacion,1612543.87,60
2025-04-01,T12,Muebles,5164480.98,129
2025-04-01,T12,Organizacion,4060151.76,110
2025-04-01,T12,Textil hogar,4659144.17,88
2025-04-01,T13,Baño,5400611.38,110
2025-04-01,T13,Cocina y mesa,8215342.84,165
2025-04-01,T13,Decoracion,6605560.25,161
2025-04-01,T13,Iluminacion,5371940.62,130
2025-04-01,T13,Muebles,4881599.84,115
2025-04-01,T13,Organizacion,7819805.35,167
2025-04-01,T13,Textil hogar,6521582.63,139
2025-04-01,T14,Baño,2128200.0,67
2025-04-01,T14,Cocina y mesa,9330437.6,191
2025-04-01,T14,Decoracion,7684970.3,199
2025-04-01,T14,Iluminacion,7314888.27,159
2025-04-01,T14,Muebles,4304207.0,108
2025-04-01,T14,Organizacion,4391369.38,108
2025-04-01,T14,Textil hogar,4723884.49,125
2025-04-01,T15,Baño,4463079.07,131
2025-04-01,T15,Cocina y mesa,11322516.17,237
2025-04-01,T15,Decoracion,7605062.43,182
2025-04-01,T15,Iluminacion,8424027.02,191
2025-04-01,T15,Muebles,5692248.5,133
2025-04-01,T15,Organizacion,6095460.99,129
2025-04-01,T15,Textil hogar,6144454.51,152
2025-04-01,T16,Baño,4238176.4,100
2025-04-01,T16,Cocina y mesa,9109795.98,172
2025-04-01,T16,Decoracion,8481017.04,180
2025-04-01,T16,Iluminacion,5214993.19,141
2025-04-01,T16,Muebles,4820249.14,128
2025-04-01,T16,Organizacion,3142195.49,89
2025-04-01,T16,Textil hogar,6649287.19,158
2025-04-01,T17,Baño,4119735.61,109
2025-04-01,T17,Cocina y mesa,8613224.17,172
2025-04-01,T17,Decoracion,7920274.92,192
2025-04-01,T17,Iluminacion,7662992.55,166
2025-04-01,T17,Muebles,6583617.98,157
2025-04-01,T17,Organizacion,5385096.59,111
2025-04-01,T17,Textil hogar,6533540.8,135
2025-04-01,T18,Baño,3542303.54,79
2025-04-01,T18,Cocina y mesa,9463749.76,185
2025-04-01,T18,Decoracion,6737053.04,164
2025-04-01,T18,Iluminacion,9655185.61,182
2025-04-01,T18,Muebles,4175833.83,89
2025-04-01,T18,Organizacion,6113172.89,151
2025-04-01,T18,Textil hogar,7651342.39,174
2025-04-01,T19,Baño,5590818.46,128
2025-04-01,T19,Cocina y mesa,8042850.77,177
2025-04-01,T19,Decoracion,9581817.07,231
2025-04-01,T19,Iluminacion,6219344.8,160
2025-04-01,T19,Muebles,6282123.71,145
2025-04-01,T19,Organizacion,6809675.9,164
2025-04-01,T19,Textil hogar,4296930.11,117
2025-04-01,T20,Baño,4406564.18,97
2025-04-01,T20,Cocina y mesa,9097135.6,201
2025-04-01,T20,Decoracion,9639685.81,216
2025-04-01,T20,Iluminacion,4955914.73,99
2025-04-01,T20,Muebles,5646806.64,134
2025-04-01,T20,Organizacion,5607769.02,127
2025-04-01,T20,Textil hogar,9159576.77,187
2025-04-01,T21,Baño,3171928.58,88
2025-04-01,T21,Cocina y mesa,11022000.05,242
2025-04-01,T21,Decoracion,12902823.59,284
2025-04-01,T21,Iluminacion,3998033.86,121
2025-04-01,T21,Muebles,5128064.39,127
2025-04-01,T21,Organizacion,5731425.69,126
2025-04-01,T21,Textil hogar,5908722.27,124
2025-04-01,T22,Baño,3572023.91,89
2025-04-01,T22,Cocina y mesa,11349595.74,253
2025-04-01,T22,Decoracion,10005144.65,248
2025-04-01,T22,Iluminacion,5382884.3,116
2025-04-01,T22,Muebles,5358214.63,127
2025-04-01,T22,Organizacion,4542449.33,99
2025-04-01,T22,Textil hogar,7561181.89,151
2025-04-01,T23,Baño,4690874.01,109
2025-04-01,T23,Cocina y mesa,9833263.7,212
2025-04-01,T23,Decoracion,11466663.66,281
2025-04-01,T23,Iluminacion,5995669.98,164
2025-04-01,T23,Muebles,5252288.03,119
2025-04-01,T23,Organizacion,4193160.91,102
2025-04-01,T23,Textil hogar,7747470.95,186
2025-04-01,T24,Baño,3299334.68,56
2025-04-01,T24,Cocina y mesa,15320222.3,293
2025-04-01,T24,Decoracion,8799627.5,211
2025-04-01,T24,Iluminacion,6426103.06,147
2025-04-01,T24,Muebles,8304794.67,170
2025-04-01,T24,Organizacion,7715836.15,157
2025-04-01,T24,Textil hogar,6066585.02,128
2025-04-01,T25,Baño,2940463.02,85
2025-04-01,T25,Cocina y mesa,9352357.85,179
2025-04-01,T25,Decoracion,7680950.54,181
2025-04-01,T25,Iluminacion,5876721.46,126
2025-04-01,T25,Muebles,6474393.76,161
2025-04-01,T25,Organizacion,5103266.88,124
2025-04-01,T25,Textil hogar,5885916.58,132
2025-04-01,T26,Baño,3535988.19,85
2025-04-01,T26,Cocina y mesa,10526662.69,197
2025-04-01,T26,Decoracion,10196620.29,246
2025-04-01,T26,Iluminacion,7847047.94,169
2025-04-01,T26,Muebles,3730037.18,83
2025-04-01,T26,Organizacion,3218433.66,86
2025-04-01,T26,Textil hogar,4870669.04,114
2025-04-01,T27,Baño,3281255.44,82
2025-04-01,T27,Cocina y mesa,8267502.48,153
2025-04-01,T27,Decoracion,9113742.88,222
2025-04-01,T27,Iluminacion,7311098.78,207
2025-04-01,T27,Muebles,4379167.43,115
2025-04-01,T27,Organizacion,5282037.02,134
2025-04-01,T27,Textil hogar,3330646.97,93
2025-04-01,T28,Baño,4092759.81,135
2025-04-01,T28,Cocina y mesa,11057153.77,208
2025-04-01,T28,Decoracion,9053270.81,210
2025-04-01,T28,Iluminacion,7784156.85,172
2025-04-01,T28,Muebles,5330428.58,113
2025-04-01,T28,Organizacion,5564870.37,163
2025-04-01,T28,Textil hogar,4580539.3,121
2025-05-01,T01,Baño,3049866.43,88
2025-05-01,T01,Cocina y mesa,7966800.04,146
2025-05-01,T01,Decoracion,9056696.25,201
2025-05-01,T01,Iluminacion,5512462.37,108
2025-05-01,T01,Muebles,5515432.39,122
2025-05-01,T01,Organizacion,4562234.57,119
2025-05-01,T01,Textil hogar,4803836.41,119
2025-05-01,T02,Baño,2960686.68,70
2025-05-01,T02,Cocina y mesa,8290614.43,161
2025-05-01,T02,Decoracion,11020737.98,281
2025-05-01,T02,Iluminacion,5384399.72,110
2025-05-01,T02,Muebles,5439896.15,153
2025-05-01,T02,Organizacion,5468185.39,115
2025-05-01,T02,Textil hogar,7566193.5,186
2025-05-01,T03,Baño,2929180.21,76
2025-05-01,T03,Cocina y mesa,9319230.61,197
2025-05-01,T03,Decoracion,10436707.36,268
2025-05-01,T03,Iluminacion,7495175.93,135
2025-05-01,T03,Muebles,6266823.46,129
2025-05-01,T03,Organizacion,4083364.65,108
2025-05-01,T03,Textil hogar,3684530.33,80
2025-05-01,T04,Baño,2804327.74,95
2025-05-01,T04,Cocina y mesa,12008943.05,235
2025-05-01,T04,Decoracion,10695283.17,238
2025-05-01,T04,Iluminacion,7767178.25,161
2025-05-01,T04,Muebles,4488676.75,131
2025-05-01,T04,Organizacion,3648028.9,108
2025-05-01,T04,Textil hogar,3711657.46,114
2025-05-01,T05,Baño,4214752.61,81
2025-05-01,T05,Cocina y mesa,10212373.95,202
2025-05-01,T05,Decoracion,6113106.92,168
2025-05-01,T05,Iluminacion,7746512.42,168
2025-05-01,T05,Muebles,6637974.83,158
2025-05-01,T05,Organizacion,7584975.46,172
2025-05-01,T05,Textil hogar,5848628.75,131
2025-05-01,T06,Baño,3194219.82,72
2025-05-01,T06,Cocina y mesa,5088071.56,113
2025-05-01,T06,Decoracion,8916548.15,207
2025-05-01,T06,Iluminacion,7836196.11,139
2025-05-01,T06,Muebles,3620240.89,105
2025-05-01,T06,Organizacion,4974864.4,118
2025-05-01,T06,Textil hogar,4790869.95,112
2025-05-01,T07,Baño,4467990.34,108
2025-05-01,T07,Cocina y mesa,7358533.81,187
2025-05-01,T07,Decoracion,10035214.93,204
2025-05-01,T07,Iluminacion,7277622.81,174
2025-05-01,T07,Muebles,4821367.59,125
2025-05-01,T07,Organizacion,6167129.36,125
2025-05-01,T07,Textil hogar,4970798.4,141
2025-05-01,T08,Baño,2972110.62,65
2025-05-01,T08,Cocina y mesa,9488421.28,185
2025-05-01,T08,Decoracion,10832478.54,247
2025-05-01,T08,Iluminacion,5426924.3,118
2025-05-01,T08,Muebles,3540903.78,102
2025-05-01,T08,Organizacion,6245733.1,149
2025-05-01,T08,Textil hogar,6762329.73,162
2025-05-01,T09,Baño,3171679.8,80
2025-05-01,T09,Cocina y mesa,10706418.43,211
2025-05-01,T09,Decoracion,9633345.23,209
2025-05-01,T09,Iluminacion,5078407.7,122
2025-05-01,T09,Muebles,8191745.21,176
2025-05-01,T09,Organizacion,3850619.64,102
2025-05-01,T09,Textil hogar,6116939.53,152
2025-05-01,T10,Baño,4479494.45,122
2025-05-01,T10,Cocina y mesa,8406497.6,170
2025-05-01,T10,Decoracion,7718376.06,185
2025-05-01,T10,Iluminacion,7648612.76,172
2025-05-01,T10,Muebles,4794040.7,113
2025-05-01,T10,Organizacion,6002840.79,156
2025-05-01,T10,Textil hogar,6711278.94,147
2025-05-01,T11,Baño,3009825.09,72
2025-05-01,T11,Cocina y mesa,8541986.3,170
2025-05-01,T11,Decoracion,12589671.33,263
2025-05-01,T11,Iluminacion,2438167.55,64
2025-05-01,T11,Muebles,6290649.79,173
2025-05-01,T11,Organizacion,6319048.94,125
2025-05-01,T11,Textil hogar,6604483.67,149
2025-05-01,T12,Baño,4430822.63,134
2025-05-01,T12,Cocina y mesa,5653146.91,126
2025-05-01,T12,Decoracion,11662493.82,253
2025-05-01,T12,Iluminacion,2083176.93,64
2025-05-01,T12,Muebles,6924596.42,148
2025-05-01,T12,Organizacion,4360253.46,124
2025-05-01,T12,Textil hogar,4790379.31,107
2025-05-01,T13,Baño,4237299.37,94
2025-05-01,T13,Cocina y mesa,9374334.24,169
2025-05-01,T13,Decoracion,5866260.97,177
2025-05-01,T13,Iluminacion,5542383.08,137
2025-05-01,T13,Muebles,4540090.59,106
2025-05-01,T13,Organizacion,6540498.23,145
2025-05-01,T13,Textil hogar,7496827.42,164
2025-05-01,T14,Baño,1603574.92,58
2025-05-01,T14,Cocina y mesa,7976788.01,153
2025-05-01,T14,Decoracion,5899329.89,149
2025-05-01,T14,Iluminacion,6575437.24,143
2025-05-01,T14,Muebles,5378418.66,133
2025-05-01,T14,Organizacion,4211661.8,129
2025-05-01,T14,Textil hogar,4873579.43,113
2025-05-01,T15,Baño,3489096.46,99
2025-05-01,T15,Cocina y mesa,9055210.2,205
2025-05-01,T15,Decoracion,11357160.98,254
2025-05-01,T15,Iluminacion,7934616.07,172
2025-05-01,T15,Muebles,5788449.8,149
2025-05-01,T15,Organizacion,6719571.91,144
2025-05-01,T15,Textil hogar,5535143.61,129
2025-05-01,T16,Baño,3295321.27,77
2025-05-01,T16,Cocina y mesa,9194821.32,175
2025-05-01,T16,Decoracion,8242249.13,177
2025-05-01,T16,Iluminacion,7914998.31,167
2025-05-01,T16,Muebles,5747186.85,150
2025-05-01,T16,Organizacion,4315056.64,106
2025-05-01,T16,Textil hogar,4311762.58,104
2025-05-01,T17,Baño,3160989.03,87
2025-05-01,T17,Cocina y mesa,8434862.77,165
2025-05-01,T17,Decoracion,9698231.87,235
2025-05-01,T17,Iluminacion,8841441.61,192
2025-05-01,T17,Muebles,6275397.1,139
2025-05-01,T17,Organizacion,5404602.68,100
2025-05-01,T17,Textil hogar,5615663.24,130
2025-05-01,T18,Baño,4148270.71,99
2025-05-01,T18,Cocina y mesa,11063783.06,216
2025-05-01,T18,Decoracion,5739140.76,149
2025-05-01,T18,Iluminacion,9497137.27,191
2025-05-01,T18,Muebles,4700364.82,103
2025-05-01,T18,Organizacion,6047991.85,147
2025-05-01,T18,Textil hogar,6500236.2,138
2025-05-01,T19,Baño,5156517.1,109
2025-05-01,T19,Cocina y mesa,8601515.97,175
2025-05-01,T19,Decoracion,10088884.01,249
2025-05-01,T19,Iluminacion,7116388.31,169
2025-05-01,T19,Muebles,5723772.12,145
2025-05-01,T19,Organizacion,5207912.99,144
2025-05-01,T19,Textil hogar,4293875.17,112
2025-05-01,T20,Baño,3141990.23,83
2025-05-01,T20,Cocina y mesa,8898673.52,182
2025-05-01,T20,Decoracion,9158667.27,211
2025-05-01,T20,Iluminacion,5164212.05,96
2025-05-01,T20,Muebles,4665356.97,118
2025-05-01,T20,Organizacion,4962819.57,106
2025-05-01,T20,Textil hogar,9328218.27,177
2025-05-01,T21,Baño,4093788.36,98
2025-05-01,T21,Cocina y mesa,9008666.31,202
2025-05-01,T21,Decoracion,13115945.54,272
2025-05-01,T21,Iluminacion,2773859.2,87
2025-05-01,T21,Muebles,5550907.33,130
2025-05-01,T21,Organizacion,6267338.07,144
2025-05-01,T21,Textil hogar,4804443.48,110
2025-05-01,T22,Baño,3241347.78,87
2025-05-01,T22,Cocina y mesa,7901074.62,176
2025-05-01,T22,Decoracion,8088120.91,219
2025-05-01,T22,Iluminacion,7084256.62,133
2025-05-01,T22,Muebles,4316231.6,103
2025-05-01,T22,Organizacion,5251700.34,94
2025-05-01,T22,Textil hogar,7062429.16,153
2025-05-01,T23,Baño,3806173.68,94
2025-05-01,T23,Cocina y mesa,6861895.8,139
2025-05-01,T23,Decoracion,8686478.16,231
2025-05-01,T23,Iluminacion,4042363.33,101
2025-05-01,T23,Muebles,7098836.57,163
2025-05-01,T23,Organizacion,4673247.84,111
2025-05-01,T23,Textil hogar,6313194.26,133
2025-05-01,T24,Baño,3720516.38,107
2025-05-01,T24,Cocina y mesa,11296848.18,195
2025-05-01,T24,Decoracion,10076713.14,264
2025-05-01,T24,Iluminacion,7893953.21,174
2025-05-01,T24,Muebles,6219031.33,132
2025-05-01,T24,Organizacion,7605637.69,160
2025-05-01,T24,Textil hogar,7969888.32,179
2025-05-01,T25,Baño,3704542.42,92
2025-05-01,T25,Cocina y mesa,8591739.11,187
2025-05-01,T25,Decoracion,10765326.76,235
2025-05-01,T25,Iluminacion,5988998.58,107
2025-05-01,T25,Muebles,6369025.21,148
2025-05-01,T25,Organizacion,5966397.59,150
2025-05-01,T25,Textil hogar,5389746.87,132
2025-05-01,T26,Baño,4082004.76,106
2025-05-01,T26,Cocina y mesa,9829195.19,214
2025-05-01,T26,Decoracion,9548365.99,238
2025-05-01,T26,Iluminacion,8216946.94,169
2025-05-01,T26,Muebles,5086840.3,125
2025-05-01,T26,Organizacion,5037513.97,109
2025-05-01,T26,Textil hogar,5980684.54,120
2025-05-01,T27,Baño,3508703.75,82
2025-05-01,T27,Cocina y mesa,9196406.59,163
2025-05-01,T27,Decoracion,8771696.76,216
2025-05-01,T27,Iluminacion,6782067.57,164
2025-05-01,T27,Muebles,6388815.97,149
2025-05-01,T27,Organizacion,5727448.2,152
2025-05-01,T27,Textil hogar,4503034.52,115
2025-05-01,T28,Baño,4772638.38,130
2025-05-01,T28,Cocina y mesa,6716077.13,145
2025-05-01,T28,Decoracion,8559370.96,203
2025-05-01,T28,Iluminacion,6476570.72,138
2025-05-01,T28,Muebles,6929333.55,151
2025-05-01,T28,Organizacion,5413142.29,143
2025-05-01,T28,Textil hogar,4386722.34,122
2025-06-01,T01,Baño,3304875.62,106
2025-06-01,T01,Cocina y mesa,9533494.71,176
2025-06-01,T01,Decoracion,8141199.63,208
2025-06-01,T01,Iluminacion,6823421.05,130
2025-06-01,T01,Muebles,5659390.9,130
2025-06-01,T01,Organizacion,5753654.05,136
2025-06-01,T01,Textil hogar,5030856.61,129
2025-06-01,T02,Baño,2714419.79,61
2025-06-01,T02,Cocina y mesa,10324410.38,206
2025-06-01,T02,Decoracion,11327330.27,303
2025-06-01,T02,Iluminacion,5508432.07,115
2025-06-01,T02,Muebles,7205370.66,173
2025-06-01,T02,Organizacion,6769472.78,145
2025-06-01,T02,Textil hogar,4519698.31,128
2025-06-01,T03,Baño,2900621.02,90
2025-06-01,T03,Cocina y mesa,8776204.38,183
2025-06-01,T03,Decoracion,13634298.71,336
2025-06-01,T03,Iluminacion,5500501.93,98
2025-06-01,T03,Muebles,3298721.68,84
2025-06-01,T03,Organizacion,4799741.97,127
2025-06-01,T03,Textil hogar,4410246.0,78
2025-06-01,T04,Baño,3416708.39,102
2025-06-01,T04,Cocina y mesa,12118081.09,229
2025-06-01,T04,Decoracion,11100527.62,247
2025-06-01,T04,Iluminacion,6764116.29,150
2025-06-01,T04,Muebles,6455176.98,166
2025-06-01,T04,Organizacion,5347421.07,136
2025-06-01,T04,Textil hogar,3821406.66,120
2025-06-01,T05,Baño,3736695.65,69
2025-06-01,T05,Cocina y mesa,11186562.74,212
2025-06-01,T05,Decoracion,8182328.62,232
2025-06-01,T05,Iluminacion,7665161.15,172
2025-06-01,T05,Muebles,6803870.26,166
2025-06-01,T05,Organizacion,6899767.03,142
2025-06-01,T05,Textil hogar,5704389.24,157
2025-06-01,T06,Baño,3620215.85,76
2025-06-01,T06,Cocina y mesa,6577189.83,158
2025-06-01,T06,Decoracion,6867963.81,163
2025-06-01,T06,Iluminacion,8165845.83,155
2025-06-01,T06,Muebles,5474230.76,125
2025-06-01,T06,Organizacion,7377256.86,170
2025-06-01,T06,Textil hogar,5568772.75,133
2025-06-01,T07,Baño,4194946.92,112
2025-06-01,T07,Cocina y mesa,7353027.91,192
2025-06-01,T07,Decoracion,10335743.28,235
2025-06-01,T07,Iluminacion,5410469.18,124
2025-06-01,T07,Muebles,5452956.71,134
2025-06-01,T07,Organizacion,7982329.78,158
2025-06-01,T07,Textil hogar,4796204.14,138
2025-06-01,T08,Baño,3491833.57,81
2025-06-01,T08,Cocina y mesa,10528434.87,211
2025-06-01,T08,Decoracion,11027128.86,258
2025-06-01,T08,Iluminacion,5649753.42,112
2025-06-01,T08,Muebles,3509302.68,103
2025-06-01,T08,Organizacion,6858020.95,156
2025-06-01,T08,Textil hogar,6400496.64,147
2025-06-01,T09,Baño,2963873.36,80
2025-06-01,T09,Cocina y mesa,10992956.65,208
2025-06-01,T09,Decoracion,10418727.39,244
2025-06-01,T09,Iluminacion,3536053.31,106
2025-06-01,T09,Muebles,7453631.95,143
2025-06-01,T09,Organizacion,3789442.75,90
2025-06-01,T09,Textil hogar,6653845.44,152
2025-06-01,T10,Baño,3227287.62,96
2025-06-01,T10,Cocina y mesa,7393271.78,171
2025-06-01,T10,Decoracion,9342782.47,236
2025-06-01,T10,Iluminacion,8759640.34,186
2025-06-01,T10,Muebles,3553507.42,81
2025-06-01,T10,Organizacion,6606921.08,150
2025-06-01,T10,Textil hogar,5984278.44,133
2025-06-01,T11,Baño,5462990.21,132
2025-06-01,T11,Cocina y mesa,6994864.7,137
2025-06-01,T11,Decoracion,11136938.2,252
2025-06-01,T11,Iluminacion,2885010.94,103
2025-06-01,T11,Muebles,5577964.11,144
2025-06-01,T11,Organizacion,5719506.54,110
2025-06-01,T11,Textil hogar,4082232.73,121
2025-06-01,T12,Baño,4593537.53,134
2025-06-01,T12,Cocina y mesa,6197449.22,148
2025-06-01,T12,Decoracion,10487278.24,235
2025-06-01,T12,Iluminacion,2307937.01,66
2025-06-01,T12,Muebles,5830191.36,123
2025-06-01,T12,Organizacion,5608837.86,151
2025-06-01,T12,Textil hogar,4792199.62,101
2025-06-01,T13,Baño,4607057.57,100
2025-06-01,T13,Cocina y mesa,10812711.38,208
2025-06-01,T13,Decoracion,6880697.57,167
2025-06-01,T13,Iluminacion,3778285.96,115
2025-06-01,T13,Muebles,5776077.8,133
2025-06-01,T13,Organizacion,8706864.84,187
2025-06-01,T13,Textil hogar,6051621.82,138
2025-06-01,T14,Baño,2660530.4,84
2025-06-01,T14,Cocina y mesa,8257653.13,166
2025-06-01,T14,Decoracion,7447418.23,182
2025-06-01,T14,Iluminacion,5980095.25,134
2025-06-01,T14,Muebles,5636818.76,149
2025-06-01,T14,Organizacion,4042704.65,125
2025-06-01,T14,Textil hogar,4766084.35,111
2025-06-01,T15,Baño,3764700.7,98
2025-06-01,T15,Cocina y mesa,9246570.4,195
2025-06-01,T15,Decoracion,12456146.11,284
2025-06-01,T15,Iluminacion,6963078.34,157
2025-06-01,T15,Muebles,6162136.73,163
2025-06-01,T15,Organizacion,7729295.97,181
2025-06-01,T15,Textil hogar,5085106.87,125
2025-06-01,T16,Baño,3097171.85,79
2025-06-01,T16,Cocina y mesa,7790887.81,147
2025-06-01,T16,Decoracion,6479666.1,159
2025-06-01,T16,Iluminacion,5998662.53,132
2025-06-01,T16,Muebles,6038308.14,149
2025-06-01,T16,Organizacion,5433056.57,139
2025-06-01,T16,Textil hogar,2964806.97,99
2025-06-01,T17,Baño,3856300.98,103
2025-06-01,T17,Cocina y mesa,9603711.93,180
2025-06-01,T17,Decoracion,9615486.43,242
2025-06-01,T17,Iluminacion,8692770.39,198
2025-06-01,T17,Muebles,5834519.54,137
2025-06-01,T17,Organizacion,5202158.32,109
2025-06-01,T17,Textil hogar,7086705.6,155
2025-06-01,T18,Baño,4036611.22,101
2025-06-01,T18,Cocina y mesa,7536731.13,168
2025-06-01,T18,Decoracion,7657533.18,184
2025-06-01,T18,Iluminacion,7578147.71,141
2025-06-01,T18,Muebles,5485599.46,116
2025-06-01,T18,Organizacion,5315417.5,136
2025-06-01,T18,Textil hogar,7338000.56,164
2025-06-01,T19,Baño,4052971.25,102
2025-06-01,T19,Cocina y mesa,9951853.44,201
2025-06-01,T19,Decoracion,10386227.37,261
2025-06-01,T19,Iluminacion,7153549.43,178
2025-06-01,T19,Muebles,5177156.18,131
2025-06-01,T19,Organizacion,5320942.89,132
2025-06-01,T19,Textil hogar,5407197.28,133
2025-06-01,T20,Baño,2619409.5,69
2025-06-01,T20,Cocina y mesa,9851024.51,215
2025-06-01,T20,Decoracion,9510135.94,212
2025-06-01,T20,Iluminacion,4922292.14,108
2025-06-01,T20,Muebles,4140103.44,94
2025-06-01,T20,Organizacion,6956313.89,163
2025-06-01,T20,Textil hogar,8532851.72,167
2025-06-01,T21,Baño,3679464.0,92
2025-06-01,T21,Cocina y mesa,9531994.43,229
2025-06-01,T21,Decoracion,14133390.93,289
2025-06-01,T21,Iluminacion,3411412.08,93
2025-06-01,T21,Muebles,4512397.65,125
2025-06-01,T21,Organizacion,8741677.14,182
2025-06-01,T21,Textil hogar,4859958.96,103
2025-06-01,T22,Baño,2194337.17,67
2025-06-01,T22,Cocina y mesa,9463931.58,201
2025-06-01,T22,Decoracion,10784641.89,251
2025-06-01,T22,Iluminacion,4620152.81,100
2025-06-01,T22,Muebles,4709551.99,124
2025-06-01,T22,Organizacion,4727764.48,83
2025-06-01,T22,Textil hogar,6062846.53,144
2025-06-01,T23,Baño,3975367.24,90
2025-06-01,T23,Cocina y mesa,6929543.8,150
2025-06-01,T23,Decoracion,10436415.72,257
2025-06-01,T23,Iluminacion,4470039.88,119
2025-06-01,T23,Muebles,8914212.1,202
2025-06-01,T23,Organizacion,4131983.39,103
2025-06-01,T23,Textil hogar,5199614.79,136
2025-06-01,T24,Baño,4075437.9,107
2025-06-01,T24,Cocina y mesa,10044880.39,185
2025-06-01,T24,Decoracion,8797150.47,248
2025-06-01,T24,Iluminacion,7044201.29,150
2025-06-01,T24,Muebles,8002211.87,157
2025-06-01,T24,Organizacion,7758093.61,161
2025-06-01,T24,Textil hogar,6554761.79,145
2025-06-01,T25,Baño,4048343.97,92
2025-06-01,T25,Cocina y mesa,10551316.38,204
2025-06-01,T25,Decoracion,8253879.8,198
2025-06-01,T25,Iluminacion,5250652.57,101
2025-06-01,T25,Muebles,5780816.67,143
2025-06-01,T25,Organizacion,5645549.79,135
2025-06-01,T25,Textil hogar,4646526.67,114
2025-06-01,T26,Baño,4051401.75,114
2025-06-01,T26,Cocina y mesa,8673030.37,194
2025-06-01,T26,Decoracion,6555524.37,176
2025-06-01,T26,Iluminacion,6803776.47,157
2025-06-01,T26,Muebles,5943942.81,160
2025-06-01,T26,Organizacion,6159181.88,150
2025-06-01,T26,Textil hogar,4815904.2,110
2025-06-01,T27,Baño,3806823.66,97
2025-06-01,T27,Cocina y mesa,7923742.87,161
2025-06-01,T27,Decoracion,10109782.71,231
2025-06-01,T27,Iluminacion,4619231.66,110
2025-06-01,T27,Muebles,7696052.34,186
2025-06-01,T27,Organizacion,4780854.92,133
2025-06-01,T27,Textil hogar,3035425.91,77
2025-06-01,T28,Baño,4463221.85,143
2025-06-01,T28,Cocina y mesa,10150174.96,216
2025-06-01,T28,Decoracion,10650225.83,232
2025-06-01,T28,Iluminacion,6323176.19,132
2025-06-01,T28,Muebles,5562412.83,129
2025-06-01,T28,Organizacion,3200512.99,87
2025-06-01,T28,Textil hogar,5220985.82,127
2025-07-01,T01,Baño,3067344.03,88
2025-07-01,T01,Cocina y mesa,9019630.96,177
2025-07-01,T01,Decoracion,9445402.81,241
2025-07-01,T01,Iluminacion,6206494.56,125
2025-07-01,T01,Muebles,4706661.92,127
2025-07-01,T01,Organizacion,5300114.82,134
2025-07-01,T01,Textil hogar,6062424.0,142
2025-07-01,T02,Baño,2338127.64,56
2025-07-01,T02,Cocina y mesa,9283413.34,201
2025-07-01,T02,Decoracion,11214205.1,268
2025-07-01,T02,Iluminacion,5669056.52,124
2025-07-01,T02,Muebles,7462391.55,208
2025-07-01,T02,Organizacion,6525533.69,148
2025-07-01,T02,Textil hogar,5793570.63,140
2025-07-01,T03,Baño,4334949.0,113
2025-07-01,T03,Cocina y mesa,8816120.61,174
2025-07-01,T03,Decoracion,9334749.22,227
2025-07-01,T03,Iluminacion,7247757.37,126
2025-07-01,T03,Muebles,4259500.49,107
2025-07-01,T03,Organizacion,4355268.9,111
2025-07-01,T03,Textil hogar,5170969.51,121
2025-07-01,T04,Baño,3236157.78,100
2025-07-01,T04,Cocina y mesa,13025128.22,250
2025-07-01,T04,Decoracion,10578864.5,236
2025-07-01,T04,Iluminacion,7881675.09,174
2025-07-01,T04,Muebles,6365692.03,172
2025-07-01,T04,Organizacion,5094364.8,133
2025-07-01,T04,Textil hogar,3957738.37,104
2025-07-01,T05,Baño,3535145.64,76
2025-07-01,T05,Cocina y mesa,13297924.66,254
2025-07-01,T05,Decoracion,9279406.95,263
2025-07-01,T05,Iluminacion,7362952.17,177
2025-07-01,T05,Muebles,5697278.23,149
2025-07-01,T05,Organizacion,7110623.55,154
2025-07-01,T05,Textil hogar,5126254.49,144
2025-07-01,T06,Baño,2592099.44,67
2025-07-01,T06,Cocina y mesa,6394870.08,159
2025-07-01,T06,Decoracion,9775283.87,211
2025-07-01,T06,Iluminacion,8149541.81,143
2025-07-01,T06,Muebles,5188668.83,110
2025-07-01,T06,Organizacion,6273630.39,160
2025-07-01,T06,Textil hogar,5013527.93,124
2025-07-01,T07,Baño,4487592.57,108
2025-07-01,T07,Cocina y mesa,7089542.12,158
2025-07-01,T07,Decoracion,11247867.91,243
2025-07-01,T07,Iluminacion,7742255.28,168
2025-07-01,T07,Muebles,5053619.07,128
2025-07-01,T07,Organizacion,8421919.64,169
2025-07-01,T07,Textil hogar,5416499.1,154
2025-07-01,T08,Baño,2865567.92,74
2025-07-01,T08,Cocina y mesa,8206168.97,175
2025-07-01,T08,Decoracion,10710956.4,239
2025-07-01,T08,Iluminacion,6078498.51,135
2025-07-01,T08,Muebles,4002326.46,103
2025-07-01,T08,Organizacion,6368671.91,154
2025-07-01,T08,Textil hogar,5867059.71,145
2025-07-01,T09,Baño,2799471.99,85
2025-07-01,T09,Cocina y mesa,12594105.34,235
2025-07-01,T09,Decoracion,9779826.99,217
2025-07-01,T09,Iluminacion,4114061.97,110
2025-07-01,T09,Muebles,7809063.93,164
2025-07-01,T09,Organizacion,5645917.68,109
2025-07-01,T09,Textil hogar,8487371.98,199
2025-07-01,T10,Baño,2685160.29,84
2025-07-01,T10,Cocina y mesa,7621210.75,168
2025-07-01,T10,Decoracion,8393845.22,207
2025-07-01,T10,Iluminacion,6242393.41,138
2025-07-01,T10,Muebles,4601990.13,113
2025-07-01,T10,Organizacion,7135436.46,171
2025-07-01,T10,Textil hogar,6232109.83,133
2025-07-01,T11,Baño,4154792.78,87
2025-07-01,T11,Cocina y mesa,7215159.66,163
2025-07-01,T11,Decoracion,10533241.43,227
2025-07-01,T11,Iluminacion,1936314.25,82
2025-07-01,T11,Muebles,5409495.03,146
2025-07-01,T11,Organizacion,5769539.92,112
2025-07-01,T11,Textil hogar,7747876.73,170
2025-07-01,T12,Baño,4030803.55,121
2025-07-01,T12,Cocina y mesa,6918762.12,151
2025-07-01,T12,Decoracion,11980158.77,286
2025-07-01,T12,Iluminacion,2298559.05,69
2025-07-01,T12,Muebles,7591898.23,171
2025-07-01,T12,Organizacion,5531725.51,132
2025-07-01,T12,Textil hogar,6482383.74,121
2025-07-01,T13,Baño,3057275.37,65
2025-07-01,T13,Cocina y mesa,12375557.01,224
2025-07-01,T13,Decoracion,7747657.56,186
2025-07-01,T13,Iluminacion,6777734.97,157
2025-07-01,T13,Muebles,5936838.68,132
2025-07-01,T13,Organizacion,8748361.38,182
2025-07-01,T13,Textil hogar,5309810.44,114
2025-07-01,T14,Baño,1842403.23,60
2025-07-01,T14,Cocina y mesa,10209931.44,195
2025-07-01,T14,Decoracion,6551966.64,164
2025-07-01,T14,Iluminacion,6312726.16,134
2025-07-01,T14,Muebles,6419943.94,164
2025-07-01,T14,Organizacion,5448929.56,133
2025-07-01,T14,Textil hogar,4098243.73,113
2025-07-01,T15,Baño,4259590.35,127
2025-07-01,T15,Cocina y mesa,10632051.11,228
2025-07-01,T15,Decoracion,9336105.64,217
2025-07-01,T15,Iluminacion,7562511.6,171
2025-07-01,T15,Muebles,6131645.89,159
2025-07-01,T15,Organizacion,6588202.51,164
2025-07-01,T15,Textil hogar,5855116.2,137
2025-07-01,T16,Baño,4594636.72,117
2025-07-01,T16,Cocina y mesa,8905995.02,178
2025-07-01,T16,Decoracion,7367490.8,165
2025-07-01,T16,Iluminacion,6059394.48,129
2025-07-01,T16,Muebles,5555764.12,154
2025-07-01,T16,Organizacion,5206715.42,124
2025-07-01,T16,Textil hogar,4070037.5,123
2025-07-01,T17,Baño,4634717.03,126
2025-07-01,T17,Cocina y mesa,9652771.59,190
2025-07-01,T17,Decoracion,9923436.68,245
2025-07-01,T17,Iluminacion,8549440.24,169
2025-07-01,T17,Muebles,5775787.54,130
2025-07-01,T17,Organizacion,5261166.64,125
2025-07-01,T17,Textil hogar,6835281.31,156
2025-07-01,T18,Baño,3542959.15,83
2025-07-01,T18,Cocina y mesa,8290494.26,166
2025-07-01,T18,Decoracion,7868152.3,203
2025-07-01,T18,Iluminacion,8149500.08,160
2025-07-01,T18,Muebles,3437828.15,86
2025-07-01,T18,Organizacion,5404834.81,114
2025-07-01,T18,Textil hogar,7488267.78,162
2025-07-01,T19,Baño,4562202.23,113
2025-07-01,T19,Cocina y mesa,10044448.96,203
2025-07-01,T19,Decoracion,7686730.09,201
2025-07-01,T19,Iluminacion,7650837.39,180
2025-07-01,T19,Muebles,5633300.05,132
2025-07-01,T19,Organizacion,7251930.81,171
2025-07-01,T19,Textil hogar,5336784.76,130
2025-07-01,T20,Baño,3803004.6,108
2025-07-01,T20,Cocina y mesa,5862963.24,154
2025-07-01,T20,Decoracion,10127776.08,238
2025-07-01,T20,Iluminacion,4267123.95,89
2025-07-01,T20,Muebles,4635309.21,116
2025-07-01,T20,Organizacion,6249549.36,146
2025-07-01,T20,Textil hogar,9455543.58,177
2025-07-01,T21,Baño,3926477.8,98
2025-07-01,T21,Cocina y mesa,8575964.06,211
2025-07-01,T21,Decoracion,10675608.6,246
2025-07-01,T21,Iluminacion,4365015.41,109
2025-07-01,T21,Muebles,4354171.76,116
2025-07-01,T21,Organizacion,7395776.81,146
2025-07-01,T21,Textil hogar,5521458.12,121
2025-07-01,T22,Baño,3561779.43,105
2025-07-01,T22,Cocina y mesa,8159031.39,178
2025-07-01,T22,Decoracion,11484140.21,277
2025-07-01,T22,Iluminacion,5652677.07,103
2025-07-01,T22,Muebles,5968528.46,151
2025-07-01,T22,Organizacion,4489641.07,76
2025-07-01,T22,Textil hogar,7310678.53,165
2025-07-01,T23,Baño,3711412.32,91
2025-07-01,T23,Cocina y mesa,8172901.92,176
2025-07-01,T23,Decoracion,10981204.76,284
2025-07-01,T23,Iluminacion,5137673.32,130
2025-07-01,T23,Muebles,7550945.76,173
2025-07-01,T23,Organizacion,3880676.15,82
2025-07-01,T23,Textil hogar,7614442.37,182
2025-07-01,T24,Baño,4130285.48,117
2025-07-01,T24,Cocina y mesa,13821370.29,255
2025-07-01,T24,Decoracion,9718397.03,245
2025-07-01,T24,Iluminacion,4756145.73,111
2025-07-01,T24,Muebles,7145512.3,158
2025-07-01,T24,Organizacion,5840099.66,127
2025-07-01,T24,Textil hogar,7327820.4,160
2025-07-01,T25,Baño,4748520.71,101
2025-07-01,T25,Cocina y mesa,9840490.37,192
2025-07-01,T25,Decoracion,10173402.24,231
2025-07-01,T25,Iluminacion,4520980.32,92
2025-07-01,T25,Muebles,7130134.67,161
2025-07-01,T25,Organizacion,5995745.07,134
2025-07-01,T25,Textil hogar,6603525.3,130
2025-07-01,T26,Baño,3813361.74,112
2025-07-01,T26,Cocina y mesa,7368991.93,159
2025-07-01,T26,Decoracion,8298235.2,209
2025-07-01,T26,Iluminacion,5366031.48,140
2025-07-01,T26,Muebles,6805794.02,161
2025-07-01,T26,Organizacion,5677730.25,135
2025-07-01,T26,Textil hogar,5804114.41,130
2025-07-01,T27,Baño,4064390.45,103
2025-07-01,T27,Cocina y mesa,7543453.23,151
2025-07-01,T27,Decoracion,11471627.86,282
2025-07-01,T27,Iluminacion,5023411.04,120
2025-07-01,T27,Muebles,7538849.11,168
2025-07-01,T27,Organizacion,3880005.89,127
2025-07-01,T27,Textil hogar,3977643.55,85
2025-07-01,T28,Baño,4511799.71,135
2025-07-01,T28,Cocina y mesa,10223689.49,187
2025-07-01,T28,Decoracion,10903581.22,246
2025-07-01,T28,Iluminacion,5623681.88,132
2025-07-01,T28,Muebles,5206694.71,116
2025-07-01,T28,Organizacion,3939947.12,122
2025-07-01,T28,Textil hogar,6284785.46,148
2025-08-01,T01,Baño,2916532.07,95
2025-08-01,T01,Cocina y mesa,9066565.37,174
2025-08-01,T01,Decoracion,10833252.21,253
2025-08-01,T01,Iluminacion,6892484.85,122
2025-08-01,T01,Muebles,5944287.44,139
2025-08-01,T01,Organizacion,4826424.32,130
2025-08-01,T01,Textil hogar,6710979.48,136
2025-08-01,T02,Baño,2941318.44,73
2025-08-01,T02,Cocina y mesa,10259840.41,208
2025-08-01,T02,Decoracion,10869967.12,277
2025-08-01,T02,Iluminacion,6407217.56,120
2025-08-01,T02,Muebles,7246832.67,186
2025-08-01,T02,Organizacion,6645336.76,125
2025-08-01,T02,Textil hogar,3873479.27,106
2025-08-01,T03,Baño,2575519.35,77
2025-08-01,T03,Cocina y mesa,9274911.78,182
2025-08-01,T03,Decoracion,9545795.16,212
2025-08-01,T03,Iluminacion,5412008.95,96
2025-08-01,T03,Muebles,6101118.42,149
2025-08-01,T03,Organizacion,6096028.58,152
2025-08-01,T03,Textil hogar,5117896.04,111
2025-08-01,T04,Baño,4434592.1,128
2025-08-01,T04,Cocina y mesa,14456338.73,274
2025-08-01,T04,Decoracion,9377000.99,207
2025-08-01,T04,Iluminacion,5466153.46,124
2025-08-01,T04,Muebles,5337257.87,165
2025-08-01,T04,Organizacion,6222755.49,166
2025-08-01,T04,Textil hogar,4881589.48,131
2025-08-01,T05,Baño,3474487.82,71
2025-08-01,T05,Cocina y mesa,11834749.58,222
2025-08-01,T05,Decoracion,9340525.19,241
2025-08-01,T05,Iluminacion,4713086.41,117
2025-08-01,T05,Muebles,4411850.38,115
2025-08-01,T05,Organizacion,6329603.75,142
2025-08-01,T05,Textil hogar,5657455.06,139
2025-08-01,T06,Baño,3141301.7,77
2025-08-01,T06,Cocina y mesa,5920143.21,166
2025-08-01,T06,Decoracion,7318119.42,169
2025-08-01,T06,Iluminacion,9558707.56,172
2025-08-01,T06,Muebles,4095165.51,99
2025-08-01,T06,Organizacion,5377107.11,142
2025-08-01,T06,Textil hogar,6709133.99,150
2025-08-01,T07,Baño,5279441.52,117
2025-08-01,T07,Cocina y mesa,8267647.72,185
2025-08-01,T07,Decoracion,8124631.03,173
2025-08-01,T07,Iluminacion,4887536.34,136
2025-08-01,T07,Muebles,4797125.93,118
2025-08-01,T07,Organizacion,6692076.15,137
2025-08-01,T07,Textil hogar,6214997.49,170
2025-08-01,T08,Baño,3760276.76,83
2025-08-01,T08,Cocina y mesa,10680662.65,209
2025-08-01,T08,Decoracion,10369261.12,232
2025-08-01,T08,Iluminacion,6205764.4,141
2025-08-01,T08,Muebles,2953222.95,87
2025-08-01,T08,Organizacion,7095747.25,161
2025-08-01,T08,Textil hogar,8646351.66,176
2025-08-01,T09,Baño,2875786.57,89
2025-08-01,T09,Cocina y mesa,11901530.94,236
2025-08-01,T09,Decoracion,8522837.52,194
2025-08-01,T09,Iluminacion,5746658.39,128
2025-08-01,T09,Muebles,6382372.11,140
2025-08-01,T09,Organizacion,3328070.8,87
2025-08-01,T09,Textil hogar,7385016.99,158
2025-08-01,T10,Baño,1727758.08,61
2025-08-01,T10,Cocina y mesa,5976475.16,139
2025-08-01,T10,Decoracion,9266423.8,224
2025-08-01,T10,Iluminacion,6940570.71,156
2025-08-01,T10,Muebles,4292511.96,98
2025-08-01,T10,Organizacion,6387525.05,127
2025-08-01,T10,Textil hogar,4965561.18,112
2025-08-01,T11,Baño,5155858.61,123
2025-08-01,T11,Cocina y mesa,7002132.54,142
2025-08-01,T11,Decoracion,12495074.82,283
2025-08-01,T11,Iluminacion,2325528.3,70
2025-08-01,T11,Muebles,6033185.85,158
2025-08-01,T11,Organizacion,8305933.28,165
2025-08-01,T11,Textil hogar,7085479.5,153
2025-08-01,T12,Baño,5050719.63,114
2025-08-01,T12,Cocina y mesa,5575643.86,128
2025-08-01,T12,Decoracion,8956554.17,220
2025-08-01,T12,Iluminacion,3083854.91,92
2025-08-01,T12,Muebles,5633522.9,142
2025-08-01,T12,Organizacion,4796940.56,126
2025-08-01,T12,Textil hogar,5345891.9,108
2025-08-01,T13,Baño,4296355.4,97
2025-08-01,T13,Cocina y mesa,10362249.24,197
2025-08-01,T13,Decoracion,7749937.45,195
2025-08-01,T13,Iluminacion,6663475.0,159
2025-08-01,T13,Muebles,5803120.15,133
2025-08-01,T13,Organizacion,9183244.84,197
2025-08-01,T13,Textil hogar,7772287.46,186
2025-08-01,T14,Baño,2084988.17,60
2025-08-01,T14,Cocina y mesa,8469916.95,164
2025-08-01,T14,Decoracion,8162457.12,190
2025-08-01,T14,Iluminacion,6211233.3,123
2025-08-01,T14,Muebles,6472190.57,153
2025-08-01,T14,Organizacion,5298771.08,144
2025-08-01,T14,Textil hogar,4945880.26,126
2025-08-01,T15,Baño,4029594.56,124
2025-08-01,T15,Cocina y mesa,8800407.07,188
2025-08-01,T15,Decoracion,9640095.94,233
2025-08-01,T15,Iluminacion,7470849.02,170
2025-08-01,T15,Muebles,4730404.33,124
2025-08-01,T15,Organizacion,5913926.17,131
2025-08-01,T15,Textil hogar,4909004.73,127
2025-08-01,T16,Baño,3488153.32,89
2025-08-01,T16,Cocina y mesa,8090271.33,164
2025-08-01,T16,Decoracion,5820900.64,139
2025-08-01,T16,Iluminacion,6737965.62,137
2025-08-01,T16,Muebles,4965942.83,141
2025-08-01,T16,Organizacion,6568436.72,150
2025-08-01,T16,Textil hogar,8773876.83,186
2025-08-01,T17,Baño,3100087.42,93
2025-08-01,T17,Cocina y mesa,10211858.51,197
2025-08-01,T17,Decoracion,6898393.79,158
2025-08-01,T17,Iluminacion,8368837.23,181
2025-08-01,T17,Muebles,6876237.47,150
2025-08-01,T17,Organizacion,4828473.59,107
2025-08-01,T17,Textil hogar,7934448.17,166
2025-08-01,T18,Baño,2462754.48,78
2025-08-01,T18,Cocina y mesa,11470626.83,219
2025-08-01,T18,Decoracion,6716706.84,169
2025-08-01,T18,Iluminacion,7698550.23,154
2025-08-01,T18,Muebles,3606950.44,97
2025-08-01,T18,Organizacion,6015902.2,151
2025-08-01,T18,Textil hogar,8553472.9,174
2025-08-01,T19,Baño,4990418.22,107
2025-08-01,T19,Cocina y mesa,11200097.97,235
2025-08-01,T19,Decoracion,9533752.78,242
2025-08-01,T19,Iluminacion,7834384.63,169
2025-08-01,T19,Muebles,4764332.07,118
2025-08-01,T19,Organizacion,7286442.35,167
2025-08-01,T19,Textil hogar,7472977.91,160
2025-08-01,T20,Baño,2511923.4,70
2025-08-01,T20,Cocina y mesa,7975450.31,177
2025-08-01,T20,Decoracion,10528667.29,251
2025-08-01,T20,Iluminacion,4045071.39,86
2025-08-01,T20,Muebles,4661989.88,120
2025-08-01,T20,Organizacion,7081003.97,156
2025-08-01,T20,Textil hogar,9194998.53,178
2025-08-01,T21,Baño,3617042.85,93
2025-08-01,T21,Cocina y mesa,8819800.88,179
2025-08-01,T21,Decoracion,11977465.42,277
2025-08-01,T21,Iluminacion,2362524.36,90
2025-08-01,T21,Muebles,3531771.0,90
2025-08-01,T21,Organizacion,5734012.27,115
2025-08-01,T21,Textil hogar,6021792.23,123
2025-08-01,T22,Baño,3282214.89,90
2025-08-01,T22,Cocina y mesa,10480218.52,229
2025-08-01,T22,Decoracion,7111013.94,180
2025-08-01,T22,Iluminacion,6359347.06,124
2025-08-01,T22,Muebles,5355300.47,125
2025-08-01,T22,Organizacion,5824960.77,99
2025-08-01,T22,Textil hogar,7251168.8,165
2025-08-01,T23,Baño,3284529.06,80
2025-08-01,T23,Cocina y mesa,8979543.46,175
2025-08-01,T23,Decoracion,8026035.09,206
2025-08-01,T23,Iluminacion,4784977.8,122
2025-08-01,T23,Muebles,6415194.06,152
2025-08-01,T23,Organizacion,6676991.74,146
2025-08-01,T23,Textil hogar,6619340.42,136
2025-08-01,T24,Baño,3273996.52,102
2025-08-01,T24,Cocina y mesa,10740211.92,194
2025-08-01,T24,Decoracion,8443412.15,215
2025-08-01,T24,Iluminacion,6676204.61,148
2025-08-01,T24,Muebles,8069942.09,161
2025-08-01,T24,Organizacion,6087021.62,129
2025-08-01,T24,Textil hogar,9529632.3,195
2025-08-01,T25,Baño,2820678.8,77
2025-08-01,T25,Cocina y mesa,9526126.66,193
2025-08-01,T25,Decoracion,7490872.7,160
2025-08-01,T25,Iluminacion,5254621.76,107
2025-08-01,T25,Muebles,5429571.08,133
2025-08-01,T25,Organizacion,4651782.65,102
2025-08-01,T25,Textil hogar,7609693.34,157
2025-08-01,T26,Baño,3412746.17,113
2025-08-01,T26,Cocina y mesa,7477443.54,173
2025-08-01,T26,Decoracion,9346062.88,218
2025-08-01,T26,Iluminacion,5785144.78,132
2025-08-01,T26,Muebles,4572353.75,117
2025-08-01,T26,Organizacion,3901550.95,101
2025-08-01,T26,Textil hogar,6625681.33,130
2025-08-01,T27,Baño,4753891.73,122
2025-08-01,T27,Cocina y mesa,6314905.98,141
2025-08-01,T27,Decoracion,12143651.35,292
2025-08-01,T27,Iluminacion,6213958.22,162
2025-08-01,T27,Muebles,5884102.25,139
2025-08-01,T27,Organizacion,7934751.91,199
2025-08-01,T27,Textil hogar,3836495.07,94
2025-08-01,T28,Baño,2995759.05,112
2025-08-01,T28,Cocina y mesa,11077039.59,222
2025-08-01,T28,Decoracion,10484832.41,228
2025-08-01,T28,Iluminacion,5488072.16,128
2025-08-01,T28,Muebles,7146257.06,151
2025-08-01,T28,Organizacion,4195587.08,136
2025-08-01,T28,Textil hogar,5971402.35,127
2025-09-01,T01,Baño,3396876.14,107
2025-09-01,T01,Cocina y mesa,8945087.94,166
2025-09-01,T01,Decoracion,7284208.34,174
2025-09-01,T01,Iluminacion,5479938.14,112
2025-09-01,T01,Muebles,6032859.58,140
2025-09-01,T01,Organizacion,4682285.23,115
2025-09-01,T01,Textil hogar,5897918.61,136
2025-09-01,T02,Baño,2396394.06,60
2025-09-01,T02,Cocina y mesa,9822821.27,189
2025-09-01,T02,Decoracion,10470424.02,240
2025-09-01,T02,Iluminacion,4633854.72,111
2025-09-01,T02,Muebles,8471616.92,208
2025-09-01,T02,Organizacion,5467998.38,122
2025-09-01,T02,Textil hogar,6382209.41,150
2025-09-01,T03,Baño,3076890.44,94
2025-09-01,T03,Cocina y mesa,10574086.73,207
2025-09-01,T03,Decoracion,9725961.1,227
2025-09-01,T03,Iluminacion,3661160.02,72
2025-09-01,T03,Muebles,5734235.8,134
2025-09-01,T03,Organizacion,4471376.38,125
2025-09-01,T03,Textil hogar,4978013.48,95
2025-09-01,T04,Baño,2756611.08,90
2025-09-01,T04,Cocina y mesa,11753348.72,223
2025-09-01,T04,Decoracion,9659247.12,201
2025-09-01,T04,Iluminacion,6478376.5,132
2025-09-01,T04,Muebles,4383323.6,127
2025-09-01,T04,Organizacion,4542853.3,126
2025-09-01,T04,Textil hogar,3778035.93,120
2025-09-01,T05,Baño,4886288.65,96
2025-09-01,T05,Cocina y mesa,11150503.68,193
2025-09-01,T05,Decoracion,9167631.35,235
2025-09-01,T05,Iluminacion,5360080.14,130
2025-09-01,T05,Muebles,5608615.75,133
2025-09-01,T05,Organizacion,6038582.07,111
2025-09-01,T05,Textil hogar,4920425.53,124
2025-09-01,T06,Baño,2657089.49,64
2025-09-01,T06,Cocina y mesa,7477713.44,169
2025-09-01,T06,Decoracion,9511306.56,201
2025-09-01,T06,Iluminacion,7980614.88,159
2025-09-01,T06,Muebles,5027467.52,115
2025-09-01,T06,Organizacion,5365474.11,129
2025-09-01,T06,Textil hogar,7547965.9,143
2025-09-01,T07,Baño,4452331.32,105
2025-09-01,T07,Cocina y mesa,6189990.9,134
2025-09-01,T07,Decoracion,11371974.55,247
2025-09-01,T07,Iluminacion,5726528.88,162
2025-09-01,T07,Muebles,4788151.19,119
2025-09-01,T07,Organizacion,6495590.09,119
2025-09-01,T07,Textil hogar,6427508.73,165
2025-09-01,T08,Baño,4370235.39,103
2025-09-01,T08,Cocina y mesa,9842876.77,205
2025-09-01,T08,Decoracion,12185515.97,279
2025-09-01,T08,Iluminacion,5919363.29,128
2025-09-01,T08,Muebles,3199114.47,77
2025-09-01,T08,Organizacion,6460992.89,143
2025-09-01,T08,Textil hogar,8020099.94,178
2025-09-01,T09,Baño,2599681.06,80
2025-09-01,T09,Cocina y mesa,12991888.73,254
2025-09-01,T09,Decoracion,10184929.02,237
2025-09-01,T09,Iluminacion,3985112.5,94
2025-09-01,T09,Muebles,7685237.52,173
2025-09-01,T09,Organizacion,4927254.14,112
2025-09-01,T09,Textil hogar,6628385.86,150
2025-09-01,T10,Baño,3110136.42,96
2025-09-01,T10,Cocina y mesa,7034714.43,150
2025-09-01,T10,Decoracion,8154684.75,190
2025-09-01,T10,Iluminacion,5912929.63,131
2025-09-01,T10,Muebles,3117660.26,77
2025-09-01,T10,Organizacion,7043561.24,152
2025-09-01,T10,Textil hogar,5065536.44,109
2025-09-01,T11,Baño,3787827.26,83
2025-09-01,T11,Cocina y mesa,7906895.61,158
2025-09-01,T11,Decoracion,12090388.62,247
2025-09-01,T11,Iluminacion,4362145.96,109
2025-09-01,T11,Muebles,5371530.93,137
2025-09-01,T11,Organizacion,6059508.73,109
2025-09-01,T11,Textil hogar,6261841.17,143
2025-09-01,T12,Baño,3504766.07,102
2025-09-01,T12,Cocina y mesa,5585751.04,136
2025-09-01,T12,Decoracion,9623977.22,217
2025-09-01,T12,Iluminacion,2895378.12,87
2025-09-01,T12,Muebles,5070631.26,125
2025-09-01,T12,Organizacion,4316025.8,106
2025-09-01,T12,Textil hogar,5569500.82,97
2025-09-01,T13,Baño,4500680.92,101
2025-09-01,T13,Cocina y mesa,10086222.54,169
2025-09-01,T13,Decoracion,7568168.02,183
2025-09-01,T13,Iluminacion,5844190.43,136
2025-09-01,T13,Muebles,7020611.74,154
2025-09-01,T13,Organizacion,9368817.26,182
2025-09-01,T13,Textil hogar,5850345.06,138
2025-09-01,T14,Baño,2525687.87,87
2025-09-01,T14,Cocina y mesa,8407991.89,170
2025-09-01,T14,Decoracion,9214618.91,204
2025-09-01,T14,Iluminacion,7432259.08,157
2025-09-01,T14,Muebles,6080659.45,158
2025-09-01,T14,Organizacion,3238595.9,92
2025-09-01,T14,Textil hogar,5487334.67,133
2025-09-01,T15,Baño,4826039.6,138
2025-09-01,T15,Cocina y mesa,8221611.01,192
2025-09-01,T15,Decoracion,11504671.03,258
2025-09-01,T15,Iluminacion,7186158.85,163
2025-09-01,T15,Muebles,4690937.27,145
2025-09-01,T15,Organizacion,5679954.88,120
2025-09-01,T15,Textil hogar,6060281.37,138
2025-09-01,T16,Baño,3943627.1,87
2025-09-01,T16,Cocina y mesa,10214012.01,189
2025-09-01,T16,Decoracion,6635344.52,152
2025-09-01,T16,Iluminacion,4692746.9,108
2025-09-01,T16,Muebles,5425474.9,132
2025-09-01,T16,Organizacion,3616674.58,85
2025-09-01,T16,Textil hogar,6750801.91,158
2025-09-01,T17,Baño,1954296.84,61
2025-09-01,T17,Cocina y mesa,8314203.77,172
2025-09-01,T17,Decoracion,9481492.41,219
2025-09-01,T17,Iluminacion,5004659.59,137
2025-09-01,T17,Muebles,4565630.36,105
2025-09-01,T17,Organizacion,5095915.54,118
2025-09-01,T17,Textil hogar,7346916.24,149
2025-09-01,T18,Baño,3591862.36,93
2025-09-01,T18,Cocina y mesa,10562795.8,206
2025-09-01,T18,Decoracion,5798223.48,147
2025-09-01,T18,Iluminacion,6326228.32,163
2025-09-01,T18,Muebles,3842673.84,96
2025-09-01,T18,Organizacion,4690578.67,115
2025-09-01,T18,Textil hogar,7444702.04,157
2025-09-01,T19,Baño,5475067.26,119
2025-09-01,T19,Cocina y mesa,7804852.44,151
2025-09-01,T19,Decoracion,8819243.68,217
2025-09-01,T19,Iluminacion,7739546.09,175
2025-09-01,T19,Muebles,6946468.28,173
2025-09-01,T19,Organizacion,5714282.8,137
2025-09-01,T19,Textil hogar,6792046.52,145
2025-09-01,T20,Baño,2914324.38,87
2025-09-01,T20,Cocina y mesa,6085407.06,149
2025-09-01,T20,Decoracion,8709357.02,206
2025-09-01,T20,Iluminacion,5625117.42,106
2025-09-01,T20,Muebles,3920452.47,106
2025-09-01,T20,Organizacion,5939805.21,145
2025-09-01,T20,Textil hogar,8319472.56,158
2025-09-01,T21,Baño,4123310.2,94
2025-09-01,T21,Cocina y mesa,8114525.76,192
2025-09-01,T21,Decoracion,11468870.14,251
2025-09-01,T21,Iluminacion,2570930.47,81
2025-09-01,T21,Muebles,4351672.78,118
2025-09-01,T21,Organizacion,6162842.86,139
2025-09-01,T21,Textil hogar,6141209.87,118
2025-09-01,T22,Baño,3869854.74,99
2025-09-01,T22,Cocina y mesa,12232941.02,254
2025-09-01,T22,Decoracion,10071442.09,251
2025-09-01,T22,Iluminacion,5579729.78,120
2025-09-01,T22,Muebles,5959502.56,157
2025-09-01,T22,Organizacion,6399892.4,115
2025-09-01,T22,Textil hogar,8764940.57,156
2025-09-01,T23,Baño,3202843.02,83
2025-09-01,T23,Cocina y mesa,9382965.46,191
2025-09-01,T23,Decoracion,10144681.77,267
2025-09-01,T23,Iluminacion,4290183.95,131
2025-09-01,T23,Muebles,7974713.02,184
2025-09-01,T23,Organizacion,4768904.38,108
2025-09-01,T23,Textil hogar,7719513.36,172
2025-09-01,T24,Baño,3938977.77,98
2025-09-01,T24,Cocina y mesa,11387109.36,200
2025-09-01,T24,Decoracion,9497384.13,238
2025-09-01,T24,Iluminacion,6320945.44,135
2025-09-01,T24,Muebles,7584279.13,152
2025-09-01,T24,Organizacion,8009138.67,159
2025-09-01,T24,Textil hogar,7693701.63,188
2025-09-01,T25,Baño,4346209.96,108
2025-09-01,T25,Cocina y mesa,9099608.76,177
2025-09-01,T25,Decoracion,10283225.25,225
2025-09-01,T25,Iluminacion,3034064.22,80
2025-09-01,T25,Muebles,5494872.62,146
2025-09-01,T25,Organizacion,4519709.69,99
2025-09-01,T25,Textil hogar,6070039.3,120
2025-09-01,T26,Baño,3425088.71,108
2025-09-01,T26,Cocina y mesa,9579544.01,203
2025-09-01,T26,Decoracion,8193532.08,204
2025-09-01,T26,Iluminacion,4933491.25,115
2025-09-01,T26,Muebles,5666598.65,140
2025-09-01,T26,Organizacion,6055792.12,121
2025-09-01,T26,Textil hogar,5697768.88,117
2025-09-01,T27,Baño,3936645.68,105
2025-09-01,T27,Cocina y mesa,7439177.06,141
2025-09-01,T27,Decoracion,11767657.7,273
2025-09-01,T27,Iluminacion,3171055.89,100
2025-09-01,T27,Muebles,5631667.27,139
2025-09-01,T27,Organizacion,6640150.42,148
2025-09-01,T27,Textil hogar,4133958.06,113
2025-09-01,T28,Baño,4761849.54,151
2025-09-01,T28,Cocina y mesa,9260234.79,182
2025-09-01,T28,Decoracion,8455783.72,183
2025-09-01,T28,Iluminacion,4195091.26,87
2025-09-01,T28,Muebles,5843936.07,141
2025-09-01,T28,Organizacion,4670553.79,131
2025-09-01,T28,Textil hogar,6375456.94,151
2025-10-01,T01,Baño,3483653.5,103
2025-10-01,T01,Cocina y mesa,8244886.61,160
2025-10-01,T01,Decoracion,8827928.85,199
2025-10-01,T01,Iluminacion,5199815.34,114
2025-10-01,T01,Muebles,5873855.96,146
2025-10-01,T01,Organizacion,3774168.78,100
2025-10-01,T01,Textil hogar,5602884.24,121
2025-10-01,T02,Baño,1890625.32,53
2025-10-01,T02,Cocina y mesa,11157809.01,228
2025-10-01,T02,Decoracion,11024526.49,279
2025-10-01,T02,Iluminacion,3894595.88,81
2025-10-01,T02,Muebles,5277648.76,137
2025-10-01,T02,Organizacion,6719888.91,120
2025-10-01,T02,Textil hogar,6060054.4,147
2025-10-01,T03,Baño,4550647.81,127
2025-10-01,T03,Cocina y mesa,8477269.77,182
2025-10-01,T03,Decoracion,12734988.42,299
2025-10-01,T03,Iluminacion,5550749.79,103
2025-10-01,T03,Muebles,4332718.82,118
2025-10-01,T03,Organizacion,5764914.38,134
2025-10-01,T03,Textil hogar,6219655.02,121
2025-10-01,T04,Baño,1626551.2,74
2025-10-01,T04,Cocina y mesa,11942406.16,229
2025-10-01,T04,Decoracion,8657959.19,206
2025-10-01,T04,Iluminacion,5698204.73,122
2025-10-01,T04,Muebles,4274171.34,119
2025-10-01,T04,Organizacion,5531295.55,143
2025-10-01,T04,Textil hogar,3785332.81,118
2025-10-01,T05,Baño,4934828.84,99
2025-10-01,T05,Cocina y mesa,10180106.41,193
2025-10-01,T05,Decoracion,7087930.54,204
2025-10-01,T05,Iluminacion,6275621.5,149
2025-10-01,T05,Muebles,6571330.15,154
2025-10-01,T05,Organizacion,6728805.63,144
2025-10-01,T05,Textil hogar,6183905.21,142
2025-10-01,T06,Baño,2327490.92,59
2025-10-01,T06,Cocina y mesa,7475719.21,163
2025-10-01,T06,Decoracion,9471566.46,199
2025-10-01,T06,Iluminacion,6898560.02,130
2025-10-01,T06,Muebles,4891773.95,123
2025-10-01,T06,Organizacion,7872168.72,180
2025-10-01,T06,Textil hogar,5155862.79,122
2025-10-01,T07,Baño,3706453.19,69
2025-10-01,T07,Cocina y mesa,6633250.65,151
2025-10-01,T07,Decoracion,11344941.55,252
2025-10-01,T07,Iluminacion,4134064.52,125
2025-10-01,T07,Muebles,3468196.17,95
2025-10-01,T07,Organizacion,8036638.14,146
2025-10-01,T07,Textil hogar,5358861.47,151
2025-10-01,T08,Baño,2752328.59,68
2025-10-01,T08,Cocina y mesa,9012172.86,191
2025-10-01,T08,Decoracion,11177651.72,260
2025-10-01,T08,Iluminacion,6016061.26,133
2025-10-01,T08,Muebles,2826563.85,83
2025-10-01,T08,Organizacion,5844686.01,125
2025-10-01,T08,Textil hogar,6749375.45,153
2025-10-01,T09,Baño,3289772.82,95
2025-10-01,T09,Cocina y mesa,13422906.05,249
2025-10-01,T09,Decoracion,7154122.5,162
2025-10-01,T09,Iluminacion,3692481.14,96
2025-10-01,T09,Muebles,7513869.27,157
2025-10-01,T09,Organizacion,3441999.25,73
2025-10-01,T09,Textil hogar,9795367.25,221
2025-10-01,T10,Baño,3738447.97,97
2025-10-01,T10,Cocina y mesa,6083383.61,139
2025-10-01,T10,Decoracion,8323348.25,190
2025-10-01,T10,Iluminacion,7369206.52,155
2025-10-01,T10,Muebles,4611581.87,110
2025-10-01,T10,Organizacion,4765406.97,111
2025-10-01,T10,Textil hogar,6229746.72,143
2025-10-01,T11,Baño,3189242.64,76
2025-10-01,T11,Cocina y mesa,6301512.98,133
2025-10-01,T11,Decoracion,11709629.09,243
2025-10-01,T11,Iluminacion,2120781.78,72
2025-10-01,T11,Muebles,6361697.59,182
2025-10-01,T11,Organizacion,5759126.79,112
2025-10-01,T11,Textil hogar,5024356.58,116
2025-10-01,T12,Baño,3164626.97,101
2025-10-01,T12,Cocina y mesa,5286059.05,126
2025-10-01,T12,Decoracion,10432018.32,233
2025-10-01,T12,Iluminacion,2059354.56,63
2025-10-01,T12,Muebles,5265734.68,134
2025-10-01,T12,Organizacion,5169362.75,131
2025-10-01,T12,Textil hogar,4468062.79,89
2025-10-01,T13,Baño,4005040.68,99
2025-10-01,T13,Cocina y mesa,9154217.69,165
2025-10-01,T13,Decoracion,7518511.43,191
2025-10-01,T13,Iluminacion,4610969.38,117
2025-10-01,T13,Muebles,5236441.88,122
2025-10-01,T13,Organizacion,8883447.71,190
2025-10-01,T13,Textil hogar,5249436.05,117
2025-10-01,T14,Baño,2658563.69,84
2025-10-01,T14,Cocina y mesa,9070361.77,185
2025-10-01,T14,Decoracion,5654712.89,153
2025-10-01,T14,Iluminacion,5629986.14,139
2025-10-01,T14,Muebles,5111603.87,145
2025-10-01,T14,Organizacion,3487561.9,98
2025-10-01,T14,Textil hogar,4097346.57,118
2025-10-01,T15,Baño,3760217.41,105
2025-10-01,T15,Cocina y mesa,7314055.48,163
2025-10-01,T15,Decoracion,10589388.11,242
2025-10-01,T15,Iluminacion,6652263.2,156
2025-10-01,T15,Muebles,4424922.43,126
2025-10-01,T15,Organizacion,5418792.47,133
2025-10-01,T15,Textil hogar,4925156.19,116
2025-10-01,T16,Baño,3894859.04,91
2025-10-01,T16,Cocina y mesa,8665535.63,173
2025-10-01,T16,Decoracion,8196311.56,184
2025-10-01,T16,Iluminacion,4621854.68,106
2025-10-01,T16,Muebles,5647649.66,137
2025-10-01,T16,Organizacion,3826583.23,99
2025-10-01,T16,Textil hogar,5798461.6,128
2025-10-01,T17,Baño,4161910.36,101
2025-10-01,T17,Cocina y mesa,7443920.95,158
2025-10-01,T17,Decoracion,9206715.68,221
2025-10-01,T17,Iluminacion,7070086.87,162
2025-10-01,T17,Muebles,4599910.14,112
2025-10-01,T17,Organizacion,4621399.29,101
2025-10-01,T17,Textil hogar,5616230.2,121
2025-10-01,T18,Baño,3673896.56,99
2025-10-01,T18,Cocina y mesa,11210391.35,222
2025-10-01,T18,Decoracion,7799598.15,201
2025-10-01,T18,Iluminacion,6211308.66,136
2025-10-01,T18,Muebles,5117723.27,102
2025-10-01,T18,Organizacion,4317155.54,125
2025-10-01,T18,Textil hogar,8726318.31,185
2025-10-01,T19,Baño,4692887.86,108
2025-10-01,T19,Cocina y mesa,9695024.57,202
2025-10-01,T19,Decoracion,8662427.64,204
2025-10-01,T19,Iluminacion,6972134.23,164
2025-10-01,T19,Muebles,6153290.62,146
2025-10-01,T19,Organizacion,7627113.84,188
2025-10-01,T19,Textil hogar,5995848.26,131
2025-10-01,T20,Baño,2870602.07,72
2025-10-01,T20,Cocina y mesa,8876091.84,188
2025-10-01,T20,Decoracion,7413876.18,171
2025-10-01,T20,Iluminacion,5087031.07,103
2025-10-01,T20,Muebles,5695873.4,125
2025-10-01,T20,Organizacion,4887661.97,103
2025-10-01,T20,Textil hogar,9431524.43,180
2025-10-01,T21,Baño,4087659.42,106
2025-10-01,T21,Cocina y mesa,8063185.97,184
2025-10-01,T21,Decoracion,11078298.97,248
2025-10-01,T21,Iluminacion,3638865.79,94
2025-10-01,T21,Muebles,4085759.19,121
2025-10-01,T21,Organizacion,6728255.59,128
2025-10-01,T21,Textil hogar,5939930.04,118
2025-10-01,T22,Baño,3878664.73,120
2025-10-01,T22,Cocina y mesa,8714065.28,201
2025-10-01,T22,Decoracion,9950578.4,229
2025-10-01,T22,Iluminacion,6422866.21,124
2025-10-01,T22,Muebles,6002811.68,150
2025-10-01,T22,Organizacion,5827997.04,114
2025-10-01,T22,Textil hogar,9297817.29,184
2025-10-01,T23,Baño,3167326.16,76
2025-10-01,T23,Cocina y mesa,6842412.07,143
2025-10-01,T23,Decoracion,10572718.49,249
2025-10-01,T23,Iluminacion,5046793.03,126
2025-10-01,T23,Muebles,7859090.76,171
2025-10-01,T23,Organizacion,5018374.58,109
2025-10-01,T23,Textil hogar,5772733.59,145
2025-10-01,T24,Baño,3340389.04,112
2025-10-01,T24,Cocina y mesa,12584336.55,232
2025-10-01,T24,Decoracion,7276378.82,187
2025-10-01,T24,Iluminacion,5894386.77,139
2025-10-01,T24,Muebles,7318293.17,158
2025-10-01,T24,Organizacion,6968694.23,147
2025-10-01,T24,Textil hogar,6097098.26,137
2025-10-01,T25,Baño,3981176.59,93
2025-10-01,T25,Cocina y mesa,9384160.44,195
2025-10-01,T25,Decoracion,10195851.91,227
2025-10-01,T25,Iluminacion,4276025.03,102
2025-10-01,T25,Muebles,4944593.2,134
2025-10-01,T25,Organizacion,5388909.66,122
2025-10-01,T25,Textil hogar,6247787.11,122
2025-10-01,T26,Baño,4734557.11,132
2025-10-01,T26,Cocina y mesa,9427627.43,199
2025-10-01,T26,Decoracion,8481449.54,208
2025-10-01,T26,Iluminacion,4952369.88,116
2025-10-01,T26,Muebles,5393581.73,119
2025-10-01,T26,Organizacion,5076636.47,115
2025-10-01,T26,Textil hogar,4409354.89,100
2025-10-01,T27,Baño,4641778.1,115
2025-10-01,T27,Cocina y mesa,10154861.06,185
2025-10-01,T27,Decoracion,11583867.26,275
2025-10-01,T27,Iluminacion,5724027.43,147
2025-10-01,T27,Muebles,6011357.41,143
2025-10-01,T27,Organizacion,5913130.4,157
2025-10-01,T27,Textil hogar,5248638.84,121
2025-10-01,T28,Baño,4121658.25,128
2025-10-01,T28,Cocina y mesa,10290372.35,207
2025-10-01,T28,Decoracion,9251357.94,207
2025-10-01,T28,Iluminacion,5506775.59,124
2025-10-01,T28,Muebles,6266583.81,140
2025-10-01,T28,Organizacion,5134007.26,136
2025-10-01,T28,Textil hogar,5945533.66,147
2025-11-01,T01,Baño,3387878.46,98
2025-11-01,T01,Cocina y mesa,8285081.96,155
2025-11-01,T01,Decoracion,7900303.23,178
2025-11-01,T01,Iluminacion,5482368.16,109
2025-11-01,T01,Muebles,5661538.34,134
2025-11-01,T01,Organizacion,4596419.81,118
2025-11-01,T01,Textil hogar,3651854.39,101
2025-11-01,T02,Baño,1760649.48,49
2025-11-01,T02,Cocina y mesa,10899372.28,220
2025-11-01,T02,Decoracion,10537239.05,261
2025-11-01,T02,Iluminacion,4274903.05,95
2025-11-01,T02,Muebles,7266652.57,178
2025-11-01,T02,Organizacion,7329140.55,149
2025-11-01,T02,Textil hogar,5646957.63,132
2025-11-01,T03,Baño,2747426.9,70
2025-11-01,T03,Cocina y mesa,9439543.03,184
2025-11-01,T03,Decoracion,10066070.72,246
2025-11-01,T03,Iluminacion,4085914.1,79
2025-11-01,T03,Muebles,5787753.23,124
2025-11-01,T03,Organizacion,5796387.47,150
2025-11-01,T03,Textil hogar,5010840.19,118
2025-11-01,T04,Baño,2532882.45,94
2025-11-01,T04,Cocina y mesa,11192958.98,233
2025-11-01,T04,Decoracion,11623785.5,262
2025-11-01,T04,Iluminacion,6218210.88,152
2025-11-01,T04,Muebles,4516199.55,135
2025-11-01,T04,Organizacion,5177703.83,136
2025-11-01,T04,Textil hogar,4482333.11,131
2025-11-01,T05,Baño,5920155.92,113
2025-11-01,T05,Cocina y mesa,9964384.61,205
2025-11-01,T05,Decoracion,7737084.34,194
2025-11-01,T05,Iluminacion,4707583.66,123
2025-11-01,T05,Muebles,6010467.25,146
2025-11-01,T05,Organizacion,6995185.16,141
2025-11-01,T05,Textil hogar,4224502.49,120
2025-11-01,T06,Baño,3066823.76,78
2025-11-01,T06,Cocina y mesa,7302260.55,170
2025-11-01,T06,Decoracion,9171465.54,207
2025-11-01,T06,Iluminacion,8151033.12,164
2025-11-01,T06,Muebles,4777663.58,117
2025-11-01,T06,Organizacion,6836064.73,163
2025-11-01,T06,Textil hogar,7199397.5,159
2025-11-01,T07,Baño,4145858.62,99
2025-11-01,T07,Cocina y mesa,6097449.6,145
2025-11-01,T07,Decoracion,11278700.42,226
2025-11-01,T07,Iluminacion,4558764.04,115
2025-11-01,T07,Muebles,4059643.95,112
2025-11-01,T07,Organizacion,6625491.85,139
2025-11-01,T07,Textil hogar,5128179.1,140
2025-11-01,T08,Baño,3658923.28,86
2025-11-01,T08,Cocina y mesa,9576100.23,200
2025-11-01,T08,Decoracion,10777287.38,236
2025-11-01,T08,Iluminacion,6553020.41,139
2025-11-01,T08,Muebles,4155046.39,113
2025-11-01,T08,Organizacion,6418146.75,147
2025-11-01,T08,Textil hogar,6272460.69,140
2025-11-01,T09,Baño,2531505.57,74
2025-11-01,T09,Cocina y mesa,12099887.13,237
2025-11-01,T09,Decoracion,8620724.39,190
2025-11-01,T09,Iluminacion,3500462.43,103
2025-11-01,T09,Muebles,7898998.07,162
2025-11-01,T09,Organizacion,3641804.98,89
2025-11-01,T09,Textil hogar,7151993.8,160
2025-11-01,T10,Baño,3389559.98,92
2025-11-01,T10,Cocina y mesa,7840833.06,157
2025-11-01,T10,Decoracion,7894337.1,165
2025-11-01,T10,Iluminacion,5644537.92,123
2025-11-01,T10,Muebles,3626918.69,75
2025-11-01,T10,Organizacion,6940290.78,167
2025-11-01,T10,Textil hogar,5419118.83,115
2025-11-01,T11,Baño,4032216.3,108
2025-11-01,T11,Cocina y mesa,7992775.09,147
2025-11-01,T11,Decoracion,11288755.88,237
2025-11-01,T11,Iluminacion,3131646.84,86
2025-11-01,T11,Muebles,5430907.25,141
2025-11-01,T11,Organizacion,6561099.14,123
2025-11-01,T11,Textil hogar,6164363.93,148
2025-11-01,T12,Baño,3824860.55,110
2025-11-01,T12,Cocina y mesa,6229986.76,135
2025-11-01,T12,Decoracion,8841862.04,208
2025-11-01,T12,Iluminacion,2834215.66,85
2025-11-01,T12,Muebles,7020682.13,166
2025-11-01,T12,Organizacion,5086472.18,134
2025-11-01,T12,Textil hogar,5260074.12,98
2025-11-01,T13,Baño,3285069.45,83
2025-11-01,T13,Cocina y mesa,9769643.03,176
2025-11-01,T13,Decoracion,7374384.53,185
2025-11-01,T13,Iluminacion,4806202.4,123
2025-11-01,T13,Muebles,6423186.42,120
2025-11-01,T13,Organizacion,7413862.77,162
2025-11-01,T13,Textil hogar,7746084.41,189
2025-11-01,T14,Baño,1952518.31,69
2025-11-01,T14,Cocina y mesa,9943964.2,195
2025-11-01,T14,Decoracion,5919901.9,152
2025-11-01,T14,Iluminacion,5787485.27,127
2025-11-01,T14,Muebles,5344980.85,142
2025-11-01,T14,Organizacion,5069454.38,130
2025-11-01,T14,Textil hogar,4358686.49,119
2025-11-01,T15,Baño,3680779.51,112
2025-11-01,T15,Cocina y mesa,9387450.66,202
2025-11-01,T15,Decoracion,10711005.51,242
2025-11-01,T15,Iluminacion,6937125.3,154
2025-11-01,T15,Muebles,4633445.1,138
2025-11-01,T15,Organizacion,6957577.78,160
2025-11-01,T15,Textil hogar,3401137.31,95
2025-11-01,T16,Baño,3854886.49,89
2025-11-01,T16,Cocina y mesa,7426344.02,153
2025-11-01,T16,Decoracion,8725523.53,195
2025-11-01,T16,Iluminacion,6255779.24,145
2025-11-01,T16,Muebles,5747793.06,127
2025-11-01,T16,Organizacion,5026900.8,130
2025-11-01,T16,Textil hogar,5750372.28,135
2025-11-01,T17,Baño,2893756.87,73
2025-11-01,T17,Cocina y mesa,8335620.3,165
2025-11-01,T17,Decoracion,7981057.97,183
2025-11-01,T17,Iluminacion,6038938.86,146
2025-11-01,T17,Muebles,6266405.77,139
2025-11-01,T17,Organizacion,5895458.26,124
2025-11-01,T17,Textil hogar,6530243.41,136
2025-11-01,T18,Baño,3040939.19,80
2025-11-01,T18,Cocina y mesa,8562393.12,180
2025-11-01,T18,Decoracion,6438265.61,180
2025-11-01,T18,Iluminacion,2970538.05,74
2025-11-01,T18,Muebles,3084009.78,67
2025-11-01,T18,Organizacion,4580723.38,111
2025-11-01,T18,Textil hogar,8205785.83,186
2025-11-01,T19,Baño,5065026.82,115
2025-11-01,T19,Cocina y mesa,8074309.41,176
2025-11-01,T19,Decoracion,9103941.94,235
2025-11-01,T19,Iluminacion,4658638.49,127
2025-11-01,T19,Muebles,6401720.93,146
2025-11-01,T19,Organizacion,7546081.8,171
2025-11-01,T19,Textil hogar,3636398.66,96
2025-11-01,T20,Baño,3153682.99,81
2025-11-01,T20,Cocina y mesa,7023152.68,170
2025-11-01,T20,Decoracion,7405118.15,183
2025-11-01,T20,Iluminacion,5542742.79,115
2025-11-01,T20,Muebles,5114169.09,136
2025-11-01,T20,Organizacion,5316368.44,126
2025-11-01,T20,Textil hogar,8184995.01,155
2025-11-01,T21,Baño,4126985.92,109
2025-11-01,T21,Cocina y mesa,10670600.76,233
2025-11-01,T21,Decoracion,9168962.61,219
2025-11-01,T21,Iluminacion,3405346.42,86
2025-11-01,T21,Muebles,5293864.24,133
2025-11-01,T21,Organizacion,7432564.48,151
2025-11-01,T21,Textil hogar,6595714.71,130
2025-11-01,T22,Baño,3632398.18,97
2025-11-01,T22,Cocina y mesa,10171920.4,208
2025-11-01,T22,Decoracion,11516153.89,240
2025-11-01,T22,Iluminacion,4702412.54,96
2025-11-01,T22,Muebles,6502111.39,143
2025-11-01,T22,Organizacion,4969578.37,96
2025-11-01,T22,Textil hogar,6820924.44,148
2025-11-01,T23,Baño,3020479.12,70
2025-11-01,T23,Cocina y mesa,8309195.65,170
2025-11-01,T23,Decoracion,8508053.61,236
2025-11-01,T23,Iluminacion,4017739.88,108
2025-11-01,T23,Muebles,6316163.57,155
2025-11-01,T23,Organizacion,4679162.41,101
2025-11-01,T23,Textil hogar,6426088.58,156
2025-11-01,T24,Baño,3759224.22,111
2025-11-01,T24,Cocina y mesa,10323245.83,196
2025-11-01,T24,Decoracion,9725181.18,235
2025-11-01,T24,Iluminacion,3867946.45,104
2025-11-01,T24,Muebles,6279811.36,131
2025-11-01,T24,Organizacion,6483245.47,134
2025-11-01,T24,Textil hogar,8033785.58,167
2025-11-01,T25,Baño,4281370.27,101
2025-11-01,T25,Cocina y mesa,10091718.86,195
2025-11-01,T25,Decoracion,8771598.72,198
2025-11-01,T25,Iluminacion,4271119.12,88
2025-11-01,T25,Muebles,6479123.55,141
2025-11-01,T25,Organizacion,5566044.34,124
2025-11-01,T25,Textil hogar,5921400.91,124
2025-11-01,T26,Baño,4885427.46,123
2025-11-01,T26,Cocina y mesa,9888654.03,225
2025-11-01,T26,Decoracion,8268245.28,204
2025-11-01,T26,Iluminacion,4025392.21,97
2025-11-01,T26,Muebles,5439794.5,136
2025-11-01,T26,Organizacion,6250352.15,135
2025-11-01,T26,Textil hogar,4726335.73,107
2025-11-01,T27,Baño,3120798.55,76
2025-11-01,T27,Cocina y mesa,6980269.22,135
2025-11-01,T27,Decoracion,10221125.79,259
2025-11-01,T27,Iluminacion,5688157.06,137
2025-11-01,T27,Muebles,5272767.31,132
2025-11-01,T27,Organizacion,6076167.39,137
2025-11-01,T27,Textil hogar,5127793.51,106
2025-11-01,T28,Baño,5842752.61,157
2025-11-01,T28,Cocina y mesa,11656903.38,216
2025-11-01,T28,Decoracion,10177891.69,227
2025-11-01,T28,Iluminacion,4278297.89,98
2025-11-01,T28,Muebles,7062844.92,150
2025-11-01,T28,Organizacion,4402157.4,133
2025-11-01,T28,Textil hogar,5980019.62,131
2025-12-01,T01,Baño,4140366.54,112
2025-12-01,T01,Cocina y mesa,9765863.22,202
2025-12-01,T01,Decoracion,7927005.55,177
2025-12-01,T01,Iluminacion,5496483.44,118
2025-12-01,T01,Muebles,4798546.56,107
2025-12-01,T01,Organizacion,5051777.84,123
2025-12-01,T01,Textil hogar,5889236.23,131
2025-12-01,T02,Baño,2376966.39,69
2025-12-01,T02,Cocina y mesa,9868751.71,202
2025-12-01,T02,Decoracion,8146749.51,204
2025-12-01,T02,Iluminacion,4348983.49,99
2025-12-01,T02,Muebles,7252687.88,182
2025-12-01,T02,Organizacion,6015566.81,122
2025-12-01,T02,Textil hogar,6133415.33,154
2025-12-01,T03,Baño,3645963.11,89
2025-12-01,T03,Cocina y mesa,10571799.88,238
2025-12-01,T03,Decoracion,11059730.8,270
2025-12-01,T03,Iluminacion,4220385.71,79
2025-12-01,T03,Muebles,5259306.74,127
2025-12-01,T03,Organizacion,5098376.23,135
2025-12-01,T03,Textil hogar,4573630.93,100
2025-12-01,T04,Baño,3015416.27,94
2025-12-01,T04,Cocina y mesa,12919211.97,253
2025-12-01,T04,Decoracion,8365340.46,193
2025-12-01,T04,Iluminacion,6591833.81,137
2025-12-01,T04,Muebles,6082986.05,157
2025-12-01,T04,Organizacion,3774944.02,108
2025-12-01,T04,Textil hogar,3619877.33,108
2025-12-01,T05,Baño,5073221.17,96
2025-12-01,T05,Cocina y mesa,8624363.31,159
2025-12-01,T05,Decoracion,7838671.01,209
2025-12-01,T05,Iluminacion,5251077.33,133
2025-12-01,T05,Muebles,5394773.54,139
2025-12-01,T05,Organizacion,7765868.19,164
2025-12-01,T05,Textil hogar,5428039.88,146
2025-12-01,T06,Baño,2105424.71,50
2025-12-01,T06,Cocina y mesa,5477664.78,137
2025-12-01,T06,Decoracion,8417751.55,191
2025-12-01,T06,Iluminacion,5270816.47,95
2025-12-01,T06,Muebles,4094160.74,76
2025-12-01,T06,Organizacion,4953384.59,111
2025-12-01,T06,Textil hogar,7022564.47,137
2025-12-01,T07,Baño,3494975.7,85
2025-12-01,T07,Cocina y mesa,9252663.63,221
2025-12-01,T07,Decoracion,8871726.75,198
2025-12-01,T07,Iluminacion,5651222.2,166
2025-12-01,T07,Muebles,2452087.1,87
2025-12-01,T07,Organizacion,5226308.82,108
2025-12-01,T07,Textil hogar,4145744.97,114
2025-12-01,T08,Baño,3903560.46,92
2025-12-01,T08,Cocina y mesa,7461666.45,150
2025-12-01,T08,Decoracion,8510425.85,197
2025-12-01,T08,Iluminacion,6062352.0,140
2025-12-01,T08,Muebles,3135373.38,91
2025-12-01,T08,Organizacion,7405582.7,157
2025-12-01,T08,Textil hogar,7453215.64,165
2025-12-01,T09,Baño,3295390.45,88
2025-12-01,T09,Cocina y mesa,10957384.12,241
2025-12-01,T09,Decoracion,9784073.1,220
2025-12-01,T09,Iluminacion,3172049.21,100
2025-12-01,T09,Muebles,5923254.68,125
2025-12-01,T09,Organizacion,5035473.15,117
2025-12-01,T09,Textil hogar,8542397.41,185
2025-12-01,T10,Baño,2928538.56,86
2025-12-01,T10,Cocina y mesa,8228844.66,182
2025-12-01,T10,Decoracion,7870332.91,205
2025-12-01,T10,Iluminacion,7058623.33,170
2025-12-01,T10,Muebles,4452539.67,97
2025-12-01,T10,Organizacion,5835508.72,133
2025-12-01,T10,Textil hogar,5241818.56,120
2025-12-01,T11,Baño,5435570.76,135
2025-12-01,T11,Cocina y mesa,8318547.3,150
2025-12-01,T11,Decoracion,10252307.56,212
2025-12-01,T11,Iluminacion,2820254.55,76
2025-12-01,T11,Muebles,6179063.26,162
2025-12-01,T11,Organizacion,6470590.29,127
2025-12-01,T11,Textil hogar,7826251.67,179
2025-12-01,T12,Baño,2681097.75,76
2025-12-01,T12,Cocina y mesa,6044025.07,133
2025-12-01,T12,Decoracion,9482689.87,211
2025-12-01,T12,Iluminacion,2583062.37,74
2025-12-01,T12,Muebles,5554420.14,127
2025-12-01,T12,Organizacion,5661324.07,153
2025-12-01,T12,Textil hogar,4882113.94,92
2025-12-01,T13,Baño,3627475.83,85
2025-12-01,T13,Cocina y mesa,11722815.24,212
2025-12-01,T13,Decoracion,6590798.45,165
2025-12-01,T13,Iluminacion,5744574.86,146
2025-12-01,T13,Muebles,5870260.0,125
2025-12-01,T13,Organizacion,6584213.57,136
2025-12-01,T13,Textil hogar,5761765.25,155
2025-12-01,T14,Baño,2433373.14,77
2025-12-01,T14,Cocina y mesa,8560078.84,182
2025-12-01,T14,Decoracion,7973049.83,184
2025-12-01,T14,Iluminacion,4757662.57,106
2025-12-01,T14,Muebles,4927018.56,150
2025-12-01,T14,Organizacion,4971242.74,121
2025-12-01,T14,Textil hogar,3554797.17,101
2025-12-01,T15,Baño,3876795.68,113
2025-12-01,T15,Cocina y mesa,10179267.44,217
2025-12-01,T15,Decoracion,9141484.06,209
2025-12-01,T15,Iluminacion,4697604.41,104
2025-12-01,T15,Muebles,4454510.04,130
2025-12-01,T15,Organizacion,6859040.69,146
2025-12-01,T15,Textil hogar,4321574.14,115
2025-12-01,T16,Baño,3561603.26,87
2025-12-01,T16,Cocina y mesa,8540907.51,164
2025-12-01,T16,Decoracion,6816124.66,155
2025-12-01,T16,Iluminacion,5277693.22,120
2025-12-01,T16,Muebles,5079328.03,136
2025-12-01,T16,Organizacion,3626004.03,98
2025-12-01,T16,Textil hogar,7059192.35,146
2025-12-01,T17,Baño,3646056.55,98
2025-12-01,T17,Cocina y mesa,9705939.3,191
2025-12-01,T17,Decoracion,8765135.86,204
2025-12-01,T17,Iluminacion,5848091.98,138
2025-12-01,T17,Muebles,5937799.6,134
2025-12-01,T17,Organizacion,6187033.05,108
2025-12-01,T17,Textil hogar,7101972.51,147
2025-12-01,T18,Baño,3668712.99,92
2025-12-01,T18,Cocina y mesa,11063550.78,230
2025-12-01,T18,Decoracion,6193801.35,160
2025-12-01,T18,Iluminacion,6523765.68,155
2025-12-01,T18,Muebles,4283850.43,101
2025-12-01,T18,Organizacion,4516259.55,121
2025-12-01,T18,Textil hogar,7823860.84,172
2025-12-01,T19,Baño,4019871.51,93
2025-12-01,T19,Cocina y mesa,6869416.47,165
2025-12-01,T19,Decoracion,9202325.5,226
2025-12-01,T19,Iluminacion,6401203.37,158
2025-12-01,T19,Muebles,5403835.54,130
2025-12-01,T19,Organizacion,6061613.78,153
2025-12-01,T19,Textil hogar,7031824.64,149
2025-12-01,T20,Baño,2337439.51,64
2025-12-01,T20,Cocina y mesa,9616558.34,182
2025-12-01,T20,Decoracion,11844221.02,251
2025-12-01,T20,Iluminacion,4236843.62,88
2025-12-01,T20,Muebles,4276762.16,102
2025-12-01,T20,Organizacion,5589286.53,129
2025-12-01,T20,Textil hogar,10027288.78,190
2025-12-01,T21,Baño,3208016.36,79
2025-12-01,T21,Cocina y mesa,8656667.2,182
2025-12-01,T21,Decoracion,12914222.05,285
2025-12-01,T21,Iluminacion,3248690.49,84
2025-12-01,T21,Muebles,5394497.44,136
2025-12-01,T21,Organizacion,5518643.85,114
2025-12-01,T21,Textil hogar,4281135.42,100
2025-12-01,T22,Baño,2563254.32,77
2025-12-01,T22,Cocina y mesa,9066946.06,194
2025-12-01,T22,Decoracion,9767759.5,226
2025-12-01,T22,Iluminacion,5731781.62,108
2025-12-01,T22,Muebles,5550535.25,133
2025-12-01,T22,Organizacion,4578373.65,85
2025-12-01,T22,Textil hogar,8856748.31,173
2025-12-01,T23,Baño,2594827.88,64
2025-12-01,T23,Cocina y mesa,8860696.2,190
2025-12-01,T23,Decoracion,9745119.01,249
2025-12-01,T23,Iluminacion,2619177.61,90
2025-12-01,T23,Muebles,6878041.95,159
2025-12-01,T23,Organizacion,3919012.4,96
2025-12-01,T23,Textil hogar,6993039.81,177
2025-12-01,T24,Baño,2835643.5,85
2025-12-01,T24,Cocina y mesa,11299309.46,225
2025-12-01,T24,Decoracion,9809147.11,246
2025-12-01,T24,Iluminacion,5005131.14,110
2025-12-01,T24,Muebles,8544278.06,161
2025-12-01,T24,Organizacion,6862111.31,144
2025-12-01,T24,Textil hogar,9974649.78,204
2025-12-01,T25,Baño,5040507.37,113
2025-12-01,T25,Cocina y mesa,9271022.33,182
2025-12-01,T25,Decoracion,11180225.76,246
2025-12-01,T25,Iluminacion,4115724.93,81
2025-12-01,T25,Muebles,5180082.12,125
2025-12-01,T25,Organizacion,5388466.86,127
2025-12-01,T25,Textil hogar,6889902.13,142
2025-12-01,T26,Baño,4541631.34,120
2025-12-01,T26,Cocina y mesa,10135800.26,212
2025-12-01,T26,Decoracion,8486113.75,195
2025-12-01,T26,Iluminacion,5914782.96,136
2025-12-01,T26,Muebles,6084398.66,138
2025-12-01,T26,Organizacion,6023352.86,135
2025-12-01,T26,Textil hogar,5713973.93,123
2025-12-01,T27,Baño,3107424.73,85
2025-12-01,T27,Cocina y mesa,8183490.86,164
2025-12-01,T27,Decoracion,11594903.81,265
2025-12-01,T27,Iluminacion,5955817.38,154
2025-12-01,T27,Muebles,4213573.92,121
2025-12-01,T27,Organizacion,7255788.92,175
2025-12-01,T27,Textil hogar,4818266.84,114
2025-12-01,T28,Baño,3996219.17,118
2025-12-01,T28,Cocina y mesa,10510189.21,204
2025-12-01,T28,Decoracion,8159572.14,179
2025-12-01,T28,Iluminacion,4840180.93,125
2025-12-01,T28,Muebles,5631503.77,114
2025-12-01,T28,Organizacion,5304693.53,138
2025-12-01,T28,Textil hogar,4936131.36,119
2026-01-01,T01,Baño,2620128.15,79
2026-01-01,T01,Cocina y mesa,8440842.09,152
2026-01-01,T01,Decoracion,7014103.25,159
2026-01-01,T01,Iluminacion,4813279.21,96
2026-01-01,T01,Muebles,4594232.88,102
2026-01-01,T01,Organizacion,3483646.47,94
2026-01-01,T01,Textil hogar,4813928.43,110
2026-01-01,T02,Baño,1849785.35,50
2026-01-01,T02,Cocina y mesa,7850768.0,171
2026-01-01,T02,Decoracion,6620148.31,161
2026-01-01,T02,Iluminacion,3566770.11,76
2026-01-01,T02,Muebles,5081442.58,130
2026-01-01,T02,Organizacion,4880041.22,99
2026-01-01,T02,Textil hogar,4767258.23,122
2026-01-01,T03,Baño,2669877.22,74
2026-01-01,T03,Cocina y mesa,7280439.74,147
2026-01-01,T03,Decoracion,8288586.91,204
2026-01-01,T03,Iluminacion,5314274.99,95
2026-01-01,T03,Muebles,4219799.38,92
2026-01-01,T03,Organizacion,3502972.0,84
2026-01-01,T03,Textil hogar,4771835.83,97
2026-01-01,T04,Baño,1784478.61,69
2026-01-01,T04,Cocina y mesa,9433744.15,186
2026-01-01,T04,Decoracion,7066881.95,170
2026-01-01,T04,Iluminacion,4605395.85,102
2026-01-01,T04,Muebles,4171581.86,122
2026-01-01,T04,Organizacion,4372153.01,127
2026-01-01,T04,Textil hogar,3436667.12,106
2026-01-01,T05,Baño,4196796.37,83
2026-01-01,T05,Cocina y mesa,7824937.01,150
2026-01-01,T05,Decoracion,6397328.77,163
2026-01-01,T05,Iluminacion,3495192.72,98
2026-01-01,T05,Muebles,5139779.26,117
2026-01-01,T05,Organizacion,4879894.23,111
2026-01-01,T05,Textil hogar,4858507.34,127
2026-01-01,T06,Baño,1774441.83,46
2026-01-01,T06,Cocina y mesa,6256817.65,139
2026-01-01,T06,Decoracion,7358830.8,172
2026-01-01,T06,Iluminacion,5036428.23,94
2026-01-01,T06,Muebles,3248115.62,80
2026-01-01,T06,Organizacion,4416628.57,105
2026-01-01,T06,Textil hogar,4236400.75,94
2026-01-01,T07,Baño,2759865.7,65
2026-01-01,T07,Cocina y mesa,5674045.18,134
2026-01-01,T07,Decoracion,9401396.3,202
2026-01-01,T07,Iluminacion,3227386.82,95
2026-01-01,T07,Muebles,2451432.48,78
2026-01-01,T07,Organizacion,5656312.44,107
2026-01-01,T07,Textil hogar,4022789.58,113
2026-01-01,T08,Baño,2571406.41,65
2026-01-01,T08,Cocina y mesa,7681237.23,158
2026-01-01,T08,Decoracion,8425408.26,188
2026-01-01,T08,Iluminacion,5179740.43,118
2026-01-01,T08,Muebles,3104895.84,85
2026-01-01,T08,Organizacion,5013024.36,107
2026-01-01,T08,Textil hogar,4440219.81,105
2026-01-01,T09,Baño,1799870.9,53
2026-01-01,T09,Cocina y mesa,9101723.41,178
2026-01-01,T09,Decoracion,6540568.4,152
2026-01-01,T09,Iluminacion,2164076.98,72
2026-01-01,T09,Muebles,5986415.39,132
2026-01-01,T09,Organizacion,2691510.47,70
2026-01-01,T09,Textil hogar,8115676.7,178
2026-01-01,T10,Baño,2758113.97,78
2026-01-01,T10,Cocina y mesa,7436785.07,158
2026-01-01,T10,Decoracion,6346075.2,151
2026-01-01,T10,Iluminacion,6246795.63,143
2026-01-01,T10,Muebles,2840600.77,69
2026-01-01,T10,Organizacion,4356974.85,99
2026-01-01,T10,Textil hogar,3810508.37,94
2026-01-01,T11,Baño,3090581.08,82
2026-01-01,T11,Cocina y mesa,4366326.39,85
2026-01-01,T11,Decoracion,9915402.59,198
2026-01-01,T11,Iluminacion,1854317.29,66
2026-01-01,T11,Muebles,5430510.28,145
2026-01-01,T11,Organizacion,4490533.61,92
2026-01-01,T11,Textil hogar,4724276.42,117
2026-01-01,T12,Baño,2992346.14,89
2026-01-01,T12,Cocina y mesa,4128816.87,99
2026-01-01,T12,Decoracion,8870865.72,197
2026-01-01,T12,Iluminacion,1874723.53,57
2026-01-01,T12,Muebles,4601866.83,114
2026-01-01,T12,Organizacion,4579055.98,111
2026-01-01,T12,Textil hogar,4036573.02,75
2026-01-01,T13,Baño,3347341.04,81
2026-01-01,T13,Cocina y mesa,9480036.04,174
2026-01-01,T13,Decoracion,5348694.17,135
2026-01-01,T13,Iluminacion,3514915.42,89
2026-01-01,T13,Muebles,4469127.84,97
2026-01-01,T13,Organizacion,5504419.59,115
2026-01-01,T13,Textil hogar,4138209.1,114
2026-01-01,T14,Baño,1744033.75,61
2026-01-01,T14,Cocina y mesa,8666641.35,169
2026-01-01,T14,Decoracion,4513467.77,106
2026-01-01,T14,Iluminacion,3489717.9,83
2026-01-01,T14,Muebles,4040615.09,105
2026-01-01,T14,Organizacion,2597711.72,74
2026-01-01,T14,Textil hogar,3716953.78,105
2026-01-01,T15,Baño,2539073.86,84
2026-01-01,T15,Cocina y mesa,6003566.85,130
2026-01-01,T15,Decoracion,8077633.66,186
2026-01-01,T15,Iluminacion,4592688.66,104
2026-01-01,T15,Muebles,3323336.2,107
2026-01-01,T15,Organizacion,5447455.39,128
2026-01-01,T15,Textil hogar,2993005.82,78
2026-01-01,T16,Baño,2764025.63,62
2026-01-01,T16,Cocina y mesa,4972613.61,102
2026-01-01,T16,Decoracion,6396691.42,145
2026-01-01,T16,Iluminacion,4535779.41,96
2026-01-01,T16,Muebles,4418455.07,112
2026-01-01,T16,Organizacion,2815249.33,73
2026-01-01,T16,Textil hogar,5102797.67,102
2026-01-01,T17,Baño,2706355.83,76
2026-01-01,T17,Cocina y mesa,7343827.14,150
2026-01-01,T17,Decoracion,5956317.25,148
2026-01-01,T17,Iluminacion,5180732.39,126
2026-01-01,T17,Muebles,4862168.28,114
2026-01-01,T17,Organizacion,3746543.7,74
2026-01-01,T17,Textil hogar,6160221.6,127
2026-01-01,T18,Baño,2612795.69,73
2026-01-01,T18,Cocina y mesa,8816840.23,186
2026-01-01,T18,Decoracion,5894024.89,156
2026-01-01,T18,Iluminacion,4591452.9,93
2026-01-01,T18,Muebles,3668790.75,76
2026-01-01,T18,Organizacion,3424682.69,94
2026-01-01,T18,Textil hogar,7581625.57,161
2026-01-01,T19,Baño,3843659.35,93
2026-01-01,T19,Cocina y mesa,4802559.08,103
2026-01-01,T19,Decoracion,6948286.58,163
2026-01-01,T19,Iluminacion,4515474.35,116
2026-01-01,T19,Muebles,4855991.31,121
2026-01-01,T19,Organizacion,5241893.05,128
2026-01-01,T19,Textil hogar,5207651.94,113
2026-01-01,T20,Baño,2435599.26,69
2026-01-01,T20,Cocina y mesa,7766231.36,164
2026-01-01,T20,Decoracion,5853490.73,136
2026-01-01,T20,Iluminacion,3595276.62,74
2026-01-01,T20,Muebles,4420132.13,104
2026-01-01,T20,Organizacion,4041471.71,89
2026-01-01,T20,Textil hogar,7513859.46,147
2026-01-01,T21,Baño,2507920.47,65
2026-01-01,T21,Cocina y mesa,7338457.03,158
2026-01-01,T21,Decoracion,10007838.88,215
2026-01-01,T21,Iluminacion,1564178.56,54
2026-01-01,T21,Muebles,3692818.5,99
2026-01-01,T21,Organizacion,6207730.28,128
2026-01-01,T21,Textil hogar,4718358.46,104
2026-01-01,T22,Baño,2181789.06,68
2026-01-01,T22,Cocina y mesa,7551007.9,165
2026-01-01,T22,Decoracion,8506729.69,183
2026-01-01,T22,Iluminacion,3878379.08,75
2026-01-01,T22,Muebles,4190237.09,102
2026-01-01,T22,Organizacion,4800857.88,90
2026-01-01,T22,Textil hogar,6012935.3,116
2026-01-01,T23,Baño,2622704.81,60
2026-01-01,T23,Cocina y mesa,5146477.89,114
2026-01-01,T23,Decoracion,6889126.16,175
2026-01-01,T23,Iluminacion,2022457.98,71
2026-01-01,T23,Muebles,5339682.43,129
2026-01-01,T23,Organizacion,3858387.49,82
2026-01-01,T23,Textil hogar,4761154.44,118
2026-01-01,T24,Baño,2474523.67,74
2026-01-01,T24,Cocina y mesa,9202223.99,169
2026-01-01,T24,Decoracion,6766950.27,160
2026-01-01,T24,Iluminacion,4060416.74,101
2026-01-01,T24,Muebles,6018590.61,118
2026-01-01,T24,Organizacion,4951310.39,106
2026-01-01,T24,Textil hogar,6789775.41,135
2026-01-01,T25,Baño,2445883.81,71
2026-01-01,T25,Cocina y mesa,7300804.72,144
2026-01-01,T25,Decoracion,8327825.48,183
2026-01-01,T25,Iluminacion,3643364.02,80
2026-01-01,T25,Muebles,5025302.4,127
2026-01-01,T25,Organizacion,3627561.52,81
2026-01-01,T25,Textil hogar,5238649.89,110
2026-01-01,T26,Baño,3882816.38,106
2026-01-01,T26,Cocina y mesa,7523474.43,168
2026-01-01,T26,Decoracion,7084371.35,175
2026-01-01,T26,Iluminacion,4165836.46,93
2026-01-01,T26,Muebles,3870919.45,93
2026-01-01,T26,Organizacion,4910431.24,99
2026-01-01,T26,Textil hogar,4167955.78,91
2026-01-01,T27,Baño,2985763.08,74
2026-01-01,T27,Cocina y mesa,6566765.1,120
2026-01-01,T27,Decoracion,9009248.54,218
2026-01-01,T27,Iluminacion,4085484.24,100
2026-01-01,T27,Muebles,3638248.06,106
2026-01-01,T27,Organizacion,4490665.76,120
2026-01-01,T27,Textil hogar,4843535.6,97
2026-01-01,T28,Baño,3285374.89,101
2026-01-01,T28,Cocina y mesa,9068298.0,184
2026-01-01,T28,Decoracion,8071856.54,179
2026-01-01,T28,Iluminacion,3793086.47,97
2026-01-01,T28,Muebles,4982865.78,104
2026-01-01,T28,Organizacion,3575046.36,98
2026-01-01,T28,Textil hogar,4193900.15,104
2026-02-01,T01,Baño,2604306.04,79
2026-02-01,T01,Cocina y mesa,8275609.24,164
2026-02-01,T01,Decoracion,6341885.52,144
2026-02-01,T01,Iluminacion,4515290.51,91
2026-02-01,T01,Muebles,4191568.95,99
2026-02-01,T01,Organizacion,3963876.9,95
2026-02-01,T01,Textil hogar,3863660.33,101
2026-02-01,T02,Baño,1234319.94,36
2026-02-01,T02,Cocina y mesa,8087350.81,164
2026-02-01,T02,Decoracion,9213076.76,209
2026-02-01,T02,Iluminacion,3951882.72,87
2026-02-01,T02,Muebles,5228820.1,120
2026-02-01,T02,Organizacion,5639449.47,109
2026-02-01,T02,Textil hogar,5245427.63,132
2026-02-01,T03,Baño,2823746.62,81
2026-02-01,T03,Cocina y mesa,7408565.94,157
2026-02-01,T03,Decoracion,9406760.15,226
2026-02-01,T03,Iluminacion,5517141.54,99
2026-02-01,T03,Muebles,4506748.31,105
2026-02-01,T03,Organizacion,4140332.0,107
2026-02-01,T03,Textil hogar,4340611.12,95
2026-02-01,T04,Baño,1782995.56,53
2026-02-01,T04,Cocina y mesa,9845752.52,196
2026-02-01,T04,Decoracion,7340042.23,178
2026-02-01,T04,Iluminacion,4430717.2,102
2026-02-01,T04,Muebles,4114316.24,109
2026-02-01,T04,Organizacion,3395617.03,84
2026-02-01,T04,Textil hogar,3576916.5,93
2026-02-01,T05,Baño,3733114.55,78
2026-02-01,T05,Cocina y mesa,6550899.58,130
2026-02-01,T05,Decoracion,6162623.56,147
2026-02-01,T05,Iluminacion,5148109.46,131
2026-02-01,T05,Muebles,4902498.46,123
2026-02-01,T05,Organizacion,6173327.31,131
2026-02-01,T05,Textil hogar,3963845.03,111
2026-02-01,T06,Baño,2115690.02,53
2026-02-01,T06,Cocina y mesa,4273791.52,120
2026-02-01,T06,Decoracion,7786563.66,169
2026-02-01,T06,Iluminacion,6938225.29,135
2026-02-01,T06,Muebles,2852192.27,63
2026-02-01,T06,Organizacion,4832890.55,115
2026-02-01,T06,Textil hogar,6486211.91,135
2026-02-01,T07,Baño,3001740.5,69
2026-02-01,T07,Cocina y mesa,4599161.36,111
2026-02-01,T07,Decoracion,7113276.87,161
2026-02-01,T07,Iluminacion,3693396.5,96
2026-02-01,T07,Muebles,2968567.82,90
2026-02-01,T07,Organizacion,5161024.04,107
2026-02-01,T07,Textil hogar,4369209.23,136
2026-02-01,T08,Baño,2643139.61,64
2026-02-01,T08,Cocina y mesa,6743404.17,129
2026-02-01,T08,Decoracion,9252683.4,199
2026-02-01,T08,Iluminacion,4926592.48,111
2026-02-01,T08,Muebles,2841892.26,78
2026-02-01,T08,Organizacion,4462792.63,107
2026-02-01,T08,Textil hogar,4501207.08,108
2026-02-01,T09,Baño,2491787.93,73
2026-02-01,T09,Cocina y mesa,9024077.38,171
2026-02-01,T09,Decoracion,7737031.51,159
2026-02-01,T09,Iluminacion,3234441.91,97
2026-02-01,T09,Muebles,5214727.08,108
2026-02-01,T09,Organizacion,3514473.82,81
2026-02-01,T09,Textil hogar,5262413.49,127
2026-02-01,T10,Baño,2221358.83,68
2026-02-01,T10,Cocina y mesa,6247201.52,123
2026-02-01,T10,Decoracion,6676371.87,151
2026-02-01,T10,Iluminacion,5299354.4,109
2026-02-01,T10,Muebles,3927437.09,86
2026-02-01,T10,Organizacion,4503728.51,110
2026-02-01,T10,Textil hogar,4367049.4,99
2026-02-01,T11,Baño,3115615.93,84
2026-02-01,T11,Cocina y mesa,7541745.65,144
2026-02-01,T11,Decoracion,10365113.23,212
2026-02-01,T11,Iluminacion,2202423.07,66
2026-02-01,T11,Muebles,5924177.15,150
2026-02-01,T11,Organizacion,4452680.67,84
2026-02-01,T11,Textil hogar,4360552.4,108
2026-02-01,T12,Baño,3181279.75,91
2026-02-01,T12,Cocina y mesa,4427530.77,100
2026-02-01,T12,Decoracion,7358659.98,170
2026-02-01,T12,Iluminacion,1783527.89,55
2026-02-01,T12,Muebles,4855089.68,117
2026-02-01,T12,Organizacion,3970932.68,105
2026-02-01,T12,Textil hogar,3169967.65,64
2026-02-01,T13,Baño,2552225.55,66
2026-02-01,T13,Cocina y mesa,8800860.59,160
2026-02-01,T13,Decoracion,5557199.23,129
2026-02-01,T13,Iluminacion,3848163.83,100
2026-02-01,T13,Muebles,4927499.7,107
2026-02-01,T13,Organizacion,5760487.96,120
2026-02-01,T13,Textil hogar,5934739.13,140
2026-02-01,T14,Baño,1879714.24,62
2026-02-01,T14,Cocina y mesa,7495882.02,152
2026-02-01,T14,Decoracion,4510957.13,121
2026-02-01,T14,Iluminacion,4110697.59,104
2026-02-01,T14,Muebles,2646754.08,85
2026-02-01,T14,Organizacion,3267424.81,92
2026-02-01,T14,Textil hogar,2953290.58,80
2026-02-01,T15,Baño,3102510.47,99
2026-02-01,T15,Cocina y mesa,7147001.99,150
2026-02-01,T15,Decoracion,7339731.14,172
2026-02-01,T15,Iluminacion,4173942.69,101
2026-02-01,T15,Muebles,3920702.51,109
2026-02-01,T15,Organizacion,6003778.14,128
2026-02-01,T15,Textil hogar,3705521.36,95
2026-02-01,T16,Baño,2908028.18,72
2026-02-01,T16,Cocina y mesa,7859497.46,156
2026-02-01,T16,Decoracion,5000637.47,115
2026-02-01,T16,Iluminacion,4097703.67,100
2026-02-01,T16,Muebles,3949004.15,112
2026-02-01,T16,Organizacion,2955497.68,85
2026-02-01,T16,Textil hogar,5973051.86,127
2026-02-01,T17,Baño,2613383.33,76
2026-02-01,T17,Cocina y mesa,8120869.19,165
2026-02-01,T17,Decoracion,7002236.47,163
2026-02-01,T17,Iluminacion,5372517.16,112
2026-02-01,T17,Muebles,4850533.0,113
2026-02-01,T17,Organizacion,4151271.16,85
2026-02-01,T17,Textil hogar,5630515.63,115
2026-02-01,T18,Baño,2887098.43,80
2026-02-01,T18,Cocina y mesa,8847033.94,180
2026-02-01,T18,Decoracion,5394094.38,142
2026-02-01,T18,Iluminacion,4025295.81,92
2026-02-01,T18,Muebles,3463642.96,75
2026-02-01,T18,Organizacion,3689543.19,100
2026-02-01,T18,Textil hogar,6977213.49,150
2026-02-01,T19,Baño,3218937.06,80
2026-02-01,T19,Cocina y mesa,6412604.18,139
2026-02-01,T19,Decoracion,6902245.14,165
2026-02-01,T19,Iluminacion,4964905.6,127
2026-02-01,T19,Muebles,4489673.29,98
2026-02-01,T19,Organizacion,5565610.89,143
2026-02-01,T19,Textil hogar,4840046.21,106
2026-02-01,T20,Baño,2623361.09,75
2026-02-01,T20,Cocina y mesa,6174657.48,135
2026-02-01,T20,Decoracion,7130228.8,149
2026-02-01,T20,Iluminacion,4543630.75,92
2026-02-01,T20,Muebles,3431444.13,85
2026-02-01,T20,Organizacion,4515968.75,100
2026-02-01,T20,Textil hogar,8222283.74,159
2026-02-01,T21,Baño,2996951.89,85
2026-02-01,T21,Cocina y mesa,7260372.24,161
2026-02-01,T21,Decoracion,8762152.74,201
2026-02-01,T21,Iluminacion,3245143.22,80
2026-02-01,T21,Muebles,3795281.12,94
2026-02-01,T21,Organizacion,5185609.21,107
2026-02-01,T21,Textil hogar,3931651.13,82
2026-02-01,T22,Baño,2008273.41,67
2026-02-01,T22,Cocina y mesa,7759739.33,173
2026-02-01,T22,Decoracion,8924460.4,202
2026-02-01,T22,Iluminacion,4045157.11,86
2026-02-01,T22,Muebles,5227804.42,125
2026-02-01,T22,Organizacion,4128452.09,83
2026-02-01,T22,Textil hogar,7593186.12,158
2026-02-01,T23,Baño,2515439.46,63
2026-02-01,T23,Cocina y mesa,5638993.13,114
2026-02-01,T23,Decoracion,7022386.95,189
2026-02-01,T23,Iluminacion,3518049.21,91
2026-02-01,T23,Muebles,5781507.69,135
2026-02-01,T23,Organizacion,3880896.79,84
2026-02-01,T23,Textil hogar,4235383.21,113
2026-02-01,T24,Baño,2299832.62,77
2026-02-01,T24,Cocina y mesa,9124364.26,168
2026-02-01,T24,Decoracion,6615488.97,163
2026-02-01,T24,Iluminacion,4674483.92,115
2026-02-01,T24,Muebles,5652863.97,113
2026-02-01,T24,Organizacion,4699971.31,107
2026-02-01,T24,Textil hogar,7659985.62,155
2026-02-01,T25,Baño,3670245.24,87
2026-02-01,T25,Cocina y mesa,7994792.98,156
2026-02-01,T25,Decoracion,8011264.79,175
2026-02-01,T25,Iluminacion,3602468.28,83
2026-02-01,T25,Muebles,5317339.91,127
2026-02-01,T25,Organizacion,4685694.44,109
2026-02-01,T25,Textil hogar,6461649.68,131
2026-02-01,T26,Baño,4316620.84,101
2026-02-01,T26,Cocina y mesa,7586714.84,173
2026-02-01,T26,Decoracion,7136718.06,165
2026-02-01,T26,Iluminacion,5036116.28,103
2026-02-01,T26,Muebles,4073951.58,94
2026-02-01,T26,Organizacion,4510162.13,105
2026-02-01,T26,Textil hogar,4835144.52,102
2026-02-01,T27,Baño,2800622.21,73
2026-02-01,T27,Cocina y mesa,5418565.38,103
2026-02-01,T27,Decoracion,8439289.5,206
2026-02-01,T27,Iluminacion,4622475.43,112
2026-02-01,T27,Muebles,3581641.4,107
2026-02-01,T27,Organizacion,4777041.1,121
2026-02-01,T27,Textil hogar,3911892.32,92
2026-02-01,T28,Baño,4425654.14,117
2026-02-01,T28,Cocina y mesa,8789914.6,172
2026-02-01,T28,Decoracion,6662498.24,150
2026-02-01,T28,Iluminacion,2293342.55,68
2026-02-01,T28,Muebles,4443829.4,95
2026-02-01,T28,Organizacion,3172144.08,95
2026-02-01,T28,Textil hogar,5022738.18,117
2026-03-01,T01,Baño,2392403.74,68
2026-03-01,T01,Cocina y mesa,8900222.62,179
2026-03-01,T01,Decoracion,6131696.63,136
2026-03-01,T01,Iluminacion,4145059.06,94
2026-03-01,T01,Muebles,5140607.93,119
2026-03-01,T01,Organizacion,4919457.57,128
2026-03-01,T01,Textil hogar,3792184.11,101
2026-03-01,T02,Baño,2212426.03,57
2026-03-01,T02,Cocina y mesa,10367007.27,198
2026-03-01,T02,Decoracion,7917307.24,204
2026-03-01,T02,Iluminacion,3703338.65,82
2026-03-01,T02,Muebles,5731081.2,145
2026-03-01,T02,Organizacion,6030022.96,121
2026-03-01,T02,Textil hogar,4558283.32,110
2026-03-01,T03,Baño,2396956.37,66
2026-03-01,T03,Cocina y mesa,8817025.91,180
2026-03-01,T03,Decoracion,8941316.18,219
2026-03-01,T03,Iluminacion,4023361.41,69
2026-03-01,T03,Muebles,4830508.76,117
2026-03-01,T03,Organizacion,4282079.48,100
2026-03-01,T03,Textil hogar,4452913.62,93
2026-03-01,T04,Baño,2057119.77,78
2026-03-01,T04,Cocina y mesa,10057642.24,205
2026-03-01,T04,Decoracion,6529708.04,142
2026-03-01,T04,Iluminacion,5173017.64,124
2026-03-01,T04,Muebles,4038136.66,121
2026-03-01,T04,Organizacion,4031914.77,120
2026-03-01,T04,Textil hogar,2557784.43,90
2026-03-01,T05,Baño,3996104.08,82
2026-03-01,T05,Cocina y mesa,6789039.84,137
2026-03-01,T05,Decoracion,6376403.24,157
2026-03-01,T05,Iluminacion,5470433.71,127
2026-03-01,T05,Muebles,4644097.7,119
2026-03-01,T05,Organizacion,6341843.06,133
2026-03-01,T05,Textil hogar,4587472.36,124
2026-03-01,T06,Baño,2704292.63,65
2026-03-01,T06,Cocina y mesa,5244596.46,132
2026-03-01,T06,Decoracion,7226516.06,160
2026-03-01,T06,Iluminacion,6196842.28,119
2026-03-01,T06,Muebles,3744195.07,93
2026-03-01,T06,Organizacion,5732051.36,137
2026-03-01,T06,Textil hogar,5736887.39,114
2026-03-01,T07,Baño,3220608.01,69
2026-03-01,T07,Cocina y mesa,6356546.6,153
2026-03-01,T07,Decoracion,7350068.86,160
2026-03-01,T07,Iluminacion,4048609.51,116
2026-03-01,T07,Muebles,3681593.27,110
2026-03-01,T07,Organizacion,6702290.31,133
2026-03-01,T07,Textil hogar,3668645.02,101
2026-03-01,T08,Baño,2974459.08,70
2026-03-01,T08,Cocina y mesa,6752055.05,145
2026-03-01,T08,Decoracion,7687148.97,172
2026-03-01,T08,Iluminacion,5190604.62,106
2026-03-01,T08,Muebles,2501597.95,76
2026-03-01,T08,Organizacion,5360064.7,122
2026-03-01,T08,Textil hogar,5570069.66,119
2026-03-01,T09,Baño,2813892.42,77
2026-03-01,T09,Cocina y mesa,10470746.07,205
2026-03-01,T09,Decoracion,8435783.77,187
2026-03-01,T09,Iluminacion,2898819.67,83
2026-03-01,T09,Muebles,6689139.46,139
2026-03-01,T09,Organizacion,3726202.35,92
2026-03-01,T09,Textil hogar,6137082.73,136
2026-03-01,T10,Baño,3008986.6,82
2026-03-01,T10,Cocina y mesa,6391132.83,134
2026-03-01,T10,Decoracion,6403444.98,149
2026-03-01,T10,Iluminacion,6200948.21,134
2026-03-01,T10,Muebles,4741513.77,104
2026-03-01,T10,Organizacion,4250812.74,105
2026-03-01,T10,Textil hogar,5284031.47,125
2026-03-01,T11,Baño,2676725.14,66
2026-03-01,T11,Cocina y mesa,6221503.5,121
2026-03-01,T11,Decoracion,9400450.93,196
2026-03-01,T11,Iluminacion,1809349.49,45
2026-03-01,T11,Muebles,5083218.11,143
2026-03-01,T11,Organizacion,5225372.16,103
2026-03-01,T11,Textil hogar,5868377.56,135
2026-03-01,T12,Baño,3009993.05,87
2026-03-01,T12,Cocina y mesa,4127004.17,100
2026-03-01,T12,Decoracion,7983975.13,183
2026-03-01,T12,Iluminacion,2129240.13,64
2026-03-01,T12,Muebles,5592681.51,129
2026-03-01,T12,Organizacion,5301826.2,142
2026-03-01,T12,Textil hogar,4102111.6,80
2026-03-01,T13,Baño,2866615.5,70
2026-03-01,T13,Cocina y mesa,8730557.73,156
2026-03-01,T13,Decoracion,5412159.78,131
2026-03-01,T13,Iluminacion,3565792.67,106
2026-03-01,T13,Muebles,5178235.07,108
2026-03-01,T13,Organizacion,5982096.8,130
2026-03-01,T13,Textil hogar,5752351.45,152
2026-03-01,T14,Baño,2232377.43,79
2026-03-01,T14,Cocina y mesa,8030203.53,165
2026-03-01,T14,Decoracion,5343151.77,135
2026-03-01,T14,Iluminacion,4612582.98,109
2026-03-01,T14,Muebles,3358976.9,106
2026-03-01,T14,Organizacion,3186991.78,100
2026-03-01,T14,Textil hogar,4071775.27,115
2026-03-01,T15,Baño,2571635.59,85
2026-03-01,T15,Cocina y mesa,5438883.93,124
2026-03-01,T15,Decoracion,8931928.04,195
2026-03-01,T15,Iluminacion,5184026.95,126
2026-03-01,T15,Muebles,3560855.18,110
2026-03-01,T15,Organizacion,5031828.9,118
2026-03-01,T15,Textil hogar,4009093.85,101
2026-03-01,T16,Baño,2862257.37,71
2026-03-01,T16,Cocina y mesa,7877680.63,149
2026-03-01,T16,Decoracion,8677291.04,184
2026-03-01,T16,Iluminacion,4248066.12,105
2026-03-01,T16,Muebles,4476995.53,119
2026-03-01,T16,Organizacion,3449934.77,92
2026-03-01,T16,Textil hogar,5070449.12,106
2026-03-01,T17,Baño,2777245.21,80
2026-03-01,T17,Cocina y mesa,6975496.7,140
2026-03-01,T17,Decoracion,7018367.35,167
2026-03-01,T17,Iluminacion,6146741.79,138
2026-03-01,T17,Muebles,5081466.23,115
2026-03-01,T17,Organizacion,4563425.39,88
2026-03-01,T17,Textil hogar,4919027.95,102
2026-03-01,T18,Baño,3416456.7,88
2026-03-01,T18,Cocina y mesa,8751231.73,178
2026-03-01,T18,Decoracion,6314125.98,155
2026-03-01,T18,Iluminacion,4493777.45,104
2026-03-01,T18,Muebles,2796396.8,59
2026-03-01,T18,Organizacion,3561730.1,92
2026-03-01,T18,Textil hogar,6794859.42,151
2026-03-01,T19,Baño,3662428.1,88
2026-03-01,T19,Cocina y mesa,7521456.85,155
2026-03-01,T19,Decoracion,6872501.74,172
2026-03-01,T19,Iluminacion,4760448.74,134
2026-03-01,T19,Muebles,4065671.37,105
2026-03-01,T19,Organizacion,6462667.17,154
2026-03-01,T19,Textil hogar,5112978.87,109
2026-03-01,T20,Baño,2303227.21,63
2026-03-01,T20,Cocina y mesa,6051354.86,130
2026-03-01,T20,Decoracion,7614424.82,160
2026-03-01,T20,Iluminacion,3410756.73,69
2026-03-01,T20,Muebles,4915840.43,121
2026-03-01,T20,Organizacion,2523511.95,69
2026-03-01,T20,Textil hogar,6417413.52,137
2026-03-01,T21,Baño,2913961.27,83
2026-03-01,T21,Cocina y mesa,8536715.87,188
2026-03-01,T21,Decoracion,10897922.28,245
2026-03-01,T21,Iluminacion,2896543.94,75
2026-03-01,T21,Muebles,3848998.38,101
2026-03-01,T21,Organizacion,4890632.17,87
2026-03-01,T21,Textil hogar,5462865.09,107
2026-03-01,T22,Baño,2824296.48,81
2026-03-01,T22,Cocina y mesa,8129483.13,169
2026-03-01,T22,Decoracion,7507100.87,163
2026-03-01,T22,Iluminacion,4425926.65,93
2026-03-01,T22,Muebles,4789716.88,106
2026-03-01,T22,Organizacion,4054444.52,68
2026-03-01,T22,Textil hogar,6489494.95,135
2026-03-01,T23,Baño,2780753.99,66
2026-03-01,T23,Cocina y mesa,6203999.09,135
2026-03-01,T23,Decoracion,7375621.58,193
2026-03-01,T23,Iluminacion,3890481.22,105
2026-03-01,T23,Muebles,5827381.37,133
2026-03-01,T23,Organizacion,2704668.57,61
2026-03-01,T23,Textil hogar,3991031.78,107
2026-03-01,T24,Baño,3205587.92,105
2026-03-01,T24,Cocina y mesa,9797927.91,189
2026-03-01,T24,Decoracion,7558054.34,184
2026-03-01,T24,Iluminacion,3669950.23,85
2026-03-01,T24,Muebles,6223751.41,124
2026-03-01,T24,Organizacion,6431659.46,144
2026-03-01,T24,Textil hogar,8278391.5,164
2026-03-01,T25,Baño,4725023.27,113
2026-03-01,T25,Cocina y mesa,7191954.01,146
2026-03-01,T25,Decoracion,7698397.1,175
2026-03-01,T25,Iluminacion,4051747.7,89
2026-03-01,T25,Muebles,4679817.82,109
2026-03-01,T25,Organizacion,5657495.96,124
2026-03-01,T25,Textil hogar,6048294.56,123
2026-03-01,T26,Baño,3563959.13,88
2026-03-01,T26,Cocina y mesa,8011474.54,167
2026-03-01,T26,Decoracion,6926772.52,178
2026-03-01,T26,Iluminacion,3248107.57,85
2026-03-01,T26,Muebles,4648093.23,108
2026-03-01,T26,Organizacion,4955689.91,109
2026-03-01,T26,Textil hogar,3599146.2,83
2026-03-01,T27,Baño,2967577.57,75
2026-03-01,T27,Cocina y mesa,7382512.96,145
2026-03-01,T27,Decoracion,8350681.04,197
2026-03-01,T27,Iluminacion,4030010.31,112
2026-03-01,T27,Muebles,3917532.69,108
2026-03-01,T27,Organizacion,6138797.61,149
2026-03-01,T27,Textil hogar,4988156.71,105
2026-03-01,T28,Baño,4245445.73,121
2026-03-01,T28,Cocina y mesa,8406840.95,167
2026-03-01,T28,Decoracion,6850164.45,148
2026-03-01,T28,Iluminacion,3397495.6,87
2026-03-01,T28,Muebles,5731760.62,129
2026-03-01,T28,Organizacion,3823856.63,104
2026-03-01,T28,Textil hogar,3548822.49,79
2026-04-01,T01,Baño,3124788.19,83
2026-04-01,T01,Cocina y mesa,8239278.45,154
2026-04-01,T01,Decoracion,7132763.58,159
2026-04-01,T01,Iluminacion,5262738.15,111
2026-04-01,T01,Muebles,3724158.27,97
2026-04-01,T01,Organizacion,3654527.06,103
2026-04-01,T01,Textil hogar,4126844.26,105
2026-04-01,T02,Baño,1364457.08,42
2026-04-01,T02,Cocina y mesa,8347471.69,170
2026-04-01,T02,Decoracion,10161497.77,238
2026-04-01,T02,Iluminacion,3749647.11,88
2026-04-01,T02,Muebles,5594124.23,155
2026-04-01,T02,Organizacion,5884117.14,117
2026-04-01,T02,Textil hogar,5626118.02,139
2026-04-01,T03,Baño,2918670.3,77
2026-04-01,T03,Cocina y mesa,6466381.96,133
2026-04-01,T03,Decoracion,9806645.97,245
2026-04-01,T03,Iluminacion,4179270.02,82
2026-04-01,T03,Muebles,4642074.25,119
2026-04-01,T03,Organizacion,3838918.56,110
2026-04-01,T03,Textil hogar,3966121.68,91
2026-04-01,T04,Baño,2593256.82,93
2026-04-01,T04,Cocina y mesa,9739489.54,200
2026-04-01,T04,Decoracion,6962087.37,168
2026-04-01,T04,Iluminacion,4613430.12,99
2026-04-01,T04,Muebles,4829018.18,135
2026-04-01,T04,Organizacion,3769793.01,118
2026-04-01,T04,Textil hogar,3406570.44,107
2026-04-01,T05,Baño,4298414.55,85
2026-04-01,T05,Cocina y mesa,10020796.38,192
2026-04-01,T05,Decoracion,6265554.21,153
2026-04-01,T05,Iluminacion,5491891.49,129
2026-04-01,T05,Muebles,6390880.3,155
2026-04-01,T05,Organizacion,6694771.3,144
2026-04-01,T05,Textil hogar,4742349.12,127
2026-04-01,T06,Baño,1791145.74,48
2026-04-01,T06,Cocina y mesa,4378460.52,104
2026-04-01,T06,Decoracion,7449782.96,167
2026-04-01,T06,Iluminacion,5866527.75,118
2026-04-01,T06,Muebles,3967233.87,97
2026-04-01,T06,Organizacion,5667439.6,137
2026-04-01,T06,Textil hogar,6369068.13,122
2026-04-01,T07,Baño,3256899.0,75
2026-04-01,T07,Cocina y mesa,6689445.29,153
2026-04-01,T07,Decoracion,9265782.81,198
2026-04-01,T07,Iluminacion,3571292.25,113
2026-04-01,T07,Muebles,3212470.74,96
2026-04-01,T07,Organizacion,4227895.99,85
2026-04-01,T07,Textil hogar,4248458.54,114
2026-04-01,T08,Baño,2388281.06,62
2026-04-01,T08,Cocina y mesa,8978335.21,182
2026-04-01,T08,Decoracion,9039391.15,197
2026-04-01,T08,Iluminacion,5831273.15,127
2026-04-01,T08,Muebles,3438792.66,103
2026-04-01,T08,Organizacion,6345223.58,143
2026-04-01,T08,Textil hogar,7609015.89,171
2026-04-01,T09,Baño,2310530.27,73
2026-04-01,T09,Cocina y mesa,9200961.91,192
2026-04-01,T09,Decoracion,6977580.21,158
2026-04-01,T09,Iluminacion,3163615.65,93
2026-04-01,T09,Muebles,5947690.91,128
2026-04-01,T09,Organizacion,3472653.73,78
2026-04-01,T09,Textil hogar,8172605.22,190
2026-04-01,T10,Baño,3145674.63,86
2026-04-01,T10,Cocina y mesa,7652067.14,160
2026-04-01,T10,Decoracion,7456679.75,167
2026-04-01,T10,Iluminacion,6382876.72,146
2026-04-01,T10,Muebles,3999115.07,87
2026-04-01,T10,Organizacion,5005301.23,126
2026-04-01,T10,Textil hogar,5472041.99,117
2026-04-01,T11,Baño,3753487.78,101
2026-04-01,T11,Cocina y mesa,6711602.73,130
2026-04-01,T11,Decoracion,9728742.5,198
2026-04-01,T11,Iluminacion,1922226.93,55
2026-04-01,T11,Muebles,4973140.84,130
2026-04-01,T11,Organizacion,6750133.29,129
2026-04-01,T11,Textil hogar,4915646.59,118
2026-04-01,T12,Baño,3776285.44,109
2026-04-01,T12,Cocina y mesa,4560355.28,97
2026-04-01,T12,Decoracion,9490885.46,214
2026-04-01,T12,Iluminacion,2329449.14,65
2026-04-01,T12,Muebles,4746272.09,108
2026-04-01,T12,Organizacion,4497593.12,122
2026-04-01,T12,Textil hogar,4413430.44,87
2026-04-01,T13,Baño,3206080.17,84
2026-04-01,T13,Cocina y mesa,9916573.97,175
2026-04-01,T13,Decoracion,6542068.88,162
2026-04-01,T13,Iluminacion,4695227.97,110
2026-04-01,T13,Muebles,6183639.82,135
2026-04-01,T13,Organizacion,6638083.29,147
2026-04-01,T13,Textil hogar,4724451.35,123
2026-04-01,T14,Baño,1655007.73,59
2026-04-01,T14,Cocina y mesa,7999074.74,159
2026-04-01,T14,Decoracion,5406405.39,135
2026-04-01,T14,Iluminacion,4453424.59,97
2026-04-01,T14,Muebles,4398380.59,129
2026-04-01,T14,Organizacion,3465651.49,97
2026-04-01,T14,Textil hogar,3275353.71,91
2026-04-01,T15,Baño,3159177.19,101
2026-04-01,T15,Cocina y mesa,7785550.05,162
2026-04-01,T15,Decoracion,8902231.2,197
2026-04-01,T15,Iluminacion,5844059.54,131
2026-04-01,T15,Muebles,4148647.33,123
2026-04-01,T15,Organizacion,5828365.89,142
2026-04-01,T15,Textil hogar,3948159.39,96
2026-04-01,T16,Baño,3151824.06,80
2026-04-01,T16,Cocina y mesa,7749136.64,153
2026-04-01,T16,Decoracion,8053835.68,172
2026-04-01,T16,Iluminacion,3805209.63,97
2026-04-01,T16,Muebles,4639930.41,123
2026-04-01,T16,Organizacion,3948320.67,107
2026-04-01,T16,Textil hogar,5921676.63,131
2026-04-01,T17,Baño,2790385.87,79
2026-04-01,T17,Cocina y mesa,6921650.78,149
2026-04-01,T17,Decoracion,7676604.31,171
2026-04-01,T17,Iluminacion,4939245.78,122
2026-04-01,T17,Muebles,5005877.09,108
2026-04-01,T17,Organizacion,5429767.39,108
2026-04-01,T17,Textil hogar,5584399.93,122
2026-04-01,T18,Baño,3341455.36,89
2026-04-01,T18,Cocina y mesa,8749911.68,189
2026-04-01,T18,Decoracion,5388805.21,147
2026-04-01,T18,Iluminacion,5589946.12,121
2026-04-01,T18,Muebles,3549244.39,83
2026-04-01,T18,Organizacion,4892458.24,134
2026-04-01,T18,Textil hogar,6915230.46,141
2026-04-01,T19,Baño,3685516.89,92
2026-04-01,T19,Cocina y mesa,6878073.51,158
2026-04-01,T19,Decoracion,8069087.51,190
2026-04-01,T19,Iluminacion,6066469.26,149
2026-04-01,T19,Muebles,5941011.81,149
2026-04-01,T19,Organizacion,5543364.53,140
2026-04-01,T19,Textil hogar,5337314.6,116
2026-04-01,T20,Baño,2525265.97,67
2026-04-01,T20,Cocina y mesa,6406397.05,147
2026-04-01,T20,Decoracion,7612788.59,169
2026-04-01,T20,Iluminacion,4671407.8,103
2026-04-01,T20,Muebles,4880976.58,112
2026-04-01,T20,Organizacion,4454601.04,104
2026-04-01,T20,Textil hogar,9418046.51,179
2026-04-01,T21,Baño,3198281.31,81
2026-04-01,T21,Cocina y mesa,9387602.79,200
2026-04-01,T21,Decoracion,9992060.0,230
2026-04-01,T21,Iluminacion,3106141.06,80
2026-04-01,T21,Muebles,3654905.31,98
2026-04-01,T21,Organizacion,5668593.39,115
2026-04-01,T21,Textil hogar,4663152.57,96
2026-04-01,T22,Baño,3186411.61,98
2026-04-01,T22,Cocina y mesa,8258319.7,181
2026-04-01,T22,Decoracion,8604043.32,184
2026-04-01,T22,Iluminacion,5267237.62,109
2026-04-01,T22,Muebles,5578906.79,127
2026-04-01,T22,Organizacion,4808797.31,88
2026-04-01,T22,Textil hogar,6451800.03,137
2026-04-01,T23,Baño,2768841.07,65
2026-04-01,T23,Cocina y mesa,6569484.42,136
2026-04-01,T23,Decoracion,7740020.3,200
2026-04-01,T23,Iluminacion,3790683.96,100
2026-04-01,T23,Muebles,3575298.59,93
2026-04-01,T23,Organizacion,4297838.41,98
2026-04-01,T23,Textil hogar,4492358.9,124
2026-04-01,T24,Baño,2960686.22,100
2026-04-01,T24,Cocina y mesa,10492903.22,193
2026-04-01,T24,Decoracion,6605554.39,172
2026-04-01,T24,Iluminacion,5189925.51,119
2026-04-01,T24,Muebles,6437594.48,135
2026-04-01,T24,Organizacion,5645876.42,115
2026-04-01,T24,Textil hogar,6928530.46,145
2026-04-01,T25,Baño,4226256.62,97
2026-04-01,T25,Cocina y mesa,8628179.87,171
2026-04-01,T25,Decoracion,9855354.78,216
2026-04-01,T25,Iluminacion,4156942.6,86
2026-04-01,T25,Muebles,5107402.84,125
2026-04-01,T25,Organizacion,5391082.99,123
2026-04-01,T25,Textil hogar,7186827.07,151
2026-04-01,T26,Baño,4581235.62,116
2026-04-01,T26,Cocina y mesa,8609500.07,183
2026-04-01,T26,Decoracion,8021201.0,191
2026-04-01,T26,Iluminacion,4329221.14,95
2026-04-01,T26,Muebles,4322701.6,100
2026-04-01,T26,Organizacion,4432111.7,98
2026-04-01,T26,Textil hogar,4150249.67,90
2026-04-01,T27,Baño,3037451.18,77
2026-04-01,T27,Cocina y mesa,8011422.04,147
2026-04-01,T27,Decoracion,10803995.1,254
2026-04-01,T27,Iluminacion,3336827.44,97
2026-04-01,T27,Muebles,5145218.76,130
2026-04-01,T27,Organizacion,5162762.79,127
2026-04-01,T27,Textil hogar,5261387.88,119
2026-04-01,T28,Baño,3788026.92,96
2026-04-01,T28,Cocina y mesa,10002634.95,200
2026-04-01,T28,Decoracion,7651588.27,172
2026-04-01,T28,Iluminacion,4676027.52,106
2026-04-01,T28,Muebles,6264335.24,133
2026-04-01,T28,Organizacion,4346628.3,117
2026-04-01,T28,Textil hogar,3841988.81,92
2026-05-01,T01,Baño,3140292.27,94
2026-05-01,T01,Cocina y mesa,9147460.66,180
2026-05-01,T01,Decoracion,8633455.44,197
2026-05-01,T01,Iluminacion,5580878.96,117
2026-05-01,T01,Muebles,5397040.84,128
2026-05-01,T01,Organizacion,4233710.39,107
2026-05-01,T01,Textil hogar,3598838.99,96
2026-05-01,T02,Baño,1477970.67,49
2026-05-01,T02,Cocina y mesa,11233819.85,212
2026-05-01,T02,Decoracion,8395089.02,209
2026-05-01,T02,Iluminacion,4265509.61,97
2026-05-01,T02,Muebles,4897875.98,140
2026-05-01,T02,Organizacion,6099391.28,118
2026-05-01,T02,Textil hogar,5564890.73,144
2026-05-01,T03,Baño,2620387.78,71
2026-05-01,T03,Cocina y mesa,9606003.3,201
2026-05-01,T03,Decoracion,9534588.62,231
2026-05-01,T03,Iluminacion,3253449.64,68
2026-05-01,T03,Muebles,4928185.84,121
2026-05-01,T03,Organizacion,4054921.72,110
2026-05-01,T03,Textil hogar,4694167.26,98
2026-05-01,T04,Baño,2637396.45,91
2026-05-01,T04,Cocina y mesa,10952475.9,218
2026-05-01,T04,Decoracion,9409440.77,214
2026-05-01,T04,Iluminacion,4265024.67,101
2026-05-01,T04,Muebles,3861202.28,115
2026-05-01,T04,Organizacion,4210386.31,115
2026-05-01,T04,Textil hogar,3511594.95,108
2026-05-01,T05,Baño,4094768.7,83
2026-05-01,T05,Cocina y mesa,9727038.69,185
2026-05-01,T05,Decoracion,7233658.42,190
2026-05-01,T05,Iluminacion,5285564.0,130
2026-05-01,T05,Muebles,6552415.36,152
2026-05-01,T05,Organizacion,6938083.77,146
2026-05-01,T05,Textil hogar,5431579.91,134
2026-05-01,T06,Baño,2608721.79,67
2026-05-01,T06,Cocina y mesa,6622876.42,164
2026-05-01,T06,Decoracion,8878624.5,190
2026-05-01,T06,Iluminacion,6140242.91,121
2026-05-01,T06,Muebles,3308632.12,85
2026-05-01,T06,Organizacion,5360396.14,127
2026-05-01,T06,Textil hogar,6797834.35,139
2026-05-01,T07,Baño,3225938.76,77
2026-05-01,T07,Cocina y mesa,6024979.21,129
2026-05-01,T07,Decoracion,9704778.32,204
2026-05-01,T07,Iluminacion,3863710.42,123
2026-05-01,T07,Muebles,3509167.01,108
2026-05-01,T07,Organizacion,6407706.39,131
2026-05-01,T07,Textil hogar,4274684.32,126
2026-05-01,T08,Baño,2362170.92,63
2026-05-01,T08,Cocina y mesa,6596998.33,159
2026-05-01,T08,Decoracion,7256317.09,164
2026-05-01,T08,Iluminacion,6181173.98,129
2026-05-01,T08,Muebles,3415713.08,106
2026-05-01,T08,Organizacion,5001073.75,121
2026-05-01,T08,Textil hogar,6104684.68,139
2026-05-01,T09,Baño,3071474.96,92
2026-05-01,T09,Cocina y mesa,10981380.34,221
2026-05-01,T09,Decoracion,8010022.19,175
2026-05-01,T09,Iluminacion,2833902.98,79
2026-05-01,T09,Muebles,5458900.01,125
2026-05-01,T09,Organizacion,3921852.88,101
2026-05-01,T09,Textil hogar,5567798.57,140
2026-05-01,T10,Baño,3073746.8,86
2026-05-01,T10,Cocina y mesa,6582618.72,147
2026-05-01,T10,Decoracion,6730012.4,170
2026-05-01,T10,Iluminacion,6030859.46,139
2026-05-01,T10,Muebles,3385635.39,76
2026-05-01,T10,Organizacion,5318050.97,127
2026-05-01,T10,Textil hogar,6342087.06,137
2026-05-01,T11,Baño,3597337.87,97
2026-05-01,T11,Cocina y mesa,7158060.51,140
2026-05-01,T11,Decoracion,9880466.26,203
2026-05-01,T11,Iluminacion,2380651.86,78
2026-05-01,T11,Muebles,4933422.65,140
2026-05-01,T11,Organizacion,4936784.54,96
2026-05-01,T11,Textil hogar,5275513.66,134
2026-05-01,T12,Baño,2830327.93,88
2026-05-01,T12,Cocina y mesa,5227811.29,125
2026-05-01,T12,Decoracion,9751676.51,223
2026-05-01,T12,Iluminacion,1834473.53,49
2026-05-01,T12,Muebles,6225535.69,154
2026-05-01,T12,Organizacion,4606019.19,117
2026-05-01,T12,Textil hogar,4635507.71,98
2026-05-01,T13,Baño,3066106.47,80
2026-05-01,T13,Cocina y mesa,10240483.45,190
2026-05-01,T13,Decoracion,6813696.41,165
2026-05-01,T13,Iluminacion,4843876.97,122
2026-05-01,T13,Muebles,5114697.23,114
2026-05-01,T13,Organizacion,7577936.01,160
2026-05-01,T13,Textil hogar,5238842.11,134
2026-05-01,T14,Baño,1936547.94,66
2026-05-01,T14,Cocina y mesa,7484754.05,154
2026-05-01,T14,Decoracion,6040543.78,154
2026-05-01,T14,Iluminacion,4231920.14,102
2026-05-01,T14,Muebles,4440801.01,125
2026-05-01,T14,Organizacion,3512675.56,98
2026-05-01,T14,Textil hogar,3551334.68,95
2026-05-01,T15,Baño,2787574.82,86
2026-05-01,T15,Cocina y mesa,7674454.23,160
2026-05-01,T15,Decoracion,9097410.54,208
2026-05-01,T15,Iluminacion,7012504.56,148
2026-05-01,T15,Muebles,3991683.46,122
2026-05-01,T15,Organizacion,5715553.21,123
2026-05-01,T15,Textil hogar,4160749.65,105
2026-05-01,T16,Baño,3399834.43,84
2026-05-01,T16,Cocina y mesa,7227523.58,143
2026-05-01,T16,Decoracion,7859987.07,169
2026-05-01,T16,Iluminacion,5378649.76,122
2026-05-01,T16,Muebles,5027023.97,128
2026-05-01,T16,Organizacion,3504294.28,97
2026-05-01,T16,Textil hogar,5007229.95,119
2026-05-01,T17,Baño,2960492.74,87
2026-05-01,T17,Cocina y mesa,8468318.07,172
2026-05-01,T17,Decoracion,7640710.66,181
2026-05-01,T17,Iluminacion,6014685.49,132
2026-05-01,T17,Muebles,4513219.71,107
2026-05-01,T17,Organizacion,5225869.3,102
2026-05-01,T17,Textil hogar,5787242.13,124
2026-05-01,T18,Baño,3127438.77,82
2026-05-01,T18,Cocina y mesa,8538384.95,170
2026-05-01,T18,Decoracion,6375170.92,173
2026-05-01,T18,Iluminacion,5354524.96,117
2026-05-01,T18,Muebles,3720341.23,85
2026-05-01,T18,Organizacion,3862575.7,109
2026-05-01,T18,Textil hogar,8128188.11,181
2026-05-01,T19,Baño,3179897.29,82
2026-05-01,T19,Cocina y mesa,7397732.32,151
2026-05-01,T19,Decoracion,8031324.39,205
2026-05-01,T19,Iluminacion,5096123.41,129
2026-05-01,T19,Muebles,5852185.89,133
2026-05-01,T19,Organizacion,7073705.7,171
2026-05-01,T19,Textil hogar,5984719.24,137
2026-05-01,T20,Baño,2762779.07,75
2026-05-01,T20,Cocina y mesa,7223777.84,152
2026-05-01,T20,Decoracion,8200831.75,185
2026-05-01,T20,Iluminacion,4132562.05,79
2026-05-01,T20,Muebles,5239829.99,120
2026-05-01,T20,Organizacion,5997928.43,127
2026-05-01,T20,Textil hogar,7229387.18,137
2026-05-01,T21,Baño,3134994.71,82
2026-05-01,T21,Cocina y mesa,8157121.23,184
2026-05-01,T21,Decoracion,10585479.77,241
2026-05-01,T21,Iluminacion,3461078.75,83
2026-05-01,T21,Muebles,3596122.18,101
2026-05-01,T21,Organizacion,7185413.14,139
2026-05-01,T21,Textil hogar,6420423.46,117
2026-05-01,T22,Baño,3529601.9,99
2026-05-01,T22,Cocina y mesa,7495110.69,166
2026-05-01,T22,Decoracion,10067871.53,222
2026-05-01,T22,Iluminacion,4232492.46,88
2026-05-01,T22,Muebles,5604270.82,125
2026-05-01,T22,Organizacion,4187549.55,73
2026-05-01,T22,Textil hogar,8458903.46,157
2026-05-01,T23,Baño,2894324.77,72
2026-05-01,T23,Cocina y mesa,7235350.22,145
2026-05-01,T23,Decoracion,8382761.07,211
2026-05-01,T23,Iluminacion,3308209.74,91
2026-05-01,T23,Muebles,5739743.25,145
2026-05-01,T23,Organizacion,3513669.13,90
2026-05-01,T23,Textil hogar,4641497.25,119
2026-05-01,T24,Baño,2591518.76,93
2026-05-01,T24,Cocina y mesa,9767803.05,186
2026-05-01,T24,Decoracion,8407276.79,203
2026-05-01,T24,Iluminacion,3799868.84,105
2026-05-01,T24,Muebles,7545263.59,151
2026-05-01,T24,Organizacion,5366268.15,119
2026-05-01,T24,Textil hogar,7099000.32,165
2026-05-01,T25,Baño,3872992.44,94
2026-05-01,T25,Cocina y mesa,7987238.4,168
2026-05-01,T25,Decoracion,9077554.4,201
2026-05-01,T25,Iluminacion,4185599.03,88
2026-05-01,T25,Muebles,5670983.85,133
2026-05-01,T25,Organizacion,4684423.87,103
2026-05-01,T25,Textil hogar,5686837.33,122
2026-05-01,T26,Baño,3900265.68,107
2026-05-01,T26,Cocina y mesa,8272723.39,194
2026-05-01,T26,Decoracion,7686960.75,199
2026-05-01,T26,Iluminacion,5209447.37,118
2026-05-01,T26,Muebles,4182237.38,96
2026-05-01,T26,Organizacion,4571696.87,99
2026-05-01,T26,Textil hogar,4409999.65,94
2026-05-01,T27,Baño,3773183.35,96
2026-05-01,T27,Cocina y mesa,7472925.98,145
2026-05-01,T27,Decoracion,10825019.57,259
2026-05-01,T27,Iluminacion,5140008.01,122
2026-05-01,T27,Muebles,4874559.33,129
2026-05-01,T27,Organizacion,5379721.6,122
2026-05-01,T27,Textil hogar,4184917.17,103
2026-05-01,T28,Baño,3767474.12,118
2026-05-01,T28,Cocina y mesa,8788386.0,180
2026-05-01,T28,Decoracion,8600425.51,193
2026-05-01,T28,Iluminacion,5051070.58,119
2026-05-01,T28,Muebles,5032296.35,109
2026-05-01,T28,Organizacion,3731706.05,110
2026-05-01,T28,Textil hogar,4125468.73,111
2026-06-01,T01,Baño,3434882.21,101
2026-06-01,T01,Cocina y mesa,7547867.49,156
2026-06-01,T01,Decoracion,7282389.73,169
2026-06-01,T01,Iluminacion,5527808.0,119
2026-06-01,T01,Muebles,4016623.69,99
2026-06-01,T01,Organizacion,5168858.31,128
2026-06-01,T01,Textil hogar,5170478.2,130
2026-06-01,T02,Baño,1596095.89,48
2026-06-01,T02,Cocina y mesa,13235205.49,272
2026-06-01,T02,Decoracion,7902608.1,196
2026-06-01,T02,Iluminacion,4128788.96,100
2026-06-01,T02,Muebles,6912980.94,183
2026-06-01,T02,Organizacion,6627760.06,133
2026-06-01,T02,Textil hogar,5671858.15,140
2026-06-01,T03,Baño,3109601.99,96
2026-06-01,T03,Cocina y mesa,8669673.79,184
2026-06-01,T03,Decoracion,9294173.17,233
2026-06-01,T03,Iluminacion,3153163.81,61
2026-06-01,T03,Muebles,4423631.11,116
2026-06-01,T03,Organizacion,4550424.95,116
2026-06-01,T03,Textil hogar,5172321.68,107
2026-06-01,T04,Baño,2539736.84,88
2026-06-01,T04,Cocina y mesa,12374449.27,249
2026-06-01,T04,Decoracion,7023427.32,159
2026-06-01,T04,Iluminacion,5859951.41,142
2026-06-01,T04,Muebles,5112837.52,133
2026-06-01,T04,Organizacion,4683807.51,133
2026-06-01,T04,Textil hogar,3135165.7,105
2026-06-01,T05,Baño,4727702.56,92
2026-06-01,T05,Cocina y mesa,9493770.56,190
2026-06-01,T05,Decoracion,6231298.16,174
2026-06-01,T05,Iluminacion,2899613.41,83
2026-06-01,T05,Muebles,5537850.54,146
2026-06-01,T05,Organizacion,6277111.3,138
2026-06-01,T05,Textil hogar,5103961.63,138
2026-06-01,T06,Baño,2426754.54,63
2026-06-01,T06,Cocina y mesa,7078744.75,173
2026-06-01,T06,Decoracion,7705752.68,175
2026-06-01,T06,Iluminacion,6862964.41,140
2026-06-01,T06,Muebles,4097442.14,89
2026-06-01,T06,Organizacion,4946009.48,130
2026-06-01,T06,Textil hogar,4485726.52,112
2026-06-01,T07,Baño,4076760.09,90
2026-06-01,T07,Cocina y mesa,5778819.58,139
2026-06-01,T07,Decoracion,11076317.07,240
2026-06-01,T07,Iluminacion,4216373.62,124
2026-06-01,T07,Muebles,2961160.66,94
2026-06-01,T07,Organizacion,5564834.98,120
2026-06-01,T07,Textil hogar,4477351.82,142
2026-06-01,T08,Baño,3193062.13,82
2026-06-01,T08,Cocina y mesa,9325767.93,199
2026-06-01,T08,Decoracion,8697188.5,185
2026-06-01,T08,Iluminacion,6958504.06,152
2026-06-01,T08,Muebles,2683326.37,82
2026-06-01,T08,Organizacion,6092321.0,125
2026-06-01,T08,Textil hogar,6027488.03,144
2026-06-01,T09,Baño,2765004.2,81
2026-06-01,T09,Cocina y mesa,10280602.36,209
2026-06-01,T09,Decoracion,9424583.88,206
2026-06-01,T09,Iluminacion,2961242.63,90
2026-06-01,T09,Muebles,7319035.2,155
2026-06-01,T09,Organizacion,3726071.04,88
2026-06-01,T09,Textil hogar,8941866.03,196
2026-06-01,T10,Baño,3280626.05,87
2026-06-01,T10,Cocina y mesa,7708218.63,163
2026-06-01,T10,Decoracion,5978707.45,132
2026-06-01,T10,Iluminacion,6540910.92,135
2026-06-01,T10,Muebles,5299961.43,123
2026-06-01,T10,Organizacion,4787516.8,124
2026-06-01,T10,Textil hogar,5765327.17,130
2026-06-01,T11,Baño,3145839.65,83
2026-06-01,T11,Cocina y mesa,7308705.24,149
2026-06-01,T11,Decoracion,8946155.92,179
2026-06-01,T11,Iluminacion,1342584.18,54
2026-06-01,T11,Muebles,5318679.34,142
2026-06-01,T11,Organizacion,5815485.64,111
2026-06-01,T11,Textil hogar,4947499.98,127
2026-06-01,T12,Baño,3688483.19,97
2026-06-01,T12,Cocina y mesa,4536745.26,111
2026-06-01,T12,Decoracion,8322479.99,184
2026-06-01,T12,Iluminacion,2252706.66,69
2026-06-01,T12,Muebles,5110440.45,114
2026-06-01,T12,Organizacion,5436207.04,137
2026-06-01,T12,Textil hogar,4731561.89,91
2026-06-01,T13,Baño,3592906.55,91
2026-06-01,T13,Cocina y mesa,9468083.28,176
2026-06-01,T13,Decoracion,7228486.78,162
2026-06-01,T13,Iluminacion,4860077.5,137
2026-06-01,T13,Muebles,5094327.1,114
2026-06-01,T13,Organizacion,6720024.01,147
2026-06-01,T13,Textil hogar,6812734.84,161
2026-06-01,T14,Baño,2308743.95,71
2026-06-01,T14,Cocina y mesa,8517542.62,171
2026-06-01,T14,Decoracion,5444662.56,150
2026-06-01,T14,Iluminacion,3266257.35,84
2026-06-01,T14,Muebles,3457263.35,118
2026-06-01,T14,Organizacion,3942400.69,107
2026-06-01,T14,Textil hogar,4130449.16,113
2026-06-01,T15,Baño,3497102.39,117
2026-06-01,T15,Cocina y mesa,9820521.23,194
2026-06-01,T15,Decoracion,9842270.68,225
2026-06-01,T15,Iluminacion,5316513.27,122
2026-06-01,T15,Muebles,4210160.67,128
2026-06-01,T15,Organizacion,5827666.17,145
2026-06-01,T15,Textil hogar,5100689.97,118
2026-06-01,T16,Baño,2809642.3,63
2026-06-01,T16,Cocina y mesa,8402074.03,156
2026-06-01,T16,Decoracion,7317765.28,163
2026-06-01,T16,Iluminacion,4878831.52,116
2026-06-01,T16,Muebles,6326098.98,144
2026-06-01,T16,Organizacion,3176318.59,83
2026-06-01,T16,Textil hogar,5975919.33,136
2026-06-01,T17,Baño,2794128.53,77
2026-06-01,T17,Cocina y mesa,8609519.62,173
2026-06-01,T17,Decoracion,8629533.07,205
2026-06-01,T17,Iluminacion,5639686.71,140
2026-06-01,T17,Muebles,6505355.47,152
2026-06-01,T17,Organizacion,5738082.05,109
2026-06-01,T17,Textil hogar,6447239.95,136
2026-06-01,T18,Baño,3836406.83,97
2026-06-01,T18,Cocina y mesa,10483207.73,206
2026-06-01,T18,Decoracion,6352824.35,172
2026-06-01,T18,Iluminacion,5457797.21,116
2026-06-01,T18,Muebles,4184767.21,92
2026-06-01,T18,Organizacion,4538835.21,122
2026-06-01,T18,Textil hogar,8235491.82,175
2026-06-01,T19,Baño,3266897.91,79
2026-06-01,T19,Cocina y mesa,6201800.37,137
2026-06-01,T19,Decoracion,7738803.05,189
2026-06-01,T19,Iluminacion,6832800.63,158
2026-06-01,T19,Muebles,5242667.44,131
2026-06-01,T19,Organizacion,6295432.71,163
2026-06-01,T19,Textil hogar,3867542.83,94
2026-06-01,T20,Baño,2845310.35,73
2026-06-01,T20,Cocina y mesa,8465119.64,182
2026-06-01,T20,Decoracion,6962400.12,172
2026-06-01,T20,Iluminacion,3719974.81,78
2026-06-01,T20,Muebles,4895211.9,121
2026-06-01,T20,Organizacion,5303535.65,120
2026-06-01,T20,Textil hogar,9417990.54,179
2026-06-01,T21,Baño,3535738.14,91
2026-06-01,T21,Cocina y mesa,9616828.4,205
2026-06-01,T21,Decoracion,12510365.11,275
2026-06-01,T21,Iluminacion,3397427.41,90
2026-06-01,T21,Muebles,4694684.45,119
2026-06-01,T21,Organizacion,5263606.29,105
2026-06-01,T21,Textil hogar,5813065.18,122
2026-06-01,T22,Baño,3224924.84,96
2026-06-01,T22,Cocina y mesa,9757770.86,207
2026-06-01,T22,Decoracion,9778454.63,235
2026-06-01,T22,Iluminacion,4528835.25,94
2026-06-01,T22,Muebles,4779104.0,113
2026-06-01,T22,Organizacion,4499080.91,84
2026-06-01,T22,Textil hogar,8465992.91,176
2026-06-01,T23,Baño,2279520.28,56
2026-06-01,T23,Cocina y mesa,6668948.5,137
2026-06-01,T23,Decoracion,8941832.69,226
2026-06-01,T23,Iluminacion,1906848.14,81
2026-06-01,T23,Muebles,6765419.62,153
2026-06-01,T23,Organizacion,4705391.42,104
2026-06-01,T23,Textil hogar,5204804.15,132
2026-06-01,T24,Baño,3110209.28,97
2026-06-01,T24,Cocina y mesa,10344643.82,186
2026-06-01,T24,Decoracion,7157653.59,181
2026-06-01,T24,Iluminacion,3062817.71,90
2026-06-01,T24,Muebles,7654553.18,154
2026-06-01,T24,Organizacion,4433917.74,100
2026-06-01,T24,Textil hogar,8391620.97,167
2026-06-01,T25,Baño,3989942.48,103
2026-06-01,T25,Cocina y mesa,8616802.26,169
2026-06-01,T25,Decoracion,9554719.9,212
2026-06-01,T25,Iluminacion,3465420.92,71
2026-06-01,T25,Muebles,5139392.1,122
2026-06-01,T25,Organizacion,6296930.92,143
2026-06-01,T25,Textil hogar,8202031.84,163
2026-06-01,T26,Baño,3681933.39,104
2026-06-01,T26,Cocina y mesa,10803868.95,228
2026-06-01,T26,Decoracion,8386723.22,213
2026-06-01,T26,Iluminacion,4896763.53,121
2026-06-01,T26,Muebles,6324200.81,133
2026-06-01,T26,Organizacion,4230984.92,102
2026-06-01,T26,Textil hogar,4838670.77,101
2026-06-01,T27,Baño,3059926.61,89
2026-06-01,T27,Cocina y mesa,8472174.27,154
2026-06-01,T27,Decoracion,10320855.83,245
2026-06-01,T27,Iluminacion,5282746.6,128
2026-06-01,T27,Muebles,5294207.45,133
2026-06-01,T27,Organizacion,5133952.29,130
2026-06-01,T27,Textil hogar,4868873.18,114
2026-06-01,T28,Baño,4510359.99,129
2026-06-01,T28,Cocina y mesa,10810573.72,215
2026-06-01,T28,Decoracion,7734156.99,173
2026-06-01,T28,Iluminacion,4774657.43,113
2026-06-01,T28,Muebles,5415785.69,110
2026-06-01,T28,Organizacion,4768097.19,134
2026-06-01,T28,Textil hogar,4833135.03,123
2026-07-01,T01,Baño,3131579.77,95
2026-07-01,T01,Cocina y mesa,8257225.48,157
2026-07-01,T01,Decoracion,10615877.67,230
2026-07-01,T01,Iluminacion,4605049.4,102
2026-07-01,T01,Muebles,5633384.01,132
2026-07-01,T01,Organizacion,4784281.87,121
2026-07-01,T01,Textil hogar,4222153.23,103
2026-07-01,T02,Baño,2101607.19,57
2026-07-01,T02,Cocina y mesa,10214324.6,199
2026-07-01,T02,Decoracion,10596107.41,262
2026-07-01,T02,Iluminacion,5814262.74,122
2026-07-01,T02,Muebles,6624309.45,156
2026-07-01,T02,Organizacion,6514406.28,140
2026-07-01,T02,Textil hogar,6772133.83,166
2026-07-01,T03,Baño,3025264.27,81
2026-07-01,T03,Cocina y mesa,9795486.6,200
2026-07-01,T03,Decoracion,10742680.75,250
2026-07-01,T03,Iluminacion,5095955.54,85
2026-07-01,T03,Muebles,5581925.81,133
2026-07-01,T03,Organizacion,4744406.3,117
2026-07-01,T03,Textil hogar,5104488.85,105
2026-07-01,T04,Baño,2579415.77,83
2026-07-01,T04,Cocina y mesa,8945197.16,183
2026-07-01,T04,Decoracion,8894540.82,207
2026-07-01,T04,Iluminacion,5751464.06,138
2026-07-01,T04,Muebles,5738094.37,153
2026-07-01,T04,Organizacion,3872635.13,121
2026-07-01,T04,Textil hogar,4533137.67,137
2026-07-01,T05,Baño,4317126.01,88
2026-07-01,T05,Cocina y mesa,8813635.24,171
2026-07-01,T05,Decoracion,7051449.03,198
2026-07-01,T05,Iluminacion,5708612.32,139
2026-07-01,T05,Muebles,5777415.92,144
2026-07-01,T05,Organizacion,6450647.4,144
2026-07-01,T05,Textil hogar,5434776.11,146
2026-07-01,T06,Baño,2479374.85,63
2026-07-01,T06,Cocina y mesa,6758298.65,171
2026-07-01,T06,Decoracion,8595866.6,197
2026-07-01,T06,Iluminacion,6809265.15,133
2026-07-01,T06,Muebles,3996283.18,97
2026-07-01,T06,Organizacion,5681354.72,143
2026-07-01,T06,Textil hogar,6680427.86,143
2026-07-01,T07,Baño,3769483.85,87
2026-07-01,T07,Cocina y mesa,5978301.16,151
2026-07-01,T07,Decoracion,10879529.85,235
2026-07-01,T07,Iluminacion,3303636.5,108
2026-07-01,T07,Muebles,3194239.12,93
2026-07-01,T07,Organizacion,6487746.75,120
2026-07-01,T07,Textil hogar,5381947.14,149
2026-07-01,T08,Baño,3371439.19,86
2026-07-01,T08,Cocina y mesa,9786295.23,203
2026-07-01,T08,Decoracion,8808906.86,198
2026-07-01,T08,Iluminacion,5699205.3,125
2026-07-01,T08,Muebles,3709565.86,97
2026-07-01,T08,Organizacion,6331634.68,149
2026-07-01,T08,Textil hogar,5814321.8,138
2026-07-01,T09,Baño,3255025.59,85
2026-07-01,T09,Cocina y mesa,13103358.2,245
2026-07-01,T09,Decoracion,7146114.9,159
2026-07-01,T09,Iluminacion,3723027.65,105
2026-07-01,T09,Muebles,8086132.67,166
2026-07-01,T09,Organizacion,4522138.22,111
2026-07-01,T09,Textil hogar,9941919.04,215
2026-07-01,T10,Baño,3451460.28,96
2026-07-01,T10,Cocina y mesa,8379293.1,176
2026-07-01,T10,Decoracion,7265331.94,164
2026-07-01,T10,Iluminacion,6044148.34,144
2026-07-01,T10,Muebles,5025756.21,114
2026-07-01,T10,Organizacion,5295668.82,126
2026-07-01,T10,Textil hogar,5515075.67,122
2026-07-01,T11,Baño,4060651.53,107
2026-07-01,T11,Cocina y mesa,7852375.04,142
2026-07-01,T11,Decoracion,10954301.96,227
2026-07-01,T11,Iluminacion,1920675.68,62
2026-07-01,T11,Muebles,6422270.84,178
2026-07-01,T11,Organizacion,6735784.89,127
2026-07-01,T11,Textil hogar,6688002.77,150
2026-07-01,T12,Baño,3386867.71,110
2026-07-01,T12,Cocina y mesa,5309989.73,120
2026-07-01,T12,Decoracion,10892528.8,242
2026-07-01,T12,Iluminacion,2140121.52,63
2026-07-01,T12,Muebles,6301557.05,152
2026-07-01,T12,Organizacion,5194179.22,131
2026-07-01,T12,Textil hogar,3502560.37,73
2026-07-01,T13,Baño,3749757.51,95
2026-07-01,T13,Cocina y mesa,9027573.94,164
2026-07-01,T13,Decoracion,6094290.09,148
2026-07-01,T13,Iluminacion,5230581.77,120
2026-07-01,T13,Muebles,4770371.29,105
2026-07-01,T13,Organizacion,6680119.19,146
2026-07-01,T13,Textil hogar,6059229.99,145
2026-07-01,T14,Baño,2346695.22,79
2026-07-01,T14,Cocina y mesa,9899214.35,203
2026-07-01,T14,Decoracion,5750693.97,153
2026-07-01,T14,Iluminacion,5966102.55,153
2026-07-01,T14,Muebles,5877349.75,156
2026-07-01,T14,Organizacion,3830894.39,103
2026-07-01,T14,Textil hogar,3987492.95,122
2026-07-01,T15,Baño,4487037.32,134
2026-07-01,T15,Cocina y mesa,6758266.0,150
2026-07-01,T15,Decoracion,8838371.43,206
2026-07-01,T15,Iluminacion,5863407.07,137
2026-07-01,T15,Muebles,4451747.84,130
2026-07-01,T15,Organizacion,6243828.73,150
2026-07-01,T15,Textil hogar,4857944.05,128
2026-07-01,T16,Baño,2478712.95,60
2026-07-01,T16,Cocina y mesa,9241571.93,172
2026-07-01,T16,Decoracion,8751588.11,191
2026-07-01,T16,Iluminacion,6118785.07,125
2026-07-01,T16,Muebles,5415573.47,130
2026-07-01,T16,Organizacion,3173000.19,95
2026-07-01,T16,Textil hogar,7162667.09,158
2026-07-01,T17,Baño,2361008.83,68
2026-07-01,T17,Cocina y mesa,7894147.15,165
2026-07-01,T17,Decoracion,8293597.43,198
2026-07-01,T17,Iluminacion,5182772.93,143
2026-07-01,T17,Muebles,6105811.21,143
2026-07-01,T17,Organizacion,6438639.77,119
2026-07-01,T17,Textil hogar,7115452.74,148
2026-07-01,T18,Baño,3322723.65,89
2026-07-01,T18,Cocina y mesa,10360161.76,211
2026-07-01,T18,Decoracion,7977524.07,204
2026-07-01,T18,Iluminacion,5224483.31,119
2026-07-01,T18,Muebles,4389690.68,101
2026-07-01,T18,Organizacion,4670829.81,127
2026-07-01,T18,Textil hogar,7795692.18,171
2026-07-01,T19,Baño,4646499.65,112
2026-07-01,T19,Cocina y mesa,7955554.07,166
2026-07-01,T19,Decoracion,9667263.3,226
2026-07-01,T19,Iluminacion,5605167.25,153
2026-07-01,T19,Muebles,7135638.71,170
2026-07-01,T19,Organizacion,6293846.3,163
2026-07-01,T19,Textil hogar,7056744.28,146
2026-07-01,T20,Baño,2498396.16,78
2026-07-01,T20,Cocina y mesa,8379700.77,178
2026-07-01,T20,Decoracion,10403926.06,209
2026-07-01,T20,Iluminacion,3300627.9,65
2026-07-01,T20,Muebles,5211056.85,128
2026-07-01,T20,Organizacion,5996408.39,129
2026-07-01,T20,Textil hogar,7626514.98,150
2026-07-01,T21,Baño,2926309.3,80
2026-07-01,T21,Cocina y mesa,10454489.23,223
2026-07-01,T21,Decoracion,12897304.47,284
2026-07-01,T21,Iluminacion,3826394.71,100
2026-07-01,T21,Muebles,4790052.37,121
2026-07-01,T21,Organizacion,5538346.72,108
2026-07-01,T21,Textil hogar,6171848.6,123
2026-07-01,T22,Baño,2721732.51,83
2026-07-01,T22,Cocina y mesa,9488818.96,208
2026-07-01,T22,Decoracion,9250469.85,211
2026-07-01,T22,Iluminacion,4613687.55,91
2026-07-01,T22,Muebles,5228175.53,119
2026-07-01,T22,Organizacion,5234111.98,97
2026-07-01,T22,Textil hogar,9193567.36,176
2026-07-01,T23,Baño,2614855.42,64
2026-07-01,T23,Cocina y mesa,8335110.39,163
2026-07-01,T23,Decoracion,9367050.09,231
2026-07-01,T23,Iluminacion,3975320.93,124
2026-07-01,T23,Muebles,5675465.48,136
2026-07-01,T23,Organizacion,3443424.29,87
2026-07-01,T23,Textil hogar,5770763.31,155
2026-07-01,T24,Baño,3105812.25,100
2026-07-01,T24,Cocina y mesa,12621520.16,235
2026-07-01,T24,Decoracion,8993051.55,212
2026-07-01,T24,Iluminacion,4883829.03,121
2026-07-01,T24,Muebles,7084696.98,141
2026-07-01,T24,Organizacion,6557881.65,134
2026-07-01,T24,Textil hogar,8318958.89,176
2026-07-01,T25,Baño,4514725.88,104
2026-07-01,T25,Cocina y mesa,9173510.36,191
2026-07-01,T25,Decoracion,9198279.32,204
2026-07-01,T25,Iluminacion,4472935.12,98
2026-07-01,T25,Muebles,5614180.62,138
2026-07-01,T25,Organizacion,5214027.4,118
2026-07-01,T25,Textil hogar,6604227.21,139
2026-07-01,T26,Baño,4963333.2,132
2026-07-01,T26,Cocina y mesa,9326745.88,202
2026-07-01,T26,Decoracion,7053525.0,161
2026-07-01,T26,Iluminacion,3909749.43,108
2026-07-01,T26,Muebles,5301592.3,127
2026-07-01,T26,Organizacion,5310082.97,117
2026-07-01,T26,Textil hogar,4061011.92,101
2026-07-01,T27,Baño,3729916.29,91
2026-07-01,T27,Cocina y mesa,8324845.77,148
2026-07-01,T27,Decoracion,10612892.92,257
2026-07-01,T27,Iluminacion,5057328.87,132
2026-07-01,T27,Muebles,5373342.79,147
2026-07-01,T27,Organizacion,5858000.56,148
2026-07-01,T27,Textil hogar,5146351.36,109
2026-07-01,T28,Baño,4053750.4,124
2026-07-01,T28,Cocina y mesa,13397427.42,247
2026-07-01,T28,Decoracion,8518200.65,194
2026-07-01,T28,Iluminacion,5282043.27,124
2026-07-01,T28,Muebles,5998769.11,126
2026-07-01,T28,Organizacion,5160827.49,139
2026-07-01,T28,Textil hogar,6157876.76,150
2026-08-01,T01,Baño,3416714.51,99
2026-08-01,T01,Cocina y mesa,9376538.58,177
2026-08-01,T01,Decoracion,9349875.04,215
2026-08-01,T01,Iluminacion,5624844.03,119
2026-08-01,T01,Muebles,6131945.01,152
2026-08-01,T01,Organizacion,4723540.27,124
2026-08-01,T01,Textil hogar,5489481.65,133
2026-08-01,T02,Baño,1970553.72,56
2026-08-01,T02,Cocina y mesa,10441987.67,227
2026-08-01,T02,Decoracion,10299352.14,250
2026-08-01,T02,Iluminacion,4681450.26,97
2026-08-01,T02,Muebles,6558927.68,169
2026-08-01,T02,Organizacion,6548008.17,127
2026-08-01,T02,Textil hogar,6657729.98,159
2026-08-01,T03,Baño,2990337.37,81
2026-08-01,T03,Cocina y mesa,10301763.5,208
2026-08-01,T03,Decoracion,11283509.65,284
2026-08-01,T03,Iluminacion,4764158.77,85
2026-08-01,T03,Muebles,5041655.0,124
2026-08-01,T03,Organizacion,4082444.01,103
2026-08-01,T03,Textil hogar,5007977.83,99
2026-08-01,T04,Baño,2413977.15,85
2026-08-01,T04,Cocina y mesa,12065120.13,240
2026-08-01,T04,Decoracion,7566402.68,182
2026-08-01,T04,Iluminacion,4815237.01,105
2026-08-01,T04,Muebles,5230147.5,147
2026-08-01,T04,Organizacion,3967401.31,120
2026-08-01,T04,Textil hogar,3354486.63,104
2026-08-01,T05,Baño,4634468.05,97
2026-08-01,T05,Cocina y mesa,9922703.25,183
2026-08-01,T05,Decoracion,7749789.08,221
2026-08-01,T05,Iluminacion,3864439.1,109
2026-08-01,T05,Muebles,6234278.6,150
2026-08-01,T05,Organizacion,7660713.55,151
2026-08-01,T05,Textil hogar,5635904.59,145
2026-08-01,T06,Baño,2426999.34,64
2026-08-01,T06,Cocina y mesa,6586954.5,150
2026-08-01,T06,Decoracion,8845881.89,198
2026-08-01,T06,Iluminacion,6577906.59,134
2026-08-01,T06,Muebles,5189229.7,121
2026-08-01,T06,Organizacion,6283818.61,142
2026-08-01,T06,Textil hogar,7668624.56,166
2026-08-01,T07,Baño,3582981.06,81
2026-08-01,T07,Cocina y mesa,5699508.14,135
2026-08-01,T07,Decoracion,9769766.9,206
2026-08-01,T07,Iluminacion,3483604.47,112
2026-08-01,T07,Muebles,3209885.51,98
2026-08-01,T07,Organizacion,7745865.8,151
2026-08-01,T07,Textil hogar,5075240.06,152
2026-08-01,T08,Baño,3089318.25,73
2026-08-01,T08,Cocina y mesa,7128922.31,159
2026-08-01,T08,Decoracion,8842576.75,202
2026-08-01,T08,Iluminacion,5412602.65,120
2026-08-01,T08,Muebles,3094448.23,95
2026-08-01,T08,Organizacion,6670731.89,151
2026-08-01,T08,Textil hogar,6492357.58,153
2026-08-01,T09,Baño,2938925.76,91
2026-08-01,T09,Cocina y mesa,9945280.54,203
2026-08-01,T09,Decoracion,7765199.02,179
2026-08-01,T09,Iluminacion,2878116.26,73
2026-08-01,T09,Muebles,7325757.41,154
2026-08-01,T09,Organizacion,4306201.44,105
2026-08-01,T09,Textil hogar,8726395.9,202
2026-08-01,T10,Baño,3139573.66,90
2026-08-01,T10,Cocina y mesa,6798910.86,150
2026-08-01,T10,Decoracion,6368286.39,151
2026-08-01,T10,Iluminacion,6724820.7,164
2026-08-01,T10,Muebles,4675817.26,99
2026-08-01,T10,Organizacion,4344267.53,106
2026-08-01,T10,Textil hogar,6115659.92,143
2026-08-01,T11,Baño,3885823.41,99
2026-08-01,T11,Cocina y mesa,7454791.01,146
2026-08-01,T11,Decoracion,10035309.07,205
2026-08-01,T11,Iluminacion,2645265.92,87
2026-08-01,T11,Muebles,5833329.73,153
2026-08-01,T11,Organizacion,6491183.13,125
2026-08-01,T11,Textil hogar,6128834.91,139
2026-08-01,T12,Baño,2464833.33,84
2026-08-01,T12,Cocina y mesa,6188762.67,149
2026-08-01,T12,Decoracion,9115309.49,202
2026-08-01,T12,Iluminacion,2728143.82,82
2026-08-01,T12,Muebles,4435121.03,127
2026-08-01,T12,Organizacion,5329244.55,135
2026-08-01,T12,Textil hogar,3790106.75,75
2026-08-01,T13,Baño,3184188.6,85
2026-08-01,T13,Cocina y mesa,9688291.72,187
2026-08-01,T13,Decoracion,6582141.73,157
2026-08-01,T13,Iluminacion,3860613.79,123
2026-08-01,T13,Muebles,6663420.93,134
2026-08-01,T13,Organizacion,8082284.67,161
2026-08-01,T13,Textil hogar,4955664.77,145
2026-08-01,T14,Baño,2136013.08,73
2026-08-01,T14,Cocina y mesa,9249332.4,192
2026-08-01,T14,Decoracion,7315757.91,184
2026-08-01,T14,Iluminacion,4587684.43,107
2026-08-01,T14,Muebles,4242291.05,132
2026-08-01,T14,Organizacion,3858943.29,105
2026-08-01,T14,Textil hogar,4645996.64,129
2026-08-01,T15,Baño,3277419.76,102
2026-08-01,T15,Cocina y mesa,7809322.14,159
2026-08-01,T15,Decoracion,8905158.87,212
2026-08-01,T15,Iluminacion,5869858.65,138
2026-08-01,T15,Muebles,4355237.41,127
2026-08-01,T15,Organizacion,6248159.34,150
2026-08-01,T15,Textil hogar,4840937.94,122
2026-08-01,T16,Baño,3187037.51,76
2026-08-01,T16,Cocina y mesa,8324456.41,154
2026-08-01,T16,Decoracion,8519851.38,180
2026-08-01,T16,Iluminacion,5567596.97,130
2026-08-01,T16,Muebles,5553087.28,130
2026-08-01,T16,Organizacion,4636355.71,129
2026-08-01,T16,Textil hogar,6258634.87,147
2026-08-01,T17,Baño,2445262.47,67
2026-08-01,T17,Cocina y mesa,8117982.93,165
2026-08-01,T17,Decoracion,7634438.15,182
2026-08-01,T17,Iluminacion,6068833.64,151
2026-08-01,T17,Muebles,5544809.86,122
2026-08-01,T17,Organizacion,4525435.69,94
2026-08-01,T17,Textil hogar,6753276.07,125
2026-08-01,T18,Baño,3507183.72,90
2026-08-01,T18,Cocina y mesa,10951908.63,234
2026-08-01,T18,Decoracion,5872265.38,159
2026-08-01,T18,Iluminacion,5483198.05,113
2026-08-01,T18,Muebles,3854475.28,83
2026-08-01,T18,Organizacion,5598868.59,140
2026-08-01,T18,Textil hogar,8861237.52,196
2026-08-01,T19,Baño,2903905.33,76
2026-08-01,T19,Cocina y mesa,8077104.99,166
2026-08-01,T19,Decoracion,8910545.47,219
2026-08-01,T19,Iluminacion,5955025.41,161
2026-08-01,T19,Muebles,6524326.28,157
2026-08-01,T19,Organizacion,6317385.82,155
2026-08-01,T19,Textil hogar,5765499.18,136
2026-08-01,T20,Baño,3264164.01,85
2026-08-01,T20,Cocina y mesa,8289328.43,181
2026-08-01,T20,Decoracion,8487808.77,182
2026-08-01,T20,Iluminacion,4956696.89,97
2026-08-01,T20,Muebles,5805807.66,141
2026-08-01,T20,Organizacion,5366606.81,123
2026-08-01,T20,Textil hogar,9149188.7,165
2026-08-01,T21,Baño,3317813.27,84
2026-08-01,T21,Cocina y mesa,8705484.19,179
2026-08-01,T21,Decoracion,11478500.86,246
2026-08-01,T21,Iluminacion,3070278.31,76
2026-08-01,T21,Muebles,4807232.91,126
2026-08-01,T21,Organizacion,8392680.15,162
2026-08-01,T21,Textil hogar,5778292.65,125
2026-08-01,T22,Baño,3092466.38,87
2026-08-01,T22,Cocina y mesa,10713485.6,226
2026-08-01,T22,Decoracion,9520100.12,214
2026-08-01,T22,Iluminacion,5530998.39,107
2026-08-01,T22,Muebles,6185469.49,155
2026-08-01,T22,Organizacion,6062706.99,119
2026-08-01,T22,Textil hogar,8108510.06,179
2026-08-01,T23,Baño,2620313.66,52
2026-08-01,T23,Cocina y mesa,7524407.31,157
2026-08-01,T23,Decoracion,8636299.99,229
2026-08-01,T23,Iluminacion,4493317.75,118
2026-08-01,T23,Muebles,5419572.11,144
2026-08-01,T23,Organizacion,3791939.64,92
2026-08-01,T23,Textil hogar,6891600.2,166
2026-08-01,T24,Baño,3634629.46,108
2026-08-01,T24,Cocina y mesa,10991797.82,209
2026-08-01,T24,Decoracion,7294476.74,181
2026-08-01,T24,Iluminacion,2883357.98,71
2026-08-01,T24,Muebles,7732899.31,162
2026-08-01,T24,Organizacion,7617578.55,163
2026-08-01,T24,Textil hogar,6873289.58,159
2026-08-01,T25,Baño,5213162.92,125
2026-08-01,T25,Cocina y mesa,9827660.98,202
2026-08-01,T25,Decoracion,10459915.42,228
2026-08-01,T25,Iluminacion,2799354.18,72
2026-08-01,T25,Muebles,6858192.48,176
2026-08-01,T25,Organizacion,6507946.6,133
2026-08-01,T25,Textil hogar,8192804.2,155
2026-08-01,T26,Baño,5056946.07,142
2026-08-01,T26,Cocina y mesa,8696024.7,185
2026-08-01,T26,Decoracion,8297580.54,202
2026-08-01,T26,Iluminacion,4906966.37,128
2026-08-01,T26,Muebles,4985424.08,120
2026-08-01,T26,Organizacion,6633462.89,143
2026-08-01,T26,Textil hogar,5143347.98,114
2026-08-01,T27,Baño,4087295.42,102
2026-08-01,T27,Cocina y mesa,6982575.24,143
2026-08-01,T27,Decoracion,8960073.74,230
2026-08-01,T27,Iluminacion,6482558.07,153
2026-08-01,T27,Muebles,3952191.91,120
2026-08-01,T27,Organizacion,6564457.73,157
2026-08-01,T27,Textil hogar,5698864.22,116
2026-08-01,T28,Baño,5094738.86,141
2026-08-01,T28,Cocina y mesa,10836431.41,207
2026-08-01,T28,Decoracion,10876517.28,229
2026-08-01,T28,Iluminacion,3829228.37,116
2026-08-01,T28,Muebles,5828005.63,128
2026-08-01,T28,Organizacion,4678605.43,131
2026-08-01,T28,Textil hogar,6053527.37,146
