fecha_mes,id_producto,stock_disponible
2022-01-01,SKU00039,15
2022-02-01,SKU00039,27
2022-02-01,SKU00109,11
2022-02-01,SKU00122,26
2022-02-01,SKU00125,33
2022-02-01,SKU00165,47
2022-02-01,SKU00203,30
2022-02-01,SKU00217,15
2022-02-01,SKU00311,94
2022-02-01,SKU00350,28
2022-02-01,SKU00378,25
2022-02-01,SKU00407,71
2022-02-01,SKU00421,69
2022-02-01,SKU00452,6
2022-02-01,SKU00660,22
2022-02-01,SKU00675,45
2022-02-01,SKU00708,75
2022-02-01,SKU00713,0
2022-02-01,SKU00750,69
2022-02-01,SKU00756,118
2022-03-01,SKU00013,249
2022-03-01,SKU00021,19
2022-03-01,SKU00039,28
2022-03-01,SKU00109,27
2022-03-01,SKU00121,62
2022-03-01,SKU00122,30
2022-03-01,SKU00125,22
2022-03-01,SKU00157,24
2022-03-01,SKU00165,38
2022-03-01,SKU00203,29
2022-03-01,SKU00209,128
2022-03-01,SKU00217,32
2022-03-01,SKU00256,92
2022-03-01,SKU00289,36
2022-03-01,SKU00311,139
2022-03-01,SKU00350,31
2022-03-01,SKU00361,22
2022-03-01,SKU00378,22
2022-03-01,SKU00407,133
2022-03-01,SKU00421,86
2022-03-01,SKU00439,5
2022-03-01,SKU00452,10
2022-03-01,SKU00454,48
2022-03-01,SKU00500,54
2022-03-01,SKU00631,25
2022-03-01,SKU00660,24
2022-03-01,SKU00675,40
2022-03-01,SKU00708,32
2022-03-01,SKU00713,13
2022-03-01,SKU00750,94
2022-03-01,SKU00756,82
2022-04-01,SKU00013,285
2022-04-01,SKU00019,49
2022-04-01,SKU00021,30
2022-04-01,SKU00033,30
2022-04-01,SKU00039,24
2022-04-01,SKU00054,32
2022-04-01,SKU00109,23
2022-04-01,SKU00121,92
2022-04-01,SKU00122,27
2022-04-01,SKU00125,19
2022-04-01,SKU00157,63
2022-04-01,SKU00165,37
2022-04-01,SKU00203,24
2022-04-01,SKU00209,51
2022-04-01,SKU00217,32
2022-04-01,SKU00256,40
2022-04-01,SKU00289,4
2022-04-01,SKU00296,213
2022-04-01,SKU00311,170
2022-04-01,SKU00350,14
2022-04-01,SKU00360,34
2022-04-01,SKU00361,45
2022-04-01,SKU00378,15
2022-04-01,SKU00404,41
2022-04-01,SKU00407,88
2022-04-01,SKU00421,130
2022-04-01,SKU00424,36
2022-04-01,SKU00439,25
2022-04-01,SKU00444,73
2022-04-01,SKU00452,21
2022-04-01,SKU00454,58
2022-04-01,SKU00460,170
2022-04-01,SKU00477,63
2022-04-01,SKU00500,39
2022-04-01,SKU00501,7
2022-04-01,SKU00621,8
2022-04-01,SKU00627,72
2022-04-01,SKU00631,10
2022-04-01,SKU00651,131
2022-04-01,SKU00660,41
2022-04-01,SKU00675,54
2022-04-01,SKU00708,62
2022-04-01,SKU00713,4
2022-04-01,SKU00750,47
2022-04-01,SKU00756,71
2022-05-01,SKU00010,49
2022-05-01,SKU00013,186
2022-05-01,SKU00019,85
2022-05-01,SKU00021,36
2022-05-01,SKU00033,15
2022-05-01,SKU00039,30
2022-05-01,SKU00048,41
2022-05-01,SKU00054,69
2022-05-01,SKU00076,263
2022-05-01,SKU00077,75
2022-05-01,SKU00109,34
2022-05-01,SKU00121,105
2022-05-01,SKU00122,39
2022-05-01,SKU00125,25
2022-05-01,SKU00146,32
2022-05-01,SKU00155,37
2022-05-01,SKU00157,51
2022-05-01,SKU00165,42
2022-05-01,SKU00197,0
2022-05-01,SKU00203,32
2022-05-01,SKU00209,129
2022-05-01,SKU00217,7
2022-05-01,SKU00228,144
2022-05-01,SKU00252,14
2022-05-01,SKU00256,58
2022-05-01,SKU00270,36
2022-05-01,SKU00289,5
2022-05-01,SKU00296,210
2022-05-01,SKU00311,146
2022-05-01,SKU00350,8
2022-05-01,SKU00360,15
2022-05-01,SKU00361,50
2022-05-01,SKU00378,27
2022-05-01,SKU00404,49
2022-05-01,SKU00407,112
2022-05-01,SKU00421,63
2022-05-01,SKU00424,41
2022-05-01,SKU00439,6
2022-05-01,SKU00444,55
2022-05-01,SKU00452,10
2022-05-01,SKU00454,67
2022-05-01,SKU00460,113
2022-05-01,SKU00463,138
2022-05-01,SKU00477,88
2022-05-01,SKU00500,63
2022-05-01,SKU00501,20
2022-05-01,SKU00506,40
2022-05-01,SKU00515,20
2022-05-01,SKU00532,20
2022-05-01,SKU00537,240
2022-05-01,SKU00540,78
2022-05-01,SKU00583,35
2022-05-01,SKU00584,18
2022-05-01,SKU00621,3
2022-05-01,SKU00627,41
2022-05-01,SKU00631,0
2022-05-01,SKU00651,183
2022-05-01,SKU00660,27
2022-05-01,SKU00675,76
2022-05-01,SKU00678,155
2022-05-01,SKU00690,13
2022-05-01,SKU00698,17
2022-05-01,SKU00708,37
2022-05-01,SKU00713,0
2022-05-01,SKU00730,75
2022-05-01,SKU00732,298
2022-05-01,SKU00737,340
2022-05-01,SKU00750,92
2022-05-01,SKU00756,88
2022-05-01,SKU00777,81
2022-06-01,SKU00010,44
2022-06-01,SKU00013,217
2022-06-01,SKU00019,67
2022-06-01,SKU00021,27
2022-06-01,SKU00033,16
2022-06-01,SKU00039,32
2022-06-01,SKU00048,24
2022-06-01,SKU00051,1
2022-06-01,SKU00053,23
2022-06-01,SKU00054,70
2022-06-01,SKU00070,40
2022-06-01,SKU00076,136
2022-06-01,SKU00077,135
2022-06-01,SKU00094,81
2022-06-01,SKU00109,24
2022-06-01,SKU00121,86
2022-06-01,SKU00122,36
2022-06-01,SKU00125,10
2022-06-01,SKU00146,41
2022-06-01,SKU00155,34
2022-06-01,SKU00157,44
2022-06-01,SKU00165,32
2022-06-01,SKU00203,40
2022-06-01,SKU00209,105
2022-06-01,SKU00217,35
2022-06-01,SKU00228,136
2022-06-01,SKU00252,53
2022-06-01,SKU00256,50
2022-06-01,SKU00270,58
2022-06-01,SKU00289,18
2022-06-01,SKU00296,229
2022-06-01,SKU00311,137
2022-06-01,SKU00317,48
2022-06-01,SKU00350,26
2022-06-01,SKU00354,310
2022-06-01,SKU00360,20
2022-06-01,SKU00361,32
2022-06-01,SKU00370,175
2022-06-01,SKU00378,21
2022-06-01,SKU00404,50
2022-06-01,SKU00407,135
2022-06-01,SKU00421,117
2022-06-01,SKU00424,47
2022-06-01,SKU00427,42
2022-06-01,SKU00439,10
2022-06-01,SKU00444,79
2022-06-01,SKU00452,17
2022-06-01,SKU00454,61
2022-06-01,SKU00460,146
2022-06-01,SKU00463,86
2022-06-01,SKU00473,77
2022-06-01,SKU00477,66
2022-06-01,SKU00488,101
2022-06-01,SKU00500,44
2022-06-01,SKU00501,4
2022-06-01,SKU00506,85
2022-06-01,SKU00515,9
2022-06-01,SKU00530,394
2022-06-01,SKU00532,35
2022-06-01,SKU00537,283
2022-06-01,SKU00540,52
2022-06-01,SKU00549,18
2022-06-01,SKU00583,45
2022-06-01,SKU00584,28
2022-06-01,SKU00621,0
2022-06-01,SKU00623,22
2022-06-01,SKU00627,54
2022-06-01,SKU00631,5
2022-06-01,SKU00632,25
2022-06-01,SKU00651,148
2022-06-01,SKU00660,35
2022-06-01,SKU00675,36
2022-06-01,SKU00678,145
2022-06-01,SKU00680,73
2022-06-01,SKU00690,14
2022-06-01,SKU00698,21
2022-06-01,SKU00703,28
2022-06-01,SKU00708,43
2022-06-01,SKU00713,12
2022-06-01,SKU00730,67
2022-06-01,SKU00732,203
2022-06-01,SKU00737,262
2022-06-01,SKU00750,103
2022-06-01,SKU00756,56
2022-06-01,SKU00758,13
2022-06-01,SKU00777,60
2022-07-01,SKU00010,20
2022-07-01,SKU00013,202
2022-07-01,SKU00019,49
2022-07-01,SKU00021,9
2022-07-01,SKU00033,28
2022-07-01,SKU00039,27
2022-07-01,SKU00048,46
2022-07-01,SKU00051,5
2022-07-01,SKU00053,21
2022-07-01,SKU00054,47
2022-07-01,SKU00059,18
2022-07-01,SKU00070,65
2022-07-01,SKU00076,214
2022-07-01,SKU00077,126
2022-07-01,SKU00094,64
2022-07-01,SKU00109,23
2022-07-01,SKU00114,18
2022-07-01,SKU00120,63
2022-07-01,SKU00121,60
2022-07-01,SKU00122,51
2022-07-01,SKU00125,38
2022-07-01,SKU00146,51
2022-07-01,SKU00155,23
2022-07-01,SKU00157,39
2022-07-01,SKU00165,21
2022-07-01,SKU00182,58
2022-07-01,SKU00203,46
2022-07-01,SKU00204,473
2022-07-01,SKU00208,1
2022-07-01,SKU00209,188
2022-07-01,SKU00217,19
2022-07-01,SKU00228,170
2022-07-01,SKU00231,20
2022-07-01,SKU00252,44
2022-07-01,SKU00256,63
2022-07-01,SKU00262,117
2022-07-01,SKU00270,61
2022-07-01,SKU00289,20
2022-07-01,SKU00296,253
2022-07-01,SKU00303,75
2022-07-01,SKU00309,10
2022-07-01,SKU00311,167
2022-07-01,SKU00317,50
2022-07-01,SKU00348,66
2022-07-01,SKU00350,11
2022-07-01,SKU00354,135
2022-07-01,SKU00360,18
2022-07-01,SKU00361,30
2022-07-01,SKU00370,84
2022-07-01,SKU00378,24
2022-07-01,SKU00404,48
2022-07-01,SKU00407,126
2022-07-01,SKU00421,81
2022-07-01,SKU00424,64
2022-07-01,SKU00427,67
2022-07-01,SKU00439,1
2022-07-01,SKU00444,70
2022-07-01,SKU00452,10
2022-07-01,SKU00454,57
2022-07-01,SKU00460,126
2022-07-01,SKU00463,103
2022-07-01,SKU00473,157
2022-07-01,SKU00477,71
2022-07-01,SKU00479,10
2022-07-01,SKU00488,82
2022-07-01,SKU00500,54
2022-07-01,SKU00501,23
2022-07-01,SKU00506,66
2022-07-01,SKU00515,15
2022-07-01,SKU00516,29
2022-07-01,SKU00530,253
2022-07-01,SKU00532,43
2022-07-01,SKU00537,162
2022-07-01,SKU00540,66
2022-07-01,SKU00549,21
2022-07-01,SKU00583,66
2022-07-01,SKU00584,18
2022-07-01,SKU00621,0
2022-07-01,SKU00623,35
2022-07-01,SKU00627,44
2022-07-01,SKU00631,17
2022-07-01,SKU00632,28
2022-07-01,SKU00651,132
2022-07-01,SKU00660,31
2022-07-01,SKU00675,50
2022-07-01,SKU00678,164
2022-07-01,SKU00680,39
2022-07-01,SKU00690,21
2022-07-01,SKU00698,22
2022-07-01,SKU00703,37
2022-07-01,SKU00708,42
2022-07-01,SKU00713,1
2022-07-01,SKU00730,53
2022-07-01,SKU00731,35
2022-07-01,SKU00732,195
2022-07-01,SKU00737,256
2022-07-01,SKU00740,19
2022-07-01,SKU00750,62
2022-07-01,SKU00756,97
2022-07-01,SKU00758,0
2022-07-01,SKU00769,55
2022-07-01,SKU00777,57
2022-07-01,SKU00785,103
2022-07-01,SKU00794,86
2022-08-01,SKU00010,31
2022-08-01,SKU00013,147
2022-08-01,SKU00017,54
2022-08-01,SKU00019,79
2022-08-01,SKU00021,28
2022-08-01,SKU00033,13
2022-08-01,SKU00039,11
2022-08-01,SKU00048,25
2022-08-01,SKU00051,5
2022-08-01,SKU00053,41
2022-08-01,SKU00054,54
2022-08-01,SKU00059,10
2022-08-01,SKU00070,59
2022-08-01,SKU00076,207
2022-08-01,SKU00077,163
2022-08-01,SKU00109,16
2022-08-01,SKU00114,14
2022-08-01,SKU00120,130
2022-08-01,SKU00121,77
2022-08-01,SKU00122,56
2022-08-01,SKU00125,23
2022-08-01,SKU00146,61
2022-08-01,SKU00155,19
2022-08-01,SKU00157,50
2022-08-01,SKU00165,18
2022-08-01,SKU00182,36
2022-08-01,SKU00203,33
2022-08-01,SKU00204,393
2022-08-01,SKU00208,10
2022-08-01,SKU00209,61
2022-08-01,SKU00217,12
2022-08-01,SKU00228,174
2022-08-01,SKU00231,20
2022-08-01,SKU00252,31
2022-08-01,SKU00256,67
2022-08-01,SKU00262,155
2022-08-01,SKU00270,38
2022-08-01,SKU00289,6
2022-08-01,SKU00296,137
2022-08-01,SKU00303,66
2022-08-01,SKU00309,12
2022-08-01,SKU00311,147
2022-08-01,SKU00317,37
2022-08-01,SKU00348,69
2022-08-01,SKU00350,18
2022-08-01,SKU00354,189
2022-08-01,SKU00360,13
2022-08-01,SKU00361,25
2022-08-01,SKU00364,11
2022-08-01,SKU00378,21
2022-08-01,SKU00384,15
2022-08-01,SKU00404,6
2022-08-01,SKU00407,76
2022-08-01,SKU00421,137
2022-08-01,SKU00424,49
2022-08-01,SKU00427,41
2022-08-01,SKU00439,15
2022-08-01,SKU00444,69
2022-08-01,SKU00452,11
2022-08-01,SKU00454,52
2022-08-01,SKU00455,203
2022-08-01,SKU00460,107
2022-08-01,SKU00463,178
2022-08-01,SKU00473,97
2022-08-01,SKU00477,37
2022-08-01,SKU00479,17
2022-08-01,SKU00488,60
2022-08-01,SKU00500,63
2022-08-01,SKU00501,13
2022-08-01,SKU00506,40
2022-08-01,SKU00515,12
2022-08-01,SKU00516,41
2022-08-01,SKU00530,361
2022-08-01,SKU00532,46
2022-08-01,SKU00537,150
2022-08-01,SKU00540,76
2022-08-01,SKU00545,12
2022-08-01,SKU00549,21
2022-08-01,SKU00583,42
2022-08-01,SKU00584,5
2022-08-01,SKU00587,125
2022-08-01,SKU00613,5
2022-08-01,SKU00621,5
2022-08-01,SKU00623,36
2022-08-01,SKU00627,68
2022-08-01,SKU00631,4
2022-08-01,SKU00632,21
2022-08-01,SKU00651,170
2022-08-01,SKU00660,28
2022-08-01,SKU00666,13
2022-08-01,SKU00673,269
2022-08-01,SKU00675,26
2022-08-01,SKU00678,148
2022-08-01,SKU00680,51
2022-08-01,SKU00690,20
2022-08-01,SKU00698,16
2022-08-01,SKU00703,44
2022-08-01,SKU00708,51
2022-08-01,SKU00713,11
2022-08-01,SKU00730,84
2022-08-01,SKU00731,85
2022-08-01,SKU00732,175
2022-08-01,SKU00737,301
2022-08-01,SKU00739,457
2022-08-01,SKU00740,35
2022-08-01,SKU00750,98
2022-08-01,SKU00756,62
2022-08-01,SKU00758,8
2022-08-01,SKU00764,25
2022-08-01,SKU00769,33
2022-08-01,SKU00777,64
2022-08-01,SKU00785,143
2022-08-01,SKU00794,69
2022-09-01,SKU00006,110
2022-09-01,SKU00010,50
2022-09-01,SKU00013,225
2022-09-01,SKU00019,70
2022-09-01,SKU00020,14
2022-09-01,SKU00021,15
2022-09-01,SKU00033,18
2022-09-01,SKU00039,10
2022-09-01,SKU00048,35
2022-09-01,SKU00051,0
2022-09-01,SKU00053,11
2022-09-01,SKU00054,36
2022-09-01,SKU00056,36
2022-09-01,SKU00059,12
2022-09-01,SKU00070,78
2022-09-01,SKU00076,191
2022-09-01,SKU00077,77
2022-09-01,SKU00085,118
2022-09-01,SKU00101,67
2022-09-01,SKU00109,22
2022-09-01,SKU00112,426
2022-09-01,SKU00114,22
2022-09-01,SKU00120,54
2022-09-01,SKU00121,40
2022-09-01,SKU00122,36
2022-09-01,SKU00125,29
2022-09-01,SKU00146,38
2022-09-01,SKU00155,14
2022-09-01,SKU00157,89
2022-09-01,SKU00165,25
2022-09-01,SKU00169,27
2022-09-01,SKU00182,29
2022-09-01,SKU00187,2
2022-09-01,SKU00203,52
2022-09-01,SKU00204,487
2022-09-01,SKU00208,4
2022-09-01,SKU00209,100
2022-09-01,SKU00217,29
2022-09-01,SKU00228,127
2022-09-01,SKU00231,18
2022-09-01,SKU00252,38
2022-09-01,SKU00256,99
2022-09-01,SKU00259,402
2022-09-01,SKU00262,108
2022-09-01,SKU00270,55
2022-09-01,SKU00289,28
2022-09-01,SKU00296,208
2022-09-01,SKU00303,47
2022-09-01,SKU00309,17
2022-09-01,SKU00311,74
2022-09-01,SKU00317,33
2022-09-01,SKU00348,63
2022-09-01,SKU00350,25
2022-09-01,SKU00354,124
2022-09-01,SKU00359,19
2022-09-01,SKU00361,29
2022-09-01,SKU00364,4
2022-09-01,SKU00365,39
2022-09-01,SKU00378,18
2022-09-01,SKU00380,18
2022-09-01,SKU00384,15
2022-09-01,SKU00404,39
2022-09-01,SKU00407,68
2022-09-01,SKU00421,81
2022-09-01,SKU00424,25
2022-09-01,SKU00427,32
2022-09-01,SKU00439,3
2022-09-01,SKU00442,51
2022-09-01,SKU00444,88
2022-09-01,SKU00452,0
2022-09-01,SKU00454,85
2022-09-01,SKU00455,167
2022-09-01,SKU00460,237
2022-09-01,SKU00463,101
2022-09-01,SKU00473,115
2022-09-01,SKU00477,43
2022-09-01,SKU00479,11
2022-09-01,SKU00488,76
2022-09-01,SKU00500,29
2022-09-01,SKU00501,3
2022-09-01,SKU00506,76
2022-09-01,SKU00515,28
2022-09-01,SKU00516,52
2022-09-01,SKU00530,377
2022-09-01,SKU00537,229
2022-09-01,SKU00540,85
2022-09-01,SKU00545,16
2022-09-01,SKU00549,29
2022-09-01,SKU00572,32
2022-09-01,SKU00583,75
2022-09-01,SKU00584,26
2022-09-01,SKU00587,136
2022-09-01,SKU00613,18
2022-09-01,SKU00616,63
2022-09-01,SKU00621,9
2022-09-01,SKU00623,21
2022-09-01,SKU00626,4
2022-09-01,SKU00627,66
2022-09-01,SKU00631,27
2022-09-01,SKU00632,8
2022-09-01,SKU00633,355
2022-09-01,SKU00637,29
2022-09-01,SKU00639,29
2022-09-01,SKU00651,208
2022-09-01,SKU00660,44
2022-09-01,SKU00666,18
2022-09-01,SKU00673,211
2022-09-01,SKU00675,64
2022-09-01,SKU00678,129
2022-09-01,SKU00680,46
2022-09-01,SKU00690,19
2022-09-01,SKU00698,17
2022-09-01,SKU00703,12
2022-09-01,SKU00708,35
2022-09-01,SKU00713,4
2022-09-01,SKU00730,108
2022-09-01,SKU00731,59
2022-09-01,SKU00732,160
2022-09-01,SKU00734,77
2022-09-01,SKU00737,271
2022-09-01,SKU00739,509
2022-09-01,SKU00740,37
2022-09-01,SKU00750,94
2022-09-01,SKU00756,116
2022-09-01,SKU00758,5
2022-09-01,SKU00764,7
2022-09-01,SKU00769,11
2022-09-01,SKU00777,51
2022-09-01,SKU00785,98
2022-09-01,SKU00794,136
2022-10-01,SKU00006,64
2022-10-01,SKU00010,32
2022-10-01,SKU00013,141
2022-10-01,SKU00019,55
2022-10-01,SKU00020,24
2022-10-01,SKU00021,34
2022-10-01,SKU00033,25
2022-10-01,SKU00039,40
2022-10-01,SKU00040,147
2022-10-01,SKU00048,22
2022-10-01,SKU00051,0
2022-10-01,SKU00053,14
2022-10-01,SKU00054,76
2022-10-01,SKU00056,43
2022-10-01,SKU00059,12
2022-10-01,SKU00062,35
2022-10-01,SKU00067,66
2022-10-01,SKU00070,44
2022-10-01,SKU00071,32
2022-10-01,SKU00076,154
2022-10-01,SKU00077,107
2022-10-01,SKU00085,90
2022-10-01,SKU00101,101
2022-10-01,SKU00109,35
2022-10-01,SKU00112,390
2022-10-01,SKU00114,16
2022-10-01,SKU00120,70
2022-10-01,SKU00121,93
2022-10-01,SKU00122,51
2022-10-01,SKU00125,16
2022-10-01,SKU00146,13
2022-10-01,SKU00155,11
2022-10-01,SKU00157,51
2022-10-01,SKU00165,18
2022-10-01,SKU00168,38
2022-10-01,SKU00169,17
2022-10-01,SKU00174,10
2022-10-01,SKU00182,29
2022-10-01,SKU00187,11
2022-10-01,SKU00190,170
2022-10-01,SKU00203,17
2022-10-01,SKU00204,368
2022-10-01,SKU00208,0
2022-10-01,SKU00209,112
2022-10-01,SKU00215,15
2022-10-01,SKU00217,11
2022-10-01,SKU00228,163
2022-10-01,SKU00231,12
2022-10-01,SKU00240,0
2022-10-01,SKU00244,33
2022-10-01,SKU00252,42
2022-10-01,SKU00256,48
2022-10-01,SKU00259,288
2022-10-01,SKU00262,175
2022-10-01,SKU00270,51
2022-10-01,SKU00281,183
2022-10-01,SKU00289,27
2022-10-01,SKU00296,190
2022-10-01,SKU00303,55
2022-10-01,SKU00307,55
2022-10-01,SKU00309,19
2022-10-01,SKU00311,176
2022-10-01,SKU00312,6
2022-10-01,SKU00317,26
2022-10-01,SKU00321,27
2022-10-01,SKU00327,59
2022-10-01,SKU00348,50
2022-10-01,SKU00350,19
2022-10-01,SKU00351,80
2022-10-01,SKU00354,293
2022-10-01,SKU00359,23
2022-10-01,SKU00361,53
2022-10-01,SKU00364,25
2022-10-01,SKU00365,15
2022-10-01,SKU00366,24
2022-10-01,SKU00378,14
2022-10-01,SKU00380,24
2022-10-01,SKU00383,327
2022-10-01,SKU00384,13
2022-10-01,SKU00404,49
2022-10-01,SKU00407,115
2022-10-01,SKU00421,86
2022-10-01,SKU00424,42
2022-10-01,SKU00425,37
2022-10-01,SKU00427,55
2022-10-01,SKU00439,11
2022-10-01,SKU00442,78
2022-10-01,SKU00444,109
2022-10-01,SKU00452,16
2022-10-01,SKU00454,62
2022-10-01,SKU00455,127
2022-10-01,SKU00460,261
2022-10-01,SKU00463,171
2022-10-01,SKU00473,91
2022-10-01,SKU00476,66
2022-10-01,SKU00477,38
2022-10-01,SKU00479,13
2022-10-01,SKU00488,41
2022-10-01,SKU00500,36
2022-10-01,SKU00501,12
2022-10-01,SKU00506,45
2022-10-01,SKU00512,74
2022-10-01,SKU00515,22
2022-10-01,SKU00516,40
2022-10-01,SKU00519,6
2022-10-01,SKU00530,531
2022-10-01,SKU00537,174
2022-10-01,SKU00538,19
2022-10-01,SKU00540,90
2022-10-01,SKU00545,5
2022-10-01,SKU00549,27
2022-10-01,SKU00566,159
2022-10-01,SKU00572,13
2022-10-01,SKU00583,29
2022-10-01,SKU00584,24
2022-10-01,SKU00587,130
2022-10-01,SKU00613,15
2022-10-01,SKU00616,43
2022-10-01,SKU00617,19
2022-10-01,SKU00621,7
2022-10-01,SKU00623,33
2022-10-01,SKU00626,30
2022-10-01,SKU00627,75
2022-10-01,SKU00631,0
2022-10-01,SKU00632,23
2022-10-01,SKU00633,204
2022-10-01,SKU00637,25
2022-10-01,SKU00639,22
2022-10-01,SKU00651,213
2022-10-01,SKU00660,39
2022-10-01,SKU00666,32
2022-10-01,SKU00673,188
2022-10-01,SKU00675,59
2022-10-01,SKU00678,167
2022-10-01,SKU00680,38
2022-10-01,SKU00690,6
2022-10-01,SKU00692,10
2022-10-01,SKU00698,28
2022-10-01,SKU00703,20
2022-10-01,SKU00708,53
2022-10-01,SKU00713,3
2022-10-01,SKU00715,46
2022-10-01,SKU00725,87
2022-10-01,SKU00730,57
2022-10-01,SKU00731,44
2022-10-01,SKU00732,179
2022-10-01,SKU00734,57
2022-10-01,SKU00737,233
2022-10-01,SKU00739,471
2022-10-01,SKU00740,37
2022-10-01,SKU00750,65
2022-10-01,SKU00756,99
2022-10-01,SKU00758,16
2022-10-01,SKU00764,18
2022-10-01,SKU00769,29
2022-10-01,SKU00773,214
2022-10-01,SKU00776,46
2022-10-01,SKU00777,62
2022-10-01,SKU00785,122
2022-10-01,SKU00794,78
2022-11-01,SKU00006,59
2022-11-01,SKU00010,28
2022-11-01,SKU00013,183
2022-11-01,SKU00019,39
2022-11-01,SKU00020,21
2022-11-01,SKU00021,33
2022-11-01,SKU00033,8
2022-11-01,SKU00039,10
2022-11-01,SKU00040,206
2022-11-01,SKU00048,41
2022-11-01,SKU00051,11
2022-11-01,SKU00053,24
2022-11-01,SKU00054,65
2022-11-01,SKU00056,47
2022-11-01,SKU00059,16
2022-11-01,SKU00062,40
2022-11-01,SKU00067,53
2022-11-01,SKU00070,52
2022-11-01,SKU00071,56
2022-11-01,SKU00076,235
2022-11-01,SKU00077,182
2022-11-01,SKU00085,87
2022-11-01,SKU00096,7
2022-11-01,SKU00101,59
2022-11-01,SKU00103,7
2022-11-01,SKU00109,19
2022-11-01,SKU00112,346
2022-11-01,SKU00114,20
2022-11-01,SKU00120,61
2022-11-01,SKU00121,71
2022-11-01,SKU00122,44
2022-11-01,SKU00125,27
2022-11-01,SKU00146,46
2022-11-01,SKU00155,31
2022-11-01,SKU00157,59
2022-11-01,SKU00159,37
2022-11-01,SKU00165,21
2022-11-01,SKU00168,19
2022-11-01,SKU00169,25
2022-11-01,SKU00174,16
2022-11-01,SKU00182,51
2022-11-01,SKU00187,10
2022-11-01,SKU00190,245
2022-11-01,SKU00203,35
2022-11-01,SKU00204,538
2022-11-01,SKU00207,11
2022-11-01,SKU00208,3
2022-11-01,SKU00209,131
2022-11-01,SKU00215,16
2022-11-01,SKU00217,2
2022-11-01,SKU00228,104
2022-11-01,SKU00231,16
2022-11-01,SKU00240,9
2022-11-01,SKU00244,37
2022-11-01,SKU00252,36
2022-11-01,SKU00256,46
2022-11-01,SKU00259,390
2022-11-01,SKU00262,145
2022-11-01,SKU00270,75
2022-11-01,SKU00281,174
2022-11-01,SKU00289,27
2022-11-01,SKU00296,164
2022-11-01,SKU00303,97
2022-11-01,SKU00307,56
2022-11-01,SKU00309,3
2022-11-01,SKU00311,92
2022-11-01,SKU00312,33
2022-11-01,SKU00313,265
2022-11-01,SKU00317,44
2022-11-01,SKU00321,37
2022-11-01,SKU00327,151
2022-11-01,SKU00333,224
2022-11-01,SKU00340,450
2022-11-01,SKU00348,57
2022-11-01,SKU00350,13
2022-11-01,SKU00351,95
2022-11-01,SKU00354,231
2022-11-01,SKU00359,17
2022-11-01,SKU00361,21
2022-11-01,SKU00364,24
2022-11-01,SKU00365,17
2022-11-01,SKU00366,29
2022-11-01,SKU00378,2
2022-11-01,SKU00380,46
2022-11-01,SKU00383,513
2022-11-01,SKU00384,1
2022-11-01,SKU00404,41
2022-11-01,SKU00407,125
2022-11-01,SKU00410,64
2022-11-01,SKU00421,87
2022-11-01,SKU00424,81
2022-11-01,SKU00425,23
2022-11-01,SKU00427,44
2022-11-01,SKU00439,0
2022-11-01,SKU00442,47
2022-11-01,SKU00444,75
2022-11-01,SKU00452,12
2022-11-01,SKU00454,78
2022-11-01,SKU00455,133
2022-11-01,SKU00460,228
2022-11-01,SKU00463,114
2022-11-01,SKU00473,59
2022-11-01,SKU00476,59
2022-11-01,SKU00477,77
2022-11-01,SKU00479,13
2022-11-01,SKU00488,68
2022-11-01,SKU00500,40
2022-11-01,SKU00501,4
2022-11-01,SKU00506,58
2022-11-01,SKU00512,70
2022-11-01,SKU00515,15
2022-11-01,SKU00516,16
2022-11-01,SKU00519,9
2022-11-01,SKU00530,398
2022-11-01,SKU00537,267
2022-11-01,SKU00538,5
2022-11-01,SKU00540,85
2022-11-01,SKU00545,8
2022-11-01,SKU00549,4
2022-11-01,SKU00566,182
2022-11-01,SKU00572,13
2022-11-01,SKU00583,45
2022-11-01,SKU00584,6
2022-11-01,SKU00587,57
2022-11-01,SKU00590,179
2022-11-01,SKU00613,30
2022-11-01,SKU00616,32
2022-11-01,SKU00617,14
2022-11-01,SKU00621,13
2022-11-01,SKU00623,36
2022-11-01,SKU00626,30
2022-11-01,SKU00627,53
2022-11-01,SKU00631,10
2022-11-01,SKU00632,23
2022-11-01,SKU00633,175
2022-11-01,SKU00634,37
2022-11-01,SKU00635,35
2022-11-01,SKU00637,8
2022-11-01,SKU00639,35
2022-11-01,SKU00650,190
2022-11-01,SKU00651,145
2022-11-01,SKU00659,64
2022-11-01,SKU00660,27
2022-11-01,SKU00666,11
2022-11-01,SKU00673,219
2022-11-01,SKU00675,25
2022-11-01,SKU00678,177
2022-11-01,SKU00680,40
2022-11-01,SKU00690,17
2022-11-01,SKU00692,31
2022-11-01,SKU00698,17
2022-11-01,SKU00703,15
2022-11-01,SKU00708,51
2022-11-01,SKU00711,35
2022-11-01,SKU00713,6
2022-11-01,SKU00715,17
2022-11-01,SKU00725,78
2022-11-01,SKU00730,74
2022-11-01,SKU00731,51
2022-11-01,SKU00732,146
2022-11-01,SKU00734,39
2022-11-01,SKU00737,266
2022-11-01,SKU00738,10
2022-11-01,SKU00739,287
2022-11-01,SKU00740,41
2022-11-01,SKU00750,145
2022-11-01,SKU00756,108
2022-11-01,SKU00758,7
2022-11-01,SKU00764,11
2022-11-01,SKU00769,60
2022-11-01,SKU00773,133
2022-11-01,SKU00776,35
2022-11-01,SKU00777,37
2022-11-01,SKU00785,136
2022-11-01,SKU00794,118
2022-12-01,SKU00006,113
2022-12-01,SKU00010,30
2022-12-01,SKU00013,170
2022-12-01,SKU00019,67
2022-12-01,SKU00020,8
2022-12-01,SKU00021,11
2022-12-01,SKU00033,39
2022-12-01,SKU00039,31
2022-12-01,SKU00040,112
2022-12-01,SKU00048,39
2022-12-01,SKU00051,0
2022-12-01,SKU00052,13
2022-12-01,SKU00053,34
2022-12-01,SKU00054,52
2022-12-01,SKU00056,31
2022-12-01,SKU00059,0
2022-12-01,SKU00062,45
2022-12-01,SKU00067,55
2022-12-01,SKU00070,74
2022-12-01,SKU00071,52
2022-12-01,SKU00072,91
2022-12-01,SKU00076,175
2022-12-01,SKU00077,126
2022-12-01,SKU00085,65
2022-12-01,SKU00088,14
2022-12-01,SKU00096,10
2022-12-01,SKU00098,18
2022-12-01,SKU00101,56
2022-12-01,SKU00103,3
2022-12-01,SKU00109,26
2022-12-01,SKU00112,358
2022-12-01,SKU00114,25
2022-12-01,SKU00120,106
2022-12-01,SKU00121,89
2022-12-01,SKU00122,32
2022-12-01,SKU00125,15
2022-12-01,SKU00146,82
2022-12-01,SKU00155,16
2022-12-01,SKU00157,90
2022-12-01,SKU00159,55
2022-12-01,SKU00164,34
2022-12-01,SKU00165,29
2022-12-01,SKU00168,14
2022-12-01,SKU00169,24
2022-12-01,SKU00174,7
2022-12-01,SKU00182,63
2022-12-01,SKU00187,5
2022-12-01,SKU00190,316
2022-12-01,SKU00203,32
2022-12-01,SKU00204,414
2022-12-01,SKU00207,17
2022-12-01,SKU00208,4
2022-12-01,SKU00209,104
2022-12-01,SKU00215,22
2022-12-01,SKU00217,13
2022-12-01,SKU00228,145
2022-12-01,SKU00231,13
2022-12-01,SKU00240,25
2022-12-01,SKU00244,20
2022-12-01,SKU00252,20
2022-12-01,SKU00256,80
2022-12-01,SKU00259,298
2022-12-01,SKU00262,151
2022-12-01,SKU00270,35
2022-12-01,SKU00281,192
2022-12-01,SKU00289,15
2022-12-01,SKU00296,200
2022-12-01,SKU00303,68
2022-12-01,SKU00307,43
2022-12-01,SKU00309,20
2022-12-01,SKU00311,178
2022-12-01,SKU00312,14
2022-12-01,SKU00313,155
2022-12-01,SKU00317,42
2022-12-01,SKU00320,248
2022-12-01,SKU00321,22
2022-12-01,SKU00327,114
2022-12-01,SKU00333,152
2022-12-01,SKU00340,496
2022-12-01,SKU00343,38
2022-12-01,SKU00345,30
2022-12-01,SKU00348,53
2022-12-01,SKU00350,17
2022-12-01,SKU00351,110
2022-12-01,SKU00354,309
2022-12-01,SKU00359,21
2022-12-01,SKU00361,7
2022-12-01,SKU00364,18
2022-12-01,SKU00365,32
2022-12-01,SKU00366,28
2022-12-01,SKU00378,36
2022-12-01,SKU00380,18
2022-12-01,SKU00383,485
2022-12-01,SKU00384,16
2022-12-01,SKU00394,16
2022-12-01,SKU00404,49
2022-12-01,SKU00407,106
2022-12-01,SKU00410,107
2022-12-01,SKU00421,147
2022-12-01,SKU00423,43
2022-12-01,SKU00424,33
2022-12-01,SKU00425,26
2022-12-01,SKU00427,43
2022-12-01,SKU00428,24
2022-12-01,SKU00439,15
2022-12-01,SKU00442,30
2022-12-01,SKU00444,71
2022-12-01,SKU00452,2
2022-12-01,SKU00453,142
2022-12-01,SKU00454,55
2022-12-01,SKU00455,57
2022-12-01,SKU00460,137
2022-12-01,SKU00463,120
2022-12-01,SKU00467,104
2022-12-01,SKU00473,100
2022-12-01,SKU00476,56
2022-12-01,SKU00477,69
2022-12-01,SKU00479,24
2022-12-01,SKU00481,29
2022-12-01,SKU00488,84
2022-12-01,SKU00497,98
2022-12-01,SKU00500,53
2022-12-01,SKU00501,17
2022-12-01,SKU00506,47
2022-12-01,SKU00512,85
2022-12-01,SKU00515,34
2022-12-01,SKU00516,49
2022-12-01,SKU00519,6
2022-12-01,SKU00520,0
2022-12-01,SKU00530,518
2022-12-01,SKU00537,160
2022-12-01,SKU00538,37
2022-12-01,SKU00540,87
2022-12-01,SKU00545,0
2022-12-01,SKU00549,1
2022-12-01,SKU00560,84
2022-12-01,SKU00566,131
2022-12-01,SKU00572,24
2022-12-01,SKU00583,31
2022-12-01,SKU00584,5
2022-12-01,SKU00587,96
2022-12-01,SKU00589,70
2022-12-01,SKU00590,76
2022-12-01,SKU00613,21
2022-12-01,SKU00616,67
2022-12-01,SKU00617,11
2022-12-01,SKU00621,9
2022-12-01,SKU00623,16
2022-12-01,SKU00626,22
2022-12-01,SKU00627,58
2022-12-01,SKU00631,5
2022-12-01,SKU00632,20
2022-12-01,SKU00633,318
2022-12-01,SKU00634,35
2022-12-01,SKU00635,7
2022-12-01,SKU00637,18
2022-12-01,SKU00639,20
2022-12-01,SKU00644,13
2022-12-01,SKU00650,157
2022-12-01,SKU00651,162
2022-12-01,SKU00659,55
2022-12-01,SKU00660,66
2022-12-01,SKU00666,21
2022-12-01,SKU00668,300
2022-12-01,SKU00673,265
2022-12-01,SKU00675,46
2022-12-01,SKU00678,205
2022-12-01,SKU00680,66
2022-12-01,SKU00690,17
2022-12-01,SKU00692,37
2022-12-01,SKU00698,22
2022-12-01,SKU00703,38
2022-12-01,SKU00708,55
2022-12-01,SKU00711,49
2022-12-01,SKU00713,16
2022-12-01,SKU00715,48
2022-12-01,SKU00724,28
2022-12-01,SKU00725,113
2022-12-01,SKU00730,73
2022-12-01,SKU00731,74
2022-12-01,SKU00732,172
2022-12-01,SKU00734,71
2022-12-01,SKU00737,271
2022-12-01,SKU00738,0
2022-12-01,SKU00739,354
2022-12-01,SKU00740,21
2022-12-01,SKU00750,67
2022-12-01,SKU00756,149
2022-12-01,SKU00758,1
2022-12-01,SKU00764,34
2022-12-01,SKU00769,51
2022-12-01,SKU00773,96
2022-12-01,SKU00776,69
2022-12-01,SKU00777,81
2022-12-01,SKU00778,147
2022-12-01,SKU00785,125
2022-12-01,SKU00794,100
2022-12-01,SKU00798,32
2023-01-01,SKU00006,94
2023-01-01,SKU00010,41
2023-01-01,SKU00013,143
2023-01-01,SKU00019,63
2023-01-01,SKU00020,2
2023-01-01,SKU00021,16
2023-01-01,SKU00033,4
2023-01-01,SKU00039,32
2023-01-01,SKU00040,135
2023-01-01,SKU00047,20
2023-01-01,SKU00048,24
2023-01-01,SKU00051,0
2023-01-01,SKU00052,16
2023-01-01,SKU00053,27
2023-01-01,SKU00054,58
2023-01-01,SKU00056,45
2023-01-01,SKU00059,8
2023-01-01,SKU00062,54
2023-01-01,SKU00063,59
2023-01-01,SKU00067,73
2023-01-01,SKU00070,85
2023-01-01,SKU00071,45
2023-01-01,SKU00072,86
2023-01-01,SKU00076,273
2023-01-01,SKU00077,114
2023-01-01,SKU00085,83
2023-01-01,SKU00088,21
2023-01-01,SKU00096,17
2023-01-01,SKU00098,14
2023-01-01,SKU00101,82
2023-01-01,SKU00103,0
2023-01-01,SKU00107,8
2023-01-01,SKU00109,31
2023-01-01,SKU00110,128
2023-01-01,SKU00112,278
2023-01-01,SKU00114,16
2023-01-01,SKU00120,98
2023-01-01,SKU00121,87
2023-01-01,SKU00122,15
2023-01-01,SKU00125,10
2023-01-01,SKU00146,82
2023-01-01,SKU00155,17
2023-01-01,SKU00157,39
2023-01-01,SKU00159,50
2023-01-01,SKU00164,65
2023-01-01,SKU00165,27
2023-01-01,SKU00168,25
2023-01-01,SKU00169,14
2023-01-01,SKU00174,15
2023-01-01,SKU00182,56
2023-01-01,SKU00187,9
2023-01-01,SKU00189,43
2023-01-01,SKU00190,209
2023-01-01,SKU00203,21
2023-01-01,SKU00204,422
2023-01-01,SKU00207,9
2023-01-01,SKU00208,9
2023-01-01,SKU00209,155
2023-01-01,SKU00215,29
2023-01-01,SKU00217,32
2023-01-01,SKU00220,70
2023-01-01,SKU00228,140
2023-01-01,SKU00231,13
2023-01-01,SKU00240,7
2023-01-01,SKU00244,33
2023-01-01,SKU00252,57
2023-01-01,SKU00256,63
2023-01-01,SKU00259,386
2023-01-01,SKU00262,234
2023-01-01,SKU00270,56
2023-01-01,SKU00281,182
2023-01-01,SKU00289,16
2023-01-01,SKU00296,184
2023-01-01,SKU00301,34
2023-01-01,SKU00303,54
2023-01-01,SKU00307,46
2023-01-01,SKU00309,10
2023-01-01,SKU00311,75
2023-01-01,SKU00312,16
2023-01-01,SKU00313,284
2023-01-01,SKU00317,45
2023-01-01,SKU00320,162
2023-01-01,SKU00321,28
2023-01-01,SKU00327,95
2023-01-01,SKU00333,91
2023-01-01,SKU00340,403
2023-01-01,SKU00343,74
2023-01-01,SKU00345,23
2023-01-01,SKU00348,43
2023-01-01,SKU00350,16
2023-01-01,SKU00351,103
2023-01-01,SKU00354,241
2023-01-01,SKU00359,23
2023-01-01,SKU00361,26
2023-01-01,SKU00364,11
2023-01-01,SKU00365,26
2023-01-01,SKU00366,22
2023-01-01,SKU00378,14
2023-01-01,SKU00380,17
2023-01-01,SKU00383,340
2023-01-01,SKU00384,26
2023-01-01,SKU00394,12
2023-01-01,SKU00404,42
2023-01-01,SKU00407,156
2023-01-01,SKU00410,78
2023-01-01,SKU00421,128
2023-01-01,SKU00423,34
2023-01-01,SKU00424,58
2023-01-01,SKU00425,28
2023-01-01,SKU00427,35
2023-01-01,SKU00428,46
2023-01-01,SKU00439,10
2023-01-01,SKU00442,59
2023-01-01,SKU00444,89
2023-01-01,SKU00449,34
2023-01-01,SKU00452,5
2023-01-01,SKU00453,182
2023-01-01,SKU00454,64
2023-01-01,SKU00455,201
2023-01-01,SKU00460,170
2023-01-01,SKU00463,110
2023-01-01,SKU00467,152
2023-01-01,SKU00473,88
2023-01-01,SKU00476,49
2023-01-01,SKU00477,48
2023-01-01,SKU00479,11
2023-01-01,SKU00481,33
2023-01-01,SKU00488,101
2023-01-01,SKU00493,42
2023-01-01,SKU00497,63
2023-01-01,SKU00500,47
2023-01-01,SKU00501,20
2023-01-01,SKU00502,33
2023-01-01,SKU00506,60
2023-01-01,SKU00512,64
2023-01-01,SKU00515,16
2023-01-01,SKU00516,46
2023-01-01,SKU00519,10
2023-01-01,SKU00520,0
2023-01-01,SKU00530,263
2023-01-01,SKU00537,237
2023-01-01,SKU00538,27
2023-01-01,SKU00540,131
2023-01-01,SKU00544,74
2023-01-01,SKU00545,12
2023-01-01,SKU00549,10
2023-01-01,SKU00560,125
2023-01-01,SKU00566,169
2023-01-01,SKU00572,26
2023-01-01,SKU00575,151
2023-01-01,SKU00583,52
2023-01-01,SKU00584,11
2023-01-01,SKU00587,100
2023-01-01,SKU00589,58
2023-01-01,SKU00590,94
2023-01-01,SKU00613,10
2023-01-01,SKU00616,40
2023-01-01,SKU00617,22
2023-01-01,SKU00621,11
2023-01-01,SKU00623,30
2023-01-01,SKU00626,42
2023-01-01,SKU00627,37
2023-01-01,SKU00631,23
2023-01-01,SKU00632,29
2023-01-01,SKU00633,218
2023-01-01,SKU00634,64
2023-01-01,SKU00635,6
2023-01-01,SKU00637,17
2023-01-01,SKU00638,25
2023-01-01,SKU00639,33
2023-01-01,SKU00644,8
2023-01-01,SKU00650,133
2023-01-01,SKU00651,115
2023-01-01,SKU00657,100
2023-01-01,SKU00659,33
2023-01-01,SKU00660,21
2023-01-01,SKU00666,16
2023-01-01,SKU00668,193
2023-01-01,SKU00672,103
2023-01-01,SKU00673,206
2023-01-01,SKU00675,69
2023-01-01,SKU00678,142
2023-01-01,SKU00679,341
2023-01-01,SKU00680,39
2023-01-01,SKU00690,30
2023-01-01,SKU00692,10
2023-01-01,SKU00698,16
2023-01-01,SKU00703,18
2023-01-01,SKU00708,51
2023-01-01,SKU00711,43
2023-01-01,SKU00713,12
2023-01-01,SKU00715,27
2023-01-01,SKU00724,15
2023-01-01,SKU00725,92
2023-01-01,SKU00730,58
2023-01-01,SKU00731,73
2023-01-01,SKU00732,294
2023-01-01,SKU00734,44
2023-01-01,SKU00737,281
2023-01-01,SKU00738,11
2023-01-01,SKU00739,324
2023-01-01,SKU00740,24
2023-01-01,SKU00750,70
2023-01-01,SKU00756,129
2023-01-01,SKU00758,27
2023-01-01,SKU00764,17
2023-01-01,SKU00769,45
2023-01-01,SKU00773,232
2023-01-01,SKU00776,30
2023-01-01,SKU00777,31
2023-01-01,SKU00778,71
2023-01-01,SKU00785,149
2023-01-01,SKU00789,18
2023-01-01,SKU00794,76
2023-01-01,SKU00798,36
2023-02-01,SKU00006,90
2023-02-01,SKU00010,23
2023-02-01,SKU00011,364
2023-02-01,SKU00013,206
2023-02-01,SKU00019,77
2023-02-01,SKU00020,10
2023-02-01,SKU00021,36
2023-02-01,SKU00032,368
2023-02-01,SKU00033,36
2023-02-01,SKU00039,25
2023-02-01,SKU00040,124
2023-02-01,SKU00047,16
2023-02-01,SKU00048,38
2023-02-01,SKU00051,15
2023-02-01,SKU00052,1
2023-02-01,SKU00053,14
2023-02-01,SKU00054,44
2023-02-01,SKU00056,67
2023-02-01,SKU00059,13
2023-02-01,SKU00062,51
2023-02-01,SKU00063,77
2023-02-01,SKU00065,96
2023-02-01,SKU00067,67
2023-02-01,SKU00070,53
2023-02-01,SKU00071,53
2023-02-01,SKU00072,120
2023-02-01,SKU00075,9
2023-02-01,SKU00076,156
2023-02-01,SKU00077,80
2023-02-01,SKU00085,102
2023-02-01,SKU00088,3
2023-02-01,SKU00096,5
2023-02-01,SKU00098,36
2023-02-01,SKU00100,74
2023-02-01,SKU00101,50
2023-02-01,SKU00103,1
2023-02-01,SKU00107,11
2023-02-01,SKU00109,31
2023-02-01,SKU00110,136
2023-02-01,SKU00112,283
2023-02-01,SKU00114,19
2023-02-01,SKU00120,84
2023-02-01,SKU00121,72
2023-02-01,SKU00122,33
2023-02-01,SKU00125,24
2023-02-01,SKU00146,40
2023-02-01,SKU00155,33
2023-02-01,SKU00157,51
2023-02-01,SKU00159,65
2023-02-01,SKU00164,43
2023-02-01,SKU00165,31
2023-02-01,SKU00166,17
2023-02-01,SKU00168,34
2023-02-01,SKU00169,13
2023-02-01,SKU00174,0
2023-02-01,SKU00182,39
2023-02-01,SKU00187,12
2023-02-01,SKU00189,56
2023-02-01,SKU00190,279
2023-02-01,SKU00201,36
2023-02-01,SKU00203,32
2023-02-01,SKU00204,408
2023-02-01,SKU00207,21
2023-02-01,SKU00208,11
2023-02-01,SKU00209,168
2023-02-01,SKU00215,22
2023-02-01,SKU00217,28
2023-02-01,SKU00220,35
2023-02-01,SKU00228,111
2023-02-01,SKU00231,12
2023-02-01,SKU00240,24
2023-02-01,SKU00244,35
2023-02-01,SKU00252,50
2023-02-01,SKU00256,53
2023-02-01,SKU00259,217
2023-02-01,SKU00270,41
2023-02-01,SKU00272,19
2023-02-01,SKU00281,157
2023-02-01,SKU00289,22
2023-02-01,SKU00296,203
2023-02-01,SKU00301,27
2023-02-01,SKU00303,89
2023-02-01,SKU00307,52
2023-02-01,SKU00309,15
2023-02-01,SKU00311,125
2023-02-01,SKU00312,16
2023-02-01,SKU00313,227
2023-02-01,SKU00317,32
2023-02-01,SKU00320,169
2023-02-01,SKU00321,19
2023-02-01,SKU00327,137
2023-02-01,SKU00333,59
2023-02-01,SKU00340,227
2023-02-01,SKU00343,42
2023-02-01,SKU00345,50
2023-02-01,SKU00348,77
2023-02-01,SKU00350,23
2023-02-01,SKU00351,66
2023-02-01,SKU00354,146
2023-02-01,SKU00359,11
2023-02-01,SKU00361,44
2023-02-01,SKU00364,15
2023-02-01,SKU00365,27
2023-02-01,SKU00366,17
2023-02-01,SKU00378,4
2023-02-01,SKU00380,31
2023-02-01,SKU00383,643
2023-02-01,SKU00384,37
2023-02-01,SKU00394,10
2023-02-01,SKU00404,34
2023-02-01,SKU00407,93
2023-02-01,SKU00410,37
2023-02-01,SKU00421,138
2023-02-01,SKU00423,16
2023-02-01,SKU00424,34
2023-02-01,SKU00425,14
2023-02-01,SKU00427,27
2023-02-01,SKU00428,36
2023-02-01,SKU00439,10
2023-02-01,SKU00442,51
2023-02-01,SKU00444,56
2023-02-01,SKU00449,24
2023-02-01,SKU00452,3
2023-02-01,SKU00453,87
2023-02-01,SKU00454,85
2023-02-01,SKU00455,112
2023-02-01,SKU00460,183
2023-02-01,SKU00463,107
2023-02-01,SKU00467,156
2023-02-01,SKU00473,108
2023-02-01,SKU00476,32
2023-02-01,SKU00477,71
2023-02-01,SKU00479,17
2023-02-01,SKU00481,43
2023-02-01,SKU00488,74
2023-02-01,SKU00493,11
2023-02-01,SKU00497,64
2023-02-01,SKU00500,37
2023-02-01,SKU00501,4
2023-02-01,SKU00502,11
2023-02-01,SKU00506,42
2023-02-01,SKU00512,41
2023-02-01,SKU00515,30
2023-02-01,SKU00516,55
2023-02-01,SKU00519,9
2023-02-01,SKU00520,11
2023-02-01,SKU00530,524
2023-02-01,SKU00535,42
2023-02-01,SKU00537,142
2023-02-01,SKU00538,24
2023-02-01,SKU00540,94
2023-02-01,SKU00541,58
2023-02-01,SKU00544,43
2023-02-01,SKU00545,8
2023-02-01,SKU00549,11
2023-02-01,SKU00560,65
2023-02-01,SKU00566,166
2023-02-01,SKU00572,24
2023-02-01,SKU00583,56
2023-02-01,SKU00584,24
2023-02-01,SKU00587,137
2023-02-01,SKU00589,102
2023-02-01,SKU00590,117
2023-02-01,SKU00613,16
2023-02-01,SKU00616,48
2023-02-01,SKU00617,18
2023-02-01,SKU00619,91
2023-02-01,SKU00621,12
2023-02-01,SKU00622,21
2023-02-01,SKU00623,30
2023-02-01,SKU00626,23
2023-02-01,SKU00627,45
2023-02-01,SKU00631,13
2023-02-01,SKU00632,17
2023-02-01,SKU00633,198
2023-02-01,SKU00634,62
2023-02-01,SKU00635,13
2023-02-01,SKU00637,15
2023-02-01,SKU00638,19
2023-02-01,SKU00639,16
2023-02-01,SKU00644,29
2023-02-01,SKU00650,216
2023-02-01,SKU00651,153
2023-02-01,SKU00657,60
2023-02-01,SKU00659,67
2023-02-01,SKU00660,25
2023-02-01,SKU00666,16
2023-02-01,SKU00668,236
2023-02-01,SKU00672,67
2023-02-01,SKU00673,257
2023-02-01,SKU00675,64
2023-02-01,SKU00678,155
2023-02-01,SKU00679,383
2023-02-01,SKU00680,54
2023-02-01,SKU00686,20
2023-02-01,SKU00690,40
2023-02-01,SKU00692,24
2023-02-01,SKU00697,130
2023-02-01,SKU00698,25
2023-02-01,SKU00699,19
2023-02-01,SKU00703,46
2023-02-01,SKU00708,37
2023-02-01,SKU00711,27
2023-02-01,SKU00713,0
2023-02-01,SKU00715,10
2023-02-01,SKU00717,63
2023-02-01,SKU00720,309
2023-02-01,SKU00724,33
2023-02-01,SKU00725,74
2023-02-01,SKU00730,59
2023-02-01,SKU00731,51
2023-02-01,SKU00732,305
2023-02-01,SKU00734,66
2023-02-01,SKU00737,284
2023-02-01,SKU00738,2
2023-02-01,SKU00739,232
2023-02-01,SKU00740,13
2023-02-01,SKU00750,127
2023-02-01,SKU00756,63
2023-02-01,SKU00758,19
2023-02-01,SKU00764,7
2023-02-01,SKU00769,57
2023-02-01,SKU00773,91
2023-02-01,SKU00776,31
2023-02-01,SKU00777,49
2023-02-01,SKU00778,176
2023-02-01,SKU00785,197
2023-02-01,SKU00789,43
2023-02-01,SKU00794,182
2023-02-01,SKU00796,14
2023-02-01,SKU00798,27
2023-03-01,SKU00006,35
2023-03-01,SKU00010,45
2023-03-01,SKU00011,536
2023-03-01,SKU00013,184
2023-03-01,SKU00019,48
2023-03-01,SKU00020,21
2023-03-01,SKU00021,21
2023-03-01,SKU00031,86
2023-03-01,SKU00032,348
2023-03-01,SKU00033,21
2023-03-01,SKU00039,9
2023-03-01,SKU00040,175
2023-03-01,SKU00047,23
2023-03-01,SKU00048,25
2023-03-01,SKU00049,112
2023-03-01,SKU00051,4
2023-03-01,SKU00052,14
2023-03-01,SKU00053,29
2023-03-01,SKU00054,43
2023-03-01,SKU00056,27
2023-03-01,SKU00059,22
2023-03-01,SKU00062,47
2023-03-01,SKU00063,97
2023-03-01,SKU00065,121
2023-03-01,SKU00067,70
2023-03-01,SKU00070,56
2023-03-01,SKU00071,28
2023-03-01,SKU00072,122
2023-03-01,SKU00074,134
2023-03-01,SKU00075,12
2023-03-01,SKU00076,302
2023-03-01,SKU00077,73
2023-03-01,SKU00088,10
2023-03-01,SKU00096,24
2023-03-01,SKU00098,14
2023-03-01,SKU00100,65
2023-03-01,SKU00101,114
2023-03-01,SKU00103,10
2023-03-01,SKU00107,13
2023-03-01,SKU00109,19
2023-03-01,SKU00110,117
2023-03-01,SKU00112,262
2023-03-01,SKU00114,26
2023-03-01,SKU00120,71
2023-03-01,SKU00121,62
2023-03-01,SKU00122,28
2023-03-01,SKU00125,20
2023-03-01,SKU00127,147
2023-03-01,SKU00146,74
2023-03-01,SKU00155,32
2023-03-01,SKU00157,55
2023-03-01,SKU00159,42
2023-03-01,SKU00164,57
2023-03-01,SKU00165,55
2023-03-01,SKU00166,27
2023-03-01,SKU00168,23
2023-03-01,SKU00169,29
2023-03-01,SKU00174,6
2023-03-01,SKU00181,233
2023-03-01,SKU00182,48
2023-03-01,SKU00187,1
2023-03-01,SKU00189,66
2023-03-01,SKU00190,197
2023-03-01,SKU00193,7
2023-03-01,SKU00201,27
2023-03-01,SKU00203,17
2023-03-01,SKU00204,307
2023-03-01,SKU00207,19
2023-03-01,SKU00208,10
2023-03-01,SKU00209,159
2023-03-01,SKU00215,17
2023-03-01,SKU00217,21
2023-03-01,SKU00220,92
2023-03-01,SKU00228,137
2023-03-01,SKU00231,23
2023-03-01,SKU00240,27
2023-03-01,SKU00244,21
2023-03-01,SKU00248,16
2023-03-01,SKU00252,53
2023-03-01,SKU00256,77
2023-03-01,SKU00259,329
2023-03-01,SKU00272,15
2023-03-01,SKU00277,48
2023-03-01,SKU00281,147
2023-03-01,SKU00289,10
2023-03-01,SKU00296,175
2023-03-01,SKU00301,38
2023-03-01,SKU00303,55
2023-03-01,SKU00307,42
2023-03-01,SKU00309,10
2023-03-01,SKU00311,94
2023-03-01,SKU00312,8
2023-03-01,SKU00313,268
2023-03-01,SKU00315,5
2023-03-01,SKU00317,54
2023-03-01,SKU00320,228
2023-03-01,SKU00321,50
2023-03-01,SKU00327,108
2023-03-01,SKU00333,197
2023-03-01,SKU00337,78
2023-03-01,SKU00338,19
2023-03-01,SKU00340,460
2023-03-01,SKU00343,46
2023-03-01,SKU00345,52
2023-03-01,SKU00348,66
2023-03-01,SKU00350,26
2023-03-01,SKU00351,70
2023-03-01,SKU00354,191
2023-03-01,SKU00359,27
2023-03-01,SKU00361,17
2023-03-01,SKU00364,33
2023-03-01,SKU00365,15
2023-03-01,SKU00366,0
2023-03-01,SKU00374,44
2023-03-01,SKU00378,29
2023-03-01,SKU00380,14
2023-03-01,SKU00383,488
2023-03-01,SKU00384,20
2023-03-01,SKU00394,18
2023-03-01,SKU00404,43
2023-03-01,SKU00407,115
2023-03-01,SKU00410,66
2023-03-01,SKU00421,143
2023-03-01,SKU00423,49
2023-03-01,SKU00424,52
2023-03-01,SKU00425,28
2023-03-01,SKU00427,51
2023-03-01,SKU00428,30
2023-03-01,SKU00439,14
2023-03-01,SKU00442,40
2023-03-01,SKU00444,72
2023-03-01,SKU00449,14
2023-03-01,SKU00452,1
2023-03-01,SKU00453,137
2023-03-01,SKU00454,45
2023-03-01,SKU00455,114
2023-03-01,SKU00460,157
2023-03-01,SKU00463,112
2023-03-01,SKU00467,117
2023-03-01,SKU00473,107
2023-03-01,SKU00476,52
2023-03-01,SKU00477,39
2023-03-01,SKU00479,7
2023-03-01,SKU00481,20
2023-03-01,SKU00488,70
2023-03-01,SKU00493,32
2023-03-01,SKU00497,57
2023-03-01,SKU00500,57
2023-03-01,SKU00501,9
2023-03-01,SKU00502,25
2023-03-01,SKU00506,45
2023-03-01,SKU00512,110
2023-03-01,SKU00515,31
2023-03-01,SKU00516,27
2023-03-01,SKU00519,6
2023-03-01,SKU00520,0
2023-03-01,SKU00524,38
2023-03-01,SKU00530,440
2023-03-01,SKU00535,34
2023-03-01,SKU00537,145
2023-03-01,SKU00538,8
2023-03-01,SKU00540,71
2023-03-01,SKU00541,115
2023-03-01,SKU00544,56
2023-03-01,SKU00545,2
2023-03-01,SKU00549,29
2023-03-01,SKU00556,119
2023-03-01,SKU00560,63
2023-03-01,SKU00566,199
2023-03-01,SKU00572,5
2023-03-01,SKU00583,35
2023-03-01,SKU00584,0
2023-03-01,SKU00587,126
2023-03-01,SKU00589,54
2023-03-01,SKU00590,80
2023-03-01,SKU00613,5
2023-03-01,SKU00616,46
2023-03-01,SKU00617,15
2023-03-01,SKU00619,75
2023-03-01,SKU00621,18
2023-03-01,SKU00622,33
2023-03-01,SKU00623,17
2023-03-01,SKU00626,56
2023-03-01,SKU00627,55
2023-03-01,SKU00631,13
2023-03-01,SKU00632,17
2023-03-01,SKU00633,172
2023-03-01,SKU00634,35
2023-03-01,SKU00635,16
2023-03-01,SKU00637,37
2023-03-01,SKU00638,6
2023-03-01,SKU00639,40
2023-03-01,SKU00641,19
2023-03-01,SKU00644,25
2023-03-01,SKU00650,272
2023-03-01,SKU00651,134
2023-03-01,SKU00657,83
2023-03-01,SKU00659,65
2023-03-01,SKU00660,16
2023-03-01,SKU00667,24
2023-03-01,SKU00668,200
2023-03-01,SKU00672,65
2023-03-01,SKU00673,242
2023-03-01,SKU00675,40
2023-03-01,SKU00678,203
2023-03-01,SKU00679,562
2023-03-01,SKU00680,53
2023-03-01,SKU00686,18
2023-03-01,SKU00690,7
2023-03-01,SKU00692,21
2023-03-01,SKU00696,56
2023-03-01,SKU00697,47
2023-03-01,SKU00698,28
2023-03-01,SKU00699,28
2023-03-01,SKU00703,27
2023-03-01,SKU00708,38
2023-03-01,SKU00711,34
2023-03-01,SKU00713,16
2023-03-01,SKU00715,36
2023-03-01,SKU00717,112
2023-03-01,SKU00720,290
2023-03-01,SKU00724,26
2023-03-01,SKU00725,81
2023-03-01,SKU00726,104
2023-03-01,SKU00729,114
2023-03-01,SKU00730,126
2023-03-01,SKU00731,38
2023-03-01,SKU00732,228
2023-03-01,SKU00734,67
2023-03-01,SKU00737,315
2023-03-01,SKU00738,13
2023-03-01,SKU00739,433
2023-03-01,SKU00740,22
2023-03-01,SKU00748,58
2023-03-01,SKU00750,56
2023-03-01,SKU00756,62
2023-03-01,SKU00758,9
2023-03-01,SKU00764,17
2023-03-01,SKU00769,35
2023-03-01,SKU00773,103
2023-03-01,SKU00776,39
2023-03-01,SKU00777,46
2023-03-01,SKU00778,80
2023-03-01,SKU00781,47
2023-03-01,SKU00785,142
2023-03-01,SKU00789,20
2023-03-01,SKU00794,108
2023-03-01,SKU00796,15
2023-03-01,SKU00798,21
2023-04-01,SKU00006,117
2023-04-01,SKU00010,52
2023-04-01,SKU00011,372
2023-04-01,SKU00013,114
2023-04-01,SKU00019,67
2023-04-01,SKU00020,25
2023-04-01,SKU00021,10
2023-04-01,SKU00031,63
2023-04-01,SKU00032,398
2023-04-01,SKU00033,9
2023-04-01,SKU00039,23
2023-04-01,SKU00040,174
2023-04-01,SKU00047,7
2023-04-01,SKU00048,35
2023-04-01,SKU00049,108
2023-04-01,SKU00051,10
2023-04-01,SKU00052,1
2023-04-01,SKU00053,23
2023-04-01,SKU00054,56
2023-04-01,SKU00056,45
2023-04-01,SKU00059,14
2023-04-01,SKU00062,94
2023-04-01,SKU00063,93
2023-04-01,SKU00065,150
2023-04-01,SKU00067,72
2023-04-01,SKU00070,28
2023-04-01,SKU00071,43
2023-04-01,SKU00072,114
2023-04-01,SKU00074,181
2023-04-01,SKU00075,14
2023-04-01,SKU00076,273
2023-04-01,SKU00077,130
2023-04-01,SKU00088,19
2023-04-01,SKU00096,8
2023-04-01,SKU00098,25
2023-04-01,SKU00100,52
2023-04-01,SKU00101,77
2023-04-01,SKU00103,5
2023-04-01,SKU00107,0
2023-04-01,SKU00109,36
2023-04-01,SKU00110,157
2023-04-01,SKU00112,359
2023-04-01,SKU00114,26
2023-04-01,SKU00120,76
2023-04-01,SKU00121,87
2023-04-01,SKU00122,25
2023-04-01,SKU00125,18
2023-04-01,SKU00127,114
2023-04-01,SKU00135,86
2023-04-01,SKU00146,42
2023-04-01,SKU00155,36
2023-04-01,SKU00157,63
2023-04-01,SKU00159,78
2023-04-01,SKU00164,79
2023-04-01,SKU00165,13
2023-04-01,SKU00166,31
2023-04-01,SKU00168,28
2023-04-01,SKU00169,45
2023-04-01,SKU00174,4
2023-04-01,SKU00181,211
2023-04-01,SKU00182,67
2023-04-01,SKU00187,16
2023-04-01,SKU00189,68
2023-04-01,SKU00190,225
2023-04-01,SKU00193,14
2023-04-01,SKU00201,40
2023-04-01,SKU00203,32
2023-04-01,SKU00204,464
2023-04-01,SKU00207,15
2023-04-01,SKU00208,7
2023-04-01,SKU00209,73
2023-04-01,SKU00215,26
2023-04-01,SKU00217,9
2023-04-01,SKU00220,60
2023-04-01,SKU00221,37
2023-04-01,SKU00228,182
2023-04-01,SKU00231,3
2023-04-01,SKU00240,16
2023-04-01,SKU00244,36
2023-04-01,SKU00248,8
2023-04-01,SKU00251,97
2023-04-01,SKU00252,38
2023-04-01,SKU00256,33
2023-04-01,SKU00259,265
2023-04-01,SKU00260,38
2023-04-01,SKU00272,0
2023-04-01,SKU00277,66
2023-04-01,SKU00281,252
2023-04-01,SKU00289,37
2023-04-01,SKU00296,165
2023-04-01,SKU00301,39
2023-04-01,SKU00303,85
2023-04-01,SKU00307,62
2023-04-01,SKU00309,19
2023-04-01,SKU00311,97
2023-04-01,SKU00312,0
2023-04-01,SKU00313,239
2023-04-01,SKU00315,23
2023-04-01,SKU00317,41
2023-04-01,SKU00320,131
2023-04-01,SKU00321,43
2023-04-01,SKU00327,87
2023-04-01,SKU00333,147
2023-04-01,SKU00337,100
2023-04-01,SKU00338,18
2023-04-01,SKU00340,362
2023-04-01,SKU00343,39
2023-04-01,SKU00348,55
2023-04-01,SKU00350,23
2023-04-01,SKU00351,85
2023-04-01,SKU00354,217
2023-04-01,SKU00359,12
2023-04-01,SKU00361,20
2023-04-01,SKU00364,22
2023-04-01,SKU00365,35
2023-04-01,SKU00366,34
2023-04-01,SKU00374,56
2023-04-01,SKU00378,9
2023-04-01,SKU00380,12
2023-04-01,SKU00383,436
2023-04-01,SKU00384,13
2023-04-01,SKU00394,15
2023-04-01,SKU00404,29
2023-04-01,SKU00405,88
2023-04-01,SKU00407,84
2023-04-01,SKU00408,33
2023-04-01,SKU00410,109
2023-04-01,SKU00421,97
2023-04-01,SKU00423,36
2023-04-01,SKU00424,31
2023-04-01,SKU00425,4
2023-04-01,SKU00427,26
2023-04-01,SKU00428,15
2023-04-01,SKU00439,10
2023-04-01,SKU00442,52
2023-04-01,SKU00444,60
2023-04-01,SKU00449,11
2023-04-01,SKU00452,21
2023-04-01,SKU00453,113
2023-04-01,SKU00454,55
2023-04-01,SKU00455,137
2023-04-01,SKU00460,225
2023-04-01,SKU00463,111
2023-04-01,SKU00467,141
2023-04-01,SKU00473,120
2023-04-01,SKU00476,45
2023-04-01,SKU00477,25
2023-04-01,SKU00479,15
2023-04-01,SKU00481,61
2023-04-01,SKU00488,71
2023-04-01,SKU00493,37
2023-04-01,SKU00497,77
2023-04-01,SKU00500,55
2023-04-01,SKU00501,22
2023-04-01,SKU00502,17
2023-04-01,SKU00506,68
2023-04-01,SKU00512,55
2023-04-01,SKU00513,28
2023-04-01,SKU00515,30
2023-04-01,SKU00516,48
2023-04-01,SKU00519,21
2023-04-01,SKU00520,0
2023-04-01,SKU00524,37
2023-04-01,SKU00530,583
2023-04-01,SKU00535,54
2023-04-01,SKU00537,196
2023-04-01,SKU00538,5
2023-04-01,SKU00540,130
2023-04-01,SKU00541,71
2023-04-01,SKU00544,73
2023-04-01,SKU00545,5
2023-04-01,SKU00549,26
2023-04-01,SKU00556,105
2023-04-01,SKU00560,101
2023-04-01,SKU00566,125
2023-04-01,SKU00572,11
2023-04-01,SKU00583,74
2023-04-01,SKU00584,26
2023-04-01,SKU00587,103
2023-04-01,SKU00589,96
2023-04-01,SKU00590,183
2023-04-01,SKU00594,30
2023-04-01,SKU00613,20
2023-04-01,SKU00616,54
2023-04-01,SKU00617,20
2023-04-01,SKU00619,89
2023-04-01,SKU00621,8
2023-04-01,SKU00622,20
2023-04-01,SKU00623,25
2023-04-01,SKU00626,32
2023-04-01,SKU00627,60
2023-04-01,SKU00631,22
2023-04-01,SKU00632,1
2023-04-01,SKU00633,285
2023-04-01,SKU00634,65
2023-04-01,SKU00635,35
2023-04-01,SKU00637,11
2023-04-01,SKU00638,12
2023-04-01,SKU00639,25
2023-04-01,SKU00641,28
2023-04-01,SKU00644,24
2023-04-01,SKU00647,22
2023-04-01,SKU00650,189
2023-04-01,SKU00651,213
2023-04-01,SKU00657,55
2023-04-01,SKU00659,45
2023-04-01,SKU00660,14
2023-04-01,SKU00667,36
2023-04-01,SKU00668,217
2023-04-01,SKU00672,69
2023-04-01,SKU00673,130
2023-04-01,SKU00675,64
2023-04-01,SKU00678,167
2023-04-01,SKU00679,451
2023-04-01,SKU00680,44
2023-04-01,SKU00686,12
2023-04-01,SKU00690,28
2023-04-01,SKU00692,13
2023-04-01,SKU00696,105
2023-04-01,SKU00697,80
2023-04-01,SKU00698,9
2023-04-01,SKU00699,22
2023-04-01,SKU00703,33
2023-04-01,SKU00708,59
2023-04-01,SKU00711,31
2023-04-01,SKU00713,2
2023-04-01,SKU00715,43
2023-04-01,SKU00717,95
2023-04-01,SKU00720,358
2023-04-01,SKU00721,70
2023-04-01,SKU00724,11
2023-04-01,SKU00725,88
2023-04-01,SKU00726,115
2023-04-01,SKU00729,91
2023-04-01,SKU00730,87
2023-04-01,SKU00731,61
2023-04-01,SKU00732,185
2023-04-01,SKU00734,33
2023-04-01,SKU00737,227
2023-04-01,SKU00738,10
2023-04-01,SKU00739,277
2023-04-01,SKU00740,41
2023-04-01,SKU00748,70
2023-04-01,SKU00750,67
2023-04-01,SKU00756,126
2023-04-01,SKU00757,3
2023-04-01,SKU00758,9
2023-04-01,SKU00764,33
2023-04-01,SKU00767,27
2023-04-01,SKU00769,44
2023-04-01,SKU00773,158
2023-04-01,SKU00776,50
2023-04-01,SKU00777,46
2023-04-01,SKU00778,177
2023-04-01,SKU00781,83
2023-04-01,SKU00785,143
2023-04-01,SKU00789,27
2023-04-01,SKU00794,175
2023-04-01,SKU00796,15
2023-04-01,SKU00798,34
2023-05-01,SKU00006,87
2023-05-01,SKU00010,30
2023-05-01,SKU00013,138
2023-05-01,SKU00019,53
2023-05-01,SKU00020,17
2023-05-01,SKU00021,31
2023-05-01,SKU00031,96
2023-05-01,SKU00032,220
2023-05-01,SKU00033,36
2023-05-01,SKU00039,14
2023-05-01,SKU00040,180
2023-05-01,SKU00047,38
2023-05-01,SKU00048,13
2023-05-01,SKU00049,116
2023-05-01,SKU00051,7
2023-05-01,SKU00052,6
2023-05-01,SKU00053,42
2023-05-01,SKU00054,87
2023-05-01,SKU00056,43
2023-05-01,SKU00059,8
2023-05-01,SKU00062,37
2023-05-01,SKU00063,95
2023-05-01,SKU00065,108
2023-05-01,SKU00067,56
2023-05-01,SKU00070,42
2023-05-01,SKU00071,54
2023-05-01,SKU00072,141
2023-05-01,SKU00074,186
2023-05-01,SKU00075,6
2023-05-01,SKU00076,255
2023-05-01,SKU00077,126
2023-05-01,SKU00088,1
2023-05-01,SKU00096,29
2023-05-01,SKU00098,18
2023-05-01,SKU00100,93
2023-05-01,SKU00101,55
2023-05-01,SKU00103,29
2023-05-01,SKU00107,17
2023-05-01,SKU00109,24
2023-05-01,SKU00110,173
2023-05-01,SKU00112,469
2023-05-01,SKU00114,54
2023-05-01,SKU00115,23
2023-05-01,SKU00120,68
2023-05-01,SKU00121,92
2023-05-01,SKU00122,12
2023-05-01,SKU00125,15
2023-05-01,SKU00127,162
2023-05-01,SKU00135,91
2023-05-01,SKU00146,53
2023-05-01,SKU00155,28
2023-05-01,SKU00157,60
2023-05-01,SKU00159,71
2023-05-01,SKU00164,57
2023-05-01,SKU00165,20
2023-05-01,SKU00166,11
2023-05-01,SKU00168,20
2023-05-01,SKU00169,24
2023-05-01,SKU00174,14
2023-05-01,SKU00181,139
2023-05-01,SKU00182,53
2023-05-01,SKU00187,4
2023-05-01,SKU00189,46
2023-05-01,SKU00190,212
2023-05-01,SKU00193,27
2023-05-01,SKU00201,23
2023-05-01,SKU00203,16
2023-05-01,SKU00204,283
2023-05-01,SKU00207,17
2023-05-01,SKU00208,14
2023-05-01,SKU00209,117
2023-05-01,SKU00215,7
2023-05-01,SKU00217,26
2023-05-01,SKU00220,63
2023-05-01,SKU00221,41
2023-05-01,SKU00228,106
2023-05-01,SKU00231,4
2023-05-01,SKU00235,49
2023-05-01,SKU00240,17
2023-05-01,SKU00244,23
2023-05-01,SKU00248,19
2023-05-01,SKU00251,113
2023-05-01,SKU00252,52
2023-05-01,SKU00256,88
2023-05-01,SKU00259,332
2023-05-01,SKU00260,40
2023-05-01,SKU00272,13
2023-05-01,SKU00277,43
2023-05-01,SKU00281,215
2023-05-01,SKU00289,19
2023-05-01,SKU00296,233
2023-05-01,SKU00301,44
2023-05-01,SKU00303,50
2023-05-01,SKU00307,46
2023-05-01,SKU00309,16
2023-05-01,SKU00311,141
2023-05-01,SKU00312,9
2023-05-01,SKU00313,139
2023-05-01,SKU00315,23
2023-05-01,SKU00317,59
2023-05-01,SKU00320,183
2023-05-01,SKU00321,17
2023-05-01,SKU00324,44
2023-05-01,SKU00327,45
2023-05-01,SKU00333,126
2023-05-01,SKU00337,85
2023-05-01,SKU00338,37
2023-05-01,SKU00340,435
2023-05-01,SKU00343,74
2023-05-01,SKU00348,52
2023-05-01,SKU00350,14
2023-05-01,SKU00351,79
2023-05-01,SKU00354,270
2023-05-01,SKU00359,31
2023-05-01,SKU00361,25
2023-05-01,SKU00364,10
2023-05-01,SKU00365,14
2023-05-01,SKU00366,21
2023-05-01,SKU00374,30
2023-05-01,SKU00378,15
2023-05-01,SKU00380,27
2023-05-01,SKU00383,458
2023-05-01,SKU00384,18
2023-05-01,SKU00394,23
2023-05-01,SKU00404,43
2023-05-01,SKU00405,197
2023-05-01,SKU00407,104
2023-05-01,SKU00408,39
2023-05-01,SKU00410,135
2023-05-01,SKU00421,98
2023-05-01,SKU00423,45
2023-05-01,SKU00424,22
2023-05-01,SKU00425,23
2023-05-01,SKU00426,73
2023-05-01,SKU00427,43
2023-05-01,SKU00428,37
2023-05-01,SKU00439,0
2023-05-01,SKU00442,66
2023-05-01,SKU00444,58
2023-05-01,SKU00448,59
2023-05-01,SKU00449,19
2023-05-01,SKU00452,9
2023-05-01,SKU00453,102
2023-05-01,SKU00454,55
2023-05-01,SKU00455,108
2023-05-01,SKU00460,187
2023-05-01,SKU00463,134
2023-05-01,SKU00467,83
2023-05-01,SKU00473,121
2023-05-01,SKU00476,89
2023-05-01,SKU00477,48
2023-05-01,SKU00479,9
2023-05-01,SKU00481,16
2023-05-01,SKU00488,49
2023-05-01,SKU00492,78
2023-05-01,SKU00493,80
2023-05-01,SKU00497,56
2023-05-01,SKU00500,38
2023-05-01,SKU00501,17
2023-05-01,SKU00502,2
2023-05-01,SKU00506,59
2023-05-01,SKU00510,48
2023-05-01,SKU00512,80
2023-05-01,SKU00513,59
2023-05-01,SKU00515,15
2023-05-01,SKU00516,47
2023-05-01,SKU00519,4
2023-05-01,SKU00520,6
2023-05-01,SKU00522,26
2023-05-01,SKU00524,51
2023-05-01,SKU00529,500
2023-05-01,SKU00530,463
2023-05-01,SKU00535,56
2023-05-01,SKU00537,212
2023-05-01,SKU00538,16
2023-05-01,SKU00540,134
2023-05-01,SKU00541,80
2023-05-01,SKU00544,93
2023-05-01,SKU00545,15
2023-05-01,SKU00546,121
2023-05-01,SKU00548,45
2023-05-01,SKU00549,5
2023-05-01,SKU00556,68
2023-05-01,SKU00560,116
2023-05-01,SKU00561,14
2023-05-01,SKU00562,73
2023-05-01,SKU00563,155
2023-05-01,SKU00566,139
2023-05-01,SKU00572,20
2023-05-01,SKU00583,27
2023-05-01,SKU00584,30
2023-05-01,SKU00587,123
2023-05-01,SKU00589,91
2023-05-01,SKU00590,89
2023-05-01,SKU00594,18
2023-05-01,SKU00613,15
2023-05-01,SKU00616,27
2023-05-01,SKU00617,0
2023-05-01,SKU00619,95
2023-05-01,SKU00621,16
2023-05-01,SKU00622,24
2023-05-01,SKU00623,22
2023-05-01,SKU00626,20
2023-05-01,SKU00627,39
2023-05-01,SKU00631,8
2023-05-01,SKU00632,24
2023-05-01,SKU00633,262
2023-05-01,SKU00634,28
2023-05-01,SKU00635,24
2023-05-01,SKU00637,14
2023-05-01,SKU00638,23
2023-05-01,SKU00639,27
2023-05-01,SKU00641,28
2023-05-01,SKU00644,38
2023-05-01,SKU00647,7
2023-05-01,SKU00650,142
2023-05-01,SKU00651,253
2023-05-01,SKU00657,91
2023-05-01,SKU00659,39
2023-05-01,SKU00660,57
2023-05-01,SKU00662,84
2023-05-01,SKU00667,16
2023-05-01,SKU00668,186
2023-05-01,SKU00672,131
2023-05-01,SKU00673,228
2023-05-01,SKU00675,76
2023-05-01,SKU00678,111
2023-05-01,SKU00679,308
2023-05-01,SKU00680,60
2023-05-01,SKU00686,7
2023-05-01,SKU00690,11
2023-05-01,SKU00692,16
2023-05-01,SKU00696,124
2023-05-01,SKU00697,75
2023-05-01,SKU00698,1
2023-05-01,SKU00699,36
2023-05-01,SKU00701,60
2023-05-01,SKU00703,22
2023-05-01,SKU00708,63
2023-05-01,SKU00709,25
2023-05-01,SKU00711,22
2023-05-01,SKU00713,21
2023-05-01,SKU00715,28
2023-05-01,SKU00717,143
2023-05-01,SKU00718,53
2023-05-01,SKU00720,222
2023-05-01,SKU00721,91
2023-05-01,SKU00724,9
2023-05-01,SKU00725,87
2023-05-01,SKU00726,168
2023-05-01,SKU00729,44
2023-05-01,SKU00730,43
2023-05-01,SKU00731,67
2023-05-01,SKU00732,273
2023-05-01,SKU00734,27
2023-05-01,SKU00737,186
2023-05-01,SKU00738,7
2023-05-01,SKU00739,260
2023-05-01,SKU00740,47
2023-05-01,SKU00748,66
2023-05-01,SKU00750,109
2023-05-01,SKU00756,110
2023-05-01,SKU00757,21
2023-05-01,SKU00758,20
2023-05-01,SKU00759,85
2023-05-01,SKU00764,10
2023-05-01,SKU00767,28
2023-05-01,SKU00769,50
2023-05-01,SKU00773,172
2023-05-01,SKU00776,35
2023-05-01,SKU00777,23
2023-05-01,SKU00778,197
2023-05-01,SKU00781,30
2023-05-01,SKU00783,38
2023-05-01,SKU00785,130
2023-05-01,SKU00789,33
2023-05-01,SKU00794,98
2023-05-01,SKU00796,13
2023-05-01,SKU00798,38
2023-06-01,SKU00006,111
2023-06-01,SKU00010,39
2023-06-01,SKU00013,293
2023-06-01,SKU00019,29
2023-06-01,SKU00020,22
2023-06-01,SKU00021,20
2023-06-01,SKU00031,112
2023-06-01,SKU00032,361
2023-06-01,SKU00033,15
2023-06-01,SKU00034,9
2023-06-01,SKU00036,37
2023-06-01,SKU00039,34
2023-06-01,SKU00040,119
2023-06-01,SKU00044,68
2023-06-01,SKU00047,16
2023-06-01,SKU00048,38
2023-06-01,SKU00049,83
2023-06-01,SKU00051,9
2023-06-01,SKU00052,15
2023-06-01,SKU00053,23
2023-06-01,SKU00054,68
2023-06-01,SKU00056,57
2023-06-01,SKU00059,11
2023-06-01,SKU00062,70
2023-06-01,SKU00063,64
2023-06-01,SKU00065,71
2023-06-01,SKU00067,48
2023-06-01,SKU00068,99
2023-06-01,SKU00070,78
2023-06-01,SKU00071,39
2023-06-01,SKU00072,95
2023-06-01,SKU00074,135
2023-06-01,SKU00075,3
2023-06-01,SKU00076,149
2023-06-01,SKU00077,105
2023-06-01,SKU00088,11
2023-06-01,SKU00096,19
2023-06-01,SKU00098,24
2023-06-01,SKU00100,90
2023-06-01,SKU00101,79
2023-06-01,SKU00103,14
2023-06-01,SKU00107,2
2023-06-01,SKU00109,15
2023-06-01,SKU00110,150
2023-06-01,SKU00112,292
2023-06-01,SKU00114,26
2023-06-01,SKU00115,21
2023-06-01,SKU00120,79
2023-06-01,SKU00121,66
2023-06-01,SKU00122,24
2023-06-01,SKU00125,31
2023-06-01,SKU00127,139
2023-06-01,SKU00135,69
2023-06-01,SKU00143,150
2023-06-01,SKU00146,52
2023-06-01,SKU00150,23
2023-06-01,SKU00155,9
2023-06-01,SKU00157,54
2023-06-01,SKU00159,61
2023-06-01,SKU00164,40
2023-06-01,SKU00165,27
2023-06-01,SKU00166,10
2023-06-01,SKU00168,22
2023-06-01,SKU00169,36
2023-06-01,SKU00174,25
2023-06-01,SKU00179,159
2023-06-01,SKU00181,159
2023-06-01,SKU00182,34
2023-06-01,SKU00187,4
2023-06-01,SKU00189,72
2023-06-01,SKU00190,158
2023-06-01,SKU00193,8
2023-06-01,SKU00201,24
2023-06-01,SKU00203,24
2023-06-01,SKU00204,345
2023-06-01,SKU00207,36
2023-06-01,SKU00208,6
2023-06-01,SKU00209,98
2023-06-01,SKU00215,26
2023-06-01,SKU00217,7
2023-06-01,SKU00220,67
2023-06-01,SKU00221,38
2023-06-01,SKU00225,26
2023-06-01,SKU00228,158
2023-06-01,SKU00231,6
2023-06-01,SKU00235,65
2023-06-01,SKU00240,9
2023-06-01,SKU00244,23
2023-06-01,SKU00248,14
2023-06-01,SKU00251,45
2023-06-01,SKU00252,17
2023-06-01,SKU00256,54
2023-06-01,SKU00259,299
2023-06-01,SKU00260,26
2023-06-01,SKU00272,14
2023-06-01,SKU00277,57
2023-06-01,SKU00278,46
2023-06-01,SKU00281,209
2023-06-01,SKU00289,14
2023-06-01,SKU00291,109
2023-06-01,SKU00296,175
2023-06-01,SKU00301,28
2023-06-01,SKU00303,71
2023-06-01,SKU00307,59
2023-06-01,SKU00309,17
2023-06-01,SKU00311,102
2023-06-01,SKU00312,22
2023-06-01,SKU00313,225
2023-06-01,SKU00315,14
2023-06-01,SKU00317,40
2023-06-01,SKU00320,192
2023-06-01,SKU00321,8
2023-06-01,SKU00324,89
2023-06-01,SKU00327,94
2023-06-01,SKU00333,114
2023-06-01,SKU00337,110
2023-06-01,SKU00338,24
2023-06-01,SKU00340,257
2023-06-01,SKU00343,45
2023-06-01,SKU00348,71
2023-06-01,SKU00349,122
2023-06-01,SKU00350,35
2023-06-01,SKU00351,77
2023-06-01,SKU00354,207
2023-06-01,SKU00359,15
2023-06-01,SKU00361,25
2023-06-01,SKU00364,7
2023-06-01,SKU00365,12
2023-06-01,SKU00366,31
2023-06-01,SKU00374,39
2023-06-01,SKU00378,22
2023-06-01,SKU00380,34
2023-06-01,SKU00383,475
2023-06-01,SKU00384,24
2023-06-01,SKU00390,19
2023-06-01,SKU00394,18
2023-06-01,SKU00404,30
2023-06-01,SKU00405,153
2023-06-01,SKU00407,121
2023-06-01,SKU00408,49
2023-06-01,SKU00410,96
2023-06-01,SKU00416,0
2023-06-01,SKU00421,98
2023-06-01,SKU00423,34
2023-06-01,SKU00424,34
2023-06-01,SKU00425,36
2023-06-01,SKU00426,40
2023-06-01,SKU00427,13
2023-06-01,SKU00428,18
2023-06-01,SKU00439,13
2023-06-01,SKU00442,62
2023-06-01,SKU00444,87
2023-06-01,SKU00448,42
2023-06-01,SKU00449,25
2023-06-01,SKU00452,11
2023-06-01,SKU00453,87
2023-06-01,SKU00454,37
2023-06-01,SKU00455,195
2023-06-01,SKU00457,87
2023-06-01,SKU00460,185
2023-06-01,SKU00463,96
2023-06-01,SKU00467,151
2023-06-01,SKU00473,113
2023-06-01,SKU00476,38
2023-06-01,SKU00477,68
2023-06-01,SKU00479,14
2023-06-01,SKU00481,9
2023-06-01,SKU00488,112
2023-06-01,SKU00492,78
2023-06-01,SKU00493,40
2023-06-01,SKU00497,66
2023-06-01,SKU00500,43
2023-06-01,SKU00501,14
2023-06-01,SKU00502,9
2023-06-01,SKU00506,27
2023-06-01,SKU00510,94
2023-06-01,SKU00512,72
2023-06-01,SKU00513,37
2023-06-01,SKU00515,37
2023-06-01,SKU00516,33
2023-06-01,SKU00519,17
2023-06-01,SKU00520,13
2023-06-01,SKU00522,34
2023-06-01,SKU00524,54
2023-06-01,SKU00529,341
2023-06-01,SKU00530,558
2023-06-01,SKU00535,25
2023-06-01,SKU00537,177
2023-06-01,SKU00538,11
2023-06-01,SKU00540,74
2023-06-01,SKU00541,128
2023-06-01,SKU00544,90
2023-06-01,SKU00545,8
2023-06-01,SKU00546,273
2023-06-01,SKU00548,66
2023-06-01,SKU00549,11
2023-06-01,SKU00556,76
2023-06-01,SKU00557,22
2023-06-01,SKU00560,89
2023-06-01,SKU00561,27
2023-06-01,SKU00562,72
2023-06-01,SKU00563,155
2023-06-01,SKU00564,57
2023-06-01,SKU00565,46
2023-06-01,SKU00566,166
2023-06-01,SKU00572,13
2023-06-01,SKU00583,65
2023-06-01,SKU00584,20
2023-06-01,SKU00587,83
2023-06-01,SKU00589,67
2023-06-01,SKU00590,97
2023-06-01,SKU00593,11
2023-06-01,SKU00594,26
2023-06-01,SKU00613,12
2023-06-01,SKU00616,56
2023-06-01,SKU00617,11
2023-06-01,SKU00619,53
2023-06-01,SKU00621,11
2023-06-01,SKU00622,41
2023-06-01,SKU00623,31
2023-06-01,SKU00626,28
2023-06-01,SKU00627,40
2023-06-01,SKU00631,8
2023-06-01,SKU00632,36
2023-06-01,SKU00633,205
2023-06-01,SKU00634,66
2023-06-01,SKU00635,43
2023-06-01,SKU00637,2
2023-06-01,SKU00638,6
2023-06-01,SKU00639,26
2023-06-01,SKU00641,5
2023-06-01,SKU00644,19
2023-06-01,SKU00647,14
2023-06-01,SKU00650,308
2023-06-01,SKU00651,128
2023-06-01,SKU00654,23
2023-06-01,SKU00657,70
2023-06-01,SKU00659,39
2023-06-01,SKU00660,15
2023-06-01,SKU00662,127
2023-06-01,SKU00667,13
2023-06-01,SKU00668,286
2023-06-01,SKU00672,64
2023-06-01,SKU00673,308
2023-06-01,SKU00675,43
2023-06-01,SKU00678,231
2023-06-01,SKU00679,319
2023-06-01,SKU00680,62
2023-06-01,SKU00686,12
2023-06-01,SKU00690,21
2023-06-01,SKU00692,47
2023-06-01,SKU00696,82
2023-06-01,SKU00697,89
2023-06-01,SKU00698,30
2023-06-01,SKU00699,19
2023-06-01,SKU00701,69
2023-06-01,SKU00703,41
2023-06-01,SKU00704,23
2023-06-01,SKU00708,48
2023-06-01,SKU00709,24
2023-06-01,SKU00711,29
2023-06-01,SKU00713,3
2023-06-01,SKU00715,30
2023-06-01,SKU00717,58
2023-06-01,SKU00718,83
2023-06-01,SKU00720,300
2023-06-01,SKU00721,86
2023-06-01,SKU00722,101
2023-06-01,SKU00724,17
2023-06-01,SKU00725,90
2023-06-01,SKU00726,130
2023-06-01,SKU00729,54
2023-06-01,SKU00730,26
2023-06-01,SKU00731,96
2023-06-01,SKU00732,163
2023-06-01,SKU00734,46
2023-06-01,SKU00735,209
2023-06-01,SKU00737,214
2023-06-01,SKU00738,0
2023-06-01,SKU00739,285
2023-06-01,SKU00740,23
2023-06-01,SKU00747,16
2023-06-01,SKU00748,40
2023-06-01,SKU00750,48
2023-06-01,SKU00751,169
2023-06-01,SKU00757,8
2023-06-01,SKU00758,8
2023-06-01,SKU00759,100
2023-06-01,SKU00764,1
2023-06-01,SKU00767,48
2023-06-01,SKU00769,31
2023-06-01,SKU00773,186
2023-06-01,SKU00776,61
2023-06-01,SKU00777,61
2023-06-01,SKU00778,87
2023-06-01,SKU00781,61
2023-06-01,SKU00783,55
2023-06-01,SKU00785,120
2023-06-01,SKU00789,42
2023-06-01,SKU00794,79
2023-06-01,SKU00796,8
2023-06-01,SKU00798,34
2023-07-01,SKU00006,87
2023-07-01,SKU00010,35
2023-07-01,SKU00013,139
2023-07-01,SKU00019,105
2023-07-01,SKU00021,17
2023-07-01,SKU00031,89
2023-07-01,SKU00032,441
2023-07-01,SKU00033,0
2023-07-01,SKU00034,24
2023-07-01,SKU00036,37
2023-07-01,SKU00039,7
2023-07-01,SKU00040,118
2023-07-01,SKU00044,51
2023-07-01,SKU00047,16
2023-07-01,SKU00048,39
2023-07-01,SKU00049,125
2023-07-01,SKU00051,10
2023-07-01,SKU00052,0
2023-07-01,SKU00053,19
2023-07-01,SKU00054,73
2023-07-01,SKU00056,54
2023-07-01,SKU00059,14
2023-07-01,SKU00061,53
2023-07-01,SKU00062,27
2023-07-01,SKU00063,131
2023-07-01,SKU00065,144
2023-07-01,SKU00067,43
2023-07-01,SKU00068,103
2023-07-01,SKU00070,33
2023-07-01,SKU00071,46
2023-07-01,SKU00072,113
2023-07-01,SKU00074,172
2023-07-01,SKU00075,7
2023-07-01,SKU00076,217
2023-07-01,SKU00077,112
2023-07-01,SKU00093,61
2023-07-01,SKU00096,15
2023-07-01,SKU00098,22
2023-07-01,SKU00100,75
2023-07-01,SKU00101,77
2023-07-01,SKU00103,0
2023-07-01,SKU00107,22
2023-07-01,SKU00109,22
2023-07-01,SKU00110,137
2023-07-01,SKU00112,306
2023-07-01,SKU00114,12
2023-07-01,SKU00115,15
2023-07-01,SKU00120,105
2023-07-01,SKU00121,60
2023-07-01,SKU00122,19
2023-07-01,SKU00125,38
2023-07-01,SKU00127,161
2023-07-01,SKU00135,73
2023-07-01,SKU00138,36
2023-07-01,SKU00143,123
2023-07-01,SKU00146,49
2023-07-01,SKU00150,33
2023-07-01,SKU00155,23
2023-07-01,SKU00157,86
2023-07-01,SKU00159,26
2023-07-01,SKU00164,38
2023-07-01,SKU00165,26
2023-07-01,SKU00166,28
2023-07-01,SKU00168,26
2023-07-01,SKU00169,17
2023-07-01,SKU00174,12
2023-07-01,SKU00179,84
2023-07-01,SKU00181,155
2023-07-01,SKU00182,31
2023-07-01,SKU00187,15
2023-07-01,SKU00189,48
2023-07-01,SKU00190,114
2023-07-01,SKU00191,61
2023-07-01,SKU00193,16
2023-07-01,SKU00201,27
2023-07-01,SKU00203,23
2023-07-01,SKU00204,372
2023-07-01,SKU00207,13
2023-07-01,SKU00208,8
2023-07-01,SKU00209,79
2023-07-01,SKU00215,0
2023-07-01,SKU00217,15
2023-07-01,SKU00220,55
2023-07-01,SKU00221,32
2023-07-01,SKU00225,19
2023-07-01,SKU00228,198
2023-07-01,SKU00231,38
2023-07-01,SKU00235,29
2023-07-01,SKU00240,19
2023-07-01,SKU00244,29
2023-07-01,SKU00248,20
2023-07-01,SKU00251,100
2023-07-01,SKU00252,50
2023-07-01,SKU00256,69
2023-07-01,SKU00259,334
2023-07-01,SKU00260,31
2023-07-01,SKU00272,12
2023-07-01,SKU00277,70
2023-07-01,SKU00278,102
2023-07-01,SKU00281,198
2023-07-01,SKU00289,18
2023-07-01,SKU00291,76
2023-07-01,SKU00296,217
2023-07-01,SKU00298,171
2023-07-01,SKU00301,17
2023-07-01,SKU00303,55
2023-07-01,SKU00307,45
2023-07-01,SKU00309,12
2023-07-01,SKU00311,77
2023-07-01,SKU00312,32
2023-07-01,SKU00313,184
2023-07-01,SKU00315,11
2023-07-01,SKU00317,46
2023-07-01,SKU00320,204
2023-07-01,SKU00321,23
2023-07-01,SKU00324,54
2023-07-01,SKU00325,47
2023-07-01,SKU00327,110
2023-07-01,SKU00333,129
2023-07-01,SKU00337,110
2023-07-01,SKU00338,29
2023-07-01,SKU00340,365
2023-07-01,SKU00343,39
2023-07-01,SKU00348,89
2023-07-01,SKU00349,164
2023-07-01,SKU00350,33
2023-07-01,SKU00351,80
2023-07-01,SKU00354,216
2023-07-01,SKU00359,28
2023-07-01,SKU00361,27
2023-07-01,SKU00364,11
2023-07-01,SKU00365,31
2023-07-01,SKU00366,12
2023-07-01,SKU00374,37
2023-07-01,SKU00378,29
2023-07-01,SKU00380,25
2023-07-01,SKU00383,362
2023-07-01,SKU00384,15
2023-07-01,SKU00390,12
2023-07-01,SKU00394,18
2023-07-01,SKU00404,71
2023-07-01,SKU00405,118
2023-07-01,SKU00407,98
2023-07-01,SKU00408,56
2023-07-01,SKU00410,105
2023-07-01,SKU00416,18
2023-07-01,SKU00421,74
2023-07-01,SKU00423,70
2023-07-01,SKU00424,49
2023-07-01,SKU00425,14
2023-07-01,SKU00426,67
2023-07-01,SKU00427,34
2023-07-01,SKU00428,39
2023-07-01,SKU00439,16
2023-07-01,SKU00442,44
2023-07-01,SKU00444,38
2023-07-01,SKU00448,59
2023-07-01,SKU00449,19
2023-07-01,SKU00452,11
2023-07-01,SKU00453,115
2023-07-01,SKU00454,94
2023-07-01,SKU00455,139
2023-07-01,SKU00457,150
2023-07-01,SKU00460,112
2023-07-01,SKU00463,161
2023-07-01,SKU00467,97
2023-07-01,SKU00473,108
2023-07-01,SKU00476,60
2023-07-01,SKU00477,66
2023-07-01,SKU00479,19
2023-07-01,SKU00481,66
2023-07-01,SKU00488,47
2023-07-01,SKU00492,79
2023-07-01,SKU00493,36
2023-07-01,SKU00497,105
2023-07-01,SKU00500,77
2023-07-01,SKU00501,17
2023-07-01,SKU00502,19
2023-07-01,SKU00503,27
2023-07-01,SKU00506,74
2023-07-01,SKU00510,55
2023-07-01,SKU00512,84
2023-07-01,SKU00513,40
2023-07-01,SKU00515,5
2023-07-01,SKU00516,42
2023-07-01,SKU00519,22
2023-07-01,SKU00520,3
2023-07-01,SKU00522,26
2023-07-01,SKU00524,37
2023-07-01,SKU00528,51
2023-07-01,SKU00529,545
2023-07-01,SKU00530,355
2023-07-01,SKU00535,30
2023-07-01,SKU00537,218
2023-07-01,SKU00538,18
2023-07-01,SKU00540,112
2023-07-01,SKU00541,88
2023-07-01,SKU00544,58
2023-07-01,SKU00545,12
2023-07-01,SKU00546,218
2023-07-01,SKU00548,42
2023-07-01,SKU00549,26
2023-07-01,SKU00556,111
2023-07-01,SKU00557,23
2023-07-01,SKU00560,71
2023-07-01,SKU00561,28
2023-07-01,SKU00562,57
2023-07-01,SKU00563,235
2023-07-01,SKU00564,41
2023-07-01,SKU00565,30
2023-07-01,SKU00566,81
2023-07-01,SKU00572,6
2023-07-01,SKU00583,62
2023-07-01,SKU00584,1
2023-07-01,SKU00587,105
2023-07-01,SKU00589,44
2023-07-01,SKU00590,83
2023-07-01,SKU00593,25
2023-07-01,SKU00594,66
2023-07-01,SKU00600,29
2023-07-01,SKU00611,61
2023-07-01,SKU00612,38
2023-07-01,SKU00613,13
2023-07-01,SKU00616,43
2023-07-01,SKU00617,23
2023-07-01,SKU00618,102
2023-07-01,SKU00619,127
2023-07-01,SKU00621,11
2023-07-01,SKU00622,10
2023-07-01,SKU00623,5
2023-07-01,SKU00626,24
2023-07-01,SKU00627,54
2023-07-01,SKU00631,11
2023-07-01,SKU00632,9
2023-07-01,SKU00633,201
2023-07-01,SKU00634,82
2023-07-01,SKU00635,22
2023-07-01,SKU00637,8
2023-07-01,SKU00638,18
2023-07-01,SKU00639,4
2023-07-01,SKU00641,14
2023-07-01,SKU00644,24
2023-07-01,SKU00647,0
2023-07-01,SKU00650,206
2023-07-01,SKU00651,207
2023-07-01,SKU00654,29
2023-07-01,SKU00657,60
2023-07-01,SKU00659,57
2023-07-01,SKU00660,19
2023-07-01,SKU00662,77
2023-07-01,SKU00667,8
2023-07-01,SKU00668,321
2023-07-01,SKU00672,64
2023-07-01,SKU00673,179
2023-07-01,SKU00675,63
2023-07-01,SKU00678,163
2023-07-01,SKU00679,307
2023-07-01,SKU00680,31
2023-07-01,SKU00686,3
2023-07-01,SKU00688,111
2023-07-01,SKU00690,13
2023-07-01,SKU00692,13
2023-07-01,SKU00696,117
2023-07-01,SKU00697,99
2023-07-01,SKU00698,9
2023-07-01,SKU00699,39
2023-07-01,SKU00701,20
2023-07-01,SKU00703,44
2023-07-01,SKU00704,10
2023-07-01,SKU00708,47
2023-07-01,SKU00709,34
2023-07-01,SKU00711,38
2023-07-01,SKU00713,15
2023-07-01,SKU00715,30
2023-07-01,SKU00717,151
2023-07-01,SKU00718,42
2023-07-01,SKU00720,260
2023-07-01,SKU00721,112
2023-07-01,SKU00722,115
2023-07-01,SKU00724,18
2023-07-01,SKU00725,55
2023-07-01,SKU00726,168
2023-07-01,SKU00729,85
2023-07-01,SKU00730,76
2023-07-01,SKU00731,66
2023-07-01,SKU00732,168
2023-07-01,SKU00734,45
2023-07-01,SKU00735,511
2023-07-01,SKU00737,244
2023-07-01,SKU00738,3
2023-07-01,SKU00739,192
2023-07-01,SKU00740,11
2023-07-01,SKU00741,84
2023-07-01,SKU00743,103
2023-07-01,SKU00747,38
2023-07-01,SKU00748,90
2023-07-01,SKU00749,7
2023-07-01,SKU00750,68
2023-07-01,SKU00751,132
2023-07-01,SKU00757,14
2023-07-01,SKU00758,19
2023-07-01,SKU00759,89
2023-07-01,SKU00764,16
2023-07-01,SKU00767,54
2023-07-01,SKU00769,58
2023-07-01,SKU00773,125
2023-07-01,SKU00776,33
2023-07-01,SKU00777,38
2023-07-01,SKU00778,118
2023-07-01,SKU00781,41
2023-07-01,SKU00783,59
2023-07-01,SKU00785,161
2023-07-01,SKU00789,16
2023-07-01,SKU00794,81
2023-07-01,SKU00796,2
2023-07-01,SKU00798,24
2023-08-01,SKU00001,59
2023-08-01,SKU00006,47
2023-08-01,SKU00010,29
2023-08-01,SKU00013,178
2023-08-01,SKU00019,77
2023-08-01,SKU00021,25
2023-08-01,SKU00022,11
2023-08-01,SKU00031,61
2023-08-01,SKU00032,288
2023-08-01,SKU00033,30
2023-08-01,SKU00034,31
2023-08-01,SKU00036,45
2023-08-01,SKU00039,21
2023-08-01,SKU00040,193
2023-08-01,SKU00047,16
2023-08-01,SKU00048,17
2023-08-01,SKU00049,34
2023-08-01,SKU00051,11
2023-08-01,SKU00052,6
2023-08-01,SKU00053,23
2023-08-01,SKU00054,57
2023-08-01,SKU00056,34
2023-08-01,SKU00057,14
2023-08-01,SKU00059,10
2023-08-01,SKU00061,83
2023-08-01,SKU00062,27
2023-08-01,SKU00063,52
2023-08-01,SKU00065,164
2023-08-01,SKU00067,24
2023-08-01,SKU00068,79
2023-08-01,SKU00070,76
2023-08-01,SKU00071,29
2023-08-01,SKU00072,97
2023-08-01,SKU00074,202
2023-08-01,SKU00075,5
2023-08-01,SKU00076,217
2023-08-01,SKU00077,106
2023-08-01,SKU00093,100
2023-08-01,SKU00096,22
2023-08-01,SKU00098,21
2023-08-01,SKU00100,46
2023-08-01,SKU00101,93
2023-08-01,SKU00103,25
2023-08-01,SKU00107,28
2023-08-01,SKU00109,15
2023-08-01,SKU00110,103
2023-08-01,SKU00111,63
2023-08-01,SKU00112,273
2023-08-01,SKU00114,15
2023-08-01,SKU00115,17
2023-08-01,SKU00120,112
2023-08-01,SKU00121,85
2023-08-01,SKU00122,55
2023-08-01,SKU00125,25
2023-08-01,SKU00127,55
2023-08-01,SKU00135,135
2023-08-01,SKU00138,51
2023-08-01,SKU00143,98
2023-08-01,SKU00146,46
2023-08-01,SKU00150,38
2023-08-01,SKU00153,61
2023-08-01,SKU00155,24
2023-08-01,SKU00157,46
2023-08-01,SKU00159,36
2023-08-01,SKU00164,72
2023-08-01,SKU00165,19
2023-08-01,SKU00166,20
2023-08-01,SKU00168,10
2023-08-01,SKU00169,48
2023-08-01,SKU00174,12
2023-08-01,SKU00175,22
2023-08-01,SKU00179,120
2023-08-01,SKU00181,123
2023-08-01,SKU00182,56
2023-08-01,SKU00187,7
2023-08-01,SKU00188,36
2023-08-01,SKU00189,30
2023-08-01,SKU00190,170
2023-08-01,SKU00191,86
2023-08-01,SKU00193,16
2023-08-01,SKU00196,284
2023-08-01,SKU00201,20
2023-08-01,SKU00203,10
2023-08-01,SKU00204,321
2023-08-01,SKU00207,10
2023-08-01,SKU00208,0
2023-08-01,SKU00209,105
2023-08-01,SKU00211,57
2023-08-01,SKU00215,0
2023-08-01,SKU00217,18
2023-08-01,SKU00220,34
2023-08-01,SKU00221,45
2023-08-01,SKU00225,26
2023-08-01,SKU00228,156
2023-08-01,SKU00231,8
2023-08-01,SKU00235,31
2023-08-01,SKU00240,10
2023-08-01,SKU00244,52
2023-08-01,SKU00248,21
2023-08-01,SKU00251,130
2023-08-01,SKU00252,37
2023-08-01,SKU00253,5
2023-08-01,SKU00256,75
2023-08-01,SKU00259,279
2023-08-01,SKU00260,44
2023-08-01,SKU00272,5
2023-08-01,SKU00277,86
2023-08-01,SKU00278,65
2023-08-01,SKU00281,231
2023-08-01,SKU00289,42
2023-08-01,SKU00291,143
2023-08-01,SKU00296,183
2023-08-01,SKU00298,120
2023-08-01,SKU00301,21
2023-08-01,SKU00303,48
2023-08-01,SKU00307,42
2023-08-01,SKU00309,11
2023-08-01,SKU00311,200
2023-08-01,SKU00312,19
2023-08-01,SKU00313,200
2023-08-01,SKU00315,19
2023-08-01,SKU00317,35
2023-08-01,SKU00320,148
2023-08-01,SKU00321,30
2023-08-01,SKU00323,22
2023-08-01,SKU00324,57
2023-08-01,SKU00325,28
2023-08-01,SKU00327,73
2023-08-01,SKU00333,120
2023-08-01,SKU00337,114
2023-08-01,SKU00338,36
2023-08-01,SKU00340,452
2023-08-01,SKU00343,55
2023-08-01,SKU00348,31
2023-08-01,SKU00349,134
2023-08-01,SKU00350,33
2023-08-01,SKU00351,129
2023-08-01,SKU00354,189
2023-08-01,SKU00359,17
2023-08-01,SKU00361,30
2023-08-01,SKU00364,30
2023-08-01,SKU00365,26
2023-08-01,SKU00366,8
2023-08-01,SKU00374,4
2023-08-01,SKU00377,15
2023-08-01,SKU00378,15
2023-08-01,SKU00380,16
2023-08-01,SKU00383,338
2023-08-01,SKU00384,13
2023-08-01,SKU00390,13
2023-08-01,SKU00394,7
2023-08-01,SKU00404,28
2023-08-01,SKU00405,86
2023-08-01,SKU00407,103
2023-08-01,SKU00408,38
2023-08-01,SKU00410,74
2023-08-01,SKU00416,29
2023-08-01,SKU00421,145
2023-08-01,SKU00423,26
2023-08-01,SKU00424,37
2023-08-01,SKU00425,21
2023-08-01,SKU00426,64
2023-08-01,SKU00427,72
2023-08-01,SKU00428,34
2023-08-01,SKU00439,24
2023-08-01,SKU00442,59
2023-08-01,SKU00444,87
2023-08-01,SKU00448,53
2023-08-01,SKU00449,26
2023-08-01,SKU00452,0
2023-08-01,SKU00453,98
2023-08-01,SKU00454,64
2023-08-01,SKU00455,128
2023-08-01,SKU00457,124
2023-08-01,SKU00460,135
2023-08-01,SKU00463,135
2023-08-01,SKU00464,93
2023-08-01,SKU00467,86
2023-08-01,SKU00473,84
2023-08-01,SKU00476,42
2023-08-01,SKU00477,50
2023-08-01,SKU00479,19
2023-08-01,SKU00481,61
2023-08-01,SKU00488,49
2023-08-01,SKU00492,99
2023-08-01,SKU00493,45
2023-08-01,SKU00497,78
2023-08-01,SKU00500,23
2023-08-01,SKU00501,15
2023-08-01,SKU00502,11
2023-08-01,SKU00503,29
2023-08-01,SKU00506,55
2023-08-01,SKU00510,63
2023-08-01,SKU00512,48
2023-08-01,SKU00513,37
2023-08-01,SKU00515,35
2023-08-01,SKU00516,52
2023-08-01,SKU00519,14
2023-08-01,SKU00520,8
2023-08-01,SKU00522,15
2023-08-01,SKU00524,39
2023-08-01,SKU00528,32
2023-08-01,SKU00529,502
2023-08-01,SKU00530,429
2023-08-01,SKU00535,2
2023-08-01,SKU00537,190
2023-08-01,SKU00538,16
2023-08-01,SKU00540,72
2023-08-01,SKU00541,63
2023-08-01,SKU00544,80
2023-08-01,SKU00545,8
2023-08-01,SKU00546,115
2023-08-01,SKU00548,57
2023-08-01,SKU00549,9
2023-08-01,SKU00556,84
2023-08-01,SKU00557,26
2023-08-01,SKU00560,83
2023-08-01,SKU00561,40
2023-08-01,SKU00562,60
2023-08-01,SKU00563,152
2023-08-01,SKU00564,32
2023-08-01,SKU00565,27
2023-08-01,SKU00566,180
2023-08-01,SKU00572,10
2023-08-01,SKU00583,21
2023-08-01,SKU00584,19
2023-08-01,SKU00587,88
2023-08-01,SKU00589,129
2023-08-01,SKU00590,77
2023-08-01,SKU00593,18
2023-08-01,SKU00594,46
2023-08-01,SKU00600,77
2023-08-01,SKU00611,41
2023-08-01,SKU00612,55
2023-08-01,SKU00613,15
2023-08-01,SKU00616,68
2023-08-01,SKU00617,5
2023-08-01,SKU00618,88
2023-08-01,SKU00619,120
2023-08-01,SKU00621,5
2023-08-01,SKU00622,16
2023-08-01,SKU00623,35
2023-08-01,SKU00626,10
2023-08-01,SKU00627,43
2023-08-01,SKU00631,12
2023-08-01,SKU00632,11
2023-08-01,SKU00633,250
2023-08-01,SKU00634,44
2023-08-01,SKU00635,10
2023-08-01,SKU00637,21
2023-08-01,SKU00638,14
2023-08-01,SKU00639,22
2023-08-01,SKU00641,25
2023-08-01,SKU00644,15
2023-08-01,SKU00647,10
2023-08-01,SKU00650,262
2023-08-01,SKU00651,140
2023-08-01,SKU00654,25
2023-08-01,SKU00657,55
2023-08-01,SKU00659,77
2023-08-01,SKU00660,21
2023-08-01,SKU00662,68
2023-08-01,SKU00667,31
2023-08-01,SKU00668,166
2023-08-01,SKU00672,45
2023-08-01,SKU00673,320
2023-08-01,SKU00675,53
2023-08-01,SKU00678,93
2023-08-01,SKU00679,387
2023-08-01,SKU00680,83
2023-08-01,SKU00686,6
2023-08-01,SKU00688,86
2023-08-01,SKU00690,18
2023-08-01,SKU00692,17
2023-08-01,SKU00696,101
2023-08-01,SKU00697,129
2023-08-01,SKU00698,24
2023-08-01,SKU00699,30
2023-08-01,SKU00701,39
2023-08-01,SKU00703,12
2023-08-01,SKU00704,12
2023-08-01,SKU00708,41
2023-08-01,SKU00709,20
2023-08-01,SKU00711,41
2023-08-01,SKU00713,13
2023-08-01,SKU00715,40
2023-08-01,SKU00717,162
2023-08-01,SKU00718,29
2023-08-01,SKU00720,177
2023-08-01,SKU00721,104
2023-08-01,SKU00722,116
2023-08-01,SKU00724,10
2023-08-01,SKU00725,116
2023-08-01,SKU00726,211
2023-08-01,SKU00729,133
2023-08-01,SKU00730,71
2023-08-01,SKU00731,58
2023-08-01,SKU00732,153
2023-08-01,SKU00734,54
2023-08-01,SKU00735,411
2023-08-01,SKU00737,208
2023-08-01,SKU00738,3
2023-08-01,SKU00739,422
2023-08-01,SKU00740,19
2023-08-01,SKU00741,93
2023-08-01,SKU00743,97
2023-08-01,SKU00747,23
2023-08-01,SKU00748,78
2023-08-01,SKU00749,17
2023-08-01,SKU00750,128
2023-08-01,SKU00751,96
2023-08-01,SKU00757,25
2023-08-01,SKU00758,13
2023-08-01,SKU00759,122
2023-08-01,SKU00764,9
2023-08-01,SKU00767,43
2023-08-01,SKU00769,40
2023-08-01,SKU00773,172
2023-08-01,SKU00776,42
2023-08-01,SKU00777,54
2023-08-01,SKU00778,112
2023-08-01,SKU00781,76
2023-08-01,SKU00783,75
2023-08-01,SKU00785,94
2023-08-01,SKU00789,36
2023-08-01,SKU00794,124
2023-08-01,SKU00796,1
2023-08-01,SKU00798,8
2023-09-01,SKU00001,49
2023-09-01,SKU00006,71
2023-09-01,SKU00010,28
2023-09-01,SKU00013,212
2023-09-01,SKU00019,71
2023-09-01,SKU00021,17
2023-09-01,SKU00022,29
2023-09-01,SKU00027,60
2023-09-01,SKU00031,120
2023-09-01,SKU00032,272
2023-09-01,SKU00033,23
2023-09-01,SKU00034,20
2023-09-01,SKU00036,58
2023-09-01,SKU00039,11
2023-09-01,SKU00040,130
2023-09-01,SKU00042,63
2023-09-01,SKU00047,16
2023-09-01,SKU00048,52
2023-09-01,SKU00049,180
2023-09-01,SKU00051,2
2023-09-01,SKU00052,4
2023-09-01,SKU00053,0
2023-09-01,SKU00054,62
2023-09-01,SKU00056,25
2023-09-01,SKU00057,21
2023-09-01,SKU00059,29
2023-09-01,SKU00061,77
2023-09-01,SKU00062,36
2023-09-01,SKU00063,47
2023-09-01,SKU00065,123
2023-09-01,SKU00067,71
2023-09-01,SKU00068,84
2023-09-01,SKU00070,46
2023-09-01,SKU00071,35
2023-09-01,SKU00072,122
2023-09-01,SKU00074,230
2023-09-01,SKU00075,9
2023-09-01,SKU00076,177
2023-09-01,SKU00077,144
2023-09-01,SKU00080,48
2023-09-01,SKU00093,78
2023-09-01,SKU00096,25
2023-09-01,SKU00098,8
2023-09-01,SKU00100,67
2023-09-01,SKU00101,46
2023-09-01,SKU00103,0
2023-09-01,SKU00107,2
2023-09-01,SKU00109,37
2023-09-01,SKU00110,178
2023-09-01,SKU00111,137
2023-09-01,SKU00112,379
2023-09-01,SKU00114,19
2023-09-01,SKU00115,21
2023-09-01,SKU00120,99
2023-09-01,SKU00121,101
2023-09-01,SKU00122,37
2023-09-01,SKU00125,44
2023-09-01,SKU00127,119
2023-09-01,SKU00135,121
2023-09-01,SKU00138,43
2023-09-01,SKU00143,133
2023-09-01,SKU00146,40
2023-09-01,SKU00150,33
2023-09-01,SKU00153,61
2023-09-01,SKU00155,27
2023-09-01,SKU00157,65
2023-09-01,SKU00159,45
2023-09-01,SKU00164,57
2023-09-01,SKU00165,57
2023-09-01,SKU00166,22
2023-09-01,SKU00168,12
2023-09-01,SKU00169,22
2023-09-01,SKU00174,8
2023-09-01,SKU00175,53
2023-09-01,SKU00179,115
2023-09-01,SKU00181,192
2023-09-01,SKU00182,51
2023-09-01,SKU00187,3
2023-09-01,SKU00188,19
2023-09-01,SKU00189,57
2023-09-01,SKU00190,216
2023-09-01,SKU00191,75
2023-09-01,SKU00193,18
2023-09-01,SKU00196,171
2023-09-01,SKU00201,40
2023-09-01,SKU00203,31
2023-09-01,SKU00204,422
2023-09-01,SKU00207,8
2023-09-01,SKU00208,9
2023-09-01,SKU00209,149
2023-09-01,SKU00211,76
2023-09-01,SKU00215,17
2023-09-01,SKU00216,58
2023-09-01,SKU00217,27
2023-09-01,SKU00218,116
2023-09-01,SKU00220,76
2023-09-01,SKU00221,53
2023-09-01,SKU00225,20
2023-09-01,SKU00228,176
2023-09-01,SKU00231,11
2023-09-01,SKU00232,20
2023-09-01,SKU00235,61
2023-09-01,SKU00239,117
2023-09-01,SKU00240,14
2023-09-01,SKU00244,48
2023-09-01,SKU00248,6
2023-09-01,SKU00251,102
2023-09-01,SKU00252,30
2023-09-01,SKU00253,7
2023-09-01,SKU00256,73
2023-09-01,SKU00259,300
2023-09-01,SKU00260,31
2023-09-01,SKU00272,3
2023-09-01,SKU00277,75
2023-09-01,SKU00278,80
2023-09-01,SKU00281,201
2023-09-01,SKU00289,19
2023-09-01,SKU00291,94
2023-09-01,SKU00296,162
2023-09-01,SKU00298,77
2023-09-01,SKU00301,23
2023-09-01,SKU00302,105
2023-09-01,SKU00303,133
2023-09-01,SKU00306,90
2023-09-01,SKU00307,40
2023-09-01,SKU00309,17
2023-09-01,SKU00311,74
2023-09-01,SKU00312,13
2023-09-01,SKU00313,152
2023-09-01,SKU00315,12
2023-09-01,SKU00317,38
2023-09-01,SKU00320,217
2023-09-01,SKU00321,41
2023-09-01,SKU00323,18
2023-09-01,SKU00324,52
2023-09-01,SKU00325,56
2023-09-01,SKU00327,125
2023-09-01,SKU00333,158
2023-09-01,SKU00337,74
2023-09-01,SKU00338,27
2023-09-01,SKU00340,403
2023-09-01,SKU00343,23
2023-09-01,SKU00348,21
2023-09-01,SKU00349,230
2023-09-01,SKU00350,14
2023-09-01,SKU00351,82
2023-09-01,SKU00354,151
2023-09-01,SKU00359,24
2023-09-01,SKU00361,31
2023-09-01,SKU00364,25
2023-09-01,SKU00365,16
2023-09-01,SKU00366,24
2023-09-01,SKU00372,27
2023-09-01,SKU00374,36
2023-09-01,SKU00375,206
2023-09-01,SKU00377,36
2023-09-01,SKU00378,17
2023-09-01,SKU00380,23
2023-09-01,SKU00381,44
2023-09-01,SKU00383,393
2023-09-01,SKU00384,17
2023-09-01,SKU00390,3
2023-09-01,SKU00394,16
2023-09-01,SKU00404,23
2023-09-01,SKU00405,79
2023-09-01,SKU00406,35
2023-09-01,SKU00407,97
2023-09-01,SKU00408,40
2023-09-01,SKU00410,31
2023-09-01,SKU00416,19
2023-09-01,SKU00421,96
2023-09-01,SKU00423,43
2023-09-01,SKU00424,34
2023-09-01,SKU00425,21
2023-09-01,SKU00426,37
2023-09-01,SKU00427,51
2023-09-01,SKU00428,23
2023-09-01,SKU00439,18
2023-09-01,SKU00441,20
2023-09-01,SKU00442,28
2023-09-01,SKU00444,58
2023-09-01,SKU00448,71
2023-09-01,SKU00449,33
2023-09-01,SKU00452,8
2023-09-01,SKU00453,97
2023-09-01,SKU00454,28
2023-09-01,SKU00455,114
2023-09-01,SKU00457,86
2023-09-01,SKU00460,222
2023-09-01,SKU00463,170
2023-09-01,SKU00464,105
2023-09-01,SKU00467,178
2023-09-01,SKU00469,7
2023-09-01,SKU00473,96
2023-09-01,SKU00475,12
2023-09-01,SKU00476,41
2023-09-01,SKU00477,40
2023-09-01,SKU00479,18
2023-09-01,SKU00481,36
2023-09-01,SKU00488,59
2023-09-01,SKU00492,106
2023-09-01,SKU00493,44
2023-09-01,SKU00497,73
2023-09-01,SKU00500,68
2023-09-01,SKU00501,12
2023-09-01,SKU00502,11
2023-09-01,SKU00503,22
2023-09-01,SKU00506,68
2023-09-01,SKU00510,68
2023-09-01,SKU00512,79
2023-09-01,SKU00513,21
2023-09-01,SKU00515,31
2023-09-01,SKU00516,12
2023-09-01,SKU00519,11
2023-09-01,SKU00520,19
2023-09-01,SKU00522,18
2023-09-01,SKU00524,34
2023-09-01,SKU00528,49
2023-09-01,SKU00529,289
2023-09-01,SKU00530,302
2023-09-01,SKU00535,29
2023-09-01,SKU00537,256
2023-09-01,SKU00538,18
2023-09-01,SKU00540,53
2023-09-01,SKU00541,143
2023-09-01,SKU00544,85
2023-09-01,SKU00545,0
2023-09-01,SKU00546,162
2023-09-01,SKU00548,51
2023-09-01,SKU00549,21
2023-09-01,SKU00556,82
2023-09-01,SKU00557,19
2023-09-01,SKU00560,115
2023-09-01,SKU00561,48
2023-09-01,SKU00562,60
2023-09-01,SKU00563,141
2023-09-01,SKU00564,50
2023-09-01,SKU00565,49
2023-09-01,SKU00566,147
2023-09-01,SKU00572,17
2023-09-01,SKU00583,52
2023-09-01,SKU00584,8
2023-09-01,SKU00587,158
2023-09-01,SKU00589,68
2023-09-01,SKU00590,117
2023-09-01,SKU00593,12
2023-09-01,SKU00594,46
2023-09-01,SKU00600,51
2023-09-01,SKU00611,48
2023-09-01,SKU00612,34
2023-09-01,SKU00613,16
2023-09-01,SKU00616,55
2023-09-01,SKU00617,6
2023-09-01,SKU00618,109
2023-09-01,SKU00619,71
2023-09-01,SKU00621,12
2023-09-01,SKU00622,6
2023-09-01,SKU00623,28
2023-09-01,SKU00626,35
2023-09-01,SKU00627,76
2023-09-01,SKU00628,134
2023-09-01,SKU00631,6
2023-09-01,SKU00632,17
2023-09-01,SKU00633,276
2023-09-01,SKU00634,46
2023-09-01,SKU00635,5
2023-09-01,SKU00637,0
2023-09-01,SKU00638,0
2023-09-01,SKU00639,23
2023-09-01,SKU00641,51
2023-09-01,SKU00644,19
2023-09-01,SKU00647,10
2023-09-01,SKU00650,123
2023-09-01,SKU00651,166
2023-09-01,SKU00654,51
2023-09-01,SKU00657,73
2023-09-01,SKU00659,59
2023-09-01,SKU00660,23
2023-09-01,SKU00661,250
2023-09-01,SKU00662,72
2023-09-01,SKU00667,15
2023-09-01,SKU00668,259
2023-09-01,SKU00672,108
2023-09-01,SKU00673,321
2023-09-01,SKU00675,38
2023-09-01,SKU00678,184
2023-09-01,SKU00679,342
2023-09-01,SKU00680,55
2023-09-01,SKU00682,7
2023-09-01,SKU00686,13
2023-09-01,SKU00688,183
2023-09-01,SKU00690,5
2023-09-01,SKU00692,23
2023-09-01,SKU00696,136
2023-09-01,SKU00697,70
2023-09-01,SKU00698,6
2023-09-01,SKU00699,39
2023-09-01,SKU00701,36
2023-09-01,SKU00703,33
2023-09-01,SKU00704,17
2023-09-01,SKU00705,95
2023-09-01,SKU00708,62
2023-09-01,SKU00709,38
2023-09-01,SKU00711,34
2023-09-01,SKU00713,11
2023-09-01,SKU00715,29
2023-09-01,SKU00717,121
2023-09-01,SKU00718,48
2023-09-01,SKU00720,354
2023-09-01,SKU00721,93
2023-09-01,SKU00722,122
2023-09-01,SKU00724,16
2023-09-01,SKU00725,118
2023-09-01,SKU00726,140
2023-09-01,SKU00729,128
2023-09-01,SKU00730,57
2023-09-01,SKU00731,57
2023-09-01,SKU00732,204
2023-09-01,SKU00734,42
2023-09-01,SKU00735,367
2023-09-01,SKU00737,121
2023-09-01,SKU00738,14
2023-09-01,SKU00739,435
2023-09-01,SKU00740,43
2023-09-01,SKU00743,64
2023-09-01,SKU00747,13
2023-09-01,SKU00748,78
2023-09-01,SKU00749,23
2023-09-01,SKU00750,63
2023-09-01,SKU00751,85
2023-09-01,SKU00757,12
2023-09-01,SKU00758,3
2023-09-01,SKU00759,75
2023-09-01,SKU00764,0
2023-09-01,SKU00767,41
2023-09-01,SKU00769,57
2023-09-01,SKU00773,169
2023-09-01,SKU00776,48
2023-09-01,SKU00777,32
2023-09-01,SKU00778,114
2023-09-01,SKU00781,40
2023-09-01,SKU00783,62
2023-09-01,SKU00784,51
2023-09-01,SKU00785,102
2023-09-01,SKU00789,34
2023-09-01,SKU00794,65
2023-09-01,SKU00796,13
2023-09-01,SKU00798,20
2023-10-01,SKU00001,80
2023-10-01,SKU00006,98
2023-10-01,SKU00010,36
2023-10-01,SKU00013,122
2023-10-01,SKU00019,46
2023-10-01,SKU00021,9
2023-10-01,SKU00022,29
2023-10-01,SKU00025,117
2023-10-01,SKU00027,56
2023-10-01,SKU00031,74
2023-10-01,SKU00032,363
2023-10-01,SKU00033,22
2023-10-01,SKU00034,30
2023-10-01,SKU00036,77
2023-10-01,SKU00039,12
2023-10-01,SKU00040,151
2023-10-01,SKU00042,23
2023-10-01,SKU00047,29
2023-10-01,SKU00048,19
2023-10-01,SKU00049,83
2023-10-01,SKU00051,16
2023-10-01,SKU00052,6
2023-10-01,SKU00053,15
2023-10-01,SKU00054,46
2023-10-01,SKU00056,46
2023-10-01,SKU00057,8
2023-10-01,SKU00059,7
2023-10-01,SKU00061,91
2023-10-01,SKU00062,41
2023-10-01,SKU00063,98
2023-10-01,SKU00065,94
2023-10-01,SKU00067,39
2023-10-01,SKU00068,122
2023-10-01,SKU00070,37
2023-10-01,SKU00071,38
2023-10-01,SKU00072,58
2023-10-01,SKU00074,142
2023-10-01,SKU00075,2
2023-10-01,SKU00076,149
2023-10-01,SKU00077,95
2023-10-01,SKU00080,45
2023-10-01,SKU00082,10
2023-10-01,SKU00093,97
2023-10-01,SKU00096,18
2023-10-01,SKU00098,18
2023-10-01,SKU00100,72
2023-10-01,SKU00101,81
2023-10-01,SKU00103,5
2023-10-01,SKU00107,29
2023-10-01,SKU00109,38
2023-10-01,SKU00110,105
2023-10-01,SKU00112,460
2023-10-01,SKU00114,12
2023-10-01,SKU00115,36
2023-10-01,SKU00120,82
2023-10-01,SKU00121,96
2023-10-01,SKU00122,42
2023-10-01,SKU00125,10
2023-10-01,SKU00126,82
2023-10-01,SKU00127,106
2023-10-01,SKU00135,74
2023-10-01,SKU00138,43
2023-10-01,SKU00143,109
2023-10-01,SKU00146,92
2023-10-01,SKU00150,20
2023-10-01,SKU00153,47
2023-10-01,SKU00155,22
2023-10-01,SKU00157,68
2023-10-01,SKU00158,39
2023-10-01,SKU00159,72
2023-10-01,SKU00161,19
2023-10-01,SKU00164,37
2023-10-01,SKU00165,40
2023-10-01,SKU00166,28
2023-10-01,SKU00168,20
2023-10-01,SKU00169,27
2023-10-01,SKU00174,0
2023-10-01,SKU00175,14
2023-10-01,SKU00179,81
2023-10-01,SKU00181,140
2023-10-01,SKU00182,61
2023-10-01,SKU00183,11
2023-10-01,SKU00187,7
2023-10-01,SKU00188,37
2023-10-01,SKU00189,46
2023-10-01,SKU00190,223
2023-10-01,SKU00191,98
2023-10-01,SKU00192,34
2023-10-01,SKU00193,12
2023-10-01,SKU00196,143
2023-10-01,SKU00201,54
2023-10-01,SKU00203,43
2023-10-01,SKU00204,268
2023-10-01,SKU00207,15
2023-10-01,SKU00208,5
2023-10-01,SKU00209,98
2023-10-01,SKU00211,21
2023-10-01,SKU00215,6
2023-10-01,SKU00216,61
2023-10-01,SKU00217,6
2023-10-01,SKU00218,118
2023-10-01,SKU00220,47
2023-10-01,SKU00221,35
2023-10-01,SKU00225,29
2023-10-01,SKU00228,168
2023-10-01,SKU00231,11
2023-10-01,SKU00232,16
2023-10-01,SKU00235,30
2023-10-01,SKU00239,98
2023-10-01,SKU00240,22
2023-10-01,SKU00244,22
2023-10-01,SKU00248,21
2023-10-01,SKU00251,83
2023-10-01,SKU00252,25
2023-10-01,SKU00253,14
2023-10-01,SKU00255,34
2023-10-01,SKU00256,73
2023-10-01,SKU00259,279
2023-10-01,SKU00260,40
2023-10-01,SKU00268,158
2023-10-01,SKU00272,26
2023-10-01,SKU00277,38
2023-10-01,SKU00278,54
2023-10-01,SKU00281,295
2023-10-01,SKU00289,17
2023-10-01,SKU00291,71
2023-10-01,SKU00294,16
2023-10-01,SKU00296,180
2023-10-01,SKU00298,77
2023-10-01,SKU00301,52
2023-10-01,SKU00302,115
2023-10-01,SKU00303,48
2023-10-01,SKU00306,52
2023-10-01,SKU00307,86
2023-10-01,SKU00309,16
2023-10-01,SKU00311,129
2023-10-01,SKU00312,4
2023-10-01,SKU00313,224
2023-10-01,SKU00315,33
2023-10-01,SKU00317,76
2023-10-01,SKU00320,132
2023-10-01,SKU00321,15
2023-10-01,SKU00323,17
2023-10-01,SKU00324,57
2023-10-01,SKU00325,47
2023-10-01,SKU00327,114
2023-10-01,SKU00333,87
2023-10-01,SKU00337,166
2023-10-01,SKU00338,51
2023-10-01,SKU00340,335
2023-10-01,SKU00343,30
2023-10-01,SKU00348,36
2023-10-01,SKU00349,234
2023-10-01,SKU00350,39
2023-10-01,SKU00351,97
2023-10-01,SKU00354,213
2023-10-01,SKU00359,15
2023-10-01,SKU00361,24
2023-10-01,SKU00364,37
2023-10-01,SKU00365,28
2023-10-01,SKU00366,9
2023-10-01,SKU00372,51
2023-10-01,SKU00374,33
2023-10-01,SKU00375,237
2023-10-01,SKU00377,35
2023-10-01,SKU00378,20
2023-10-01,SKU00380,26
2023-10-01,SKU00381,62
2023-10-01,SKU00383,260
2023-10-01,SKU00384,15
2023-10-01,SKU00390,4
2023-10-01,SKU00394,6
2023-10-01,SKU00404,65
2023-10-01,SKU00405,133
2023-10-01,SKU00406,63
2023-10-01,SKU00407,114
2023-10-01,SKU00408,42
2023-10-01,SKU00410,82
2023-10-01,SKU00416,11
2023-10-01,SKU00421,121
2023-10-01,SKU00423,42
2023-10-01,SKU00424,26
2023-10-01,SKU00425,25
2023-10-01,SKU00426,48
2023-10-01,SKU00427,24
2023-10-01,SKU00428,23
2023-10-01,SKU00439,5
2023-10-01,SKU00441,35
2023-10-01,SKU00442,49
2023-10-01,SKU00444,69
2023-10-01,SKU00448,56
2023-10-01,SKU00449,9
2023-10-01,SKU00452,19
2023-10-01,SKU00453,115
2023-10-01,SKU00454,60
2023-10-01,SKU00455,138
2023-10-01,SKU00457,138
2023-10-01,SKU00460,162
2023-10-01,SKU00463,156
2023-10-01,SKU00464,141
2023-10-01,SKU00465,34
2023-10-01,SKU00467,108
2023-10-01,SKU00469,8
2023-10-01,SKU00473,134
2023-10-01,SKU00475,40
2023-10-01,SKU00476,30
2023-10-01,SKU00477,52
2023-10-01,SKU00479,20
2023-10-01,SKU00481,28
2023-10-01,SKU00488,51
2023-10-01,SKU00492,87
2023-10-01,SKU00493,21
2023-10-01,SKU00497,46
2023-10-01,SKU00500,68
2023-10-01,SKU00501,12
2023-10-01,SKU00502,8
2023-10-01,SKU00503,24
2023-10-01,SKU00506,42
2023-10-01,SKU00510,75
2023-10-01,SKU00511,13
2023-10-01,SKU00512,49
2023-10-01,SKU00513,38
2023-10-01,SKU00515,19
2023-10-01,SKU00516,29
2023-10-01,SKU00519,17
2023-10-01,SKU00520,28
2023-10-01,SKU00522,31
2023-10-01,SKU00524,26
2023-10-01,SKU00528,68
2023-10-01,SKU00529,325
2023-10-01,SKU00530,432
2023-10-01,SKU00534,187
2023-10-01,SKU00535,59
2023-10-01,SKU00537,149
2023-10-01,SKU00538,29
2023-10-01,SKU00540,53
2023-10-01,SKU00541,94
2023-10-01,SKU00544,60
2023-10-01,SKU00545,6
2023-10-01,SKU00546,266
2023-10-01,SKU00548,64
2023-10-01,SKU00549,0
2023-10-01,SKU00556,63
2023-10-01,SKU00557,46
2023-10-01,SKU00560,105
2023-10-01,SKU00561,40
2023-10-01,SKU00562,48
2023-10-01,SKU00563,179
2023-10-01,SKU00564,42
2023-10-01,SKU00565,46
2023-10-01,SKU00566,221
2023-10-01,SKU00572,27
2023-10-01,SKU00583,43
2023-10-01,SKU00584,37
2023-10-01,SKU00587,143
2023-10-01,SKU00589,99
2023-10-01,SKU00590,116
2023-10-01,SKU00593,27
2023-10-01,SKU00594,19
2023-10-01,SKU00596,35
2023-10-01,SKU00600,28
2023-10-01,SKU00611,49
2023-10-01,SKU00612,28
2023-10-01,SKU00613,25
2023-10-01,SKU00616,48
2023-10-01,SKU00617,16
2023-10-01,SKU00618,93
2023-10-01,SKU00619,47
2023-10-01,SKU00621,0
2023-10-01,SKU00622,17
2023-10-01,SKU00623,22
2023-10-01,SKU00626,34
2023-10-01,SKU00627,40
2023-10-01,SKU00628,159
2023-10-01,SKU00631,2
2023-10-01,SKU00632,17
2023-10-01,SKU00633,241
2023-10-01,SKU00634,50
2023-10-01,SKU00635,23
2023-10-01,SKU00637,14
2023-10-01,SKU00638,23
2023-10-01,SKU00639,57
2023-10-01,SKU00641,17
2023-10-01,SKU00644,18
2023-10-01,SKU00647,0
2023-10-01,SKU00649,123
2023-10-01,SKU00650,178
2023-10-01,SKU00651,256
2023-10-01,SKU00654,48
2023-10-01,SKU00657,97
2023-10-01,SKU00659,72
2023-10-01,SKU00660,11
2023-10-01,SKU00661,150
2023-10-01,SKU00662,121
2023-10-01,SKU00667,22
2023-10-01,SKU00668,301
2023-10-01,SKU00672,80
2023-10-01,SKU00673,257
2023-10-01,SKU00675,55
2023-10-01,SKU00678,167
2023-10-01,SKU00679,355
2023-10-01,SKU00680,52
2023-10-01,SKU00681,382
2023-10-01,SKU00682,8
2023-10-01,SKU00686,16
2023-10-01,SKU00688,151
2023-10-01,SKU00690,13
2023-10-01,SKU00692,22
2023-10-01,SKU00696,102
2023-10-01,SKU00697,65
2023-10-01,SKU00698,20
2023-10-01,SKU00699,32
2023-10-01,SKU00701,27
2023-10-01,SKU00703,37
2023-10-01,SKU00704,24
2023-10-01,SKU00705,112
2023-10-01,SKU00708,39
2023-10-01,SKU00709,16
2023-10-01,SKU00711,71
2023-10-01,SKU00713,12
2023-10-01,SKU00715,40
2023-10-01,SKU00717,94
2023-10-01,SKU00718,76
2023-10-01,SKU00720,300
2023-10-01,SKU00721,108
2023-10-01,SKU00722,36
2023-10-01,SKU00724,15
2023-10-01,SKU00725,94
2023-10-01,SKU00726,118
2023-10-01,SKU00729,133
2023-10-01,SKU00730,76
2023-10-01,SKU00731,102
2023-10-01,SKU00732,172
2023-10-01,SKU00734,52
2023-10-01,SKU00735,369
2023-10-01,SKU00737,264
2023-10-01,SKU00738,7
2023-10-01,SKU00739,452
2023-10-01,SKU00740,40
2023-10-01,SKU00743,47
2023-10-01,SKU00747,24
2023-10-01,SKU00748,93
2023-10-01,SKU00749,20
2023-10-01,SKU00750,104
2023-10-01,SKU00751,172
2023-10-01,SKU00757,11
2023-10-01,SKU00758,6
2023-10-01,SKU00759,90
2023-10-01,SKU00764,21
2023-10-01,SKU00767,34
2023-10-01,SKU00768,21
2023-10-01,SKU00769,74
2023-10-01,SKU00773,143
2023-10-01,SKU00776,49
2023-10-01,SKU00777,36
2023-10-01,SKU00778,97
2023-10-01,SKU00781,38
2023-10-01,SKU00783,54
2023-10-01,SKU00784,72
2023-10-01,SKU00785,196
2023-10-01,SKU00789,21
2023-10-01,SKU00794,90
2023-10-01,SKU00796,9
2023-10-01,SKU00798,24
2023-11-01,SKU00001,80
2023-11-01,SKU00004,171
2023-11-01,SKU00006,42
2023-11-01,SKU00007,23
2023-11-01,SKU00010,42
2023-11-01,SKU00013,144
2023-11-01,SKU00019,42
2023-11-01,SKU00021,13
2023-11-01,SKU00022,32
2023-11-01,SKU00025,56
2023-11-01,SKU00027,40
2023-11-01,SKU00032,255
2023-11-01,SKU00033,45
2023-11-01,SKU00034,17
2023-11-01,SKU00036,29
2023-11-01,SKU00039,9
2023-11-01,SKU00040,140
2023-11-01,SKU00042,65
2023-11-01,SKU00047,5
2023-11-01,SKU00048,30
2023-11-01,SKU00049,130
2023-11-01,SKU00051,6
2023-11-01,SKU00052,7
2023-11-01,SKU00053,21
2023-11-01,SKU00054,52
2023-11-01,SKU00056,39
2023-11-01,SKU00057,10
2023-11-01,SKU00059,28
2023-11-01,SKU00061,87
2023-11-01,SKU00062,93
2023-11-01,SKU00063,103
2023-11-01,SKU00065,130
2023-11-01,SKU00067,27
2023-11-01,SKU00068,107
2023-11-01,SKU00070,45
2023-11-01,SKU00071,44
2023-11-01,SKU00072,116
2023-11-01,SKU00074,143
2023-11-01,SKU00075,16
2023-11-01,SKU00076,215
2023-11-01,SKU00077,110
2023-11-01,SKU00080,54
2023-11-01,SKU00082,0
2023-11-01,SKU00093,47
2023-11-01,SKU00096,10
2023-11-01,SKU00098,38
2023-11-01,SKU00100,68
2023-11-01,SKU00101,60
2023-11-01,SKU00103,16
2023-11-01,SKU00107,5
2023-11-01,SKU00109,37
2023-11-01,SKU00110,105
2023-11-01,SKU00112,374
2023-11-01,SKU00114,18
2023-11-01,SKU00115,22
2023-11-01,SKU00120,124
2023-11-01,SKU00121,92
2023-11-01,SKU00122,24
2023-11-01,SKU00125,40
2023-11-01,SKU00126,109
2023-11-01,SKU00127,185
2023-11-01,SKU00135,133
2023-11-01,SKU00138,42
2023-11-01,SKU00143,182
2023-11-01,SKU00146,51
2023-11-01,SKU00150,25
2023-11-01,SKU00153,120
2023-11-01,SKU00155,26
2023-11-01,SKU00157,38
2023-11-01,SKU00158,41
2023-11-01,SKU00159,81
2023-11-01,SKU00161,15
2023-11-01,SKU00164,41
2023-11-01,SKU00165,23
2023-11-01,SKU00166,26
2023-11-01,SKU00168,34
2023-11-01,SKU00169,18
2023-11-01,SKU00174,10
2023-11-01,SKU00175,20
2023-11-01,SKU00179,84
2023-11-01,SKU00181,147
2023-11-01,SKU00182,32
2023-11-01,SKU00183,0
2023-11-01,SKU00187,12
2023-11-01,SKU00188,18
2023-11-01,SKU00189,52
2023-11-01,SKU00190,192
2023-11-01,SKU00191,110
2023-11-01,SKU00192,8
2023-11-01,SKU00193,18
2023-11-01,SKU00196,153
2023-11-01,SKU00201,58
2023-11-01,SKU00203,25
2023-11-01,SKU00204,332
2023-11-01,SKU00207,20
2023-11-01,SKU00208,4
2023-11-01,SKU00209,144
2023-11-01,SKU00211,34
2023-11-01,SKU00215,5
2023-11-01,SKU00216,58
2023-11-01,SKU00217,12
2023-11-01,SKU00218,140
2023-11-01,SKU00220,73
2023-11-01,SKU00221,57
2023-11-01,SKU00222,11
2023-11-01,SKU00225,17
2023-11-01,SKU00228,171
2023-11-01,SKU00231,10
2023-11-01,SKU00232,13
2023-11-01,SKU00235,61
2023-11-01,SKU00239,72
2023-11-01,SKU00240,22
2023-11-01,SKU00244,53
2023-11-01,SKU00248,22
2023-11-01,SKU00251,104
2023-11-01,SKU00252,62
2023-11-01,SKU00253,12
2023-11-01,SKU00255,41
2023-11-01,SKU00256,41
2023-11-01,SKU00259,302
2023-11-01,SKU00260,58
2023-11-01,SKU00263,19
2023-11-01,SKU00268,292
2023-11-01,SKU00272,0
2023-11-01,SKU00275,70
2023-11-01,SKU00277,69
2023-11-01,SKU00278,87
2023-11-01,SKU00281,324
2023-11-01,SKU00284,47
2023-11-01,SKU00287,50
2023-11-01,SKU00289,24
2023-11-01,SKU00291,151
2023-11-01,SKU00294,13
2023-11-01,SKU00296,170
2023-11-01,SKU00298,91
2023-11-01,SKU00301,25
2023-11-01,SKU00302,100
2023-11-01,SKU00303,51
2023-11-01,SKU00306,72
2023-11-01,SKU00307,71
2023-11-01,SKU00309,0
2023-11-01,SKU00311,74
2023-11-01,SKU00312,7
2023-11-01,SKU00313,305
2023-11-01,SKU00315,21
2023-11-01,SKU00317,58
2023-11-01,SKU00319,15
2023-11-01,SKU00320,236
2023-11-01,SKU00321,12
2023-11-01,SKU00323,20
2023-11-01,SKU00324,40
2023-11-01,SKU00325,37
2023-11-01,SKU00327,119
2023-11-01,SKU00333,130
2023-11-01,SKU00337,100
2023-11-01,SKU00338,41
2023-11-01,SKU00340,495
2023-11-01,SKU00343,41
2023-11-01,SKU00348,21
2023-11-01,SKU00349,156
2023-11-01,SKU00350,54
2023-11-01,SKU00351,134
2023-11-01,SKU00354,258
2023-11-01,SKU00355,12
2023-11-01,SKU00357,15
2023-11-01,SKU00359,0
2023-11-01,SKU00361,54
2023-11-01,SKU00364,14
2023-11-01,SKU00365,30
2023-11-01,SKU00366,20
2023-11-01,SKU00372,84
2023-11-01,SKU00374,48
2023-11-01,SKU00375,188
2023-11-01,SKU00376,129
2023-11-01,SKU00377,58
2023-11-01,SKU00378,32
2023-11-01,SKU00380,14
2023-11-01,SKU00381,60
2023-11-01,SKU00383,498
2023-11-01,SKU00384,24
2023-11-01,SKU00390,0
2023-11-01,SKU00391,14
2023-11-01,SKU00394,7
2023-11-01,SKU00404,33
2023-11-01,SKU00405,172
2023-11-01,SKU00406,51
2023-11-01,SKU00407,129
2023-11-01,SKU00408,62
2023-11-01,SKU00410,88
2023-11-01,SKU00416,5
2023-11-01,SKU00421,101
2023-11-01,SKU00423,77
2023-11-01,SKU00424,40
2023-11-01,SKU00425,7
2023-11-01,SKU00426,63
2023-11-01,SKU00427,39
2023-11-01,SKU00428,23
2023-11-01,SKU00431,119
2023-11-01,SKU00439,1
2023-11-01,SKU00441,14
2023-11-01,SKU00442,61
2023-11-01,SKU00444,74
2023-11-01,SKU00448,57
2023-11-01,SKU00449,23
2023-11-01,SKU00452,23
2023-11-01,SKU00453,129
2023-11-01,SKU00454,102
2023-11-01,SKU00455,131
2023-11-01,SKU00457,152
2023-11-01,SKU00460,126
2023-11-01,SKU00463,141
2023-11-01,SKU00464,168
2023-11-01,SKU00465,32
2023-11-01,SKU00467,158
2023-11-01,SKU00469,17
2023-11-01,SKU00473,130
2023-11-01,SKU00475,10
2023-11-01,SKU00476,32
2023-11-01,SKU00477,58
2023-11-01,SKU00479,10
2023-11-01,SKU00481,59
2023-11-01,SKU00488,58
2023-11-01,SKU00492,99
2023-11-01,SKU00493,71
2023-11-01,SKU00497,62
2023-11-01,SKU00500,38
2023-11-01,SKU00501,24
2023-11-01,SKU00502,6
2023-11-01,SKU00503,18
2023-11-01,SKU00506,47
2023-11-01,SKU00510,60
2023-11-01,SKU00511,11
2023-11-01,SKU00512,48
2023-11-01,SKU00513,45
2023-11-01,SKU00515,54
2023-11-01,SKU00516,44
2023-11-01,SKU00519,14
2023-11-01,SKU00520,15
2023-11-01,SKU00522,39
2023-11-01,SKU00524,34
2023-11-01,SKU00528,45
2023-11-01,SKU00529,319
2023-11-01,SKU00530,271
2023-11-01,SKU00534,169
2023-11-01,SKU00535,33
2023-11-01,SKU00537,273
2023-11-01,SKU00538,9
2023-11-01,SKU00540,78
2023-11-01,SKU00541,81
2023-11-01,SKU00544,126
2023-11-01,SKU00545,1
2023-11-01,SKU00546,236
2023-11-01,SKU00548,35
2023-11-01,SKU00549,11
2023-11-01,SKU00556,111
2023-11-01,SKU00557,32
2023-11-01,SKU00560,92
2023-11-01,SKU00561,48
2023-11-01,SKU00562,48
2023-11-01,SKU00563,190
2023-11-01,SKU00564,72
2023-11-01,SKU00565,46
2023-11-01,SKU00566,132
2023-11-01,SKU00572,16
2023-11-01,SKU00576,32
2023-11-01,SKU00583,53
2023-11-01,SKU00584,1
2023-11-01,SKU00587,69
2023-11-01,SKU00589,62
2023-11-01,SKU00590,109
2023-11-01,SKU00591,9
2023-11-01,SKU00593,15
2023-11-01,SKU00594,34
2023-11-01,SKU00596,22
2023-11-01,SKU00600,37
2023-11-01,SKU00608,8
2023-11-01,SKU00611,51
2023-11-01,SKU00612,73
2023-11-01,SKU00613,10
2023-11-01,SKU00616,35
2023-11-01,SKU00617,11
2023-11-01,SKU00618,95
2023-11-01,SKU00619,72
2023-11-01,SKU00621,9
2023-11-01,SKU00622,30
2023-11-01,SKU00623,41
2023-11-01,SKU00626,24
2023-11-01,SKU00627,36
2023-11-01,SKU00628,174
2023-11-01,SKU00631,7
2023-11-01,SKU00632,14
2023-11-01,SKU00633,305
2023-11-01,SKU00634,62
2023-11-01,SKU00635,11
2023-11-01,SKU00637,7
2023-11-01,SKU00638,14
2023-11-01,SKU00639,30
2023-11-01,SKU00641,24
2023-11-01,SKU00644,12
2023-11-01,SKU00647,8
2023-11-01,SKU00649,271
2023-11-01,SKU00650,175
2023-11-01,SKU00651,206
2023-11-01,SKU00654,40
2023-11-01,SKU00656,24
2023-11-01,SKU00657,78
2023-11-01,SKU00659,65
2023-11-01,SKU00660,36
2023-11-01,SKU00661,200
2023-11-01,SKU00662,112
2023-11-01,SKU00667,21
2023-11-01,SKU00668,251
2023-11-01,SKU00670,6
2023-11-01,SKU00672,93
2023-11-01,SKU00673,229
2023-11-01,SKU00675,39
2023-11-01,SKU00678,159
2023-11-01,SKU00679,339
2023-11-01,SKU00680,56
2023-11-01,SKU00681,369
2023-11-01,SKU00682,12
2023-11-01,SKU00686,13
2023-11-01,SKU00688,117
2023-11-01,SKU00690,15
2023-11-01,SKU00692,7
2023-11-01,SKU00696,79
2023-11-01,SKU00697,65
2023-11-01,SKU00698,10
2023-11-01,SKU00699,36
2023-11-01,SKU00701,34
2023-11-01,SKU00703,37
2023-11-01,SKU00704,17
2023-11-01,SKU00705,58
2023-11-01,SKU00708,29
2023-11-01,SKU00709,27
2023-11-01,SKU00711,32
2023-11-01,SKU00713,7
2023-11-01,SKU00715,19
2023-11-01,SKU00717,147
2023-11-01,SKU00718,62
2023-11-01,SKU00720,250
2023-11-01,SKU00721,81
2023-11-01,SKU00722,68
2023-11-01,SKU00724,20
2023-11-01,SKU00725,108
2023-11-01,SKU00726,172
2023-11-01,SKU00729,104
2023-11-01,SKU00730,68
2023-11-01,SKU00731,49
2023-11-01,SKU00732,315
2023-11-01,SKU00734,62
2023-11-01,SKU00735,314
2023-11-01,SKU00737,134
2023-11-01,SKU00738,3
2023-11-01,SKU00739,418
2023-11-01,SKU00740,26
2023-11-01,SKU00743,59
2023-11-01,SKU00744,35
2023-11-01,SKU00747,19
2023-11-01,SKU00748,42
2023-11-01,SKU00749,11
2023-11-01,SKU00750,78
2023-11-01,SKU00751,105
2023-11-01,SKU00757,3
2023-11-01,SKU00758,17
2023-11-01,SKU00759,61
2023-11-01,SKU00760,55
2023-11-01,SKU00764,18
2023-11-01,SKU00767,38
2023-11-01,SKU00768,20
2023-11-01,SKU00769,44
2023-11-01,SKU00771,167
2023-11-01,SKU00773,188
2023-11-01,SKU00776,41
2023-11-01,SKU00777,48
2023-11-01,SKU00778,168
2023-11-01,SKU00781,56
2023-11-01,SKU00783,33
2023-11-01,SKU00784,63
2023-11-01,SKU00785,135
2023-11-01,SKU00789,20
2023-11-01,SKU00794,79
2023-11-01,SKU00796,14
2023-11-01,SKU00798,24
2023-12-01,SKU00001,36
2023-12-01,SKU00004,212
2023-12-01,SKU00006,70
2023-12-01,SKU00007,60
2023-12-01,SKU00010,58
2023-12-01,SKU00013,124
2023-12-01,SKU00018,101
2023-12-01,SKU00019,82
2023-12-01,SKU00022,9
2023-12-01,SKU00025,53
2023-12-01,SKU00027,48
2023-12-01,SKU00032,409
2023-12-01,SKU00033,23
2023-12-01,SKU00034,27
2023-12-01,SKU00036,46
2023-12-01,SKU00039,5
2023-12-01,SKU00040,163
2023-12-01,SKU00042,67
2023-12-01,SKU00047,35
2023-12-01,SKU00048,39
2023-12-01,SKU00049,80
2023-12-01,SKU00051,23
2023-12-01,SKU00052,11
2023-12-01,SKU00053,35
2023-12-01,SKU00054,45
2023-12-01,SKU00056,20
2023-12-01,SKU00057,19
2023-12-01,SKU00059,17
2023-12-01,SKU00061,103
2023-12-01,SKU00062,67
2023-12-01,SKU00063,112
2023-12-01,SKU00065,105
2023-12-01,SKU00067,72
2023-12-01,SKU00068,166
2023-12-01,SKU00070,63
2023-12-01,SKU00071,38
2023-12-01,SKU00072,87
2023-12-01,SKU00074,197
2023-12-01,SKU00075,10
2023-12-01,SKU00076,236
2023-12-01,SKU00077,98
2023-12-01,SKU00080,46
2023-12-01,SKU00082,22
2023-12-01,SKU00093,52
2023-12-01,SKU00096,13
2023-12-01,SKU00098,43
2023-12-01,SKU00100,67
2023-12-01,SKU00101,112
2023-12-01,SKU00103,12
2023-12-01,SKU00107,14
2023-12-01,SKU00109,41
2023-12-01,SKU00110,104
2023-12-01,SKU00114,24
2023-12-01,SKU00115,32
2023-12-01,SKU00120,65
2023-12-01,SKU00121,77
2023-12-01,SKU00122,40
2023-12-01,SKU00125,19
2023-12-01,SKU00126,133
2023-12-01,SKU00127,158
2023-12-01,SKU00129,122
2023-12-01,SKU00135,92
2023-12-01,SKU00138,28
2023-12-01,SKU00143,104
2023-12-01,SKU00146,34
2023-12-01,SKU00150,60
2023-12-01,SKU00153,74
2023-12-01,SKU00155,22
2023-12-01,SKU00157,66
2023-12-01,SKU00158,34
2023-12-01,SKU00159,35
2023-12-01,SKU00161,22
2023-12-01,SKU00164,69
2023-12-01,SKU00165,36
2023-12-01,SKU00166,17
2023-12-01,SKU00168,24
2023-12-01,SKU00169,26
2023-12-01,SKU00174,19
2023-12-01,SKU00175,10
2023-12-01,SKU00179,111
2023-12-01,SKU00181,194
2023-12-01,SKU00182,44
2023-12-01,SKU00183,2
2023-12-01,SKU00187,13
2023-12-01,SKU00188,19
2023-12-01,SKU00189,46
2023-12-01,SKU00190,276
2023-12-01,SKU00191,132
2023-12-01,SKU00192,14
2023-12-01,SKU00193,10
2023-12-01,SKU00196,276
2023-12-01,SKU00201,39
2023-12-01,SKU00203,23
2023-12-01,SKU00204,424
2023-12-01,SKU00207,13
2023-12-01,SKU00208,18
2023-12-01,SKU00209,78
2023-12-01,SKU00211,30
2023-12-01,SKU00215,26
2023-12-01,SKU00216,41
2023-12-01,SKU00217,23
2023-12-01,SKU00218,77
2023-12-01,SKU00220,58
2023-12-01,SKU00221,67
2023-12-01,SKU00222,8
2023-12-01,SKU00225,21
2023-12-01,SKU00228,82
2023-12-01,SKU00231,2
2023-12-01,SKU00232,0
2023-12-01,SKU00235,42
2023-12-01,SKU00239,151
2023-12-01,SKU00240,25
2023-12-01,SKU00244,26
2023-12-01,SKU00246,4
2023-12-01,SKU00248,16
2023-12-01,SKU00251,103
2023-12-01,SKU00252,34
2023-12-01,SKU00253,16
2023-12-01,SKU00255,70
2023-12-01,SKU00256,53
2023-12-01,SKU00259,281
2023-12-01,SKU00260,50
2023-12-01,SKU00263,17
2023-12-01,SKU00268,252
2023-12-01,SKU00271,88
2023-12-01,SKU00272,6
2023-12-01,SKU00275,156
2023-12-01,SKU00277,47
2023-12-01,SKU00278,71
2023-12-01,SKU00281,280
2023-12-01,SKU00284,40
2023-12-01,SKU00286,49
2023-12-01,SKU00287,25
2023-12-01,SKU00289,20
2023-12-01,SKU00291,109
2023-12-01,SKU00294,17
2023-12-01,SKU00296,107
2023-12-01,SKU00297,25
2023-12-01,SKU00298,106
2023-12-01,SKU00301,34
2023-12-01,SKU00302,73
2023-12-01,SKU00303,105
2023-12-01,SKU00306,64
2023-12-01,SKU00307,32
2023-12-01,SKU00309,10
2023-12-01,SKU00311,103
2023-12-01,SKU00312,15
2023-12-01,SKU00313,228
2023-12-01,SKU00315,17
2023-12-01,SKU00317,66
2023-12-01,SKU00319,0
2023-12-01,SKU00320,241
2023-12-01,SKU00321,36
2023-12-01,SKU00322,80
2023-12-01,SKU00323,22
2023-12-01,SKU00324,53
2023-12-01,SKU00325,31
2023-12-01,SKU00326,56
2023-12-01,SKU00327,48
2023-12-01,SKU00333,133
2023-12-01,SKU00337,120
2023-12-01,SKU00338,13
2023-12-01,SKU00340,351
2023-12-01,SKU00343,35
2023-12-01,SKU00348,33
2023-12-01,SKU00349,125
2023-12-01,SKU00350,16
2023-12-01,SKU00351,102
2023-12-01,SKU00354,316
2023-12-01,SKU00355,6
2023-12-01,SKU00357,49
2023-12-01,SKU00359,22
2023-12-01,SKU00361,11
2023-12-01,SKU00364,24
2023-12-01,SKU00365,22
2023-12-01,SKU00366,16
2023-12-01,SKU00372,59
2023-12-01,SKU00374,26
2023-12-01,SKU00375,251
2023-12-01,SKU00376,220
2023-12-01,SKU00377,44
2023-12-01,SKU00378,27
2023-12-01,SKU00380,24
2023-12-01,SKU00381,51
2023-12-01,SKU00383,440
2023-12-01,SKU00384,19
2023-12-01,SKU00390,7
2023-12-01,SKU00391,3
2023-12-01,SKU00394,21
2023-12-01,SKU00404,52
2023-12-01,SKU00405,153
2023-12-01,SKU00406,62
2023-12-01,SKU00407,105
2023-12-01,SKU00408,47
2023-12-01,SKU00410,102
2023-12-01,SKU00415,74
2023-12-01,SKU00416,0
2023-12-01,SKU00421,90
2023-12-01,SKU00423,50
2023-12-01,SKU00424,36
2023-12-01,SKU00425,29
2023-12-01,SKU00426,73
2023-12-01,SKU00427,41
2023-12-01,SKU00428,15
2023-12-01,SKU00431,142
2023-12-01,SKU00439,10
2023-12-01,SKU00441,21
2023-12-01,SKU00442,76
2023-12-01,SKU00444,87
2023-12-01,SKU00446,64
2023-12-01,SKU00448,58
2023-12-01,SKU00449,30
2023-12-01,SKU00452,16
2023-12-01,SKU00453,115
2023-12-01,SKU00454,85
2023-12-01,SKU00455,180
2023-12-01,SKU00457,140
2023-12-01,SKU00460,212
2023-12-01,SKU00463,133
2023-12-01,SKU00464,107
2023-12-01,SKU00465,46
2023-12-01,SKU00467,136
2023-12-01,SKU00469,2
2023-12-01,SKU00473,128
2023-12-01,SKU00475,16
2023-12-01,SKU00476,50
2023-12-01,SKU00477,49
2023-12-01,SKU00478,35
2023-12-01,SKU00479,27
2023-12-01,SKU00481,85
2023-12-01,SKU00484,0
2023-12-01,SKU00488,79
2023-12-01,SKU00492,105
2023-12-01,SKU00493,37
2023-12-01,SKU00497,76
2023-12-01,SKU00500,84
2023-12-01,SKU00501,19
2023-12-01,SKU00502,15
2023-12-01,SKU00503,7
2023-12-01,SKU00505,28
2023-12-01,SKU00506,61
2023-12-01,SKU00510,112
2023-12-01,SKU00511,22
2023-12-01,SKU00512,46
2023-12-01,SKU00513,42
2023-12-01,SKU00515,26
2023-12-01,SKU00516,48
2023-12-01,SKU00519,6
2023-12-01,SKU00520,10
2023-12-01,SKU00522,30
2023-12-01,SKU00524,40
2023-12-01,SKU00528,64
2023-12-01,SKU00529,387
2023-12-01,SKU00530,585
2023-12-01,SKU00534,173
2023-12-01,SKU00535,40
2023-12-01,SKU00537,206
2023-12-01,SKU00538,9
2023-12-01,SKU00540,84
2023-12-01,SKU00541,109
2023-12-01,SKU00544,70
2023-12-01,SKU00545,3
2023-12-01,SKU00546,221
2023-12-01,SKU00548,107
2023-12-01,SKU00549,0
2023-12-01,SKU00556,66
2023-12-01,SKU00557,12
2023-12-01,SKU00560,75
2023-12-01,SKU00561,45
2023-12-01,SKU00562,100
2023-12-01,SKU00563,232
2023-12-01,SKU00564,54
2023-12-01,SKU00565,56
2023-12-01,SKU00566,126
2023-12-01,SKU00569,115
2023-12-01,SKU00572,20
2023-12-01,SKU00576,42
2023-12-01,SKU00581,43
2023-12-01,SKU00583,81
2023-12-01,SKU00584,2
2023-12-01,SKU00587,78
2023-12-01,SKU00589,43
2023-12-01,SKU00590,146
2023-12-01,SKU00591,16
2023-12-01,SKU00593,18
2023-12-01,SKU00594,32
2023-12-01,SKU00596,29
2023-12-01,SKU00597,70
2023-12-01,SKU00600,49
2023-12-01,SKU00608,10
2023-12-01,SKU00611,33
2023-12-01,SKU00612,51
2023-12-01,SKU00613,24
2023-12-01,SKU00616,37
2023-12-01,SKU00617,26
2023-12-01,SKU00618,51
2023-12-01,SKU00619,69
2023-12-01,SKU00621,12
2023-12-01,SKU00622,20
2023-12-01,SKU00623,23
2023-12-01,SKU00626,25
2023-12-01,SKU00627,57
2023-12-01,SKU00628,191
2023-12-01,SKU00631,5
2023-12-01,SKU00632,5
2023-12-01,SKU00633,248
2023-12-01,SKU00634,50
2023-12-01,SKU00635,20
2023-12-01,SKU00637,28
2023-12-01,SKU00638,10
2023-12-01,SKU00639,21
2023-12-01,SKU00641,32
2023-12-01,SKU00642,130
2023-12-01,SKU00644,15
2023-12-01,SKU00647,9
2023-12-01,SKU00649,207
2023-12-01,SKU00650,236
2023-12-01,SKU00651,127
2023-12-01,SKU00654,8
2023-12-01,SKU00655,71
2023-12-01,SKU00656,29
2023-12-01,SKU00657,114
2023-12-01,SKU00659,65
2023-12-01,SKU00660,45
2023-12-01,SKU00661,118
2023-12-01,SKU00662,88
2023-12-01,SKU00667,16
2023-12-01,SKU00668,182
2023-12-01,SKU00670,10
2023-12-01,SKU00672,33
2023-12-01,SKU00673,295
2023-12-01,SKU00675,46
2023-12-01,SKU00678,166
2023-12-01,SKU00679,374
2023-12-01,SKU00680,55
2023-12-01,SKU00681,579
2023-12-01,SKU00682,13
2023-12-01,SKU00686,18
2023-12-01,SKU00688,87
2023-12-01,SKU00690,17
2023-12-01,SKU00692,17
2023-12-01,SKU00693,49
2023-12-01,SKU00694,77
2023-12-01,SKU00696,84
2023-12-01,SKU00697,63
2023-12-01,SKU00698,13
2023-12-01,SKU00699,23
2023-12-01,SKU00701,78
2023-12-01,SKU00703,26
2023-12-01,SKU00704,32
2023-12-01,SKU00705,70
2023-12-01,SKU00708,55
2023-12-01,SKU00709,19
2023-12-01,SKU00711,46
2023-12-01,SKU00713,15
2023-12-01,SKU00715,32
2023-12-01,SKU00717,63
2023-12-01,SKU00718,54
2023-12-01,SKU00719,204
2023-12-01,SKU00720,355
2023-12-01,SKU00721,66
2023-12-01,SKU00722,86
2023-12-01,SKU00724,2
2023-12-01,SKU00725,166
2023-12-01,SKU00726,198
2023-12-01,SKU00729,110
2023-12-01,SKU00730,71
2023-12-01,SKU00731,43
2023-12-01,SKU00732,243
2023-12-01,SKU00734,32
2023-12-01,SKU00735,420
2023-12-01,SKU00737,129
2023-12-01,SKU00738,18
2023-12-01,SKU00739,448
2023-12-01,SKU00740,35
2023-12-01,SKU00743,33
2023-12-01,SKU00744,49
2023-12-01,SKU00747,38
2023-12-01,SKU00748,30
2023-12-01,SKU00749,21
2023-12-01,SKU00750,72
2023-12-01,SKU00751,124
2023-12-01,SKU00757,9
2023-12-01,SKU00758,0
2023-12-01,SKU00759,110
2023-12-01,SKU00760,100
2023-12-01,SKU00764,17
2023-12-01,SKU00767,53
2023-12-01,SKU00768,20
2023-12-01,SKU00769,52
2023-12-01,SKU00771,131
2023-12-01,SKU00773,243
2023-12-01,SKU00776,37
2023-12-01,SKU00777,54
2023-12-01,SKU00778,123
2023-12-01,SKU00781,37
2023-12-01,SKU00783,54
2023-12-01,SKU00784,96
2023-12-01,SKU00785,143
2023-12-01,SKU00789,21
2023-12-01,SKU00794,155
2023-12-01,SKU00796,11
2023-12-01,SKU00798,34
2024-01-01,SKU00001,55
2024-01-01,SKU00002,102
2024-01-01,SKU00004,192
2024-01-01,SKU00006,60
2024-01-01,SKU00007,34
2024-01-01,SKU00010,22
2024-01-01,SKU00013,190
2024-01-01,SKU00018,114
2024-01-01,SKU00019,120
2024-01-01,SKU00022,20
2024-01-01,SKU00025,101
2024-01-01,SKU00027,32
2024-01-01,SKU00032,344
2024-01-01,SKU00033,28
2024-01-01,SKU00034,12
2024-01-01,SKU00036,59
2024-01-01,SKU00039,21
2024-01-01,SKU00040,130
2024-01-01,SKU00042,72
2024-01-01,SKU00047,21
2024-01-01,SKU00048,30
2024-01-01,SKU00049,75
2024-01-01,SKU00051,5
2024-01-01,SKU00052,0
2024-01-01,SKU00053,20
2024-01-01,SKU00054,49
2024-01-01,SKU00056,61
2024-01-01,SKU00057,10
2024-01-01,SKU00059,26
2024-01-01,SKU00061,81
2024-01-01,SKU00062,39
2024-01-01,SKU00063,57
2024-01-01,SKU00065,149
2024-01-01,SKU00067,77
2024-01-01,SKU00068,149
2024-01-01,SKU00070,104
2024-01-01,SKU00071,35
2024-01-01,SKU00072,85
2024-01-01,SKU00074,171
2024-01-01,SKU00075,28
2024-01-01,SKU00076,200
2024-01-01,SKU00077,105
2024-01-01,SKU00080,32
2024-01-01,SKU00082,8
2024-01-01,SKU00093,80
2024-01-01,SKU00096,25
2024-01-01,SKU00098,29
2024-01-01,SKU00100,94
2024-01-01,SKU00101,68
2024-01-01,SKU00103,14
2024-01-01,SKU00104,82
2024-01-01,SKU00107,18
2024-01-01,SKU00109,21
2024-01-01,SKU00110,136
2024-01-01,SKU00113,132
2024-01-01,SKU00114,20
2024-01-01,SKU00115,14
2024-01-01,SKU00120,60
2024-01-01,SKU00121,91
2024-01-01,SKU00122,29
2024-01-01,SKU00125,23
2024-01-01,SKU00126,64
2024-01-01,SKU00127,107
2024-01-01,SKU00129,104
2024-01-01,SKU00135,86
2024-01-01,SKU00138,50
2024-01-01,SKU00141,144
2024-01-01,SKU00143,153
2024-01-01,SKU00146,32
2024-01-01,SKU00150,35
2024-01-01,SKU00153,132
2024-01-01,SKU00155,31
2024-01-01,SKU00157,84
2024-01-01,SKU00158,35
2024-01-01,SKU00159,69
2024-01-01,SKU00161,32
2024-01-01,SKU00164,66
2024-01-01,SKU00165,22
2024-01-01,SKU00166,53
2024-01-01,SKU00168,17
2024-01-01,SKU00169,30
2024-01-01,SKU00174,11
2024-01-01,SKU00175,20
2024-01-01,SKU00179,165
2024-01-01,SKU00181,119
2024-01-01,SKU00182,29
2024-01-01,SKU00183,12
2024-01-01,SKU00187,18
2024-01-01,SKU00188,15
2024-01-01,SKU00189,65
2024-01-01,SKU00190,228
2024-01-01,SKU00191,148
2024-01-01,SKU00192,12
2024-01-01,SKU00193,8
2024-01-01,SKU00196,204
2024-01-01,SKU00200,16
2024-01-01,SKU00201,16
2024-01-01,SKU00203,46
2024-01-01,SKU00204,278
2024-01-01,SKU00207,16
2024-01-01,SKU00208,5
2024-01-01,SKU00209,116
2024-01-01,SKU00211,36
2024-01-01,SKU00215,11
2024-01-01,SKU00216,53
2024-01-01,SKU00217,16
2024-01-01,SKU00218,121
2024-01-01,SKU00220,44
2024-01-01,SKU00221,20
2024-01-01,SKU00222,10
2024-01-01,SKU00225,22
2024-01-01,SKU00228,116
2024-01-01,SKU00231,0
2024-01-01,SKU00232,9
2024-01-01,SKU00235,48
2024-01-01,SKU00236,86
2024-01-01,SKU00239,115
2024-01-01,SKU00240,7
2024-01-01,SKU00244,25
2024-01-01,SKU00246,27
2024-01-01,SKU00248,10
2024-01-01,SKU00251,104
2024-01-01,SKU00252,66
2024-01-01,SKU00253,9
2024-01-01,SKU00254,12
2024-01-01,SKU00255,25
2024-01-01,SKU00256,70
2024-01-01,SKU00259,201
2024-01-01,SKU00260,49
2024-01-01,SKU00263,26
2024-01-01,SKU00268,291
2024-01-01,SKU00271,121
2024-01-01,SKU00272,7
2024-01-01,SKU00275,96
2024-01-01,SKU00276,45
2024-01-01,SKU00277,51
2024-01-01,SKU00278,65
2024-01-01,SKU00281,253
2024-01-01,SKU00284,31
2024-01-01,SKU00286,41
2024-01-01,SKU00287,30
2024-01-01,SKU00289,19
2024-01-01,SKU00291,103
2024-01-01,SKU00293,21
2024-01-01,SKU00294,18
2024-01-01,SKU00296,196
2024-01-01,SKU00297,41
2024-01-01,SKU00298,130
2024-01-01,SKU00301,10
2024-01-01,SKU00302,76
2024-01-01,SKU00306,85
2024-01-01,SKU00307,40
2024-01-01,SKU00309,22
2024-01-01,SKU00311,148
2024-01-01,SKU00312,17
2024-01-01,SKU00313,362
2024-01-01,SKU00315,35
2024-01-01,SKU00317,37
2024-01-01,SKU00319,3
2024-01-01,SKU00320,276
2024-01-01,SKU00321,4
2024-01-01,SKU00322,82
2024-01-01,SKU00323,9
2024-01-01,SKU00324,67
2024-01-01,SKU00325,33
2024-01-01,SKU00326,58
2024-01-01,SKU00327,91
2024-01-01,SKU00333,107
2024-01-01,SKU00337,104
2024-01-01,SKU00338,30
2024-01-01,SKU00340,514
2024-01-01,SKU00343,62
2024-01-01,SKU00348,59
2024-01-01,SKU00349,152
2024-01-01,SKU00350,6
2024-01-01,SKU00351,61
2024-01-01,SKU00354,271
2024-01-01,SKU00355,20
2024-01-01,SKU00357,34
2024-01-01,SKU00359,8
2024-01-01,SKU00361,19
2024-01-01,SKU00362,54
2024-01-01,SKU00363,52
2024-01-01,SKU00364,14
2024-01-01,SKU00365,34
2024-01-01,SKU00366,19
2024-01-01,SKU00372,89
2024-01-01,SKU00374,33
2024-01-01,SKU00375,319
2024-01-01,SKU00376,115
2024-01-01,SKU00377,36
2024-01-01,SKU00378,27
2024-01-01,SKU00380,24
2024-01-01,SKU00381,33
2024-01-01,SKU00383,585
2024-01-01,SKU00384,11
2024-01-01,SKU00390,20
2024-01-01,SKU00391,13
2024-01-01,SKU00394,13
2024-01-01,SKU00404,34
2024-01-01,SKU00405,93
2024-01-01,SKU00406,48
2024-01-01,SKU00407,104
2024-01-01,SKU00408,64
2024-01-01,SKU00410,128
2024-01-01,SKU00414,148
2024-01-01,SKU00415,48
2024-01-01,SKU00416,14
2024-01-01,SKU00421,119
2024-01-01,SKU00423,43
2024-01-01,SKU00424,78
2024-01-01,SKU00425,42
2024-01-01,SKU00426,40
2024-01-01,SKU00427,33
2024-01-01,SKU00428,11
2024-01-01,SKU00430,93
2024-01-01,SKU00431,64
2024-01-01,SKU00433,71
2024-01-01,SKU00439,16
2024-01-01,SKU00441,39
2024-01-01,SKU00442,58
2024-01-01,SKU00444,64
2024-01-01,SKU00446,68
2024-01-01,SKU00448,61
2024-01-01,SKU00449,28
2024-01-01,SKU00450,38
2024-01-01,SKU00452,9
2024-01-01,SKU00453,95
2024-01-01,SKU00454,63
2024-01-01,SKU00455,151
2024-01-01,SKU00457,86
2024-01-01,SKU00460,129
2024-01-01,SKU00463,129
2024-01-01,SKU00464,106
2024-01-01,SKU00465,30
2024-01-01,SKU00467,74
2024-01-01,SKU00469,0
2024-01-01,SKU00473,79
2024-01-01,SKU00475,22
2024-01-01,SKU00476,60
2024-01-01,SKU00477,50
2024-01-01,SKU00478,58
2024-01-01,SKU00479,21
2024-01-01,SKU00481,40
2024-01-01,SKU00484,22
2024-01-01,SKU00488,122
2024-01-01,SKU00492,102
2024-01-01,SKU00493,66
2024-01-01,SKU00497,70
2024-01-01,SKU00500,69
2024-01-01,SKU00501,0
2024-01-01,SKU00502,14
2024-01-01,SKU00503,31
2024-01-01,SKU00505,65
2024-01-01,SKU00506,27
2024-01-01,SKU00508,132
2024-01-01,SKU00510,61
2024-01-01,SKU00511,18
2024-01-01,SKU00512,45
2024-01-01,SKU00513,44
2024-01-01,SKU00515,23
2024-01-01,SKU00516,36
2024-01-01,SKU00519,14
2024-01-01,SKU00520,14
2024-01-01,SKU00522,31
2024-01-01,SKU00524,42
2024-01-01,SKU00525,26
2024-01-01,SKU00528,48
2024-01-01,SKU00529,559
2024-01-01,SKU00530,412
2024-01-01,SKU00533,110
2024-01-01,SKU00534,141
2024-01-01,SKU00535,54
2024-01-01,SKU00537,178
2024-01-01,SKU00538,16
2024-01-01,SKU00540,80
2024-01-01,SKU00541,68
2024-01-01,SKU00544,73
2024-01-01,SKU00545,10
2024-01-01,SKU00546,141
2024-01-01,SKU00548,60
2024-01-01,SKU00549,5
2024-01-01,SKU00551,18
2024-01-01,SKU00556,79
2024-01-01,SKU00557,20
2024-01-01,SKU00560,125
2024-01-01,SKU00561,42
2024-01-01,SKU00562,71
2024-01-01,SKU00563,132
2024-01-01,SKU00564,35
2024-01-01,SKU00565,54
2024-01-01,SKU00566,139
2024-01-01,SKU00567,29
2024-01-01,SKU00569,80
2024-01-01,SKU00571,51
2024-01-01,SKU00572,9
2024-01-01,SKU00576,45
2024-01-01,SKU00577,96
2024-01-01,SKU00581,49
2024-01-01,SKU00583,69
2024-01-01,SKU00584,9
2024-01-01,SKU00587,116
2024-01-01,SKU00589,85
2024-01-01,SKU00590,95
2024-01-01,SKU00591,18
2024-01-01,SKU00593,15
2024-01-01,SKU00594,37
2024-01-01,SKU00596,20
2024-01-01,SKU00597,35
2024-01-01,SKU00600,64
2024-01-01,SKU00608,36
2024-01-01,SKU00611,49
2024-01-01,SKU00612,45
2024-01-01,SKU00613,12
2024-01-01,SKU00616,12
2024-01-01,SKU00617,18
2024-01-01,SKU00618,80
2024-01-01,SKU00619,105
2024-01-01,SKU00621,13
2024-01-01,SKU00622,33
2024-01-01,SKU00623,35
2024-01-01,SKU00626,45
2024-01-01,SKU00627,57
2024-01-01,SKU00628,167
2024-01-01,SKU00631,10
2024-01-01,SKU00632,13
2024-01-01,SKU00633,139
2024-01-01,SKU00634,64
2024-01-01,SKU00635,34
2024-01-01,SKU00637,4
2024-01-01,SKU00638,20
2024-01-01,SKU00639,26
2024-01-01,SKU00641,14
2024-01-01,SKU00642,99
2024-01-01,SKU00644,38
2024-01-01,SKU00647,6
2024-01-01,SKU00649,265
2024-01-01,SKU00650,125
2024-01-01,SKU00651,114
2024-01-01,SKU00654,70
2024-01-01,SKU00655,37
2024-01-01,SKU00656,21
2024-01-01,SKU00657,113
2024-01-01,SKU00659,52
2024-01-01,SKU00660,39
2024-01-01,SKU00661,119
2024-01-01,SKU00662,68
2024-01-01,SKU00667,21
2024-01-01,SKU00668,221
2024-01-01,SKU00670,4
2024-01-01,SKU00672,90
2024-01-01,SKU00673,242
2024-01-01,SKU00675,38
2024-01-01,SKU00678,129
2024-01-01,SKU00679,491
2024-01-01,SKU00680,80
2024-01-01,SKU00681,358
2024-01-01,SKU00682,16
2024-01-01,SKU00686,2
2024-01-01,SKU00688,124
2024-01-01,SKU00690,39
2024-01-01,SKU00692,22
2024-01-01,SKU00693,32
2024-01-01,SKU00694,54
2024-01-01,SKU00696,75
2024-01-01,SKU00697,101
2024-01-01,SKU00698,13
2024-01-01,SKU00699,39
2024-01-01,SKU00701,32
2024-01-01,SKU00703,15
2024-01-01,SKU00704,30
2024-01-01,SKU00705,120
2024-01-01,SKU00708,47
2024-01-01,SKU00709,26
2024-01-01,SKU00711,48
2024-01-01,SKU00712,67
2024-01-01,SKU00713,11
2024-01-01,SKU00715,35
2024-01-01,SKU00717,106
2024-01-01,SKU00718,45
2024-01-01,SKU00719,124
2024-01-01,SKU00720,261
2024-01-01,SKU00721,89
2024-01-01,SKU00722,122
2024-01-01,SKU00724,31
2024-01-01,SKU00725,158
2024-01-01,SKU00726,238
2024-01-01,SKU00727,11
2024-01-01,SKU00729,81
2024-01-01,SKU00730,104
2024-01-01,SKU00731,65
2024-01-01,SKU00732,197
2024-01-01,SKU00734,82
2024-01-01,SKU00735,264
2024-01-01,SKU00737,178
2024-01-01,SKU00738,14
2024-01-01,SKU00739,377
2024-01-01,SKU00740,27
2024-01-01,SKU00743,72
2024-01-01,SKU00744,61
2024-01-01,SKU00747,42
2024-01-01,SKU00748,74
2024-01-01,SKU00749,28
2024-01-01,SKU00750,76
2024-01-01,SKU00751,101
2024-01-01,SKU00757,8
2024-01-01,SKU00758,7
2024-01-01,SKU00759,81
2024-01-01,SKU00760,108
2024-01-01,SKU00764,12
2024-01-01,SKU00767,40
2024-01-01,SKU00768,16
2024-01-01,SKU00769,64
2024-01-01,SKU00771,188
2024-01-01,SKU00773,143
2024-01-01,SKU00776,46
2024-01-01,SKU00777,51
2024-01-01,SKU00778,145
2024-01-01,SKU00781,57
2024-01-01,SKU00783,50
2024-01-01,SKU00784,84
2024-01-01,SKU00785,163
2024-01-01,SKU00788,94
2024-01-01,SKU00789,29
2024-01-01,SKU00794,147
2024-01-01,SKU00796,16
2024-01-01,SKU00798,21
2024-02-01,SKU00001,45
2024-02-01,SKU00002,105
2024-02-01,SKU00004,288
2024-02-01,SKU00005,9
2024-02-01,SKU00006,113
2024-02-01,SKU00007,12
2024-02-01,SKU00010,28
2024-02-01,SKU00013,230
2024-02-01,SKU00018,64
2024-02-01,SKU00019,22
2024-02-01,SKU00022,9
2024-02-01,SKU00025,60
2024-02-01,SKU00027,34
2024-02-01,SKU00032,317
2024-02-01,SKU00033,31
2024-02-01,SKU00034,17
2024-02-01,SKU00036,51
2024-02-01,SKU00039,31
2024-02-01,SKU00040,105
2024-02-01,SKU00042,79
2024-02-01,SKU00047,31
2024-02-01,SKU00048,32
2024-02-01,SKU00049,149
2024-02-01,SKU00051,12
2024-02-01,SKU00052,22
2024-02-01,SKU00053,36
2024-02-01,SKU00054,76
2024-02-01,SKU00056,32
2024-02-01,SKU00059,6
2024-02-01,SKU00061,116
2024-02-01,SKU00062,63
2024-02-01,SKU00063,56
2024-02-01,SKU00065,130
2024-02-01,SKU00067,104
2024-02-01,SKU00068,82
2024-02-01,SKU00070,44
2024-02-01,SKU00071,41
2024-02-01,SKU00072,90
2024-02-01,SKU00074,304
2024-02-01,SKU00075,14
2024-02-01,SKU00076,267
2024-02-01,SKU00077,136
2024-02-01,SKU00078,4
2024-02-01,SKU00080,31
2024-02-01,SKU00082,27
2024-02-01,SKU00083,16
2024-02-01,SKU00093,48
2024-02-01,SKU00096,22
2024-02-01,SKU00098,17
2024-02-01,SKU00100,34
2024-02-01,SKU00101,98
2024-02-01,SKU00103,15
2024-02-01,SKU00104,79
2024-02-01,SKU00107,11
2024-02-01,SKU00109,24
2024-02-01,SKU00110,145
2024-02-01,SKU00113,202
2024-02-01,SKU00114,27
2024-02-01,SKU00115,12
2024-02-01,SKU00119,60
2024-02-01,SKU00120,78
2024-02-01,SKU00121,111
2024-02-01,SKU00122,53
2024-02-01,SKU00125,18
2024-02-01,SKU00126,77
2024-02-01,SKU00127,115
2024-02-01,SKU00129,116
2024-02-01,SKU00135,78
2024-02-01,SKU00138,55
2024-02-01,SKU00141,91
2024-02-01,SKU00143,126
2024-02-01,SKU00144,102
2024-02-01,SKU00146,87
2024-02-01,SKU00150,33
2024-02-01,SKU00152,196
2024-02-01,SKU00153,85
2024-02-01,SKU00155,15
2024-02-01,SKU00157,48
2024-02-01,SKU00158,54
2024-02-01,SKU00159,48
2024-02-01,SKU00161,20
2024-02-01,SKU00164,33
2024-02-01,SKU00165,32
2024-02-01,SKU00166,31
2024-02-01,SKU00168,18
2024-02-01,SKU00169,26
2024-02-01,SKU00174,4
2024-02-01,SKU00175,30
2024-02-01,SKU00179,95
2024-02-01,SKU00180,91
2024-02-01,SKU00181,157
2024-02-01,SKU00182,39
2024-02-01,SKU00183,9
2024-02-01,SKU00187,5
2024-02-01,SKU00188,19
2024-02-01,SKU00189,29
2024-02-01,SKU00190,202
2024-02-01,SKU00191,69
2024-02-01,SKU00192,22
2024-02-01,SKU00193,12
2024-02-01,SKU00196,102
2024-02-01,SKU00200,26
2024-02-01,SKU00201,27
2024-02-01,SKU00203,42
2024-02-01,SKU00204,259
2024-02-01,SKU00207,8
2024-02-01,SKU00208,11
2024-02-01,SKU00209,77
2024-02-01,SKU00211,35
2024-02-01,SKU00215,15
2024-02-01,SKU00217,8
2024-02-01,SKU00218,106
2024-02-01,SKU00220,56
2024-02-01,SKU00221,85
2024-02-01,SKU00222,11
2024-02-01,SKU00225,22
2024-02-01,SKU00228,144
2024-02-01,SKU00231,4
2024-02-01,SKU00232,11
2024-02-01,SKU00235,54
2024-02-01,SKU00236,61
2024-02-01,SKU00239,80
2024-02-01,SKU00240,14
2024-02-01,SKU00244,27
2024-02-01,SKU00246,6
2024-02-01,SKU00248,19
2024-02-01,SKU00251,75
2024-02-01,SKU00252,37
2024-02-01,SKU00253,18
2024-02-01,SKU00254,16
2024-02-01,SKU00255,36
2024-02-01,SKU00256,37
2024-02-01,SKU00259,177
2024-02-01,SKU00260,58
2024-02-01,SKU00263,15
2024-02-01,SKU00268,163
2024-02-01,SKU00271,64
2024-02-01,SKU00272,3
2024-02-01,SKU00275,116
2024-02-01,SKU00276,41
2024-02-01,SKU00277,53
2024-02-01,SKU00278,100
2024-02-01,SKU00281,141
2024-02-01,SKU00284,33
2024-02-01,SKU00285,69
2024-02-01,SKU00286,37
2024-02-01,SKU00287,23
2024-02-01,SKU00289,34
2024-02-01,SKU00291,151
2024-02-01,SKU00293,12
2024-02-01,SKU00294,35
2024-02-01,SKU00296,84
2024-02-01,SKU00297,26
2024-02-01,SKU00298,94
2024-02-01,SKU00301,29
2024-02-01,SKU00302,59
2024-02-01,SKU00306,66
2024-02-01,SKU00307,66
2024-02-01,SKU00309,14
2024-02-01,SKU00311,149
2024-02-01,SKU00312,19
2024-02-01,SKU00313,296
2024-02-01,SKU00315,6
2024-02-01,SKU00317,44
2024-02-01,SKU00319,9
2024-02-01,SKU00320,145
2024-02-01,SKU00321,7
2024-02-01,SKU00322,89
2024-02-01,SKU00323,30
2024-02-01,SKU00324,34
2024-02-01,SKU00325,40
2024-02-01,SKU00326,58
2024-02-01,SKU00327,69
2024-02-01,SKU00333,147
2024-02-01,SKU00337,94
2024-02-01,SKU00338,28
2024-02-01,SKU00340,336
2024-02-01,SKU00343,40
2024-02-01,SKU00348,93
2024-02-01,SKU00349,241
2024-02-01,SKU00350,29
2024-02-01,SKU00351,53
2024-02-01,SKU00354,301
2024-02-01,SKU00355,10
2024-02-01,SKU00357,26
2024-02-01,SKU00359,13
2024-02-01,SKU00361,20
2024-02-01,SKU00362,74
2024-02-01,SKU00363,54
2024-02-01,SKU00364,14
2024-02-01,SKU00365,19
2024-02-01,SKU00366,9
2024-02-01,SKU00372,59
2024-02-01,SKU00374,31
2024-02-01,SKU00375,291
2024-02-01,SKU00376,128
2024-02-01,SKU00377,50
2024-02-01,SKU00378,21
2024-02-01,SKU00380,10
2024-02-01,SKU00381,37
2024-02-01,SKU00383,363
2024-02-01,SKU00384,8
2024-02-01,SKU00390,0
2024-02-01,SKU00391,6
2024-02-01,SKU00394,13
2024-02-01,SKU00404,38
2024-02-01,SKU00405,93
2024-02-01,SKU00406,69
2024-02-01,SKU00407,95
2024-02-01,SKU00408,29
2024-02-01,SKU00410,80
2024-02-01,SKU00414,264
2024-02-01,SKU00415,40
2024-02-01,SKU00416,17
2024-02-01,SKU00421,86
2024-02-01,SKU00423,54
2024-02-01,SKU00424,53
2024-02-01,SKU00425,13
2024-02-01,SKU00426,40
2024-02-01,SKU00427,52
2024-02-01,SKU00428,19
2024-02-01,SKU00430,28
2024-02-01,SKU00431,46
2024-02-01,SKU00433,89
2024-02-01,SKU00439,15
2024-02-01,SKU00441,22
2024-02-01,SKU00442,38
2024-02-01,SKU00444,84
2024-02-01,SKU00446,60
2024-02-01,SKU00448,35
2024-02-01,SKU00449,23
2024-02-01,SKU00450,21
2024-02-01,SKU00452,13
2024-02-01,SKU00453,66
2024-02-01,SKU00454,37
2024-02-01,SKU00455,162
2024-02-01,SKU00457,75
2024-02-01,SKU00460,216
2024-02-01,SKU00463,151
2024-02-01,SKU00464,85
2024-02-01,SKU00465,22
2024-02-01,SKU00467,105
2024-02-01,SKU00469,30
2024-02-01,SKU00473,88
2024-02-01,SKU00475,24
2024-02-01,SKU00476,48
2024-02-01,SKU00477,43
2024-02-01,SKU00478,45
2024-02-01,SKU00481,21
2024-02-01,SKU00482,30
2024-02-01,SKU00484,12
2024-02-01,SKU00488,68
2024-02-01,SKU00492,140
2024-02-01,SKU00493,32
2024-02-01,SKU00495,84
2024-02-01,SKU00497,110
2024-02-01,SKU00500,26
2024-02-01,SKU00501,11
2024-02-01,SKU00502,27
2024-02-01,SKU00503,11
2024-02-01,SKU00506,53
2024-02-01,SKU00508,65
2024-02-01,SKU00510,51
2024-02-01,SKU00511,12
2024-02-01,SKU00512,62
2024-02-01,SKU00513,34
2024-02-01,SKU00515,35
2024-02-01,SKU00516,32
2024-02-01,SKU00519,1
2024-02-01,SKU00520,21
2024-02-01,SKU00522,36
2024-02-01,SKU00524,58
2024-02-01,SKU00525,15
2024-02-01,SKU00528,54
2024-02-01,SKU00529,436
2024-02-01,SKU00530,320
2024-02-01,SKU00533,127
2024-02-01,SKU00534,213
2024-02-01,SKU00535,42
2024-02-01,SKU00537,287
2024-02-01,SKU00538,10
2024-02-01,SKU00540,106
2024-02-01,SKU00541,75
2024-02-01,SKU00544,49
2024-02-01,SKU00545,10
2024-02-01,SKU00546,117
2024-02-01,SKU00548,46
2024-02-01,SKU00549,8
2024-02-01,SKU00551,10
2024-02-01,SKU00556,112
2024-02-01,SKU00557,30
2024-02-01,SKU00560,132
2024-02-01,SKU00561,27
2024-02-01,SKU00562,109
2024-02-01,SKU00563,239
2024-02-01,SKU00564,48
2024-02-01,SKU00565,49
2024-02-01,SKU00566,122
2024-02-01,SKU00567,3
2024-02-01,SKU00569,74
2024-02-01,SKU00571,26
2024-02-01,SKU00572,15
2024-02-01,SKU00576,54
2024-02-01,SKU00577,63
2024-02-01,SKU00581,22
2024-02-01,SKU00583,45
2024-02-01,SKU00584,17
2024-02-01,SKU00587,121
2024-02-01,SKU00589,63
2024-02-01,SKU00590,125
2024-02-01,SKU00591,30
2024-02-01,SKU00593,4
2024-02-01,SKU00594,29
2024-02-01,SKU00596,29
2024-02-01,SKU00597,48
2024-02-01,SKU00600,44
2024-02-01,SKU00608,26
2024-02-01,SKU00611,50
2024-02-01,SKU00612,42
2024-02-01,SKU00613,28
2024-02-01,SKU00616,24
2024-02-01,SKU00617,15
2024-02-01,SKU00618,95
2024-02-01,SKU00619,95
2024-02-01,SKU00621,2
2024-02-01,SKU00622,20
2024-02-01,SKU00623,34
2024-02-01,SKU00626,22
2024-02-01,SKU00627,56
2024-02-01,SKU00628,206
2024-02-01,SKU00629,48
2024-02-01,SKU00631,18
2024-02-01,SKU00632,12
2024-02-01,SKU00633,262
2024-02-01,SKU00634,46
2024-02-01,SKU00635,15
2024-02-01,SKU00636,198
2024-02-01,SKU00637,40
2024-02-01,SKU00638,14
2024-02-01,SKU00639,24
2024-02-01,SKU00641,23
2024-02-01,SKU00642,97
2024-02-01,SKU00644,38
2024-02-01,SKU00647,17
2024-02-01,SKU00649,278
2024-02-01,SKU00650,157
2024-02-01,SKU00651,129
2024-02-01,SKU00654,32
2024-02-01,SKU00655,46
2024-02-01,SKU00656,17
2024-02-01,SKU00657,84
2024-02-01,SKU00659,50
2024-02-01,SKU00660,29
2024-02-01,SKU00661,150
2024-02-01,SKU00662,88
2024-02-01,SKU00667,10
2024-02-01,SKU00668,259
2024-02-01,SKU00670,11
2024-02-01,SKU00672,64
2024-02-01,SKU00673,142
2024-02-01,SKU00675,56
2024-02-01,SKU00678,187
2024-02-01,SKU00679,582
2024-02-01,SKU00680,68
2024-02-01,SKU00681,580
2024-02-01,SKU00682,15
2024-02-01,SKU00684,24
2024-02-01,SKU00686,18
2024-02-01,SKU00688,99
2024-02-01,SKU00690,13
2024-02-01,SKU00692,21
2024-02-01,SKU00693,20
2024-02-01,SKU00694,67
2024-02-01,SKU00696,92
2024-02-01,SKU00697,79
2024-02-01,SKU00698,19
2024-02-01,SKU00699,14
2024-02-01,SKU00701,50
2024-02-01,SKU00703,15
2024-02-01,SKU00704,23
2024-02-01,SKU00705,107
2024-02-01,SKU00708,60
2024-02-01,SKU00709,9
2024-02-01,SKU00711,9
2024-02-01,SKU00712,94
2024-02-01,SKU00713,22
2024-02-01,SKU00715,29
2024-02-01,SKU00717,91
2024-02-01,SKU00718,50
2024-02-01,SKU00719,167
2024-02-01,SKU00720,331
2024-02-01,SKU00721,79
2024-02-01,SKU00722,136
2024-02-01,SKU00724,25
2024-02-01,SKU00725,123
2024-02-01,SKU00726,152
2024-02-01,SKU00727,38
2024-02-01,SKU00729,55
2024-02-01,SKU00730,46
2024-02-01,SKU00731,79
2024-02-01,SKU00732,248
2024-02-01,SKU00734,64
2024-02-01,SKU00735,461
2024-02-01,SKU00737,185
2024-02-01,SKU00738,21
2024-02-01,SKU00739,356
2024-02-01,SKU00740,35
2024-02-01,SKU00743,50
2024-02-01,SKU00744,33
2024-02-01,SKU00747,20
2024-02-01,SKU00748,48
2024-02-01,SKU00749,11
2024-02-01,SKU00750,103
2024-02-01,SKU00751,111
2024-02-01,SKU00757,14
2024-02-01,SKU00758,2
2024-02-01,SKU00759,83
2024-02-01,SKU00760,65
2024-02-01,SKU00764,19
2024-02-01,SKU00767,35
2024-02-01,SKU00768,41
2024-02-01,SKU00769,92
2024-02-01,SKU00771,142
2024-02-01,SKU00773,164
2024-02-01,SKU00776,41
2024-02-01,SKU00777,36
2024-02-01,SKU00778,157
2024-02-01,SKU00779,13
2024-02-01,SKU00781,49
2024-02-01,SKU00783,65
2024-02-01,SKU00784,54
2024-02-01,SKU00785,199
2024-02-01,SKU00788,115
2024-02-01,SKU00789,15
2024-02-01,SKU00794,61
2024-02-01,SKU00796,10
2024-02-01,SKU00798,15
2024-02-01,SKU00799,29
2024-03-01,SKU00001,80
2024-03-01,SKU00002,139
2024-03-01,SKU00004,132
2024-03-01,SKU00005,18
2024-03-01,SKU00006,86
2024-03-01,SKU00007,35
2024-03-01,SKU00010,32
2024-03-01,SKU00013,99
2024-03-01,SKU00016,59
2024-03-01,SKU00018,70
2024-03-01,SKU00019,45
2024-03-01,SKU00022,19
2024-03-01,SKU00025,37
2024-03-01,SKU00027,40
2024-03-01,SKU00032,326
2024-03-01,SKU00033,15
2024-03-01,SKU00034,21
2024-03-01,SKU00036,45
2024-03-01,SKU00039,15
2024-03-01,SKU00040,151
2024-03-01,SKU00042,75
2024-03-01,SKU00047,12
2024-03-01,SKU00048,40
2024-03-01,SKU00049,138
2024-03-01,SKU00051,10
2024-03-01,SKU00052,6
2024-03-01,SKU00053,11
2024-03-01,SKU00054,43
2024-03-01,SKU00056,18
2024-03-01,SKU00059,15
2024-03-01,SKU00061,76
2024-03-01,SKU00062,52
2024-03-01,SKU00063,113
2024-03-01,SKU00065,125
2024-03-01,SKU00067,39
2024-03-01,SKU00068,83
2024-03-01,SKU00070,52
2024-03-01,SKU00071,46
2024-03-01,SKU00072,109
2024-03-01,SKU00074,198
2024-03-01,SKU00075,12
2024-03-01,SKU00076,255
2024-03-01,SKU00077,141
2024-03-01,SKU00078,21
2024-03-01,SKU00079,28
2024-03-01,SKU00080,0
2024-03-01,SKU00082,13
2024-03-01,SKU00083,20
2024-03-01,SKU00093,67
2024-03-01,SKU00096,6
2024-03-01,SKU00098,0
2024-03-01,SKU00100,51
2024-03-01,SKU00101,60
2024-03-01,SKU00103,9
2024-03-01,SKU00104,36
2024-03-01,SKU00106,0
2024-03-01,SKU00107,12
2024-03-01,SKU00109,39
2024-03-01,SKU00110,133
2024-03-01,SKU00113,158
2024-03-01,SKU00114,13
2024-03-01,SKU00115,21
2024-03-01,SKU00119,62
2024-03-01,SKU00120,87
2024-03-01,SKU00121,46
2024-03-01,SKU00122,16
2024-03-01,SKU00125,17
2024-03-01,SKU00126,91
2024-03-01,SKU00127,154
2024-03-01,SKU00129,57
2024-03-01,SKU00135,118
2024-03-01,SKU00138,24
2024-03-01,SKU00141,86
2024-03-01,SKU00143,130
2024-03-01,SKU00144,70
2024-03-01,SKU00145,70
2024-03-01,SKU00146,59
2024-03-01,SKU00150,54
2024-03-01,SKU00152,246
2024-03-01,SKU00153,122
2024-03-01,SKU00155,16
2024-03-01,SKU00157,43
2024-03-01,SKU00158,29
2024-03-01,SKU00159,50
2024-03-01,SKU00161,13
2024-03-01,SKU00162,16
2024-03-01,SKU00164,39
2024-03-01,SKU00165,13
2024-03-01,SKU00166,41
2024-03-01,SKU00168,27
2024-03-01,SKU00169,35
2024-03-01,SKU00174,6
2024-03-01,SKU00175,28
2024-03-01,SKU00179,73
2024-03-01,SKU00180,82
2024-03-01,SKU00181,130
2024-03-01,SKU00182,35
2024-03-01,SKU00183,10
2024-03-01,SKU00187,1
2024-03-01,SKU00188,42
2024-03-01,SKU00189,72
2024-03-01,SKU00190,217
2024-03-01,SKU00191,64
2024-03-01,SKU00192,15
2024-03-01,SKU00193,8
2024-03-01,SKU00196,231
2024-03-01,SKU00200,13
2024-03-01,SKU00201,46
2024-03-01,SKU00203,37
2024-03-01,SKU00204,279
2024-03-01,SKU00207,8
2024-03-01,SKU00208,11
2024-03-01,SKU00209,168
2024-03-01,SKU00211,30
2024-03-01,SKU00215,23
2024-03-01,SKU00217,16
2024-03-01,SKU00218,122
2024-03-01,SKU00220,43
2024-03-01,SKU00221,45
2024-03-01,SKU00222,29
2024-03-01,SKU00223,9
2024-03-01,SKU00225,32
2024-03-01,SKU00228,195
2024-03-01,SKU00231,19
2024-03-01,SKU00232,19
2024-03-01,SKU00235,51
2024-03-01,SKU00236,86
2024-03-01,SKU00239,148
2024-03-01,SKU00240,18
2024-03-01,SKU00244,16
2024-03-01,SKU00246,0
2024-03-01,SKU00248,16
2024-03-01,SKU00251,51
2024-03-01,SKU00252,54
2024-03-01,SKU00253,8
2024-03-01,SKU00254,16
2024-03-01,SKU00255,37
2024-03-01,SKU00256,27
2024-03-01,SKU00259,405
2024-03-01,SKU00260,37
2024-03-01,SKU00263,24
2024-03-01,SKU00268,259
2024-03-01,SKU00271,127
2024-03-01,SKU00272,0
2024-03-01,SKU00275,113
2024-03-01,SKU00276,42
2024-03-01,SKU00277,54
2024-03-01,SKU00278,67
2024-03-01,SKU00281,287
2024-03-01,SKU00284,35
2024-03-01,SKU00285,110
2024-03-01,SKU00286,85
2024-03-01,SKU00287,38
2024-03-01,SKU00288,29
2024-03-01,SKU00289,15
2024-03-01,SKU00291,75
2024-03-01,SKU00293,10
2024-03-01,SKU00294,3
2024-03-01,SKU00296,212
2024-03-01,SKU00297,38
2024-03-01,SKU00298,120
2024-03-01,SKU00301,12
2024-03-01,SKU00302,85
2024-03-01,SKU00306,86
2024-03-01,SKU00307,77
2024-03-01,SKU00309,5
2024-03-01,SKU00311,91
2024-03-01,SKU00312,19
2024-03-01,SKU00313,154
2024-03-01,SKU00316,18
2024-03-01,SKU00317,49
2024-03-01,SKU00319,16
2024-03-01,SKU00320,214
2024-03-01,SKU00321,28
2024-03-01,SKU00322,121
2024-03-01,SKU00323,18
2024-03-01,SKU00324,36
2024-03-01,SKU00325,45
2024-03-01,SKU00326,53
2024-03-01,SKU00327,82
2024-03-01,SKU00331,21
2024-03-01,SKU00333,133
2024-03-01,SKU00337,134
2024-03-01,SKU00338,7
2024-03-01,SKU00340,361
2024-03-01,SKU00343,48
2024-03-01,SKU00348,49
2024-03-01,SKU00349,211
2024-03-01,SKU00350,21
2024-03-01,SKU00351,99
2024-03-01,SKU00354,162
2024-03-01,SKU00355,12
2024-03-01,SKU00357,19
2024-03-01,SKU00359,32
2024-03-01,SKU00361,12
2024-03-01,SKU00362,56
2024-03-01,SKU00363,43
2024-03-01,SKU00364,11
2024-03-01,SKU00365,10
2024-03-01,SKU00366,11
2024-03-01,SKU00372,34
2024-03-01,SKU00374,44
2024-03-01,SKU00375,222
2024-03-01,SKU00376,173
2024-03-01,SKU00377,30
2024-03-01,SKU00378,30
2024-03-01,SKU00380,12
2024-03-01,SKU00381,45
2024-03-01,SKU00383,256
2024-03-01,SKU00384,9
2024-03-01,SKU00390,12
2024-03-01,SKU00391,23
2024-03-01,SKU00394,11
2024-03-01,SKU00404,58
2024-03-01,SKU00405,169
2024-03-01,SKU00406,76
2024-03-01,SKU00407,75
2024-03-01,SKU00408,59
2024-03-01,SKU00410,127
2024-03-01,SKU00414,165
2024-03-01,SKU00415,40
2024-03-01,SKU00416,2
2024-03-01,SKU00421,75
2024-03-01,SKU00424,17
2024-03-01,SKU00425,21
2024-03-01,SKU00426,47
2024-03-01,SKU00427,35
2024-03-01,SKU00428,24
2024-03-01,SKU00430,45
2024-03-01,SKU00431,65
2024-03-01,SKU00433,49
2024-03-01,SKU00437,25
2024-03-01,SKU00439,3
2024-03-01,SKU00441,30
2024-03-01,SKU00442,40
2024-03-01,SKU00443,9
2024-03-01,SKU00444,69
2024-03-01,SKU00446,113
2024-03-01,SKU00447,234
2024-03-01,SKU00448,49
2024-03-01,SKU00449,6
2024-03-01,SKU00450,29
2024-03-01,SKU00452,7
2024-03-01,SKU00453,142
2024-03-01,SKU00454,63
2024-03-01,SKU00455,115
2024-03-01,SKU00457,123
2024-03-01,SKU00460,218
2024-03-01,SKU00463,126
2024-03-01,SKU00464,128
2024-03-01,SKU00465,31
2024-03-01,SKU00467,103
2024-03-01,SKU00469,3
2024-03-01,SKU00472,23
2024-03-01,SKU00473,104
2024-03-01,SKU00475,35
2024-03-01,SKU00476,42
2024-03-01,SKU00477,22
2024-03-01,SKU00478,31
2024-03-01,SKU00481,45
2024-03-01,SKU00482,18
2024-03-01,SKU00484,17
2024-03-01,SKU00488,60
2024-03-01,SKU00492,106
2024-03-01,SKU00493,69
2024-03-01,SKU00495,105
2024-03-01,SKU00497,93
2024-03-01,SKU00500,73
2024-03-01,SKU00501,18
2024-03-01,SKU00502,14
2024-03-01,SKU00503,32
2024-03-01,SKU00506,36
2024-03-01,SKU00508,100
2024-03-01,SKU00510,86
2024-03-01,SKU00511,12
2024-03-01,SKU00512,66
2024-03-01,SKU00513,34
2024-03-01,SKU00515,13
2024-03-01,SKU00516,43
2024-03-01,SKU00520,15
2024-03-01,SKU00522,10
2024-03-01,SKU00524,51
2024-03-01,SKU00525,10
2024-03-01,SKU00528,63
2024-03-01,SKU00529,507
2024-03-01,SKU00530,382
2024-03-01,SKU00533,109
2024-03-01,SKU00534,150
2024-03-01,SKU00535,33
2024-03-01,SKU00537,174
2024-03-01,SKU00538,1
2024-03-01,SKU00540,58
2024-03-01,SKU00541,79
2024-03-01,SKU00544,95
2024-03-01,SKU00545,9
2024-03-01,SKU00546,203
2024-03-01,SKU00548,60
2024-03-01,SKU00549,16
2024-03-01,SKU00551,30
2024-03-01,SKU00556,115
2024-03-01,SKU00557,35
2024-03-01,SKU00560,76
2024-03-01,SKU00561,34
2024-03-01,SKU00562,57
2024-03-01,SKU00563,263
2024-03-01,SKU00564,48
2024-03-01,SKU00565,65
2024-03-01,SKU00566,129
2024-03-01,SKU00567,23
2024-03-01,SKU00569,171
2024-03-01,SKU00571,47
2024-03-01,SKU00572,21
2024-03-01,SKU00576,43
2024-03-01,SKU00577,73
2024-03-01,SKU00581,64
2024-03-01,SKU00583,34
2024-03-01,SKU00584,21
2024-03-01,SKU00587,69
2024-03-01,SKU00589,53
2024-03-01,SKU00590,110
2024-03-01,SKU00591,18
2024-03-01,SKU00593,11
2024-03-01,SKU00594,30
2024-03-01,SKU00596,18
2024-03-01,SKU00597,39
2024-03-01,SKU00600,45
2024-03-01,SKU00608,5
2024-03-01,SKU00611,59
2024-03-01,SKU00612,51
2024-03-01,SKU00613,22
2024-03-01,SKU00616,35
2024-03-01,SKU00617,36
2024-03-01,SKU00618,84
2024-03-01,SKU00619,73
2024-03-01,SKU00621,12
2024-03-01,SKU00622,47
2024-03-01,SKU00623,28
2024-03-01,SKU00626,19
2024-03-01,SKU00627,50
2024-03-01,SKU00628,192
2024-03-01,SKU00629,56
2024-03-01,SKU00631,15
2024-03-01,SKU00632,13
2024-03-01,SKU00633,157
2024-03-01,SKU00634,36
2024-03-01,SKU00635,35
2024-03-01,SKU00636,190
2024-03-01,SKU00637,9
2024-03-01,SKU00638,4
2024-03-01,SKU00639,47
2024-03-01,SKU00641,14
2024-03-01,SKU00642,121
2024-03-01,SKU00644,12
2024-03-01,SKU00647,4
2024-03-01,SKU00649,193
2024-03-01,SKU00650,146
2024-03-01,SKU00651,214
2024-03-01,SKU00654,54
2024-03-01,SKU00655,35
2024-03-01,SKU00656,15
2024-03-01,SKU00657,105
2024-03-01,SKU00659,24
2024-03-01,SKU00660,44
2024-03-01,SKU00661,177
2024-03-01,SKU00662,162
2024-03-01,SKU00665,17
2024-03-01,SKU00667,17
2024-03-01,SKU00668,289
2024-03-01,SKU00670,12
2024-03-01,SKU00672,88
2024-03-01,SKU00673,305
2024-03-01,SKU00675,54
2024-03-01,SKU00678,165
2024-03-01,SKU00679,505
2024-03-01,SKU00680,32
2024-03-01,SKU00681,318
2024-03-01,SKU00682,15
2024-03-01,SKU00684,61
2024-03-01,SKU00686,7
2024-03-01,SKU00688,97
2024-03-01,SKU00690,5
2024-03-01,SKU00692,27
2024-03-01,SKU00693,60
2024-03-01,SKU00694,63
2024-03-01,SKU00696,114
2024-03-01,SKU00697,89
2024-03-01,SKU00698,11
2024-03-01,SKU00699,58
2024-03-01,SKU00701,43
2024-03-01,SKU00703,30
2024-03-01,SKU00704,22
2024-03-01,SKU00705,52
2024-03-01,SKU00708,39
2024-03-01,SKU00709,23
2024-03-01,SKU00711,39
2024-03-01,SKU00712,76
2024-03-01,SKU00713,10
2024-03-01,SKU00715,23
2024-03-01,SKU00716,39
2024-03-01,SKU00717,140
2024-03-01,SKU00718,63
2024-03-01,SKU00719,140
2024-03-01,SKU00720,245
2024-03-01,SKU00721,75
2024-03-01,SKU00722,95
2024-03-01,SKU00724,14
2024-03-01,SKU00725,79
2024-03-01,SKU00726,219
2024-03-01,SKU00727,7
2024-03-01,SKU00729,111
2024-03-01,SKU00730,79
2024-03-01,SKU00731,62
2024-03-01,SKU00732,210
2024-03-01,SKU00734,91
2024-03-01,SKU00735,192
2024-03-01,SKU00737,222
2024-03-01,SKU00738,9
2024-03-01,SKU00739,397
2024-03-01,SKU00740,22
2024-03-01,SKU00743,105
2024-03-01,SKU00744,102
2024-03-01,SKU00747,18
2024-03-01,SKU00748,63
2024-03-01,SKU00749,6
2024-03-01,SKU00750,120
2024-03-01,SKU00751,82
2024-03-01,SKU00755,43
2024-03-01,SKU00757,16
2024-03-01,SKU00758,0
2024-03-01,SKU00759,37
2024-03-01,SKU00760,106
2024-03-01,SKU00763,38
2024-03-01,SKU00764,31
2024-03-01,SKU00767,21
2024-03-01,SKU00768,5
2024-03-01,SKU00769,55
2024-03-01,SKU00771,174
2024-03-01,SKU00773,101
2024-03-01,SKU00776,45
2024-03-01,SKU00777,69
2024-03-01,SKU00778,184
2024-03-01,SKU00779,22
2024-03-01,SKU00781,83
2024-03-01,SKU00783,78
2024-03-01,SKU00784,40
2024-03-01,SKU00785,104
2024-03-01,SKU00788,126
2024-03-01,SKU00789,22
2024-03-01,SKU00793,31
2024-03-01,SKU00794,116
2024-03-01,SKU00796,23
2024-03-01,SKU00798,6
2024-03-01,SKU00799,33
2024-04-01,SKU00001,46
2024-04-01,SKU00002,138
2024-04-01,SKU00004,194
2024-04-01,SKU00005,15
2024-04-01,SKU00006,107
2024-04-01,SKU00007,35
2024-04-01,SKU00008,49
2024-04-01,SKU00010,31
2024-04-01,SKU00013,107
2024-04-01,SKU00016,110
2024-04-01,SKU00018,93
2024-04-01,SKU00019,69
2024-04-01,SKU00022,15
2024-04-01,SKU00024,7
2024-04-01,SKU00025,96
2024-04-01,SKU00027,26
2024-04-01,SKU00032,439
2024-04-01,SKU00033,12
2024-04-01,SKU00034,14
2024-04-01,SKU00036,59
2024-04-01,SKU00039,20
2024-04-01,SKU00040,136
2024-04-01,SKU00042,36
2024-04-01,SKU00045,18
2024-04-01,SKU00047,14
2024-04-01,SKU00048,15
2024-04-01,SKU00049,65
2024-04-01,SKU00051,28
2024-04-01,SKU00052,6
2024-04-01,SKU00053,37
2024-04-01,SKU00054,59
2024-04-01,SKU00056,57
2024-04-01,SKU00059,7
2024-04-01,SKU00060,48
2024-04-01,SKU00061,79
2024-04-01,SKU00062,24
2024-04-01,SKU00063,56
2024-04-01,SKU00065,114
2024-04-01,SKU00067,77
2024-04-01,SKU00068,147
2024-04-01,SKU00070,75
2024-04-01,SKU00071,52
2024-04-01,SKU00072,136
2024-04-01,SKU00074,202
2024-04-01,SKU00075,21
2024-04-01,SKU00076,262
2024-04-01,SKU00077,89
2024-04-01,SKU00078,24
2024-04-01,SKU00079,23
2024-04-01,SKU00080,55
2024-04-01,SKU00082,16
2024-04-01,SKU00083,17
2024-04-01,SKU00093,80
2024-04-01,SKU00096,9
2024-04-01,SKU00098,9
2024-04-01,SKU00100,82
2024-04-01,SKU00101,80
2024-04-01,SKU00103,15
2024-04-01,SKU00104,51
2024-04-01,SKU00106,5
2024-04-01,SKU00107,0
2024-04-01,SKU00109,29
2024-04-01,SKU00110,162
2024-04-01,SKU00113,140
2024-04-01,SKU00114,25
2024-04-01,SKU00115,25
2024-04-01,SKU00119,70
2024-04-01,SKU00120,80
2024-04-01,SKU00121,101
2024-04-01,SKU00122,27
2024-04-01,SKU00125,21
2024-04-01,SKU00126,118
2024-04-01,SKU00127,138
2024-04-01,SKU00129,89
2024-04-01,SKU00135,88
2024-04-01,SKU00138,12
2024-04-01,SKU00141,116
2024-04-01,SKU00142,27
2024-04-01,SKU00143,125
2024-04-01,SKU00144,82
2024-04-01,SKU00145,147
2024-04-01,SKU00146,79
2024-04-01,SKU00147,66
2024-04-01,SKU00150,43
2024-04-01,SKU00152,180
2024-04-01,SKU00153,98
2024-04-01,SKU00155,9
2024-04-01,SKU00157,91
2024-04-01,SKU00158,31
2024-04-01,SKU00159,57
2024-04-01,SKU00161,15
2024-04-01,SKU00162,13
2024-04-01,SKU00164,56
2024-04-01,SKU00165,43
2024-04-01,SKU00166,20
2024-04-01,SKU00168,23
2024-04-01,SKU00169,1
2024-04-01,SKU00174,11
2024-04-01,SKU00175,23
2024-04-01,SKU00179,65
2024-04-01,SKU00180,112
2024-04-01,SKU00181,147
2024-04-01,SKU00182,60
2024-04-01,SKU00183,9
2024-04-01,SKU00187,0
2024-04-01,SKU00188,12
2024-04-01,SKU00189,54
2024-04-01,SKU00190,249
2024-04-01,SKU00191,92
2024-04-01,SKU00192,7
2024-04-01,SKU00193,14
2024-04-01,SKU00196,229
2024-04-01,SKU00200,9
2024-04-01,SKU00201,32
2024-04-01,SKU00203,39
2024-04-01,SKU00204,496
2024-04-01,SKU00207,24
2024-04-01,SKU00208,0
2024-04-01,SKU00209,136
2024-04-01,SKU00210,21
2024-04-01,SKU00211,67
2024-04-01,SKU00212,30
2024-04-01,SKU00215,15
2024-04-01,SKU00217,8
2024-04-01,SKU00218,113
2024-04-01,SKU00220,44
2024-04-01,SKU00221,20
2024-04-01,SKU00222,20
2024-04-01,SKU00223,4
2024-04-01,SKU00225,23
2024-04-01,SKU00228,159
2024-04-01,SKU00231,19
2024-04-01,SKU00232,3
2024-04-01,SKU00233,61
2024-04-01,SKU00235,26
2024-04-01,SKU00236,106
2024-04-01,SKU00239,100
2024-04-01,SKU00240,0
2024-04-01,SKU00242,71
2024-04-01,SKU00244,35
2024-04-01,SKU00246,11
2024-04-01,SKU00248,17
2024-04-01,SKU00251,98
2024-04-01,SKU00252,74
2024-04-01,SKU00253,0
2024-04-01,SKU00254,23
2024-04-01,SKU00255,46
2024-04-01,SKU00256,50
2024-04-01,SKU00259,226
2024-04-01,SKU00260,37
2024-04-01,SKU00263,33
2024-04-01,SKU00268,218
2024-04-01,SKU00271,104
2024-04-01,SKU00272,12
2024-04-01,SKU00274,50
2024-04-01,SKU00275,121
2024-04-01,SKU00276,23
2024-04-01,SKU00277,44
2024-04-01,SKU00278,64
2024-04-01,SKU00281,242
2024-04-01,SKU00284,37
2024-04-01,SKU00285,74
2024-04-01,SKU00286,70
2024-04-01,SKU00287,27
2024-04-01,SKU00288,23
2024-04-01,SKU00289,36
2024-04-01,SKU00291,88
2024-04-01,SKU00293,14
2024-04-01,SKU00294,40
2024-04-01,SKU00296,181
2024-04-01,SKU00297,44
2024-04-01,SKU00298,97
2024-04-01,SKU00301,36
2024-04-01,SKU00302,77
2024-04-01,SKU00306,76
2024-04-01,SKU00307,25
2024-04-01,SKU00309,24
2024-04-01,SKU00311,122
2024-04-01,SKU00312,17
2024-04-01,SKU00313,171
2024-04-01,SKU00316,16
2024-04-01,SKU00317,38
2024-04-01,SKU00319,2
2024-04-01,SKU00320,116
2024-04-01,SKU00321,2
2024-04-01,SKU00322,97
2024-04-01,SKU00323,30
2024-04-01,SKU00324,56
2024-04-01,SKU00325,51
2024-04-01,SKU00327,119
2024-04-01,SKU00328,78
2024-04-01,SKU00329,136
2024-04-01,SKU00331,11
2024-04-01,SKU00333,187
2024-04-01,SKU00337,84
2024-04-01,SKU00338,10
2024-04-01,SKU00340,367
2024-04-01,SKU00343,80
2024-04-01,SKU00348,54
2024-04-01,SKU00349,209
2024-04-01,SKU00350,36
2024-04-01,SKU00351,93
2024-04-01,SKU00354,213
2024-04-01,SKU00355,5
2024-04-01,SKU00357,51
2024-04-01,SKU00359,17
2024-04-01,SKU00361,41
2024-04-01,SKU00362,31
2024-04-01,SKU00363,76
2024-04-01,SKU00364,15
2024-04-01,SKU00365,22
2024-04-01,SKU00366,32
2024-04-01,SKU00372,37
2024-04-01,SKU00374,31
2024-04-01,SKU00375,184
2024-04-01,SKU00376,231
2024-04-01,SKU00377,74
2024-04-01,SKU00378,2
2024-04-01,SKU00380,26
2024-04-01,SKU00381,39
2024-04-01,SKU00383,351
2024-04-01,SKU00384,8
2024-04-01,SKU00389,74
2024-04-01,SKU00390,1
2024-04-01,SKU00391,22
2024-04-01,SKU00394,15
2024-04-01,SKU00404,20
2024-04-01,SKU00405,90
2024-04-01,SKU00406,47
2024-04-01,SKU00407,125
2024-04-01,SKU00408,59
2024-04-01,SKU00409,6
2024-04-01,SKU00410,64
2024-04-01,SKU00414,163
2024-04-01,SKU00415,42
2024-04-01,SKU00416,14
2024-04-01,SKU00418,18
2024-04-01,SKU00421,108
2024-04-01,SKU00424,66
2024-04-01,SKU00425,26
2024-04-01,SKU00426,82
2024-04-01,SKU00427,46
2024-04-01,SKU00428,29
2024-04-01,SKU00430,57
2024-04-01,SKU00431,72
2024-04-01,SKU00433,75
2024-04-01,SKU00435,34
2024-04-01,SKU00437,19
2024-04-01,SKU00439,8
2024-04-01,SKU00441,13
2024-04-01,SKU00442,34
2024-04-01,SKU00443,12
2024-04-01,SKU00444,65
2024-04-01,SKU00446,70
2024-04-01,SKU00447,549
2024-04-01,SKU00448,50
2024-04-01,SKU00449,17
2024-04-01,SKU00450,24
2024-04-01,SKU00452,12
2024-04-01,SKU00453,110
2024-04-01,SKU00454,113
2024-04-01,SKU00455,119
2024-04-01,SKU00457,117
2024-04-01,SKU00460,156
2024-04-01,SKU00463,111
2024-04-01,SKU00464,67
2024-04-01,SKU00465,34
2024-04-01,SKU00467,120
2024-04-01,SKU00469,16
2024-04-01,SKU00472,19
2024-04-01,SKU00473,102
2024-04-01,SKU00474,153
2024-04-01,SKU00475,23
2024-04-01,SKU00476,61
2024-04-01,SKU00477,54
2024-04-01,SKU00478,80
2024-04-01,SKU00481,46
2024-04-01,SKU00482,30
2024-04-01,SKU00484,20
2024-04-01,SKU00488,63
2024-04-01,SKU00491,56
2024-04-01,SKU00492,93
2024-04-01,SKU00493,47
2024-04-01,SKU00495,143
2024-04-01,SKU00497,67
2024-04-01,SKU00500,22
2024-04-01,SKU00501,8
2024-04-01,SKU00502,24
2024-04-01,SKU00503,27
2024-04-01,SKU00504,51
2024-04-01,SKU00506,66
2024-04-01,SKU00508,98
2024-04-01,SKU00509,53
2024-04-01,SKU00510,58
2024-04-01,SKU00511,7
2024-04-01,SKU00512,65
2024-04-01,SKU00513,24
2024-04-01,SKU00515,15
2024-04-01,SKU00516,58
2024-04-01,SKU00517,32
2024-04-01,SKU00520,10
2024-04-01,SKU00522,9
2024-04-01,SKU00524,43
2024-04-01,SKU00525,22
2024-04-01,SKU00528,41
2024-04-01,SKU00529,263
2024-04-01,SKU00530,416
2024-04-01,SKU00533,106
2024-04-01,SKU00534,202
2024-04-01,SKU00535,37
2024-04-01,SKU00537,175
2024-04-01,SKU00538,9
2024-04-01,SKU00540,78
2024-04-01,SKU00541,57
2024-04-01,SKU00544,74
2024-04-01,SKU00545,11
2024-04-01,SKU00546,173
2024-04-01,SKU00548,32
2024-04-01,SKU00549,9
2024-04-01,SKU00551,5
2024-04-01,SKU00556,72
2024-04-01,SKU00557,61
2024-04-01,SKU00560,98
2024-04-01,SKU00561,28
2024-04-01,SKU00562,85
2024-04-01,SKU00563,225
2024-04-01,SKU00564,55
2024-04-01,SKU00565,56
2024-04-01,SKU00566,196
2024-04-01,SKU00567,3
2024-04-01,SKU00569,77
2024-04-01,SKU00571,37
2024-04-01,SKU00572,12
2024-04-01,SKU00576,56
2024-04-01,SKU00577,109
2024-04-01,SKU00581,57
2024-04-01,SKU00583,47
2024-04-01,SKU00584,17
2024-04-01,SKU00586,45
2024-04-01,SKU00587,80
2024-04-01,SKU00589,68
2024-04-01,SKU00590,119
2024-04-01,SKU00591,38
2024-04-01,SKU00593,13
2024-04-01,SKU00594,39
2024-04-01,SKU00596,28
2024-04-01,SKU00597,44
2024-04-01,SKU00600,56
2024-04-01,SKU00607,230
2024-04-01,SKU00608,26
2024-04-01,SKU00611,55
2024-04-01,SKU00612,61
2024-04-01,SKU00613,15
2024-04-01,SKU00616,33
2024-04-01,SKU00617,15
2024-04-01,SKU00618,72
2024-04-01,SKU00619,130
2024-04-01,SKU00621,9
2024-04-01,SKU00622,22
2024-04-01,SKU00623,32
2024-04-01,SKU00626,44
2024-04-01,SKU00627,44
2024-04-01,SKU00628,227
2024-04-01,SKU00629,31
2024-04-01,SKU00631,4
2024-04-01,SKU00632,6
2024-04-01,SKU00633,259
2024-04-01,SKU00634,41
2024-04-01,SKU00635,23
2024-04-01,SKU00636,221
2024-04-01,SKU00637,17
2024-04-01,SKU00638,14
2024-04-01,SKU00639,14
2024-04-01,SKU00641,19
2024-04-01,SKU00642,94
2024-04-01,SKU00644,23
2024-04-01,SKU00647,21
2024-04-01,SKU00649,228
2024-04-01,SKU00650,175
2024-04-01,SKU00651,183
2024-04-01,SKU00654,66
2024-04-01,SKU00655,42
2024-04-01,SKU00656,15
2024-04-01,SKU00657,106
2024-04-01,SKU00659,43
2024-04-01,SKU00660,23
2024-04-01,SKU00661,173
2024-04-01,SKU00662,94
2024-04-01,SKU00665,41
2024-04-01,SKU00667,18
2024-04-01,SKU00668,153
2024-04-01,SKU00670,15
2024-04-01,SKU00671,29
2024-04-01,SKU00672,60
2024-04-01,SKU00673,235
2024-04-01,SKU00675,43
2024-04-01,SKU00678,195
2024-04-01,SKU00679,340
2024-04-01,SKU00680,52
2024-04-01,SKU00681,447
2024-04-01,SKU00682,10
2024-04-01,SKU00684,30
2024-04-01,SKU00686,8
2024-04-01,SKU00688,130
2024-04-01,SKU00690,8
2024-04-01,SKU00692,33
2024-04-01,SKU00693,40
2024-04-01,SKU00696,144
2024-04-01,SKU00697,76
2024-04-01,SKU00698,20
2024-04-01,SKU00699,40
2024-04-01,SKU00701,41
2024-04-01,SKU00703,29
2024-04-01,SKU00704,42
2024-04-01,SKU00705,62
2024-04-01,SKU00708,72
2024-04-01,SKU00709,8
2024-04-01,SKU00711,27
2024-04-01,SKU00712,55
2024-04-01,SKU00713,9
2024-04-01,SKU00715,14
2024-04-01,SKU00716,41
2024-04-01,SKU00717,116
2024-04-01,SKU00718,61
2024-04-01,SKU00719,182
2024-04-01,SKU00720,263
2024-04-01,SKU00721,112
2024-04-01,SKU00722,121
2024-04-01,SKU00724,15
2024-04-01,SKU00725,137
2024-04-01,SKU00726,254
2024-04-01,SKU00727,23
2024-04-01,SKU00729,67
2024-04-01,SKU00730,59
2024-04-01,SKU00731,56
2024-04-01,SKU00732,274
2024-04-01,SKU00734,67
2024-04-01,SKU00735,440
2024-04-01,SKU00737,225
2024-04-01,SKU00738,10
2024-04-01,SKU00739,529
2024-04-01,SKU00740,41
2024-04-01,SKU00743,67
2024-04-01,SKU00744,57
2024-04-01,SKU00747,35
2024-04-01,SKU00748,48
2024-04-01,SKU00749,19
2024-04-01,SKU00750,127
2024-04-01,SKU00751,137
2024-04-01,SKU00755,44
2024-04-01,SKU00757,13
2024-04-01,SKU00758,9
2024-04-01,SKU00759,88
2024-04-01,SKU00760,41
2024-04-01,SKU00763,37
2024-04-01,SKU00764,23
2024-04-01,SKU00767,22
2024-04-01,SKU00768,19
2024-04-01,SKU00769,62
2024-04-01,SKU00771,122
2024-04-01,SKU00773,158
2024-04-01,SKU00775,31
2024-04-01,SKU00776,54
2024-04-01,SKU00777,64
2024-04-01,SKU00778,110
2024-04-01,SKU00779,25
2024-04-01,SKU00781,82
2024-04-01,SKU00783,65
2024-04-01,SKU00784,99
2024-04-01,SKU00785,102
2024-04-01,SKU00788,122
2024-04-01,SKU00789,37
2024-04-01,SKU00793,18
2024-04-01,SKU00794,113
2024-04-01,SKU00796,13
2024-04-01,SKU00798,16
2024-04-01,SKU00799,13
2024-05-01,SKU00001,68
2024-05-01,SKU00002,126
2024-05-01,SKU00004,226
2024-05-01,SKU00005,23
2024-05-01,SKU00006,70
2024-05-01,SKU00007,40
2024-05-01,SKU00008,52
2024-05-01,SKU00010,64
2024-05-01,SKU00013,172
2024-05-01,SKU00015,77
2024-05-01,SKU00016,67
2024-05-01,SKU00018,109
2024-05-01,SKU00019,90
2024-05-01,SKU00022,4
2024-05-01,SKU00024,11
2024-05-01,SKU00025,142
2024-05-01,SKU00026,300
2024-05-01,SKU00032,176
2024-05-01,SKU00033,33
2024-05-01,SKU00034,25
2024-05-01,SKU00036,41
2024-05-01,SKU00039,36
2024-05-01,SKU00040,180
2024-05-01,SKU00042,99
2024-05-01,SKU00045,17
2024-05-01,SKU00047,23
2024-05-01,SKU00048,29
2024-05-01,SKU00049,193
2024-05-01,SKU00051,5
2024-05-01,SKU00052,3
2024-05-01,SKU00053,23
2024-05-01,SKU00054,52
2024-05-01,SKU00056,26
2024-05-01,SKU00059,0
2024-05-01,SKU00060,48
2024-05-01,SKU00061,102
2024-05-01,SKU00062,45
2024-05-01,SKU00063,42
2024-05-01,SKU00065,107
2024-05-01,SKU00067,58
2024-05-01,SKU00068,81
2024-05-01,SKU00070,58
2024-05-01,SKU00071,18
2024-05-01,SKU00072,85
2024-05-01,SKU00074,233
2024-05-01,SKU00075,13
2024-05-01,SKU00076,221
2024-05-01,SKU00077,60
2024-05-01,SKU00078,7
2024-05-01,SKU00079,11
2024-05-01,SKU00080,34
2024-05-01,SKU00082,4
2024-05-01,SKU00083,29
2024-05-01,SKU00093,83
2024-05-01,SKU00096,1
2024-05-01,SKU00098,16
2024-05-01,SKU00100,53
2024-05-01,SKU00101,70
2024-05-01,SKU00103,17
2024-05-01,SKU00104,68
2024-05-01,SKU00106,16
2024-05-01,SKU00107,19
2024-05-01,SKU00109,16
2024-05-01,SKU00110,120
2024-05-01,SKU00113,69
2024-05-01,SKU00114,6
2024-05-01,SKU00115,14
2024-05-01,SKU00117,35
2024-05-01,SKU00119,42
2024-05-01,SKU00120,44
2024-05-01,SKU00121,57
2024-05-01,SKU00122,61
2024-05-01,SKU00125,25
2024-05-01,SKU00126,85
2024-05-01,SKU00127,128
2024-05-01,SKU00129,108
2024-05-01,SKU00135,82
2024-05-01,SKU00138,49
2024-05-01,SKU00141,140
2024-05-01,SKU00142,31
2024-05-01,SKU00143,126
2024-05-01,SKU00144,129
2024-05-01,SKU00145,131
2024-05-01,SKU00146,44
2024-05-01,SKU00147,92
2024-05-01,SKU00150,27
2024-05-01,SKU00152,204
2024-05-01,SKU00153,89
2024-05-01,SKU00155,26
2024-05-01,SKU00157,46
2024-05-01,SKU00158,30
2024-05-01,SKU00159,47
2024-05-01,SKU00161,27
2024-05-01,SKU00162,16
2024-05-01,SKU00164,32
2024-05-01,SKU00165,23
2024-05-01,SKU00166,34
2024-05-01,SKU00168,16
2024-05-01,SKU00169,27
2024-05-01,SKU00171,11
2024-05-01,SKU00173,74
2024-05-01,SKU00174,19
2024-05-01,SKU00175,28
2024-05-01,SKU00179,125
2024-05-01,SKU00180,135
2024-05-01,SKU00181,163
2024-05-01,SKU00182,54
2024-05-01,SKU00183,12
2024-05-01,SKU00187,15
2024-05-01,SKU00188,21
2024-05-01,SKU00189,53
2024-05-01,SKU00190,247
2024-05-01,SKU00191,88
2024-05-01,SKU00192,32
2024-05-01,SKU00193,26
2024-05-01,SKU00196,159
2024-05-01,SKU00200,11
2024-05-01,SKU00201,38
2024-05-01,SKU00203,38
2024-05-01,SKU00204,514
2024-05-01,SKU00207,21
2024-05-01,SKU00208,8
2024-05-01,SKU00209,119
2024-05-01,SKU00210,26
2024-05-01,SKU00211,66
2024-05-01,SKU00212,28
2024-05-01,SKU00213,93
2024-05-01,SKU00215,22
2024-05-01,SKU00217,8
2024-05-01,SKU00218,105
2024-05-01,SKU00220,22
2024-05-01,SKU00221,73
2024-05-01,SKU00222,6
2024-05-01,SKU00223,4
2024-05-01,SKU00225,13
2024-05-01,SKU00228,111
2024-05-01,SKU00231,11
2024-05-01,SKU00232,1
2024-05-01,SKU00233,68
2024-05-01,SKU00235,33
2024-05-01,SKU00236,53
2024-05-01,SKU00239,86
2024-05-01,SKU00240,3
2024-05-01,SKU00242,97
2024-05-01,SKU00244,36
2024-05-01,SKU00246,5
2024-05-01,SKU00248,17
2024-05-01,SKU00251,48
2024-05-01,SKU00252,32
2024-05-01,SKU00253,4
2024-05-01,SKU00254,12
2024-05-01,SKU00255,31
2024-05-01,SKU00256,88
2024-05-01,SKU00259,346
2024-05-01,SKU00260,30
2024-05-01,SKU00263,16
2024-05-01,SKU00268,201
2024-05-01,SKU00271,98
2024-05-01,SKU00272,6
2024-05-01,SKU00274,96
2024-05-01,SKU00275,154
2024-05-01,SKU00276,14
2024-05-01,SKU00277,55
2024-05-01,SKU00278,52
2024-05-01,SKU00281,325
2024-05-01,SKU00284,40
2024-05-01,SKU00285,45
2024-05-01,SKU00286,65
2024-05-01,SKU00287,33
2024-05-01,SKU00288,13
2024-05-01,SKU00289,5
2024-05-01,SKU00291,89
2024-05-01,SKU00293,32
2024-05-01,SKU00294,15
2024-05-01,SKU00296,206
2024-05-01,SKU00297,8
2024-05-01,SKU00298,46
2024-05-01,SKU00301,19
2024-05-01,SKU00302,83
2024-05-01,SKU00306,90
2024-05-01,SKU00307,30
2024-05-01,SKU00309,6
2024-05-01,SKU00311,95
2024-05-01,SKU00312,15
2024-05-01,SKU00313,152
2024-05-01,SKU00316,22
2024-05-01,SKU00317,65
2024-05-01,SKU00319,11
2024-05-01,SKU00320,140
2024-05-01,SKU00321,25
2024-05-01,SKU00322,138
2024-05-01,SKU00323,41
2024-05-01,SKU00324,47
2024-05-01,SKU00325,34
2024-05-01,SKU00327,73
2024-05-01,SKU00328,78
2024-05-01,SKU00329,137
2024-05-01,SKU00331,22
2024-05-01,SKU00333,158
2024-05-01,SKU00337,101
2024-05-01,SKU00338,19
2024-05-01,SKU00340,467
2024-05-01,SKU00343,32
2024-05-01,SKU00348,47
2024-05-01,SKU00349,177
2024-05-01,SKU00350,19
2024-05-01,SKU00351,88
2024-05-01,SKU00354,266
2024-05-01,SKU00355,8
2024-05-01,SKU00357,18
2024-05-01,SKU00359,22
2024-05-01,SKU00361,11
2024-05-01,SKU00362,79
2024-05-01,SKU00363,81
2024-05-01,SKU00364,18
2024-05-01,SKU00365,0
2024-05-01,SKU00366,20
2024-05-01,SKU00372,24
2024-05-01,SKU00374,62
2024-05-01,SKU00375,196
2024-05-01,SKU00376,145
2024-05-01,SKU00377,25
2024-05-01,SKU00378,16
2024-05-01,SKU00380,34
2024-05-01,SKU00381,32
2024-05-01,SKU00383,265
2024-05-01,SKU00384,12
2024-05-01,SKU00389,60
2024-05-01,SKU00390,35
2024-05-01,SKU00391,8
2024-05-01,SKU00394,11
2024-05-01,SKU00404,24
2024-05-01,SKU00405,101
2024-05-01,SKU00406,43
2024-05-01,SKU00407,127
2024-05-01,SKU00408,36
2024-05-01,SKU00409,8
2024-05-01,SKU00410,63
2024-05-01,SKU00412,117
2024-05-01,SKU00413,21
2024-05-01,SKU00414,197
2024-05-01,SKU00415,33
2024-05-01,SKU00416,20
2024-05-01,SKU00418,15
2024-05-01,SKU00421,74
2024-05-01,SKU00424,31
2024-05-01,SKU00425,33
2024-05-01,SKU00426,64
2024-05-01,SKU00427,43
2024-05-01,SKU00428,21
2024-05-01,SKU00430,41
2024-05-01,SKU00431,67
2024-05-01,SKU00433,76
2024-05-01,SKU00435,14
2024-05-01,SKU00437,14
2024-05-01,SKU00439,4
2024-05-01,SKU00441,10
2024-05-01,SKU00443,0
2024-05-01,SKU00444,55
2024-05-01,SKU00446,96
2024-05-01,SKU00447,565
2024-05-01,SKU00448,38
2024-05-01,SKU00449,16
2024-05-01,SKU00450,23
2024-05-01,SKU00452,13
2024-05-01,SKU00453,142
2024-05-01,SKU00454,96
2024-05-01,SKU00455,122
2024-05-01,SKU00457,140
2024-05-01,SKU00460,151
2024-05-01,SKU00463,79
2024-05-01,SKU00464,116
2024-05-01,SKU00465,54
2024-05-01,SKU00467,162
2024-05-01,SKU00469,2
2024-05-01,SKU00472,24
2024-05-01,SKU00473,105
2024-05-01,SKU00474,79
2024-05-01,SKU00475,22
2024-05-01,SKU00476,33
2024-05-01,SKU00477,45
2024-05-01,SKU00478,35
2024-05-01,SKU00481,52
2024-05-01,SKU00482,14
2024-05-01,SKU00484,12
2024-05-01,SKU00488,49
2024-05-01,SKU00491,49
2024-05-01,SKU00492,55
2024-05-01,SKU00493,57
2024-05-01,SKU00495,90
2024-05-01,SKU00497,69
2024-05-01,SKU00500,39
2024-05-01,SKU00501,12
2024-05-01,SKU00502,2
2024-05-01,SKU00503,34
2024-05-01,SKU00504,65
2024-05-01,SKU00506,88
2024-05-01,SKU00508,125
2024-05-01,SKU00509,66
2024-05-01,SKU00510,49
2024-05-01,SKU00511,19
2024-05-01,SKU00512,69
2024-05-01,SKU00513,39
2024-05-01,SKU00515,30
2024-05-01,SKU00516,25
2024-05-01,SKU00517,93
2024-05-01,SKU00520,12
2024-05-01,SKU00522,23
2024-05-01,SKU00523,9
2024-05-01,SKU00524,8
2024-05-01,SKU00525,18
2024-05-01,SKU00528,40
2024-05-01,SKU00529,511
2024-05-01,SKU00530,374
2024-05-01,SKU00533,134
2024-05-01,SKU00534,190
2024-05-01,SKU00535,42
2024-05-01,SKU00537,170
2024-05-01,SKU00538,16
2024-05-01,SKU00539,12
2024-05-01,SKU00540,54
2024-05-01,SKU00541,82
2024-05-01,SKU00544,52
2024-05-01,SKU00545,0
2024-05-01,SKU00546,178
2024-05-01,SKU00548,42
2024-05-01,SKU00549,23
2024-05-01,SKU00551,29
2024-05-01,SKU00556,80
2024-05-01,SKU00557,14
2024-05-01,SKU00560,107
2024-05-01,SKU00561,30
2024-05-01,SKU00562,74
2024-05-01,SKU00563,215
2024-05-01,SKU00564,39
2024-05-01,SKU00565,47
2024-05-01,SKU00566,143
2024-05-01,SKU00567,2
2024-05-01,SKU00569,125
2024-05-01,SKU00571,31
2024-05-01,SKU00572,25
2024-05-01,SKU00576,35
2024-05-01,SKU00577,96
2024-05-01,SKU00579,31
2024-05-01,SKU00581,37
2024-05-01,SKU00583,41
2024-05-01,SKU00584,4
2024-05-01,SKU00586,48
2024-05-01,SKU00587,114
2024-05-01,SKU00588,105
2024-05-01,SKU00589,86
2024-05-01,SKU00590,70
2024-05-01,SKU00591,23
2024-05-01,SKU00593,12
2024-05-01,SKU00594,14
2024-05-01,SKU00596,23
2024-05-01,SKU00597,39
2024-05-01,SKU00600,56
2024-05-01,SKU00602,53
2024-05-01,SKU00607,227
2024-05-01,SKU00608,9
2024-05-01,SKU00611,42
2024-05-01,SKU00612,64
2024-05-01,SKU00613,24
2024-05-01,SKU00616,44
2024-05-01,SKU00617,6
2024-05-01,SKU00618,130
2024-05-01,SKU00619,98
2024-05-01,SKU00621,2
2024-05-01,SKU00622,0
2024-05-01,SKU00623,18
2024-05-01,SKU00624,28
2024-05-01,SKU00626,21
2024-05-01,SKU00627,49
2024-05-01,SKU00628,107
2024-05-01,SKU00629,41
2024-05-01,SKU00631,18
2024-05-01,SKU00632,14
2024-05-01,SKU00633,316
2024-05-01,SKU00634,45
2024-05-01,SKU00635,23
2024-05-01,SKU00636,220
2024-05-01,SKU00637,23
2024-05-01,SKU00638,13
2024-05-01,SKU00639,38
2024-05-01,SKU00641,9
2024-05-01,SKU00642,62
2024-05-01,SKU00644,4
2024-05-01,SKU00647,2
2024-05-01,SKU00649,180
2024-05-01,SKU00650,195
2024-05-01,SKU00651,137
2024-05-01,SKU00654,74
2024-05-01,SKU00655,72
2024-05-01,SKU00656,25
2024-05-01,SKU00657,107
2024-05-01,SKU00658,10
2024-05-01,SKU00659,83
2024-05-01,SKU00660,32
2024-05-01,SKU00661,132
2024-05-01,SKU00662,91
2024-05-01,SKU00665,91
2024-05-01,SKU00667,13
2024-05-01,SKU00668,194
2024-05-01,SKU00670,11
2024-05-01,SKU00671,34
2024-05-01,SKU00672,70
2024-05-01,SKU00673,195
2024-05-01,SKU00675,55
2024-05-01,SKU00678,242
2024-05-01,SKU00679,467
2024-05-01,SKU00680,55
2024-05-01,SKU00681,431
2024-05-01,SKU00682,31
2024-05-01,SKU00684,34
2024-05-01,SKU00686,0
2024-05-01,SKU00688,95
2024-05-01,SKU00690,25
2024-05-01,SKU00692,25
2024-05-01,SKU00693,68
2024-05-01,SKU00696,125
2024-05-01,SKU00697,83
2024-05-01,SKU00698,7
2024-05-01,SKU00699,32
2024-05-01,SKU00701,41
2024-05-01,SKU00703,11
2024-05-01,SKU00704,5
2024-05-01,SKU00705,99
2024-05-01,SKU00708,59
2024-05-01,SKU00709,19
2024-05-01,SKU00711,37
2024-05-01,SKU00712,52
2024-05-01,SKU00713,9
2024-05-01,SKU00715,19
2024-05-01,SKU00716,37
2024-05-01,SKU00717,76
2024-05-01,SKU00718,53
2024-05-01,SKU00719,101
2024-05-01,SKU00720,407
2024-05-01,SKU00721,88
2024-05-01,SKU00722,139
2024-05-01,SKU00723,557
2024-05-01,SKU00724,34
2024-05-01,SKU00725,135
2024-05-01,SKU00726,214
2024-05-01,SKU00727,26
2024-05-01,SKU00729,117
2024-05-01,SKU00730,87
2024-05-01,SKU00731,65
2024-05-01,SKU00732,209
2024-05-01,SKU00734,57
2024-05-01,SKU00735,342
2024-05-01,SKU00737,348
2024-05-01,SKU00738,31
2024-05-01,SKU00739,448
2024-05-01,SKU00740,37
2024-05-01,SKU00743,80
2024-05-01,SKU00744,81
2024-05-01,SKU00745,17
2024-05-01,SKU00747,13
2024-05-01,SKU00748,53
2024-05-01,SKU00749,19
2024-05-01,SKU00750,53
2024-05-01,SKU00751,67
2024-05-01,SKU00755,52
2024-05-01,SKU00757,17
2024-05-01,SKU00758,7
2024-05-01,SKU00759,89
2024-05-01,SKU00760,63
2024-05-01,SKU00763,50
2024-05-01,SKU00764,17
2024-05-01,SKU00767,34
2024-05-01,SKU00768,24
2024-05-01,SKU00769,50
2024-05-01,SKU00771,152
2024-05-01,SKU00773,119
2024-05-01,SKU00775,39
2024-05-01,SKU00776,33
2024-05-01,SKU00777,60
2024-05-01,SKU00778,149
2024-05-01,SKU00779,22
2024-05-01,SKU00781,90
2024-05-01,SKU00783,101
2024-05-01,SKU00784,47
2024-05-01,SKU00785,160
2024-05-01,SKU00788,141
2024-05-01,SKU00789,26
2024-05-01,SKU00793,30
2024-05-01,SKU00794,119
2024-05-01,SKU00796,10
2024-05-01,SKU00798,22
2024-05-01,SKU00799,2
2024-06-01,SKU00001,62
2024-06-01,SKU00002,119
2024-06-01,SKU00004,336
2024-06-01,SKU00005,0
2024-06-01,SKU00006,62
2024-06-01,SKU00007,42
2024-06-01,SKU00008,39
2024-06-01,SKU00010,51
2024-06-01,SKU00013,137
2024-06-01,SKU00015,39
2024-06-01,SKU00016,62
2024-06-01,SKU00018,89
2024-06-01,SKU00019,89
2024-06-01,SKU00022,20
2024-06-01,SKU00024,5
2024-06-01,SKU00025,92
2024-06-01,SKU00026,147
2024-06-01,SKU00032,452
2024-06-01,SKU00033,25
2024-06-01,SKU00034,36
2024-06-01,SKU00036,75
2024-06-01,SKU00039,26
2024-06-01,SKU00040,132
2024-06-01,SKU00042,62
2024-06-01,SKU00045,0
2024-06-01,SKU00047,41
2024-06-01,SKU00048,30
2024-06-01,SKU00049,102
2024-06-01,SKU00051,8
2024-06-01,SKU00052,0
2024-06-01,SKU00053,25
2024-06-01,SKU00054,65
2024-06-01,SKU00056,35
2024-06-01,SKU00059,17
2024-06-01,SKU00060,35
2024-06-01,SKU00061,65
2024-06-01,SKU00062,75
2024-06-01,SKU00063,135
2024-06-01,SKU00065,107
2024-06-01,SKU00067,51
2024-06-01,SKU00068,80
2024-06-01,SKU00070,25
2024-06-01,SKU00071,38
2024-06-01,SKU00072,77
2024-06-01,SKU00074,215
2024-06-01,SKU00075,16
2024-06-01,SKU00076,171
2024-06-01,SKU00077,69
2024-06-01,SKU00078,26
2024-06-01,SKU00079,12
2024-06-01,SKU00080,44
2024-06-01,SKU00082,11
2024-06-01,SKU00083,31
2024-06-01,SKU00093,78
2024-06-01,SKU00096,0
2024-06-01,SKU00098,13
2024-06-01,SKU00100,94
2024-06-01,SKU00101,38
2024-06-01,SKU00103,1
2024-06-01,SKU00104,50
2024-06-01,SKU00106,9
2024-06-01,SKU00107,9
2024-06-01,SKU00109,24
2024-06-01,SKU00110,138
2024-06-01,SKU00113,169
2024-06-01,SKU00114,21
2024-06-01,SKU00115,19
2024-06-01,SKU00117,18
2024-06-01,SKU00118,9
2024-06-01,SKU00119,40
2024-06-01,SKU00120,72
2024-06-01,SKU00121,87
2024-06-01,SKU00122,61
2024-06-01,SKU00125,19
2024-06-01,SKU00126,66
2024-06-01,SKU00127,140
2024-06-01,SKU00129,118
2024-06-01,SKU00135,114
2024-06-01,SKU00136,574
2024-06-01,SKU00138,62
2024-06-01,SKU00141,109
2024-06-01,SKU00142,26
2024-06-01,SKU00143,68
2024-06-01,SKU00144,66
2024-06-01,SKU00145,119
2024-06-01,SKU00146,33
2024-06-01,SKU00147,92
2024-06-01,SKU00150,32
2024-06-01,SKU00152,259
2024-06-01,SKU00153,153
2024-06-01,SKU00155,37
2024-06-01,SKU00157,43
2024-06-01,SKU00158,78
2024-06-01,SKU00159,38
2024-06-01,SKU00161,17
2024-06-01,SKU00162,21
2024-06-01,SKU00164,65
2024-06-01,SKU00165,36
2024-06-01,SKU00166,34
2024-06-01,SKU00167,135
2024-06-01,SKU00168,19
2024-06-01,SKU00169,23
2024-06-01,SKU00171,18
2024-06-01,SKU00173,70
2024-06-01,SKU00174,11
2024-06-01,SKU00175,25
2024-06-01,SKU00179,136
2024-06-01,SKU00180,137
2024-06-01,SKU00181,104
2024-06-01,SKU00182,43
2024-06-01,SKU00183,8
2024-06-01,SKU00187,16
2024-06-01,SKU00188,15
2024-06-01,SKU00189,59
2024-06-01,SKU00190,260
2024-06-01,SKU00191,117
2024-06-01,SKU00192,22
2024-06-01,SKU00193,18
2024-06-01,SKU00196,170
2024-06-01,SKU00200,9
2024-06-01,SKU00201,47
2024-06-01,SKU00203,17
2024-06-01,SKU00204,337
2024-06-01,SKU00207,41
2024-06-01,SKU00208,9
2024-06-01,SKU00209,115
2024-06-01,SKU00210,28
2024-06-01,SKU00211,64
2024-06-01,SKU00212,12
2024-06-01,SKU00213,88
2024-06-01,SKU00215,17
2024-06-01,SKU00217,32
2024-06-01,SKU00218,144
2024-06-01,SKU00220,53
2024-06-01,SKU00221,53
2024-06-01,SKU00222,17
2024-06-01,SKU00223,21
2024-06-01,SKU00225,15
2024-06-01,SKU00228,135
2024-06-01,SKU00231,16
2024-06-01,SKU00232,14
2024-06-01,SKU00233,42
2024-06-01,SKU00235,41
2024-06-01,SKU00236,112
2024-06-01,SKU00239,72
2024-06-01,SKU00240,6
2024-06-01,SKU00242,92
2024-06-01,SKU00244,59
2024-06-01,SKU00246,25
2024-06-01,SKU00248,25
2024-06-01,SKU00251,113
2024-06-01,SKU00252,58
2024-06-01,SKU00253,10
2024-06-01,SKU00254,21
2024-06-01,SKU00255,81
2024-06-01,SKU00256,49
2024-06-01,SKU00259,289
2024-06-01,SKU00260,41
2024-06-01,SKU00263,37
2024-06-01,SKU00266,29
2024-06-01,SKU00268,223
2024-06-01,SKU00271,92
2024-06-01,SKU00272,19
2024-06-01,SKU00274,100
2024-06-01,SKU00275,128
2024-06-01,SKU00276,25
2024-06-01,SKU00277,49
2024-06-01,SKU00278,62
2024-06-01,SKU00281,132
2024-06-01,SKU00284,19
2024-06-01,SKU00286,50
2024-06-01,SKU00287,29
2024-06-01,SKU00288,15
2024-06-01,SKU00289,15
2024-06-01,SKU00291,93
2024-06-01,SKU00293,12
2024-06-01,SKU00294,20
2024-06-01,SKU00295,327
2024-06-01,SKU00296,126
2024-06-01,SKU00297,39
2024-06-01,SKU00298,79
2024-06-01,SKU00301,30
2024-06-01,SKU00302,102
2024-06-01,SKU00307,46
2024-06-01,SKU00309,8
2024-06-01,SKU00311,129
2024-06-01,SKU00312,17
2024-06-01,SKU00313,319
2024-06-01,SKU00314,285
2024-06-01,SKU00316,12
2024-06-01,SKU00317,46
2024-06-01,SKU00319,4
2024-06-01,SKU00320,156
2024-06-01,SKU00321,5
2024-06-01,SKU00322,186
2024-06-01,SKU00323,37
2024-06-01,SKU00324,53
2024-06-01,SKU00325,32
2024-06-01,SKU00327,70
2024-06-01,SKU00328,43
2024-06-01,SKU00329,95
2024-06-01,SKU00331,2
2024-06-01,SKU00333,117
2024-06-01,SKU00337,137
2024-06-01,SKU00338,25
2024-06-01,SKU00340,465
2024-06-01,SKU00343,35
2024-06-01,SKU00348,42
2024-06-01,SKU00349,148
2024-06-01,SKU00350,15
2024-06-01,SKU00351,76
2024-06-01,SKU00352,34
2024-06-01,SKU00354,219
2024-06-01,SKU00355,5
2024-06-01,SKU00357,13
2024-06-01,SKU00358,24
2024-06-01,SKU00359,20
2024-06-01,SKU00361,13
2024-06-01,SKU00362,54
2024-06-01,SKU00363,78
2024-06-01,SKU00364,14
2024-06-01,SKU00365,0
2024-06-01,SKU00366,15
2024-06-01,SKU00372,102
2024-06-01,SKU00374,54
2024-06-01,SKU00375,135
2024-06-01,SKU00376,127
2024-06-01,SKU00377,22
2024-06-01,SKU00378,24
2024-06-01,SKU00380,35
2024-06-01,SKU00381,27
2024-06-01,SKU00383,419
2024-06-01,SKU00384,26
2024-06-01,SKU00389,91
2024-06-01,SKU00390,0
2024-06-01,SKU00391,26
2024-06-01,SKU00394,15
2024-06-01,SKU00404,49
2024-06-01,SKU00405,62
2024-06-01,SKU00406,47
2024-06-01,SKU00407,92
2024-06-01,SKU00408,60
2024-06-01,SKU00409,1
2024-06-01,SKU00410,85
2024-06-01,SKU00412,58
2024-06-01,SKU00413,14
2024-06-01,SKU00414,293
2024-06-01,SKU00415,71
2024-06-01,SKU00416,33
2024-06-01,SKU00418,10
2024-06-01,SKU00421,87
2024-06-01,SKU00424,59
2024-06-01,SKU00425,9
2024-06-01,SKU00426,53
2024-06-01,SKU00427,33
2024-06-01,SKU00428,26
2024-06-01,SKU00430,41
2024-06-01,SKU00431,134
2024-06-01,SKU00433,96
2024-06-01,SKU00435,27
2024-06-01,SKU00437,3
2024-06-01,SKU00439,10
2024-06-01,SKU00441,25
2024-06-01,SKU00443,13
2024-06-01,SKU00444,76
2024-06-01,SKU00446,121
2024-06-01,SKU00447,269
2024-06-01,SKU00448,59
2024-06-01,SKU00449,29
2024-06-01,SKU00450,29
2024-06-01,SKU00452,0
2024-06-01,SKU00453,126
2024-06-01,SKU00454,42
2024-06-01,SKU00455,114
2024-06-01,SKU00457,79
2024-06-01,SKU00460,187
2024-06-01,SKU00463,100
2024-06-01,SKU00464,91
2024-06-01,SKU00465,36
2024-06-01,SKU00467,163
2024-06-01,SKU00469,10
2024-06-01,SKU00472,15
2024-06-01,SKU00473,76
2024-06-01,SKU00474,141
2024-06-01,SKU00475,31
2024-06-01,SKU00476,45
2024-06-01,SKU00477,46
2024-06-01,SKU00478,55
2024-06-01,SKU00480,31
2024-06-01,SKU00481,49
2024-06-01,SKU00482,9
2024-06-01,SKU00484,14
2024-06-01,SKU00488,59
2024-06-01,SKU00491,112
2024-06-01,SKU00492,108
2024-06-01,SKU00493,31
2024-06-01,SKU00494,86
2024-06-01,SKU00495,160
2024-06-01,SKU00497,113
2024-06-01,SKU00500,70
2024-06-01,SKU00501,22
2024-06-01,SKU00502,14
2024-06-01,SKU00503,33
2024-06-01,SKU00506,65
2024-06-01,SKU00507,249
2024-06-01,SKU00508,123
2024-06-01,SKU00509,56
2024-06-01,SKU00510,87
2024-06-01,SKU00511,23
2024-06-01,SKU00512,84
2024-06-01,SKU00513,53
2024-06-01,SKU00515,6
2024-06-01,SKU00516,66
2024-06-01,SKU00517,116
2024-06-01,SKU00520,0
2024-06-01,SKU00522,17
2024-06-01,SKU00523,15
2024-06-01,SKU00524,17
2024-06-01,SKU00525,17
2024-06-01,SKU00528,59
2024-06-01,SKU00529,265
2024-06-01,SKU00530,444
2024-06-01,SKU00533,91
2024-06-01,SKU00534,275
2024-06-01,SKU00535,26
2024-06-01,SKU00537,127
2024-06-01,SKU00538,12
2024-06-01,SKU00539,0
2024-06-01,SKU00540,69
2024-06-01,SKU00541,61
2024-06-01,SKU00544,51
2024-06-01,SKU00545,17
2024-06-01,SKU00546,249
2024-06-01,SKU00548,40
2024-06-01,SKU00549,23
2024-06-01,SKU00551,32
2024-06-01,SKU00556,46
2024-06-01,SKU00557,30
2024-06-01,SKU00560,60
2024-06-01,SKU00561,39
2024-06-01,SKU00562,66
2024-06-01,SKU00563,102
2024-06-01,SKU00564,59
2024-06-01,SKU00565,51
2024-06-01,SKU00566,165
2024-06-01,SKU00567,35
2024-06-01,SKU00569,80
2024-06-01,SKU00571,41
2024-06-01,SKU00572,34
2024-06-01,SKU00576,44
2024-06-01,SKU00577,84
2024-06-01,SKU00579,32
2024-06-01,SKU00581,56
2024-06-01,SKU00583,46
2024-06-01,SKU00584,14
2024-06-01,SKU00586,44
2024-06-01,SKU00587,177
2024-06-01,SKU00588,135
2024-06-01,SKU00589,61
2024-06-01,SKU00590,94
2024-06-01,SKU00591,18
2024-06-01,SKU00593,7
2024-06-01,SKU00594,41
2024-06-01,SKU00595,25
2024-06-01,SKU00596,2
2024-06-01,SKU00597,65
2024-06-01,SKU00600,24
2024-06-01,SKU00602,44
2024-06-01,SKU00607,200
2024-06-01,SKU00608,23
2024-06-01,SKU00611,46
2024-06-01,SKU00612,68
2024-06-01,SKU00613,24
2024-06-01,SKU00616,53
2024-06-01,SKU00617,6
2024-06-01,SKU00618,80
2024-06-01,SKU00619,95
2024-06-01,SKU00621,0
2024-06-01,SKU00622,16
2024-06-01,SKU00623,29
2024-06-01,SKU00624,19
2024-06-01,SKU00626,22
2024-06-01,SKU00627,24
2024-06-01,SKU00628,118
2024-06-01,SKU00629,47
2024-06-01,SKU00631,15
2024-06-01,SKU00632,17
2024-06-01,SKU00633,197
2024-06-01,SKU00634,40
2024-06-01,SKU00635,19
2024-06-01,SKU00636,148
2024-06-01,SKU00637,18
2024-06-01,SKU00638,8
2024-06-01,SKU00639,17
2024-06-01,SKU00641,29
2024-06-01,SKU00642,90
2024-06-01,SKU00644,16
2024-06-01,SKU00647,6
2024-06-01,SKU00649,223
2024-06-01,SKU00650,172
2024-06-01,SKU00651,159
2024-06-01,SKU00654,35
2024-06-01,SKU00655,54
2024-06-01,SKU00656,34
2024-06-01,SKU00657,95
2024-06-01,SKU00658,21
2024-06-01,SKU00659,71
2024-06-01,SKU00660,24
2024-06-01,SKU00661,156
2024-06-01,SKU00662,68
2024-06-01,SKU00665,40
2024-06-01,SKU00667,18
2024-06-01,SKU00668,248
2024-06-01,SKU00670,15
2024-06-01,SKU00671,17
2024-06-01,SKU00672,102
2024-06-01,SKU00673,153
2024-06-01,SKU00675,64
2024-06-01,SKU00678,149
2024-06-01,SKU00679,474
2024-06-01,SKU00680,54
2024-06-01,SKU00681,367
2024-06-01,SKU00682,11
2024-06-01,SKU00684,53
2024-06-01,SKU00686,23
2024-06-01,SKU00688,186
2024-06-01,SKU00690,17
2024-06-01,SKU00692,39
2024-06-01,SKU00693,89
2024-06-01,SKU00696,122
2024-06-01,SKU00697,45
2024-06-01,SKU00698,5
2024-06-01,SKU00699,23
2024-06-01,SKU00701,56
2024-06-01,SKU00702,79
2024-06-01,SKU00703,8
2024-06-01,SKU00704,43
2024-06-01,SKU00705,85
2024-06-01,SKU00708,33
2024-06-01,SKU00709,5
2024-06-01,SKU00711,20
2024-06-01,SKU00712,45
2024-06-01,SKU00713,8
2024-06-01,SKU00715,37
2024-06-01,SKU00716,8
2024-06-01,SKU00717,87
2024-06-01,SKU00718,40
2024-06-01,SKU00719,144
2024-06-01,SKU00720,325
2024-06-01,SKU00721,118
2024-06-01,SKU00722,121
2024-06-01,SKU00723,331
2024-06-01,SKU00724,22
2024-06-01,SKU00725,119
2024-06-01,SKU00726,150
2024-06-01,SKU00727,15
2024-06-01,SKU00729,120
2024-06-01,SKU00730,44
2024-06-01,SKU00731,62
2024-06-01,SKU00732,159
2024-06-01,SKU00733,32
2024-06-01,SKU00734,52
2024-06-01,SKU00735,534
2024-06-01,SKU00737,252
2024-06-01,SKU00738,8
2024-06-01,SKU00739,397
2024-06-01,SKU00740,36
2024-06-01,SKU00743,94
2024-06-01,SKU00744,8
2024-06-01,SKU00745,26
2024-06-01,SKU00747,29
2024-06-01,SKU00748,74
2024-06-01,SKU00749,23
2024-06-01,SKU00750,73
2024-06-01,SKU00751,82
2024-06-01,SKU00755,40
2024-06-01,SKU00757,9
2024-06-01,SKU00758,13
2024-06-01,SKU00759,76
2024-06-01,SKU00760,86
2024-06-01,SKU00763,18
2024-06-01,SKU00764,23
2024-06-01,SKU00767,19
2024-06-01,SKU00768,10
2024-06-01,SKU00769,43
2024-06-01,SKU00771,155
2024-06-01,SKU00773,178
2024-06-01,SKU00775,37
2024-06-01,SKU00776,53
2024-06-01,SKU00777,52
2024-06-01,SKU00778,132
2024-06-01,SKU00779,48
2024-06-01,SKU00781,71
2024-06-01,SKU00783,42
2024-06-01,SKU00784,65
2024-06-01,SKU00785,126
2024-06-01,SKU00788,125
2024-06-01,SKU00789,43
2024-06-01,SKU00793,19
2024-06-01,SKU00794,121
2024-06-01,SKU00796,12
2024-06-01,SKU00798,18
2024-06-01,SKU00799,13
2024-07-01,SKU00001,65
2024-07-01,SKU00002,123
2024-07-01,SKU00004,232
2024-07-01,SKU00005,19
2024-07-01,SKU00006,87
2024-07-01,SKU00007,34
2024-07-01,SKU00008,66
2024-07-01,SKU00010,21
2024-07-01,SKU00013,176
2024-07-01,SKU00015,30
2024-07-01,SKU00016,58
2024-07-01,SKU00018,73
2024-07-01,SKU00019,65
2024-07-01,SKU00022,7
2024-07-01,SKU00024,17
2024-07-01,SKU00025,107
2024-07-01,SKU00026,230
2024-07-01,SKU00030,36
2024-07-01,SKU00032,444
2024-07-01,SKU00033,24
2024-07-01,SKU00034,18
2024-07-01,SKU00036,87
2024-07-01,SKU00039,18
2024-07-01,SKU00040,195
2024-07-01,SKU00042,49
2024-07-01,SKU00045,20
2024-07-01,SKU00047,13
2024-07-01,SKU00048,27
2024-07-01,SKU00049,150
2024-07-01,SKU00051,0
2024-07-01,SKU00052,16
2024-07-01,SKU00053,27
2024-07-01,SKU00054,45
2024-07-01,SKU00056,43
2024-07-01,SKU00059,10
2024-07-01,SKU00061,89
2024-07-01,SKU00062,42
2024-07-01,SKU00063,65
2024-07-01,SKU00065,155
2024-07-01,SKU00067,57
2024-07-01,SKU00068,93
2024-07-01,SKU00070,27
2024-07-01,SKU00071,42
2024-07-01,SKU00072,79
2024-07-01,SKU00074,271
2024-07-01,SKU00075,6
2024-07-01,SKU00076,117
2024-07-01,SKU00077,180
2024-07-01,SKU00078,28
2024-07-01,SKU00079,16
2024-07-01,SKU00080,46
2024-07-01,SKU00082,15
2024-07-01,SKU00083,18
2024-07-01,SKU00093,74
2024-07-01,SKU00096,22
2024-07-01,SKU00097,78
2024-07-01,SKU00098,15
2024-07-01,SKU00100,70
2024-07-01,SKU00101,104
2024-07-01,SKU00103,10
2024-07-01,SKU00104,30
2024-07-01,SKU00106,1
2024-07-01,SKU00107,15
2024-07-01,SKU00109,34
2024-07-01,SKU00110,160
2024-07-01,SKU00113,89
2024-07-01,SKU00114,14
2024-07-01,SKU00115,10
2024-07-01,SKU00117,50
2024-07-01,SKU00118,16
2024-07-01,SKU00119,67
2024-07-01,SKU00120,96
2024-07-01,SKU00121,65
2024-07-01,SKU00122,25
2024-07-01,SKU00124,22
2024-07-01,SKU00125,36
2024-07-01,SKU00126,100
2024-07-01,SKU00127,79
2024-07-01,SKU00129,64
2024-07-01,SKU00132,75
2024-07-01,SKU00135,51
2024-07-01,SKU00136,518
2024-07-01,SKU00138,50
2024-07-01,SKU00141,96
2024-07-01,SKU00142,25
2024-07-01,SKU00143,122
2024-07-01,SKU00144,80
2024-07-01,SKU00145,96
2024-07-01,SKU00146,56
2024-07-01,SKU00147,93
2024-07-01,SKU00150,37
2024-07-01,SKU00152,120
2024-07-01,SKU00153,65
2024-07-01,SKU00155,16
2024-07-01,SKU00158,37
2024-07-01,SKU00159,58
2024-07-01,SKU00160,12
2024-07-01,SKU00161,17
2024-07-01,SKU00162,12
2024-07-01,SKU00164,72
2024-07-01,SKU00165,23
2024-07-01,SKU00166,24
2024-07-01,SKU00167,113
2024-07-01,SKU00168,9
2024-07-01,SKU00169,28
2024-07-01,SKU00171,9
2024-07-01,SKU00173,35
2024-07-01,SKU00174,3
2024-07-01,SKU00175,34
2024-07-01,SKU00179,166
2024-07-01,SKU00180,102
2024-07-01,SKU00181,110
2024-07-01,SKU00182,61
2024-07-01,SKU00183,1
2024-07-01,SKU00187,10
2024-07-01,SKU00188,31
2024-07-01,SKU00189,47
2024-07-01,SKU00190,225
2024-07-01,SKU00191,65
2024-07-01,SKU00192,10
2024-07-01,SKU00193,19
2024-07-01,SKU00196,168
2024-07-01,SKU00199,70
2024-07-01,SKU00200,16
2024-07-01,SKU00201,39
2024-07-01,SKU00203,47
2024-07-01,SKU00204,367
2024-07-01,SKU00207,20
2024-07-01,SKU00208,3
2024-07-01,SKU00209,80
2024-07-01,SKU00210,31
2024-07-01,SKU00211,55
2024-07-01,SKU00212,45
2024-07-01,SKU00213,55
2024-07-01,SKU00215,12
2024-07-01,SKU00217,7
2024-07-01,SKU00218,147
2024-07-01,SKU00219,65
2024-07-01,SKU00220,63
2024-07-01,SKU00221,63
2024-07-01,SKU00222,29
2024-07-01,SKU00223,9
2024-07-01,SKU00225,24
2024-07-01,SKU00228,196
2024-07-01,SKU00231,4
2024-07-01,SKU00232,8
2024-07-01,SKU00233,56
2024-07-01,SKU00235,46
2024-07-01,SKU00236,118
2024-07-01,SKU00239,91
2024-07-01,SKU00240,13
2024-07-01,SKU00242,67
2024-07-01,SKU00244,40
2024-07-01,SKU00246,12
2024-07-01,SKU00248,16
2024-07-01,SKU00251,113
2024-07-01,SKU00252,31
2024-07-01,SKU00253,15
2024-07-01,SKU00254,13
2024-07-01,SKU00255,58
2024-07-01,SKU00256,86
2024-07-01,SKU00259,268
2024-07-01,SKU00260,35
2024-07-01,SKU00263,27
2024-07-01,SKU00266,18
2024-07-01,SKU00268,180
2024-07-01,SKU00271,146
2024-07-01,SKU00272,3
2024-07-01,SKU00274,53
2024-07-01,SKU00275,149
2024-07-01,SKU00276,9
2024-07-01,SKU00277,85
2024-07-01,SKU00278,80
2024-07-01,SKU00281,191
2024-07-01,SKU00284,32
2024-07-01,SKU00286,55
2024-07-01,SKU00287,27
2024-07-01,SKU00288,20
2024-07-01,SKU00289,27
2024-07-01,SKU00291,162
2024-07-01,SKU00293,10
2024-07-01,SKU00294,14
2024-07-01,SKU00295,236
2024-07-01,SKU00296,100
2024-07-01,SKU00297,31
2024-07-01,SKU00298,89
2024-07-01,SKU00301,23
2024-07-01,SKU00302,72
2024-07-01,SKU00307,67
2024-07-01,SKU00309,13
2024-07-01,SKU00311,118
2024-07-01,SKU00312,14
2024-07-01,SKU00313,214
2024-07-01,SKU00314,418
2024-07-01,SKU00316,22
2024-07-01,SKU00317,41
2024-07-01,SKU00319,22
2024-07-01,SKU00320,153
2024-07-01,SKU00321,34
2024-07-01,SKU00322,88
2024-07-01,SKU00323,34
2024-07-01,SKU00324,47
2024-07-01,SKU00325,47
2024-07-01,SKU00327,72
2024-07-01,SKU00328,61
2024-07-01,SKU00329,142
2024-07-01,SKU00331,0
2024-07-01,SKU00333,94
2024-07-01,SKU00337,68
2024-07-01,SKU00338,12
2024-07-01,SKU00340,562
2024-07-01,SKU00343,42
2024-07-01,SKU00348,32
2024-07-01,SKU00349,199
2024-07-01,SKU00350,28
2024-07-01,SKU00351,129
2024-07-01,SKU00352,29
2024-07-01,SKU00354,282
2024-07-01,SKU00355,17
2024-07-01,SKU00357,39
2024-07-01,SKU00358,29
2024-07-01,SKU00359,16
2024-07-01,SKU00361,39
2024-07-01,SKU00362,63
2024-07-01,SKU00363,94
2024-07-01,SKU00364,22
2024-07-01,SKU00365,6
2024-07-01,SKU00366,40
2024-07-01,SKU00372,62
2024-07-01,SKU00374,42
2024-07-01,SKU00375,292
2024-07-01,SKU00376,183
2024-07-01,SKU00377,38
2024-07-01,SKU00378,10
2024-07-01,SKU00379,18
2024-07-01,SKU00380,25
2024-07-01,SKU00381,29
2024-07-01,SKU00383,372
2024-07-01,SKU00384,20
2024-07-01,SKU00389,87
2024-07-01,SKU00390,19
2024-07-01,SKU00391,18
2024-07-01,SKU00394,12
2024-07-01,SKU00400,63
2024-07-01,SKU00404,59
2024-07-01,SKU00405,92
2024-07-01,SKU00406,55
2024-07-01,SKU00407,54
2024-07-01,SKU00408,31
2024-07-01,SKU00409,4
2024-07-01,SKU00410,53
2024-07-01,SKU00412,68
2024-07-01,SKU00413,25
2024-07-01,SKU00414,251
2024-07-01,SKU00415,53
2024-07-01,SKU00416,27
2024-07-01,SKU00418,6
2024-07-01,SKU00419,31
2024-07-01,SKU00424,57
2024-07-01,SKU00425,12
2024-07-01,SKU00426,76
2024-07-01,SKU00427,38
2024-07-01,SKU00428,12
2024-07-01,SKU00430,57
2024-07-01,SKU00431,74
2024-07-01,SKU00433,42
2024-07-01,SKU00435,33
2024-07-01,SKU00437,0
2024-07-01,SKU00439,17
2024-07-01,SKU00441,26
2024-07-01,SKU00443,8
2024-07-01,SKU00444,88
2024-07-01,SKU00446,130
2024-07-01,SKU00447,365
2024-07-01,SKU00448,36
2024-07-01,SKU00449,24
2024-07-01,SKU00450,24
2024-07-01,SKU00452,16
2024-07-01,SKU00453,91
2024-07-01,SKU00454,48
2024-07-01,SKU00455,182
2024-07-01,SKU00457,122
2024-07-01,SKU00460,143
2024-07-01,SKU00463,148
2024-07-01,SKU00464,117
2024-07-01,SKU00465,30
2024-07-01,SKU00469,2
2024-07-01,SKU00472,15
2024-07-01,SKU00473,165
2024-07-01,SKU00474,99
2024-07-01,SKU00475,41
2024-07-01,SKU00476,29
2024-07-01,SKU00477,45
2024-07-01,SKU00478,81
2024-07-01,SKU00480,51
2024-07-01,SKU00481,33
2024-07-01,SKU00482,17
2024-07-01,SKU00484,20
2024-07-01,SKU00488,48
2024-07-01,SKU00491,40
2024-07-01,SKU00492,69
2024-07-01,SKU00493,57
2024-07-01,SKU00494,57
2024-07-01,SKU00495,80
2024-07-01,SKU00497,60
2024-07-01,SKU00500,51
2024-07-01,SKU00501,13
2024-07-01,SKU00502,20
2024-07-01,SKU00503,23
2024-07-01,SKU00506,37
2024-07-01,SKU00507,231
2024-07-01,SKU00508,79
2024-07-01,SKU00509,65
2024-07-01,SKU00510,55
2024-07-01,SKU00511,15
2024-07-01,SKU00512,64
2024-07-01,SKU00513,67
2024-07-01,SKU00515,12
2024-07-01,SKU00516,46
2024-07-01,SKU00517,59
2024-07-01,SKU00520,14
2024-07-01,SKU00522,50
2024-07-01,SKU00523,20
2024-07-01,SKU00524,32
2024-07-01,SKU00525,33
2024-07-01,SKU00528,56
2024-07-01,SKU00529,226
2024-07-01,SKU00530,549
2024-07-01,SKU00533,158
2024-07-01,SKU00534,210
2024-07-01,SKU00535,19
2024-07-01,SKU00537,89
2024-07-01,SKU00538,16
2024-07-01,SKU00539,17
2024-07-01,SKU00540,98
2024-07-01,SKU00541,104
2024-07-01,SKU00543,51
2024-07-01,SKU00544,122
2024-07-01,SKU00545,12
2024-07-01,SKU00546,220
2024-07-01,SKU00548,55
2024-07-01,SKU00549,33
2024-07-01,SKU00550,0
2024-07-01,SKU00551,12
2024-07-01,SKU00556,85
2024-07-01,SKU00557,42
2024-07-01,SKU00560,123
2024-07-01,SKU00561,19
2024-07-01,SKU00562,78
2024-07-01,SKU00563,210
2024-07-01,SKU00564,38
2024-07-01,SKU00565,71
2024-07-01,SKU00566,164
2024-07-01,SKU00567,16
2024-07-01,SKU00569,123
2024-07-01,SKU00571,34
2024-07-01,SKU00572,34
2024-07-01,SKU00576,62
2024-07-01,SKU00577,101
2024-07-01,SKU00579,23
2024-07-01,SKU00581,48
2024-07-01,SKU00583,57
2024-07-01,SKU00584,10
2024-07-01,SKU00586,67
2024-07-01,SKU00587,92
2024-07-01,SKU00588,55
2024-07-01,SKU00589,118
2024-07-01,SKU00590,84
2024-07-01,SKU00591,4
2024-07-01,SKU00593,23
2024-07-01,SKU00594,15
2024-07-01,SKU00595,47
2024-07-01,SKU00596,27
2024-07-01,SKU00597,44
2024-07-01,SKU00599,56
2024-07-01,SKU00600,43
2024-07-01,SKU00602,47
2024-07-01,SKU00607,253
2024-07-01,SKU00608,16
2024-07-01,SKU00609,30
2024-07-01,SKU00611,60
2024-07-01,SKU00612,57
2024-07-01,SKU00613,19
2024-07-01,SKU00616,68
2024-07-01,SKU00617,13
2024-07-01,SKU00618,75
2024-07-01,SKU00619,71
2024-07-01,SKU00621,0
2024-07-01,SKU00622,33
2024-07-01,SKU00623,32
2024-07-01,SKU00624,42
2024-07-01,SKU00626,40
2024-07-01,SKU00627,61
2024-07-01,SKU00628,158
2024-07-01,SKU00629,32
2024-07-01,SKU00631,11
2024-07-01,SKU00632,12
2024-07-01,SKU00633,292
2024-07-01,SKU00634,23
2024-07-01,SKU00635,3
2024-07-01,SKU00636,235
2024-07-01,SKU00637,29
2024-07-01,SKU00638,21
2024-07-01,SKU00639,12
2024-07-01,SKU00641,34
2024-07-01,SKU00642,81
2024-07-01,SKU00644,20
2024-07-01,SKU00647,10
2024-07-01,SKU00649,214
2024-07-01,SKU00650,207
2024-07-01,SKU00651,210
2024-07-01,SKU00654,57
2024-07-01,SKU00655,62
2024-07-01,SKU00656,19
2024-07-01,SKU00657,61
2024-07-01,SKU00658,11
2024-07-01,SKU00659,56
2024-07-01,SKU00660,59
2024-07-01,SKU00661,180
2024-07-01,SKU00662,75
2024-07-01,SKU00664,207
2024-07-01,SKU00665,40
2024-07-01,SKU00667,26
2024-07-01,SKU00668,248
2024-07-01,SKU00670,12
2024-07-01,SKU00671,41
2024-07-01,SKU00672,80
2024-07-01,SKU00673,198
2024-07-01,SKU00675,46
2024-07-01,SKU00678,129
2024-07-01,SKU00679,342
2024-07-01,SKU00680,66
2024-07-01,SKU00681,462
2024-07-01,SKU00682,16
2024-07-01,SKU00684,41
2024-07-01,SKU00686,11
2024-07-01,SKU00688,146
2024-07-01,SKU00690,11
2024-07-01,SKU00692,48
2024-07-01,SKU00693,47
2024-07-01,SKU00696,122
2024-07-01,SKU00697,42
2024-07-01,SKU00698,24
2024-07-01,SKU00700,43
2024-07-01,SKU00701,30
2024-07-01,SKU00702,38
2024-07-01,SKU00703,20
2024-07-01,SKU00704,15
2024-07-01,SKU00705,109
2024-07-01,SKU00708,34
2024-07-01,SKU00709,28
2024-07-01,SKU00710,89
2024-07-01,SKU00711,59
2024-07-01,SKU00712,88
2024-07-01,SKU00713,3
2024-07-01,SKU00715,32
2024-07-01,SKU00716,50
2024-07-01,SKU00717,117
2024-07-01,SKU00718,56
2024-07-01,SKU00719,196
2024-07-01,SKU00720,231
2024-07-01,SKU00721,106
2024-07-01,SKU00722,91
2024-07-01,SKU00723,346
2024-07-01,SKU00724,33
2024-07-01,SKU00725,116
2024-07-01,SKU00726,108
2024-07-01,SKU00727,19
2024-07-01,SKU00729,127
2024-07-01,SKU00730,55
2024-07-01,SKU00731,56
2024-07-01,SKU00732,128
2024-07-01,SKU00733,43
2024-07-01,SKU00734,51
2024-07-01,SKU00735,316
2024-07-01,SKU00737,179
2024-07-01,SKU00738,0
2024-07-01,SKU00739,288
2024-07-01,SKU00740,25
2024-07-01,SKU00743,42
2024-07-01,SKU00744,57
2024-07-01,SKU00745,45
2024-07-01,SKU00747,25
2024-07-01,SKU00748,54
2024-07-01,SKU00749,11
2024-07-01,SKU00750,126
2024-07-01,SKU00751,114
2024-07-01,SKU00752,110
2024-07-01,SKU00755,51
2024-07-01,SKU00757,8
2024-07-01,SKU00758,5
2024-07-01,SKU00759,41
2024-07-01,SKU00760,109
2024-07-01,SKU00763,42
2024-07-01,SKU00764,16
2024-07-01,SKU00767,35
2024-07-01,SKU00768,13
2024-07-01,SKU00769,43
2024-07-01,SKU00771,135
2024-07-01,SKU00773,199
2024-07-01,SKU00775,76
2024-07-01,SKU00776,42
2024-07-01,SKU00777,55
2024-07-01,SKU00778,89
2024-07-01,SKU00779,40
2024-07-01,SKU00780,115
2024-07-01,SKU00781,40
2024-07-01,SKU00783,39
2024-07-01,SKU00784,47
2024-07-01,SKU00785,160
2024-07-01,SKU00788,72
2024-07-01,SKU00789,15
2024-07-01,SKU00793,18
2024-07-01,SKU00794,111
2024-07-01,SKU00796,0
2024-07-01,SKU00798,18
2024-07-01,SKU00799,11
2024-08-01,SKU00001,50
2024-08-01,SKU00002,115
2024-08-01,SKU00004,287
2024-08-01,SKU00005,14
2024-08-01,SKU00006,62
2024-08-01,SKU00007,26
2024-08-01,SKU00008,40
2024-08-01,SKU00010,44
2024-08-01,SKU00013,224
2024-08-01,SKU00015,31
2024-08-01,SKU00016,89
2024-08-01,SKU00018,60
2024-08-01,SKU00019,85
2024-08-01,SKU00022,11
2024-08-01,SKU00024,5
2024-08-01,SKU00025,82
2024-08-01,SKU00026,247
2024-08-01,SKU00030,40
2024-08-01,SKU00032,348
2024-08-01,SKU00033,14
2024-08-01,SKU00034,35
2024-08-01,SKU00036,45
2024-08-01,SKU00039,39
2024-08-01,SKU00040,122
2024-08-01,SKU00042,54
2024-08-01,SKU00045,15
2024-08-01,SKU00047,13
2024-08-01,SKU00048,39
2024-08-01,SKU00049,107
2024-08-01,SKU00051,5
2024-08-01,SKU00052,8
2024-08-01,SKU00053,12
2024-08-01,SKU00054,28
2024-08-01,SKU00058,90
2024-08-01,SKU00059,11
2024-08-01,SKU00061,51
2024-08-01,SKU00062,47
2024-08-01,SKU00063,46
2024-08-01,SKU00065,118
2024-08-01,SKU00067,59
2024-08-01,SKU00068,144
2024-08-01,SKU00070,33
2024-08-01,SKU00071,52
2024-08-01,SKU00072,117
2024-08-01,SKU00074,135
2024-08-01,SKU00075,15
2024-08-01,SKU00076,182
2024-08-01,SKU00077,113
2024-08-01,SKU00079,14
2024-08-01,SKU00080,32
2024-08-01,SKU00082,6
2024-08-01,SKU00083,30
2024-08-01,SKU00089,69
2024-08-01,SKU00093,83
2024-08-01,SKU00096,18
2024-08-01,SKU00097,58
2024-08-01,SKU00098,35
2024-08-01,SKU00100,74
2024-08-01,SKU00101,118
2024-08-01,SKU00102,37
2024-08-01,SKU00103,7
2024-08-01,SKU00104,56
2024-08-01,SKU00106,4
2024-08-01,SKU00107,6
2024-08-01,SKU00109,25
2024-08-01,SKU00110,156
2024-08-01,SKU00113,88
2024-08-01,SKU00114,38
2024-08-01,SKU00115,21
2024-08-01,SKU00117,34
2024-08-01,SKU00118,11
2024-08-01,SKU00119,56
2024-08-01,SKU00120,60
2024-08-01,SKU00121,79
2024-08-01,SKU00122,49
2024-08-01,SKU00124,34
2024-08-01,SKU00126,128
2024-08-01,SKU00127,110
2024-08-01,SKU00129,115
2024-08-01,SKU00131,66
2024-08-01,SKU00132,78
2024-08-01,SKU00135,98
2024-08-01,SKU00136,575
2024-08-01,SKU00138,26
2024-08-01,SKU00141,105
2024-08-01,SKU00142,21
2024-08-01,SKU00143,181
2024-08-01,SKU00144,68
2024-08-01,SKU00145,110
2024-08-01,SKU00146,65
2024-08-01,SKU00147,98
2024-08-01,SKU00149,9
2024-08-01,SKU00150,15
2024-08-01,SKU00151,4
2024-08-01,SKU00152,149
2024-08-01,SKU00153,93
2024-08-01,SKU00155,37
2024-08-01,SKU00158,34
2024-08-01,SKU00159,50
2024-08-01,SKU00160,5
2024-08-01,SKU00161,13
2024-08-01,SKU00162,7
2024-08-01,SKU00164,79
2024-08-01,SKU00165,13
2024-08-01,SKU00166,8
2024-08-01,SKU00167,142
2024-08-01,SKU00168,25
2024-08-01,SKU00169,22
2024-08-01,SKU00171,5
2024-08-01,SKU00173,33
2024-08-01,SKU00174,9
2024-08-01,SKU00175,19
2024-08-01,SKU00179,101
2024-08-01,SKU00180,111
2024-08-01,SKU00181,186
2024-08-01,SKU00182,70
2024-08-01,SKU00183,15
2024-08-01,SKU00187,3
2024-08-01,SKU00188,35
2024-08-01,SKU00189,44
2024-08-01,SKU00190,236
2024-08-01,SKU00191,141
2024-08-01,SKU00192,14
2024-08-01,SKU00193,13
2024-08-01,SKU00196,256
2024-08-01,SKU00199,48
2024-08-01,SKU00200,28
2024-08-01,SKU00201,50
2024-08-01,SKU00203,15
2024-08-01,SKU00204,282
2024-08-01,SKU00207,19
2024-08-01,SKU00208,5
2024-08-01,SKU00209,90
2024-08-01,SKU00210,29
2024-08-01,SKU00211,54
2024-08-01,SKU00212,56
2024-08-01,SKU00213,45
2024-08-01,SKU00215,15
2024-08-01,SKU00217,6
2024-08-01,SKU00218,170
2024-08-01,SKU00219,71
2024-08-01,SKU00220,65
2024-08-01,SKU00221,60
2024-08-01,SKU00222,33
2024-08-01,SKU00223,25
2024-08-01,SKU00225,22
2024-08-01,SKU00228,134
2024-08-01,SKU00230,26
2024-08-01,SKU00231,12
2024-08-01,SKU00232,10
2024-08-01,SKU00233,39
2024-08-01,SKU00235,43
2024-08-01,SKU00236,115
2024-08-01,SKU00239,97
2024-08-01,SKU00240,23
2024-08-01,SKU00241,27
2024-08-01,SKU00242,96
2024-08-01,SKU00243,96
2024-08-01,SKU00244,31
2024-08-01,SKU00246,12
2024-08-01,SKU00248,18
2024-08-01,SKU00251,100
2024-08-01,SKU00252,27
2024-08-01,SKU00253,0
2024-08-01,SKU00254,34
2024-08-01,SKU00255,29
2024-08-01,SKU00256,59
2024-08-01,SKU00259,355
2024-08-01,SKU00260,56
2024-08-01,SKU00263,4
2024-08-01,SKU00264,13
2024-08-01,SKU00266,23
2024-08-01,SKU00268,224
2024-08-01,SKU00271,118
2024-08-01,SKU00272,0
2024-08-01,SKU00273,71
2024-08-01,SKU00274,63
2024-08-01,SKU00275,100
2024-08-01,SKU00276,23
2024-08-01,SKU00277,53
2024-08-01,SKU00278,98
2024-08-01,SKU00281,169
2024-08-01,SKU00284,18
2024-08-01,SKU00286,82
2024-08-01,SKU00287,27
2024-08-01,SKU00288,32
2024-08-01,SKU00289,9
2024-08-01,SKU00291,146
2024-08-01,SKU00293,6
2024-08-01,SKU00294,12
2024-08-01,SKU00295,298
2024-08-01,SKU00296,212
2024-08-01,SKU00297,52
2024-08-01,SKU00298,159
2024-08-01,SKU00301,32
2024-08-01,SKU00302,142
2024-08-01,SKU00307,48
2024-08-01,SKU00309,18
2024-08-01,SKU00311,135
2024-08-01,SKU00312,15
2024-08-01,SKU00313,234
2024-08-01,SKU00314,303
2024-08-01,SKU00316,27
2024-08-01,SKU00317,58
2024-08-01,SKU00318,49
2024-08-01,SKU00319,0
2024-08-01,SKU00320,175
2024-08-01,SKU00321,19
2024-08-01,SKU00322,57
2024-08-01,SKU00323,21
2024-08-01,SKU00324,45
2024-08-01,SKU00325,20
2024-08-01,SKU00327,93
2024-08-01,SKU00328,88
2024-08-01,SKU00329,105
2024-08-01,SKU00331,9
2024-08-01,SKU00333,127
2024-08-01,SKU00337,116
2024-08-01,SKU00338,13
2024-08-01,SKU00340,322
2024-08-01,SKU00343,35
2024-08-01,SKU00344,300
2024-08-01,SKU00348,79
2024-08-01,SKU00349,169
2024-08-01,SKU00350,39
2024-08-01,SKU00351,103
2024-08-01,SKU00352,57
2024-08-01,SKU00354,278
2024-08-01,SKU00355,29
2024-08-01,SKU00357,15
2024-08-01,SKU00358,18
2024-08-01,SKU00359,23
2024-08-01,SKU00361,28
2024-08-01,SKU00362,49
2024-08-01,SKU00363,81
2024-08-01,SKU00364,17
2024-08-01,SKU00365,16
2024-08-01,SKU00366,16
2024-08-01,SKU00372,50
2024-08-01,SKU00374,39
2024-08-01,SKU00375,259
2024-08-01,SKU00376,174
2024-08-01,SKU00377,57
2024-08-01,SKU00378,26
2024-08-01,SKU00379,0
2024-08-01,SKU00380,15
2024-08-01,SKU00381,48
2024-08-01,SKU00382,44
2024-08-01,SKU00383,296
2024-08-01,SKU00384,26
2024-08-01,SKU00389,91
2024-08-01,SKU00390,21
2024-08-01,SKU00391,5
2024-08-01,SKU00394,7
2024-08-01,SKU00400,23
2024-08-01,SKU00403,71
2024-08-01,SKU00404,42
2024-08-01,SKU00405,114
2024-08-01,SKU00406,40
2024-08-01,SKU00407,91
2024-08-01,SKU00408,77
2024-08-01,SKU00409,16
2024-08-01,SKU00410,48
2024-08-01,SKU00412,99
2024-08-01,SKU00413,14
2024-08-01,SKU00414,184
2024-08-01,SKU00415,65
2024-08-01,SKU00416,20
2024-08-01,SKU00418,22
2024-08-01,SKU00419,25
2024-08-01,SKU00422,32
2024-08-01,SKU00424,49
2024-08-01,SKU00425,21
2024-08-01,SKU00426,59
2024-08-01,SKU00427,21
2024-08-01,SKU00428,36
2024-08-01,SKU00430,39
2024-08-01,SKU00431,133
2024-08-01,SKU00433,103
2024-08-01,SKU00435,23
2024-08-01,SKU00437,10
2024-08-01,SKU00439,0
2024-08-01,SKU00441,21
2024-08-01,SKU00443,8
2024-08-01,SKU00444,40
2024-08-01,SKU00446,38
2024-08-01,SKU00447,322
2024-08-01,SKU00448,64
2024-08-01,SKU00449,25
2024-08-01,SKU00451,143
2024-08-01,SKU00452,9
2024-08-01,SKU00453,164
2024-08-01,SKU00454,66
2024-08-01,SKU00455,158
2024-08-01,SKU00457,116
2024-08-01,SKU00460,188
2024-08-01,SKU00463,167
2024-08-01,SKU00464,95
2024-08-01,SKU00465,33
2024-08-01,SKU00469,2
2024-08-01,SKU00472,13
2024-08-01,SKU00473,70
2024-08-01,SKU00474,106
2024-08-01,SKU00475,33
2024-08-01,SKU00476,66
2024-08-01,SKU00477,75
2024-08-01,SKU00478,34
2024-08-01,SKU00480,56
2024-08-01,SKU00481,46
2024-08-01,SKU00482,23
2024-08-01,SKU00484,25
2024-08-01,SKU00487,40
2024-08-01,SKU00488,57
2024-08-01,SKU00491,87
2024-08-01,SKU00492,103
2024-08-01,SKU00493,45
2024-08-01,SKU00494,39
2024-08-01,SKU00495,90
2024-08-01,SKU00497,125
2024-08-01,SKU00500,41
2024-08-01,SKU00501,11
2024-08-01,SKU00502,22
2024-08-01,SKU00503,35
2024-08-01,SKU00506,84
2024-08-01,SKU00507,357
2024-08-01,SKU00508,112
2024-08-01,SKU00509,42
2024-08-01,SKU00510,49
2024-08-01,SKU00511,26
2024-08-01,SKU00512,47
2024-08-01,SKU00513,45
2024-08-01,SKU00515,26
2024-08-01,SKU00516,63
2024-08-01,SKU00517,50
2024-08-01,SKU00520,6
2024-08-01,SKU00522,20
2024-08-01,SKU00523,16
2024-08-01,SKU00524,45
2024-08-01,SKU00525,32
2024-08-01,SKU00528,54
2024-08-01,SKU00529,517
2024-08-01,SKU00530,612
2024-08-01,SKU00533,151
2024-08-01,SKU00534,135
2024-08-01,SKU00535,25
2024-08-01,SKU00537,138
2024-08-01,SKU00538,26
2024-08-01,SKU00539,11
2024-08-01,SKU00540,97
2024-08-01,SKU00541,115
2024-08-01,SKU00542,44
2024-08-01,SKU00543,29
2024-08-01,SKU00544,52
2024-08-01,SKU00545,0
2024-08-01,SKU00546,234
2024-08-01,SKU00547,25
2024-08-01,SKU00548,57
2024-08-01,SKU00549,27
2024-08-01,SKU00550,11
2024-08-01,SKU00551,30
2024-08-01,SKU00556,115
2024-08-01,SKU00557,21
2024-08-01,SKU00560,54
2024-08-01,SKU00561,41
2024-08-01,SKU00562,59
2024-08-01,SKU00563,224
2024-08-01,SKU00564,41
2024-08-01,SKU00565,39
2024-08-01,SKU00566,186
2024-08-01,SKU00567,23
2024-08-01,SKU00569,103
2024-08-01,SKU00571,43
2024-08-01,SKU00572,45
2024-08-01,SKU00576,18
2024-08-01,SKU00577,96
2024-08-01,SKU00579,34
2024-08-01,SKU00581,63
2024-08-01,SKU00583,55
2024-08-01,SKU00584,17
2024-08-01,SKU00586,34
2024-08-01,SKU00587,101
2024-08-01,SKU00588,147
2024-08-01,SKU00589,45
2024-08-01,SKU00590,101
2024-08-01,SKU00591,3
2024-08-01,SKU00593,17
2024-08-01,SKU00594,36
2024-08-01,SKU00595,47
2024-08-01,SKU00596,14
2024-08-01,SKU00597,86
2024-08-01,SKU00598,24
2024-08-01,SKU00599,46
2024-08-01,SKU00600,48
2024-08-01,SKU00602,18
2024-08-01,SKU00607,160
2024-08-01,SKU00608,14
2024-08-01,SKU00609,28
2024-08-01,SKU00611,40
2024-08-01,SKU00612,33
2024-08-01,SKU00613,14
2024-08-01,SKU00616,32
2024-08-01,SKU00617,15
2024-08-01,SKU00618,67
2024-08-01,SKU00619,110
2024-08-01,SKU00621,6
2024-08-01,SKU00622,29
2024-08-01,SKU00623,24
2024-08-01,SKU00624,45
2024-08-01,SKU00626,57
2024-08-01,SKU00627,43
2024-08-01,SKU00628,218
2024-08-01,SKU00629,26
2024-08-01,SKU00631,16
2024-08-01,SKU00632,7
2024-08-01,SKU00633,315
2024-08-01,SKU00634,72
2024-08-01,SKU00635,18
2024-08-01,SKU00637,20
2024-08-01,SKU00638,3
2024-08-01,SKU00639,32
2024-08-01,SKU00641,31
2024-08-01,SKU00642,77
2024-08-01,SKU00644,34
2024-08-01,SKU00647,11
2024-08-01,SKU00649,185
2024-08-01,SKU00650,256
2024-08-01,SKU00651,221
2024-08-01,SKU00654,31
2024-08-01,SKU00655,48
2024-08-01,SKU00656,15
2024-08-01,SKU00657,65
2024-08-01,SKU00658,0
2024-08-01,SKU00659,40
2024-08-01,SKU00660,25
2024-08-01,SKU00661,183
2024-08-01,SKU00662,86
2024-08-01,SKU00664,211
2024-08-01,SKU00665,22
2024-08-01,SKU00667,14
2024-08-01,SKU00668,161
2024-08-01,SKU00670,1
2024-08-01,SKU00671,33
2024-08-01,SKU00673,197
2024-08-01,SKU00675,26
2024-08-01,SKU00678,100
2024-08-01,SKU00679,466
2024-08-01,SKU00680,62
2024-08-01,SKU00681,556
2024-08-01,SKU00682,14
2024-08-01,SKU00684,85
2024-08-01,SKU00686,13
2024-08-01,SKU00688,166
2024-08-01,SKU00690,11
2024-08-01,SKU00692,12
2024-08-01,SKU00693,62
2024-08-01,SKU00696,113
2024-08-01,SKU00697,79
2024-08-01,SKU00698,34
2024-08-01,SKU00700,91
2024-08-01,SKU00701,62
2024-08-01,SKU00702,68
2024-08-01,SKU00703,25
2024-08-01,SKU00704,15
2024-08-01,SKU00705,150
2024-08-01,SKU00708,41
2024-08-01,SKU00709,5
2024-08-01,SKU00710,142
2024-08-01,SKU00711,30
2024-08-01,SKU00712,44
2024-08-01,SKU00713,2
2024-08-01,SKU00715,20
2024-08-01,SKU00716,27
2024-08-01,SKU00717,185
2024-08-01,SKU00718,61
2024-08-01,SKU00719,126
2024-08-01,SKU00720,367
2024-08-01,SKU00721,92
2024-08-01,SKU00722,75
2024-08-01,SKU00723,443
2024-08-01,SKU00724,11
2024-08-01,SKU00725,140
2024-08-01,SKU00726,202
2024-08-01,SKU00727,27
2024-08-01,SKU00728,78
2024-08-01,SKU00729,104
2024-08-01,SKU00730,58
2024-08-01,SKU00731,87
2024-08-01,SKU00732,197
2024-08-01,SKU00733,54
2024-08-01,SKU00734,76
2024-08-01,SKU00735,325
2024-08-01,SKU00737,128
2024-08-01,SKU00738,8
2024-08-01,SKU00739,422
2024-08-01,SKU00740,28
2024-08-01,SKU00743,81
2024-08-01,SKU00744,61
2024-08-01,SKU00745,33
2024-08-01,SKU00747,30
2024-08-01,SKU00748,51
2024-08-01,SKU00749,6
2024-08-01,SKU00750,45
2024-08-01,SKU00751,123
2024-08-01,SKU00752,82
2024-08-01,SKU00755,77
2024-08-01,SKU00757,0
2024-08-01,SKU00758,13
2024-08-01,SKU00759,73
2024-08-01,SKU00760,78
2024-08-01,SKU00763,37
2024-08-01,SKU00764,18
2024-08-01,SKU00767,45
2024-08-01,SKU00768,9
2024-08-01,SKU00769,71
2024-08-01,SKU00771,149
2024-08-01,SKU00773,170
2024-08-01,SKU00775,35
2024-08-01,SKU00776,59
2024-08-01,SKU00777,42
2024-08-01,SKU00778,75
2024-08-01,SKU00779,27
2024-08-01,SKU00780,64
2024-08-01,SKU00781,42
2024-08-01,SKU00783,49
2024-08-01,SKU00784,52
2024-08-01,SKU00785,171
2024-08-01,SKU00788,134
2024-08-01,SKU00789,34
2024-08-01,SKU00793,22
2024-08-01,SKU00794,105
2024-08-01,SKU00796,6
2024-08-01,SKU00798,20
2024-08-01,SKU00799,21
2024-09-01,SKU00001,90
2024-09-01,SKU00002,164
2024-09-01,SKU00004,293
2024-09-01,SKU00005,10
2024-09-01,SKU00006,51
2024-09-01,SKU00007,49
2024-09-01,SKU00008,49
2024-09-01,SKU00010,30
2024-09-01,SKU00013,215
2024-09-01,SKU00015,42
2024-09-01,SKU00016,56
2024-09-01,SKU00018,72
2024-09-01,SKU00019,55
2024-09-01,SKU00022,22
2024-09-01,SKU00024,7
2024-09-01,SKU00025,76
2024-09-01,SKU00026,254
2024-09-01,SKU00030,51
2024-09-01,SKU00032,403
2024-09-01,SKU00033,11
2024-09-01,SKU00034,1
2024-09-01,SKU00036,51
2024-09-01,SKU00039,22
2024-09-01,SKU00040,129
2024-09-01,SKU00042,84
2024-09-01,SKU00045,9
2024-09-01,SKU00047,19
2024-09-01,SKU00048,25
2024-09-01,SKU00049,82
2024-09-01,SKU00051,8
2024-09-01,SKU00052,18
2024-09-01,SKU00053,15
2024-09-01,SKU00054,33
2024-09-01,SKU00058,150
2024-09-01,SKU00059,18
2024-09-01,SKU00061,106
2024-09-01,SKU00062,73
2024-09-01,SKU00063,87
2024-09-01,SKU00065,76
2024-09-01,SKU00067,46
2024-09-01,SKU00068,119
2024-09-01,SKU00070,55
2024-09-01,SKU00071,40
2024-09-01,SKU00072,72
2024-09-01,SKU00074,121
2024-09-01,SKU00075,39
2024-09-01,SKU00076,215
2024-09-01,SKU00077,88
2024-09-01,SKU00079,19
2024-09-01,SKU00080,29
2024-09-01,SKU00082,31
2024-09-01,SKU00083,18
2024-09-01,SKU00089,28
2024-09-01,SKU00093,55
2024-09-01,SKU00096,12
2024-09-01,SKU00097,69
2024-09-01,SKU00098,14
2024-09-01,SKU00100,84
2024-09-01,SKU00101,91
2024-09-01,SKU00103,16
2024-09-01,SKU00104,57
2024-09-01,SKU00106,0
2024-09-01,SKU00107,12
2024-09-01,SKU00109,41
2024-09-01,SKU00110,202
2024-09-01,SKU00113,91
2024-09-01,SKU00114,27
2024-09-01,SKU00115,11
2024-09-01,SKU00117,44
2024-09-01,SKU00118,16
2024-09-01,SKU00119,35
2024-09-01,SKU00120,97
2024-09-01,SKU00121,68
2024-09-01,SKU00122,45
2024-09-01,SKU00124,15
2024-09-01,SKU00126,108
2024-09-01,SKU00127,91
2024-09-01,SKU00129,145
2024-09-01,SKU00131,93
2024-09-01,SKU00132,111
2024-09-01,SKU00135,71
2024-09-01,SKU00136,556
2024-09-01,SKU00138,42
2024-09-01,SKU00141,78
2024-09-01,SKU00142,21
2024-09-01,SKU00143,88
2024-09-01,SKU00144,78
2024-09-01,SKU00145,63
2024-09-01,SKU00146,58
2024-09-01,SKU00147,143
2024-09-01,SKU00149,0
2024-09-01,SKU00150,34
2024-09-01,SKU00151,7
2024-09-01,SKU00152,266
2024-09-01,SKU00153,101
2024-09-01,SKU00155,21
2024-09-01,SKU00156,390
2024-09-01,SKU00158,19
2024-09-01,SKU00159,50
2024-09-01,SKU00160,16
2024-09-01,SKU00161,24
2024-09-01,SKU00162,11
2024-09-01,SKU00164,54
2024-09-01,SKU00165,51
2024-09-01,SKU00166,37
2024-09-01,SKU00167,81
2024-09-01,SKU00168,43
2024-09-01,SKU00169,44
2024-09-01,SKU00171,4
2024-09-01,SKU00173,41
2024-09-01,SKU00174,0
2024-09-01,SKU00175,11
2024-09-01,SKU00179,144
2024-09-01,SKU00180,129
2024-09-01,SKU00181,166
2024-09-01,SKU00182,30
2024-09-01,SKU00183,9
2024-09-01,SKU00187,5
2024-09-01,SKU00188,7
2024-09-01,SKU00189,67
2024-09-01,SKU00190,215
2024-09-01,SKU00191,111
2024-09-01,SKU00192,13
2024-09-01,SKU00193,7
2024-09-01,SKU00196,170
2024-09-01,SKU00199,84
2024-09-01,SKU00200,31
2024-09-01,SKU00201,65
2024-09-01,SKU00203,50
2024-09-01,SKU00204,264
2024-09-01,SKU00207,23
2024-09-01,SKU00208,16
2024-09-01,SKU00209,140
2024-09-01,SKU00210,50
2024-09-01,SKU00211,41
2024-09-01,SKU00212,33
2024-09-01,SKU00213,34
2024-09-01,SKU00215,11
2024-09-01,SKU00217,21
2024-09-01,SKU00218,134
2024-09-01,SKU00219,60
2024-09-01,SKU00220,38
2024-09-01,SKU00221,24
2024-09-01,SKU00222,22
2024-09-01,SKU00223,12
2024-09-01,SKU00224,11
2024-09-01,SKU00225,14
2024-09-01,SKU00228,138
2024-09-01,SKU00230,11
2024-09-01,SKU00231,8
2024-09-01,SKU00232,0
2024-09-01,SKU00233,36
2024-09-01,SKU00235,52
2024-09-01,SKU00236,69
2024-09-01,SKU00239,78
2024-09-01,SKU00240,9
2024-09-01,SKU00241,15
2024-09-01,SKU00242,92
2024-09-01,SKU00243,85
2024-09-01,SKU00244,20
2024-09-01,SKU00246,20
2024-09-01,SKU00248,17
2024-09-01,SKU00251,95
2024-09-01,SKU00252,20
2024-09-01,SKU00253,14
2024-09-01,SKU00254,15
2024-09-01,SKU00255,52
2024-09-01,SKU00256,63
2024-09-01,SKU00259,265
2024-09-01,SKU00260,27
2024-09-01,SKU00263,23
2024-09-01,SKU00264,26
2024-09-01,SKU00266,40
2024-09-01,SKU00268,269
2024-09-01,SKU00271,98
2024-09-01,SKU00272,6
2024-09-01,SKU00273,97
2024-09-01,SKU00274,48
2024-09-01,SKU00275,126
2024-09-01,SKU00276,54
2024-09-01,SKU00277,66
2024-09-01,SKU00278,69
2024-09-01,SKU00281,141
2024-09-01,SKU00284,23
2024-09-01,SKU00286,41
2024-09-01,SKU00287,28
2024-09-01,SKU00288,25
2024-09-01,SKU00289,20
2024-09-01,SKU00291,158
2024-09-01,SKU00293,17
2024-09-01,SKU00294,0
2024-09-01,SKU00295,244
2024-09-01,SKU00296,203
2024-09-01,SKU00297,27
2024-09-01,SKU00298,86
2024-09-01,SKU00301,30
2024-09-01,SKU00302,64
2024-09-01,SKU00307,84
2024-09-01,SKU00309,20
2024-09-01,SKU00311,98
2024-09-01,SKU00312,23
2024-09-01,SKU00313,147
2024-09-01,SKU00314,420
2024-09-01,SKU00316,32
2024-09-01,SKU00317,70
2024-09-01,SKU00318,31
2024-09-01,SKU00319,22
2024-09-01,SKU00320,208
2024-09-01,SKU00321,24
2024-09-01,SKU00322,119
2024-09-01,SKU00323,19
2024-09-01,SKU00324,36
2024-09-01,SKU00325,22
2024-09-01,SKU00327,62
2024-09-01,SKU00328,39
2024-09-01,SKU00329,96
2024-09-01,SKU00331,0
2024-09-01,SKU00333,137
2024-09-01,SKU00334,206
2024-09-01,SKU00337,159
2024-09-01,SKU00338,12
2024-09-01,SKU00340,474
2024-09-01,SKU00343,76
2024-09-01,SKU00344,388
2024-09-01,SKU00348,25
2024-09-01,SKU00349,194
2024-09-01,SKU00350,4
2024-09-01,SKU00351,125
2024-09-01,SKU00352,32
2024-09-01,SKU00354,176
2024-09-01,SKU00355,4
2024-09-01,SKU00356,96
2024-09-01,SKU00357,40
2024-09-01,SKU00358,31
2024-09-01,SKU00359,24
2024-09-01,SKU00361,29
2024-09-01,SKU00362,54
2024-09-01,SKU00363,53
2024-09-01,SKU00364,20
2024-09-01,SKU00365,16
2024-09-01,SKU00366,6
2024-09-01,SKU00372,49
2024-09-01,SKU00374,18
2024-09-01,SKU00375,225
2024-09-01,SKU00376,174
2024-09-01,SKU00377,47
2024-09-01,SKU00378,27
2024-09-01,SKU00379,0
2024-09-01,SKU00380,17
2024-09-01,SKU00381,57
2024-09-01,SKU00382,57
2024-09-01,SKU00383,451
2024-09-01,SKU00384,7
2024-09-01,SKU00389,102
2024-09-01,SKU00390,5
2024-09-01,SKU00391,17
2024-09-01,SKU00394,17
2024-09-01,SKU00395,109
2024-09-01,SKU00400,87
2024-09-01,SKU00403,44
2024-09-01,SKU00404,69
2024-09-01,SKU00405,135
2024-09-01,SKU00406,30
2024-09-01,SKU00407,53
2024-09-01,SKU00408,80
2024-09-01,SKU00409,0
2024-09-01,SKU00410,98
2024-09-01,SKU00412,77
2024-09-01,SKU00413,40
2024-09-01,SKU00414,134
2024-09-01,SKU00415,80
2024-09-01,SKU00416,23
2024-09-01,SKU00418,13
2024-09-01,SKU00419,43
2024-09-01,SKU00420,119
2024-09-01,SKU00422,32
2024-09-01,SKU00424,49
2024-09-01,SKU00425,18
2024-09-01,SKU00426,47
2024-09-01,SKU00427,40
2024-09-01,SKU00428,26
2024-09-01,SKU00430,46
2024-09-01,SKU00431,75
2024-09-01,SKU00433,66
2024-09-01,SKU00435,23
2024-09-01,SKU00437,16
2024-09-01,SKU00438,16
2024-09-01,SKU00439,0
2024-09-01,SKU00441,34
2024-09-01,SKU00443,23
2024-09-01,SKU00444,96
2024-09-01,SKU00446,90
2024-09-01,SKU00447,493
2024-09-01,SKU00448,34
2024-09-01,SKU00449,21
2024-09-01,SKU00451,134
2024-09-01,SKU00452,1
2024-09-01,SKU00453,127
2024-09-01,SKU00454,77
2024-09-01,SKU00455,247
2024-09-01,SKU00456,48
2024-09-01,SKU00457,126
2024-09-01,SKU00459,100
2024-09-01,SKU00460,231
2024-09-01,SKU00463,133
2024-09-01,SKU00464,98
2024-09-01,SKU00465,20
2024-09-01,SKU00469,17
2024-09-01,SKU00472,34
2024-09-01,SKU00473,143
2024-09-01,SKU00474,120
2024-09-01,SKU00475,17
2024-09-01,SKU00476,20
2024-09-01,SKU00477,41
2024-09-01,SKU00478,36
2024-09-01,SKU00480,56
2024-09-01,SKU00481,29
2024-09-01,SKU00482,27
2024-09-01,SKU00484,4
2024-09-01,SKU00487,39
2024-09-01,SKU00488,60
2024-09-01,SKU00491,95
2024-09-01,SKU00492,77
2024-09-01,SKU00493,18
2024-09-01,SKU00494,84
2024-09-01,SKU00495,125
2024-09-01,SKU00496,12
2024-09-01,SKU00497,47
2024-09-01,SKU00500,37
2024-09-01,SKU00501,15
2024-09-01,SKU00502,18
2024-09-01,SKU00503,18
2024-09-01,SKU00506,34
2024-09-01,SKU00507,322
2024-09-01,SKU00508,80
2024-09-01,SKU00509,73
2024-09-01,SKU00510,96
2024-09-01,SKU00511,20
2024-09-01,SKU00512,35
2024-09-01,SKU00513,44
2024-09-01,SKU00514,16
2024-09-01,SKU00515,11
2024-09-01,SKU00516,22
2024-09-01,SKU00517,58
2024-09-01,SKU00520,11
2024-09-01,SKU00522,9
2024-09-01,SKU00523,19
2024-09-01,SKU00524,73
2024-09-01,SKU00525,16
2024-09-01,SKU00526,243
2024-09-01,SKU00528,104
2024-09-01,SKU00529,355
2024-09-01,SKU00530,567
2024-09-01,SKU00533,85
2024-09-01,SKU00534,132
2024-09-01,SKU00535,50
2024-09-01,SKU00537,235
2024-09-01,SKU00538,23
2024-09-01,SKU00539,28
2024-09-01,SKU00540,124
2024-09-01,SKU00541,68
2024-09-01,SKU00542,50
2024-09-01,SKU00543,87
2024-09-01,SKU00544,28
2024-09-01,SKU00545,16
2024-09-01,SKU00546,271
2024-09-01,SKU00547,87
2024-09-01,SKU00548,43
2024-09-01,SKU00549,25
2024-09-01,SKU00550,6
2024-09-01,SKU00551,11
2024-09-01,SKU00556,72
2024-09-01,SKU00557,25
2024-09-01,SKU00560,53
2024-09-01,SKU00561,25
2024-09-01,SKU00562,77
2024-09-01,SKU00563,216
2024-09-01,SKU00564,58
2024-09-01,SKU00565,28
2024-09-01,SKU00566,139
2024-09-01,SKU00567,29
2024-09-01,SKU00569,76
2024-09-01,SKU00571,44
2024-09-01,SKU00572,17
2024-09-01,SKU00573,72
2024-09-01,SKU00576,58
2024-09-01,SKU00577,73
2024-09-01,SKU00579,40
2024-09-01,SKU00581,41
2024-09-01,SKU00583,26
2024-09-01,SKU00584,19
2024-09-01,SKU00586,15
2024-09-01,SKU00587,128
2024-09-01,SKU00588,87
2024-09-01,SKU00589,62
2024-09-01,SKU00590,112
2024-09-01,SKU00591,9
2024-09-01,SKU00593,23
2024-09-01,SKU00594,43
2024-09-01,SKU00595,43
2024-09-01,SKU00596,33
2024-09-01,SKU00597,39
2024-09-01,SKU00598,33
2024-09-01,SKU00599,42
2024-09-01,SKU00600,77
2024-09-01,SKU00602,53
2024-09-01,SKU00607,119
2024-09-01,SKU00608,7
2024-09-01,SKU00609,13
2024-09-01,SKU00611,27
2024-09-01,SKU00612,58
2024-09-01,SKU00613,18
2024-09-01,SKU00614,29
2024-09-01,SKU00616,51
2024-09-01,SKU00617,14
2024-09-01,SKU00618,54
2024-09-01,SKU00619,123
2024-09-01,SKU00621,6
2024-09-01,SKU00622,21
2024-09-01,SKU00623,31
2024-09-01,SKU00624,32
2024-09-01,SKU00626,32
2024-09-01,SKU00627,47
2024-09-01,SKU00628,191
2024-09-01,SKU00629,31
2024-09-01,SKU00631,14
2024-09-01,SKU00632,10
2024-09-01,SKU00633,224
2024-09-01,SKU00634,41
2024-09-01,SKU00635,15
2024-09-01,SKU00637,14
2024-09-01,SKU00638,18
2024-09-01,SKU00639,32
2024-09-01,SKU00640,227
2024-09-01,SKU00641,39
2024-09-01,SKU00642,133
2024-09-01,SKU00644,11
2024-09-01,SKU00647,7
2024-09-01,SKU00649,226
2024-09-01,SKU00650,174
2024-09-01,SKU00651,181
2024-09-01,SKU00654,40
2024-09-01,SKU00655,49
2024-09-01,SKU00656,16
2024-09-01,SKU00657,78
2024-09-01,SKU00658,7
2024-09-01,SKU00659,87
2024-09-01,SKU00660,31
2024-09-01,SKU00661,202
2024-09-01,SKU00662,89
2024-09-01,SKU00664,354
2024-09-01,SKU00665,7
2024-09-01,SKU00667,18
2024-09-01,SKU00668,118
2024-09-01,SKU00670,9
2024-09-01,SKU00671,42
2024-09-01,SKU00673,202
2024-09-01,SKU00675,63
2024-09-01,SKU00678,113
2024-09-01,SKU00679,316
2024-09-01,SKU00680,50
2024-09-01,SKU00681,579
2024-09-01,SKU00682,10
2024-09-01,SKU00684,49
2024-09-01,SKU00686,22
2024-09-01,SKU00688,90
2024-09-01,SKU00690,11
2024-09-01,SKU00692,47
2024-09-01,SKU00693,44
2024-09-01,SKU00696,83
2024-09-01,SKU00697,61
2024-09-01,SKU00698,17
2024-09-01,SKU00700,55
2024-09-01,SKU00701,40
2024-09-01,SKU00702,68
2024-09-01,SKU00703,25
2024-09-01,SKU00704,35
2024-09-01,SKU00705,127
2024-09-01,SKU00708,51
2024-09-01,SKU00709,19
2024-09-01,SKU00710,81
2024-09-01,SKU00711,60
2024-09-01,SKU00712,67
2024-09-01,SKU00713,8
2024-09-01,SKU00715,31
2024-09-01,SKU00716,18
2024-09-01,SKU00717,116
2024-09-01,SKU00718,47
2024-09-01,SKU00719,133
2024-09-01,SKU00720,293
2024-09-01,SKU00721,145
2024-09-01,SKU00722,69
2024-09-01,SKU00723,412
2024-09-01,SKU00724,40
2024-09-01,SKU00725,170
2024-09-01,SKU00726,196
2024-09-01,SKU00727,14
2024-09-01,SKU00728,72
2024-09-01,SKU00729,106
2024-09-01,SKU00730,69
2024-09-01,SKU00731,57
2024-09-01,SKU00732,217
2024-09-01,SKU00733,44
2024-09-01,SKU00734,57
2024-09-01,SKU00735,455
2024-09-01,SKU00737,227
2024-09-01,SKU00738,0
2024-09-01,SKU00739,330
2024-09-01,SKU00740,26
2024-09-01,SKU00743,60
2024-09-01,SKU00744,60
2024-09-01,SKU00745,13
2024-09-01,SKU00747,29
2024-09-01,SKU00748,69
2024-09-01,SKU00749,17
2024-09-01,SKU00750,126
2024-09-01,SKU00751,73
2024-09-01,SKU00752,83
2024-09-01,SKU00755,43
2024-09-01,SKU00757,9
2024-09-01,SKU00758,17
2024-09-01,SKU00759,124
2024-09-01,SKU00760,60
2024-09-01,SKU00763,56
2024-09-01,SKU00764,22
2024-09-01,SKU00767,52
2024-09-01,SKU00768,25
2024-09-01,SKU00769,31
2024-09-01,SKU00771,104
2024-09-01,SKU00773,139
2024-09-01,SKU00775,35
2024-09-01,SKU00776,42
2024-09-01,SKU00777,60
2024-09-01,SKU00778,112
2024-09-01,SKU00779,42
2024-09-01,SKU00780,115
2024-09-01,SKU00781,78
2024-09-01,SKU00783,71
2024-09-01,SKU00784,100
2024-09-01,SKU00785,98
2024-09-01,SKU00788,171
2024-09-01,SKU00789,11
2024-09-01,SKU00793,30
2024-09-01,SKU00794,116
2024-09-01,SKU00796,25
2024-09-01,SKU00798,13
2024-09-01,SKU00799,27
2024-10-01,SKU00001,83
2024-10-01,SKU00002,137
2024-10-01,SKU00004,210
2024-10-01,SKU00005,7
2024-10-01,SKU00006,35
2024-10-01,SKU00007,45
2024-10-01,SKU00008,50
2024-10-01,SKU00010,59
2024-10-01,SKU00013,228
2024-10-01,SKU00015,22
2024-10-01,SKU00016,74
2024-10-01,SKU00018,54
2024-10-01,SKU00019,55
2024-10-01,SKU00022,20
2024-10-01,SKU00024,5
2024-10-01,SKU00025,106
2024-10-01,SKU00026,130
2024-10-01,SKU00030,52
2024-10-01,SKU00032,274
2024-10-01,SKU00033,14
2024-10-01,SKU00034,0
2024-10-01,SKU00036,56
2024-10-01,SKU00039,26
2024-10-01,SKU00040,205
2024-10-01,SKU00042,68
2024-10-01,SKU00045,0
2024-10-01,SKU00046,10
2024-10-01,SKU00047,14
2024-10-01,SKU00048,61
2024-10-01,SKU00049,140
2024-10-01,SKU00051,0
2024-10-01,SKU00052,11
2024-10-01,SKU00053,43
2024-10-01,SKU00054,114
2024-10-01,SKU00058,91
2024-10-01,SKU00059,10
2024-10-01,SKU00061,72
2024-10-01,SKU00062,78
2024-10-01,SKU00063,88
2024-10-01,SKU00065,137
2024-10-01,SKU00067,98
2024-10-01,SKU00068,88
2024-10-01,SKU00070,40
2024-10-01,SKU00071,41
2024-10-01,SKU00072,125
2024-10-01,SKU00073,185
2024-10-01,SKU00074,143
2024-10-01,SKU00075,29
2024-10-01,SKU00076,217
2024-10-01,SKU00077,165
2024-10-01,SKU00079,16
2024-10-01,SKU00080,38
2024-10-01,SKU00082,18
2024-10-01,SKU00083,43
2024-10-01,SKU00089,40
2024-10-01,SKU00093,43
2024-10-01,SKU00096,19
2024-10-01,SKU00097,92
2024-10-01,SKU00098,8
2024-10-01,SKU00100,79
2024-10-01,SKU00101,77
2024-10-01,SKU00103,10
2024-10-01,SKU00104,72
2024-10-01,SKU00106,9
2024-10-01,SKU00107,13
2024-10-01,SKU00109,16
2024-10-01,SKU00110,208
2024-10-01,SKU00113,121
2024-10-01,SKU00114,17
2024-10-01,SKU00115,8
2024-10-01,SKU00117,27
2024-10-01,SKU00118,16
2024-10-01,SKU00119,57
2024-10-01,SKU00120,84
2024-10-01,SKU00121,81
2024-10-01,SKU00122,30
2024-10-01,SKU00124,28
2024-10-01,SKU00126,76
2024-10-01,SKU00127,102
2024-10-01,SKU00129,150
2024-10-01,SKU00131,53
2024-10-01,SKU00132,52
2024-10-01,SKU00135,105
2024-10-01,SKU00136,353
2024-10-01,SKU00138,51
2024-10-01,SKU00141,104
2024-10-01,SKU00142,40
2024-10-01,SKU00143,136
2024-10-01,SKU00144,72
2024-10-01,SKU00145,82
2024-10-01,SKU00146,72
2024-10-01,SKU00147,107
2024-10-01,SKU00149,12
2024-10-01,SKU00150,37
2024-10-01,SKU00151,20
2024-10-01,SKU00152,210
2024-10-01,SKU00153,129
2024-10-01,SKU00155,38
2024-10-01,SKU00156,444
2024-10-01,SKU00158,34
2024-10-01,SKU00159,69
2024-10-01,SKU00160,3
2024-10-01,SKU00161,43
2024-10-01,SKU00162,11
2024-10-01,SKU00164,41
2024-10-01,SKU00165,25
2024-10-01,SKU00166,13
2024-10-01,SKU00167,166
2024-10-01,SKU00168,23
2024-10-01,SKU00169,10
2024-10-01,SKU00171,3
2024-10-01,SKU00173,41
2024-10-01,SKU00174,4
2024-10-01,SKU00175,34
2024-10-01,SKU00179,119
2024-10-01,SKU00180,132
2024-10-01,SKU00181,209
2024-10-01,SKU00182,41
2024-10-01,SKU00183,3
2024-10-01,SKU00187,4
2024-10-01,SKU00188,10
2024-10-01,SKU00189,39
2024-10-01,SKU00190,184
2024-10-01,SKU00191,55
2024-10-01,SKU00192,0
2024-10-01,SKU00193,9
2024-10-01,SKU00196,223
2024-10-01,SKU00199,52
2024-10-01,SKU00200,11
2024-10-01,SKU00201,37
2024-10-01,SKU00203,36
2024-10-01,SKU00204,455
2024-10-01,SKU00207,24
2024-10-01,SKU00208,8
2024-10-01,SKU00209,146
2024-10-01,SKU00210,33
2024-10-01,SKU00211,21
2024-10-01,SKU00212,50
2024-10-01,SKU00213,63
2024-10-01,SKU00215,16
2024-10-01,SKU00217,13
2024-10-01,SKU00218,77
2024-10-01,SKU00219,74
2024-10-01,SKU00220,47
2024-10-01,SKU00221,70
2024-10-01,SKU00222,10
2024-10-01,SKU00223,11
2024-10-01,SKU00224,9
2024-10-01,SKU00225,25
2024-10-01,SKU00228,146
2024-10-01,SKU00230,30
2024-10-01,SKU00231,13
2024-10-01,SKU00232,8
2024-10-01,SKU00233,71
2024-10-01,SKU00235,64
2024-10-01,SKU00236,35
2024-10-01,SKU00239,123
2024-10-01,SKU00240,21
2024-10-01,SKU00241,61
2024-10-01,SKU00242,34
2024-10-01,SKU00243,111
2024-10-01,SKU00244,17
2024-10-01,SKU00246,3
2024-10-01,SKU00248,16
2024-10-01,SKU00251,79
2024-10-01,SKU00252,28
2024-10-01,SKU00253,3
2024-10-01,SKU00254,20
2024-10-01,SKU00255,34
2024-10-01,SKU00256,48
2024-10-01,SKU00259,253
2024-10-01,SKU00260,20
2024-10-01,SKU00263,14
2024-10-01,SKU00264,15
2024-10-01,SKU00266,38
2024-10-01,SKU00268,202
2024-10-01,SKU00271,142
2024-10-01,SKU00272,10
2024-10-01,SKU00273,122
2024-10-01,SKU00274,71
2024-10-01,SKU00275,157
2024-10-01,SKU00276,71
2024-10-01,SKU00277,57
2024-10-01,SKU00278,68
2024-10-01,SKU00281,167
2024-10-01,SKU00284,44
2024-10-01,SKU00286,68
2024-10-01,SKU00287,29
2024-10-01,SKU00288,22
2024-10-01,SKU00289,11
2024-10-01,SKU00291,83
2024-10-01,SKU00293,16
2024-10-01,SKU00294,17
2024-10-01,SKU00295,186
2024-10-01,SKU00296,116
2024-10-01,SKU00297,33
2024-10-01,SKU00298,103
2024-10-01,SKU00301,20
2024-10-01,SKU00302,61
2024-10-01,SKU00309,6
2024-10-01,SKU00310,134
2024-10-01,SKU00311,159
2024-10-01,SKU00312,23
2024-10-01,SKU00313,248
2024-10-01,SKU00314,440
2024-10-01,SKU00316,33
2024-10-01,SKU00317,42
2024-10-01,SKU00319,0
2024-10-01,SKU00320,145
2024-10-01,SKU00321,33
2024-10-01,SKU00322,91
2024-10-01,SKU00323,22
2024-10-01,SKU00324,37
2024-10-01,SKU00325,35
2024-10-01,SKU00327,68
2024-10-01,SKU00328,46
2024-10-01,SKU00329,73
2024-10-01,SKU00331,8
2024-10-01,SKU00333,143
2024-10-01,SKU00334,342
2024-10-01,SKU00337,100
2024-10-01,SKU00338,29
2024-10-01,SKU00340,328
2024-10-01,SKU00343,51
2024-10-01,SKU00344,358
2024-10-01,SKU00348,75
2024-10-01,SKU00349,187
2024-10-01,SKU00350,35
2024-10-01,SKU00351,61
2024-10-01,SKU00352,42
2024-10-01,SKU00354,223
2024-10-01,SKU00355,1
2024-10-01,SKU00356,147
2024-10-01,SKU00357,33
2024-10-01,SKU00358,26
2024-10-01,SKU00359,20
2024-10-01,SKU00361,41
2024-10-01,SKU00362,70
2024-10-01,SKU00363,68
2024-10-01,SKU00364,21
2024-10-01,SKU00365,32
2024-10-01,SKU00366,22
2024-10-01,SKU00372,34
2024-10-01,SKU00373,212
2024-10-01,SKU00374,48
2024-10-01,SKU00375,190
2024-10-01,SKU00376,132
2024-10-01,SKU00377,45
2024-10-01,SKU00378,15
2024-10-01,SKU00379,5
2024-10-01,SKU00380,25
2024-10-01,SKU00381,55
2024-10-01,SKU00382,47
2024-10-01,SKU00383,305
2024-10-01,SKU00384,16
2024-10-01,SKU00389,80
2024-10-01,SKU00390,19
2024-10-01,SKU00391,14
2024-10-01,SKU00394,9
2024-10-01,SKU00395,95
2024-10-01,SKU00396,24
2024-10-01,SKU00400,76
2024-10-01,SKU00401,14
2024-10-01,SKU00402,26
2024-10-01,SKU00403,28
2024-10-01,SKU00404,24
2024-10-01,SKU00405,124
2024-10-01,SKU00406,29
2024-10-01,SKU00407,63
2024-10-01,SKU00408,53
2024-10-01,SKU00409,2
2024-10-01,SKU00410,68
2024-10-01,SKU00412,45
2024-10-01,SKU00413,27
2024-10-01,SKU00414,280
2024-10-01,SKU00415,53
2024-10-01,SKU00416,11
2024-10-01,SKU00418,13
2024-10-01,SKU00419,16
2024-10-01,SKU00420,97
2024-10-01,SKU00422,13
2024-10-01,SKU00424,31
2024-10-01,SKU00425,0
2024-10-01,SKU00426,65
2024-10-01,SKU00427,27
2024-10-01,SKU00428,0
2024-10-01,SKU00430,46
2024-10-01,SKU00431,104
2024-10-01,SKU00433,81
2024-10-01,SKU00435,27
2024-10-01,SKU00437,23
2024-10-01,SKU00438,23
2024-10-01,SKU00439,17
2024-10-01,SKU00441,25
2024-10-01,SKU00443,0
2024-10-01,SKU00444,37
2024-10-01,SKU00446,94
2024-10-01,SKU00447,594
2024-10-01,SKU00448,75
2024-10-01,SKU00449,15
2024-10-01,SKU00451,158
2024-10-01,SKU00452,7
2024-10-01,SKU00453,161
2024-10-01,SKU00454,37
2024-10-01,SKU00455,199
2024-10-01,SKU00456,23
2024-10-01,SKU00457,151
2024-10-01,SKU00459,104
2024-10-01,SKU00460,153
2024-10-01,SKU00463,132
2024-10-01,SKU00464,138
2024-10-01,SKU00465,34
2024-10-01,SKU00469,13
2024-10-01,SKU00472,10
2024-10-01,SKU00473,122
2024-10-01,SKU00474,158
2024-10-01,SKU00475,31
2024-10-01,SKU00476,39
2024-10-01,SKU00477,75
2024-10-01,SKU00478,36
2024-10-01,SKU00480,60
2024-10-01,SKU00481,68
2024-10-01,SKU00482,19
2024-10-01,SKU00483,49
2024-10-01,SKU00484,5
2024-10-01,SKU00487,34
2024-10-01,SKU00488,68
2024-10-01,SKU00490,146
2024-10-01,SKU00491,108
2024-10-01,SKU00492,71
2024-10-01,SKU00493,55
2024-10-01,SKU00494,53
2024-10-01,SKU00495,74
2024-10-01,SKU00496,10
2024-10-01,SKU00497,57
2024-10-01,SKU00500,34
2024-10-01,SKU00501,16
2024-10-01,SKU00502,18
2024-10-01,SKU00503,13
2024-10-01,SKU00506,18
2024-10-01,SKU00507,313
2024-10-01,SKU00508,107
2024-10-01,SKU00509,52
2024-10-01,SKU00510,74
2024-10-01,SKU00511,13
2024-10-01,SKU00512,38
2024-10-01,SKU00513,47
2024-10-01,SKU00514,32
2024-10-01,SKU00515,31
2024-10-01,SKU00516,48
2024-10-01,SKU00517,67
2024-10-01,SKU00518,39
2024-10-01,SKU00520,11
2024-10-01,SKU00522,11
2024-10-01,SKU00523,12
2024-10-01,SKU00524,45
2024-10-01,SKU00525,20
2024-10-01,SKU00526,575
2024-10-01,SKU00528,47
2024-10-01,SKU00529,256
2024-10-01,SKU00530,474
2024-10-01,SKU00533,164
2024-10-01,SKU00534,240
2024-10-01,SKU00535,50
2024-10-01,SKU00536,44
2024-10-01,SKU00537,161
2024-10-01,SKU00538,21
2024-10-01,SKU00539,0
2024-10-01,SKU00540,70
2024-10-01,SKU00541,146
2024-10-01,SKU00542,55
2024-10-01,SKU00543,51
2024-10-01,SKU00544,81
2024-10-01,SKU00545,2
2024-10-01,SKU00546,227
2024-10-01,SKU00547,88
2024-10-01,SKU00548,72
2024-10-01,SKU00549,16
2024-10-01,SKU00550,4
2024-10-01,SKU00551,8
2024-10-01,SKU00556,93
2024-10-01,SKU00557,29
2024-10-01,SKU00560,134
2024-10-01,SKU00561,25
2024-10-01,SKU00562,84
2024-10-01,SKU00563,175
2024-10-01,SKU00564,76
2024-10-01,SKU00565,59
2024-10-01,SKU00566,149
2024-10-01,SKU00567,19
2024-10-01,SKU00569,62
2024-10-01,SKU00571,47
2024-10-01,SKU00572,17
2024-10-01,SKU00573,118
2024-10-01,SKU00576,14
2024-10-01,SKU00577,97
2024-10-01,SKU00579,33
2024-10-01,SKU00581,62
2024-10-01,SKU00583,67
2024-10-01,SKU00584,13
2024-10-01,SKU00586,41
2024-10-01,SKU00587,77
2024-10-01,SKU00588,119
2024-10-01,SKU00589,68
2024-10-01,SKU00590,132
2024-10-01,SKU00591,12
2024-10-01,SKU00592,5
2024-10-01,SKU00593,20
2024-10-01,SKU00594,13
2024-10-01,SKU00595,58
2024-10-01,SKU00596,14
2024-10-01,SKU00597,80
2024-10-01,SKU00598,37
2024-10-01,SKU00599,51
2024-10-01,SKU00600,45
2024-10-01,SKU00602,25
2024-10-01,SKU00607,226
2024-10-01,SKU00608,11
2024-10-01,SKU00609,15
2024-10-01,SKU00611,59
2024-10-01,SKU00612,49
2024-10-01,SKU00613,27
2024-10-01,SKU00614,14
2024-10-01,SKU00616,41
2024-10-01,SKU00617,22
2024-10-01,SKU00618,76
2024-10-01,SKU00619,115
2024-10-01,SKU00621,11
2024-10-01,SKU00622,16
2024-10-01,SKU00623,19
2024-10-01,SKU00624,22
2024-10-01,SKU00625,42
2024-10-01,SKU00626,32
2024-10-01,SKU00627,42
2024-10-01,SKU00628,123
2024-10-01,SKU00629,37
2024-10-01,SKU00631,11
2024-10-01,SKU00632,4
2024-10-01,SKU00633,174
2024-10-01,SKU00634,55
2024-10-01,SKU00635,15
2024-10-01,SKU00637,15
2024-10-01,SKU00638,12
2024-10-01,SKU00639,36
2024-10-01,SKU00640,172
2024-10-01,SKU00641,17
2024-10-01,SKU00642,46
2024-10-01,SKU00644,18
2024-10-01,SKU00649,259
2024-10-01,SKU00650,179
2024-10-01,SKU00651,131
2024-10-01,SKU00654,55
2024-10-01,SKU00655,114
2024-10-01,SKU00656,19
2024-10-01,SKU00657,72
2024-10-01,SKU00658,0
2024-10-01,SKU00659,66
2024-10-01,SKU00660,22
2024-10-01,SKU00661,166
2024-10-01,SKU00662,97
2024-10-01,SKU00664,261
2024-10-01,SKU00665,22
2024-10-01,SKU00667,12
2024-10-01,SKU00668,262
2024-10-01,SKU00670,8
2024-10-01,SKU00671,23
2024-10-01,SKU00673,255
2024-10-01,SKU00674,41
2024-10-01,SKU00675,57
2024-10-01,SKU00678,118
2024-10-01,SKU00679,439
2024-10-01,SKU00680,71
2024-10-01,SKU00681,458
2024-10-01,SKU00682,38
2024-10-01,SKU00684,55
2024-10-01,SKU00686,7
2024-10-01,SKU00688,120
2024-10-01,SKU00690,6
2024-10-01,SKU00692,7
2024-10-01,SKU00693,42
2024-10-01,SKU00696,55
2024-10-01,SKU00697,48
2024-10-01,SKU00698,4
2024-10-01,SKU00700,54
2024-10-01,SKU00701,56
2024-10-01,SKU00702,73
2024-10-01,SKU00703,30
2024-10-01,SKU00704,34
2024-10-01,SKU00705,121
2024-10-01,SKU00708,26
2024-10-01,SKU00709,23
2024-10-01,SKU00710,78
2024-10-01,SKU00711,11
2024-10-01,SKU00712,59
2024-10-01,SKU00713,19
2024-10-01,SKU00715,25
2024-10-01,SKU00716,38
2024-10-01,SKU00717,97
2024-10-01,SKU00718,40
2024-10-01,SKU00719,93
2024-10-01,SKU00720,225
2024-10-01,SKU00721,86
2024-10-01,SKU00722,42
2024-10-01,SKU00723,249
2024-10-01,SKU00724,14
2024-10-01,SKU00725,125
2024-10-01,SKU00726,164
2024-10-01,SKU00727,30
2024-10-01,SKU00728,47
2024-10-01,SKU00729,50
2024-10-01,SKU00730,79
2024-10-01,SKU00731,80
2024-10-01,SKU00732,235
2024-10-01,SKU00733,50
2024-10-01,SKU00734,85
2024-10-01,SKU00735,478
2024-10-01,SKU00737,174
2024-10-01,SKU00738,12
2024-10-01,SKU00739,522
2024-10-01,SKU00740,37
2024-10-01,SKU00743,41
2024-10-01,SKU00744,43
2024-10-01,SKU00745,16
2024-10-01,SKU00747,24
2024-10-01,SKU00748,60
2024-10-01,SKU00749,9
2024-10-01,SKU00750,112
2024-10-01,SKU00751,72
2024-10-01,SKU00752,119
2024-10-01,SKU00755,35
2024-10-01,SKU00757,23
2024-10-01,SKU00758,14
2024-10-01,SKU00759,54
2024-10-01,SKU00760,86
2024-10-01,SKU00763,18
2024-10-01,SKU00764,12
2024-10-01,SKU00765,68
2024-10-01,SKU00767,59
2024-10-01,SKU00768,18
2024-10-01,SKU00769,38
2024-10-01,SKU00771,148
2024-10-01,SKU00773,203
2024-10-01,SKU00775,41
2024-10-01,SKU00776,48
2024-10-01,SKU00777,58
2024-10-01,SKU00778,119
2024-10-01,SKU00779,57
2024-10-01,SKU00780,83
2024-10-01,SKU00781,48
2024-10-01,SKU00783,66
2024-10-01,SKU00784,96
2024-10-01,SKU00785,136
2024-10-01,SKU00788,159
2024-10-01,SKU00789,30
2024-10-01,SKU00793,28
2024-10-01,SKU00794,149
2024-10-01,SKU00796,1
2024-10-01,SKU00798,28
2024-10-01,SKU00799,27
2024-11-01,SKU00001,72
2024-11-01,SKU00002,153
2024-11-01,SKU00004,180
2024-11-01,SKU00005,22
2024-11-01,SKU00006,62
2024-11-01,SKU00007,38
2024-11-01,SKU00008,73
2024-11-01,SKU00009,117
2024-11-01,SKU00010,29
2024-11-01,SKU00012,55
2024-11-01,SKU00013,147
2024-11-01,SKU00015,31
2024-11-01,SKU00016,76
2024-11-01,SKU00018,98
2024-11-01,SKU00019,40
2024-11-01,SKU00022,8
2024-11-01,SKU00024,27
2024-11-01,SKU00025,68
2024-11-01,SKU00026,180
2024-11-01,SKU00030,53
2024-11-01,SKU00032,279
2024-11-01,SKU00033,28
2024-11-01,SKU00034,30
2024-11-01,SKU00036,53
2024-11-01,SKU00039,30
2024-11-01,SKU00040,144
2024-11-01,SKU00042,77
2024-11-01,SKU00045,10
2024-11-01,SKU00046,10
2024-11-01,SKU00047,8
2024-11-01,SKU00048,47
2024-11-01,SKU00049,140
2024-11-01,SKU00051,3
2024-11-01,SKU00052,8
2024-11-01,SKU00053,10
2024-11-01,SKU00054,41
2024-11-01,SKU00055,7
2024-11-01,SKU00058,91
2024-11-01,SKU00059,12
2024-11-01,SKU00061,103
2024-11-01,SKU00062,50
2024-11-01,SKU00063,67
2024-11-01,SKU00065,69
2024-11-01,SKU00067,68
2024-11-01,SKU00068,106
2024-11-01,SKU00070,49
2024-11-01,SKU00071,51
2024-11-01,SKU00072,75
2024-11-01,SKU00073,251
2024-11-01,SKU00074,207
2024-11-01,SKU00075,19
2024-11-01,SKU00076,255
2024-11-01,SKU00077,176
2024-11-01,SKU00080,22
2024-11-01,SKU00082,13
2024-11-01,SKU00083,36
2024-11-01,SKU00089,67
2024-11-01,SKU00093,88
2024-11-01,SKU00096,24
2024-11-01,SKU00097,145
2024-11-01,SKU00098,22
2024-11-01,SKU00100,74
2024-11-01,SKU00101,67
2024-11-01,SKU00103,8
2024-11-01,SKU00104,64
2024-11-01,SKU00106,10
2024-11-01,SKU00107,1
2024-11-01,SKU00109,22
2024-11-01,SKU00110,102
2024-11-01,SKU00113,143
2024-11-01,SKU00114,35
2024-11-01,SKU00115,9
2024-11-01,SKU00117,17
2024-11-01,SKU00118,21
2024-11-01,SKU00119,30
2024-11-01,SKU00120,44
2024-11-01,SKU00121,62
2024-11-01,SKU00122,33
2024-11-01,SKU00124,30
2024-11-01,SKU00126,69
2024-11-01,SKU00127,107
2024-11-01,SKU00129,91
2024-11-01,SKU00131,103
2024-11-01,SKU00132,86
2024-11-01,SKU00133,49
2024-11-01,SKU00135,78
2024-11-01,SKU00136,356
2024-11-01,SKU00138,43
2024-11-01,SKU00139,93
2024-11-01,SKU00141,117
2024-11-01,SKU00142,31
2024-11-01,SKU00143,102
2024-11-01,SKU00144,61
2024-11-01,SKU00145,87
2024-11-01,SKU00146,57
2024-11-01,SKU00147,74
2024-11-01,SKU00149,1
2024-11-01,SKU00150,11
2024-11-01,SKU00151,18
2024-11-01,SKU00152,175
2024-11-01,SKU00153,94
2024-11-01,SKU00155,22
2024-11-01,SKU00156,334
2024-11-01,SKU00158,29
2024-11-01,SKU00159,32
2024-11-01,SKU00160,4
2024-11-01,SKU00161,25
2024-11-01,SKU00162,7
2024-11-01,SKU00164,59
2024-11-01,SKU00165,40
2024-11-01,SKU00166,33
2024-11-01,SKU00167,61
2024-11-01,SKU00168,31
2024-11-01,SKU00169,27
2024-11-01,SKU00171,9
2024-11-01,SKU00173,18
2024-11-01,SKU00174,7
2024-11-01,SKU00175,4
2024-11-01,SKU00176,73
2024-11-01,SKU00179,159
2024-11-01,SKU00180,118
2024-11-01,SKU00181,148
2024-11-01,SKU00182,41
2024-11-01,SKU00183,11
2024-11-01,SKU00187,9
2024-11-01,SKU00188,29
2024-11-01,SKU00189,46
2024-11-01,SKU00190,138
2024-11-01,SKU00191,78
2024-11-01,SKU00192,13
2024-11-01,SKU00193,15
2024-11-01,SKU00196,231
2024-11-01,SKU00199,34
2024-11-01,SKU00200,12
2024-11-01,SKU00201,40
2024-11-01,SKU00202,134
2024-11-01,SKU00203,45
2024-11-01,SKU00204,520
2024-11-01,SKU00207,7
2024-11-01,SKU00208,9
2024-11-01,SKU00209,129
2024-11-01,SKU00210,24
2024-11-01,SKU00211,31
2024-11-01,SKU00212,24
2024-11-01,SKU00213,80
2024-11-01,SKU00215,30
2024-11-01,SKU00217,19
2024-11-01,SKU00218,79
2024-11-01,SKU00220,83
2024-11-01,SKU00221,38
2024-11-01,SKU00222,17
2024-11-01,SKU00223,7
2024-11-01,SKU00224,10
2024-11-01,SKU00225,17
2024-11-01,SKU00226,9
2024-11-01,SKU00228,179
2024-11-01,SKU00230,33
2024-11-01,SKU00231,14
2024-11-01,SKU00232,11
2024-11-01,SKU00233,54
2024-11-01,SKU00235,36
2024-11-01,SKU00236,62
2024-11-01,SKU00239,103
2024-11-01,SKU00240,23
2024-11-01,SKU00241,47
2024-11-01,SKU00242,64
2024-11-01,SKU00243,89
2024-11-01,SKU00244,33
2024-11-01,SKU00246,19
2024-11-01,SKU00247,42
2024-11-01,SKU00248,14
2024-11-01,SKU00251,103
2024-11-01,SKU00252,49
2024-11-01,SKU00253,8
2024-11-01,SKU00254,14
2024-11-01,SKU00255,42
2024-11-01,SKU00256,68
2024-11-01,SKU00257,4
2024-11-01,SKU00258,26
2024-11-01,SKU00259,300
2024-11-01,SKU00260,33
2024-11-01,SKU00261,12
2024-11-01,SKU00263,13
2024-11-01,SKU00264,14
2024-11-01,SKU00266,37
2024-11-01,SKU00268,257
2024-11-01,SKU00271,89
2024-11-01,SKU00272,12
2024-11-01,SKU00273,84
2024-11-01,SKU00274,66
2024-11-01,SKU00275,119
2024-11-01,SKU00276,25
2024-11-01,SKU00277,51
2024-11-01,SKU00278,58
2024-11-01,SKU00281,209
2024-11-01,SKU00284,19
2024-11-01,SKU00286,37
2024-11-01,SKU00287,22
2024-11-01,SKU00288,35
2024-11-01,SKU00289,34
2024-11-01,SKU00291,93
2024-11-01,SKU00292,0
2024-11-01,SKU00293,27
2024-11-01,SKU00294,33
2024-11-01,SKU00295,174
2024-11-01,SKU00296,184
2024-11-01,SKU00297,84
2024-11-01,SKU00298,141
2024-11-01,SKU00301,28
2024-11-01,SKU00302,61
2024-11-01,SKU00309,8
2024-11-01,SKU00310,88
2024-11-01,SKU00311,122
2024-11-01,SKU00312,22
2024-11-01,SKU00313,162
2024-11-01,SKU00314,325
2024-11-01,SKU00316,26
2024-11-01,SKU00317,31
2024-11-01,SKU00319,12
2024-11-01,SKU00320,187
2024-11-01,SKU00321,23
2024-11-01,SKU00322,99
2024-11-01,SKU00323,68
2024-11-01,SKU00324,34
2024-11-01,SKU00325,39
2024-11-01,SKU00327,56
2024-11-01,SKU00328,72
2024-11-01,SKU00329,103
2024-11-01,SKU00331,2
2024-11-01,SKU00333,117
2024-11-01,SKU00334,345
2024-11-01,SKU00335,20
2024-11-01,SKU00337,143
2024-11-01,SKU00338,11
2024-11-01,SKU00340,340
2024-11-01,SKU00343,55
2024-11-01,SKU00344,378
2024-11-01,SKU00347,37
2024-11-01,SKU00348,82
2024-11-01,SKU00349,163
2024-11-01,SKU00350,24
2024-11-01,SKU00351,69
2024-11-01,SKU00352,30
2024-11-01,SKU00354,216
2024-11-01,SKU00355,2
2024-11-01,SKU00356,121
2024-11-01,SKU00357,19
2024-11-01,SKU00358,30
2024-11-01,SKU00359,30
2024-11-01,SKU00361,30
2024-11-01,SKU00362,65
2024-11-01,SKU00363,114
2024-11-01,SKU00364,26
2024-11-01,SKU00365,11
2024-11-01,SKU00366,29
2024-11-01,SKU00372,50
2024-11-01,SKU00373,145
2024-11-01,SKU00374,24
2024-11-01,SKU00375,269
2024-11-01,SKU00376,89
2024-11-01,SKU00377,50
2024-11-01,SKU00378,31
2024-11-01,SKU00379,16
2024-11-01,SKU00380,31
2024-11-01,SKU00381,47
2024-11-01,SKU00382,40
2024-11-01,SKU00383,359
2024-11-01,SKU00384,16
2024-11-01,SKU00387,192
2024-11-01,SKU00389,60
2024-11-01,SKU00390,16
2024-11-01,SKU00391,32
2024-11-01,SKU00393,116
2024-11-01,SKU00394,21
2024-11-01,SKU00395,78
2024-11-01,SKU00396,8
2024-11-01,SKU00400,60
2024-11-01,SKU00401,7
2024-11-01,SKU00402,22
2024-11-01,SKU00403,68
2024-11-01,SKU00404,40
2024-11-01,SKU00405,193
2024-11-01,SKU00406,65
2024-11-01,SKU00407,151
2024-11-01,SKU00408,58
2024-11-01,SKU00409,10
2024-11-01,SKU00410,76
2024-11-01,SKU00412,114
2024-11-01,SKU00413,7
2024-11-01,SKU00414,269
2024-11-01,SKU00415,47
2024-11-01,SKU00416,12
2024-11-01,SKU00418,10
2024-11-01,SKU00419,26
2024-11-01,SKU00420,38
2024-11-01,SKU00422,17
2024-11-01,SKU00424,64
2024-11-01,SKU00425,15
2024-11-01,SKU00426,40
2024-11-01,SKU00427,19
2024-11-01,SKU00428,23
2024-11-01,SKU00430,65
2024-11-01,SKU00431,90
2024-11-01,SKU00433,72
2024-11-01,SKU00435,19
2024-11-01,SKU00436,16
2024-11-01,SKU00437,5
2024-11-01,SKU00438,17
2024-11-01,SKU00439,23
2024-11-01,SKU00441,13
2024-11-01,SKU00443,13
2024-11-01,SKU00444,51
2024-11-01,SKU00446,54
2024-11-01,SKU00447,431
2024-11-01,SKU00448,51
2024-11-01,SKU00449,13
2024-11-01,SKU00451,117
2024-11-01,SKU00452,0
2024-11-01,SKU00453,88
2024-11-01,SKU00454,58
2024-11-01,SKU00455,144
2024-11-01,SKU00456,48
2024-11-01,SKU00457,166
2024-11-01,SKU00459,132
2024-11-01,SKU00460,157
2024-11-01,SKU00463,106
2024-11-01,SKU00464,158
2024-11-01,SKU00465,22
2024-11-01,SKU00469,4
2024-11-01,SKU00472,25
2024-11-01,SKU00473,158
2024-11-01,SKU00474,131
2024-11-01,SKU00475,12
2024-11-01,SKU00476,39
2024-11-01,SKU00477,35
2024-11-01,SKU00478,64
2024-11-01,SKU00480,43
2024-11-01,SKU00481,39
2024-11-01,SKU00482,26
2024-11-01,SKU00483,48
2024-11-01,SKU00484,0
2024-11-01,SKU00487,30
2024-11-01,SKU00488,60
2024-11-01,SKU00490,84
2024-11-01,SKU00491,67
2024-11-01,SKU00492,81
2024-11-01,SKU00493,35
2024-11-01,SKU00494,35
2024-11-01,SKU00495,93
2024-11-01,SKU00496,5
2024-11-01,SKU00497,52
2024-11-01,SKU00500,47
2024-11-01,SKU00501,18
2024-11-01,SKU00502,11
2024-11-01,SKU00503,16
2024-11-01,SKU00506,32
2024-11-01,SKU00507,203
2024-11-01,SKU00508,108
2024-11-01,SKU00509,97
2024-11-01,SKU00510,66
2024-11-01,SKU00511,43
2024-11-01,SKU00512,52
2024-11-01,SKU00513,39
2024-11-01,SKU00514,21
2024-11-01,SKU00515,22
2024-11-01,SKU00516,33
2024-11-01,SKU00517,41
2024-11-01,SKU00518,46
2024-11-01,SKU00520,13
2024-11-01,SKU00521,16
2024-11-01,SKU00522,19
2024-11-01,SKU00523,10
2024-11-01,SKU00524,74
2024-11-01,SKU00525,34
2024-11-01,SKU00526,357
2024-11-01,SKU00528,50
2024-11-01,SKU00529,390
2024-11-01,SKU00530,465
2024-11-01,SKU00533,104
2024-11-01,SKU00534,294
2024-11-01,SKU00535,41
2024-11-01,SKU00536,34
2024-11-01,SKU00537,191
2024-11-01,SKU00538,13
2024-11-01,SKU00539,7
2024-11-01,SKU00540,60
2024-11-01,SKU00541,85
2024-11-01,SKU00542,62
2024-11-01,SKU00543,31
2024-11-01,SKU00544,87
2024-11-01,SKU00545,11
2024-11-01,SKU00546,308
2024-11-01,SKU00547,60
2024-11-01,SKU00548,65
2024-11-01,SKU00549,34
2024-11-01,SKU00550,10
2024-11-01,SKU00551,4
2024-11-01,SKU00555,30
2024-11-01,SKU00556,109
2024-11-01,SKU00557,44
2024-11-01,SKU00560,121
2024-11-01,SKU00561,25
2024-11-01,SKU00562,111
2024-11-01,SKU00563,228
2024-11-01,SKU00564,82
2024-11-01,SKU00565,45
2024-11-01,SKU00566,116
2024-11-01,SKU00567,23
2024-11-01,SKU00568,18
2024-11-01,SKU00569,75
2024-11-01,SKU00571,42
2024-11-01,SKU00572,35
2024-11-01,SKU00573,46
2024-11-01,SKU00576,63
2024-11-01,SKU00577,126
2024-11-01,SKU00579,33
2024-11-01,SKU00580,127
2024-11-01,SKU00581,92
2024-11-01,SKU00582,21
2024-11-01,SKU00583,75
2024-11-01,SKU00584,19
2024-11-01,SKU00586,13
2024-11-01,SKU00587,96
2024-11-01,SKU00588,97
2024-11-01,SKU00589,107
2024-11-01,SKU00590,78
2024-11-01,SKU00591,9
2024-11-01,SKU00592,2
2024-11-01,SKU00593,20
2024-11-01,SKU00594,29
2024-11-01,SKU00595,27
2024-11-01,SKU00596,28
2024-11-01,SKU00597,40
2024-11-01,SKU00598,25
2024-11-01,SKU00599,70
2024-11-01,SKU00600,64
2024-11-01,SKU00602,40
2024-11-01,SKU00603,44
2024-11-01,SKU00607,108
2024-11-01,SKU00608,8
2024-11-01,SKU00609,25
2024-11-01,SKU00610,7
2024-11-01,SKU00611,59
2024-11-01,SKU00612,51
2024-11-01,SKU00613,18
2024-11-01,SKU00614,23
2024-11-01,SKU00616,65
2024-11-01,SKU00617,22
2024-11-01,SKU00618,87
2024-11-01,SKU00619,81
2024-11-01,SKU00621,20
2024-11-01,SKU00622,15
2024-11-01,SKU00623,37
2024-11-01,SKU00624,38
2024-11-01,SKU00625,44
2024-11-01,SKU00626,29
2024-11-01,SKU00627,45
2024-11-01,SKU00628,210
2024-11-01,SKU00629,66
2024-11-01,SKU00631,12
2024-11-01,SKU00632,30
2024-11-01,SKU00633,230
2024-11-01,SKU00634,41
2024-11-01,SKU00635,19
2024-11-01,SKU00637,18
2024-11-01,SKU00638,19
2024-11-01,SKU00639,28
2024-11-01,SKU00640,189
2024-11-01,SKU00641,24
2024-11-01,SKU00642,131
2024-11-01,SKU00644,21
2024-11-01,SKU00649,225
2024-11-01,SKU00650,106
2024-11-01,SKU00651,200
2024-11-01,SKU00653,97
2024-11-01,SKU00654,40
2024-11-01,SKU00655,69
2024-11-01,SKU00656,38
2024-11-01,SKU00657,74
2024-11-01,SKU00658,22
2024-11-01,SKU00659,39
2024-11-01,SKU00660,27
2024-11-01,SKU00661,161
2024-11-01,SKU00662,75
2024-11-01,SKU00663,53
2024-11-01,SKU00664,276
2024-11-01,SKU00665,29
2024-11-01,SKU00667,9
2024-11-01,SKU00668,182
2024-11-01,SKU00670,0
2024-11-01,SKU00671,41
2024-11-01,SKU00673,187
2024-11-01,SKU00674,49
2024-11-01,SKU00675,44
2024-11-01,SKU00678,168
2024-11-01,SKU00679,292
2024-11-01,SKU00680,94
2024-11-01,SKU00681,482
2024-11-01,SKU00682,11
2024-11-01,SKU00684,64
2024-11-01,SKU00686,3
2024-11-01,SKU00687,85
2024-11-01,SKU00688,201
2024-11-01,SKU00690,20
2024-11-01,SKU00692,29
2024-11-01,SKU00693,64
2024-11-01,SKU00696,95
2024-11-01,SKU00697,47
2024-11-01,SKU00698,19
2024-11-01,SKU00700,64
2024-11-01,SKU00701,37
2024-11-01,SKU00702,114
2024-11-01,SKU00703,22
2024-11-01,SKU00704,23
2024-11-01,SKU00705,98
2024-11-01,SKU00708,23
2024-11-01,SKU00709,30
2024-11-01,SKU00710,107
2024-11-01,SKU00711,51
2024-11-01,SKU00712,67
2024-11-01,SKU00713,10
2024-11-01,SKU00715,47
2024-11-01,SKU00716,29
2024-11-01,SKU00717,167
2024-11-01,SKU00718,74
2024-11-01,SKU00719,195
2024-11-01,SKU00720,431
2024-11-01,SKU00721,126
2024-11-01,SKU00722,74
2024-11-01,SKU00723,451
2024-11-01,SKU00724,16
2024-11-01,SKU00725,84
2024-11-01,SKU00726,165
2024-11-01,SKU00727,5
2024-11-01,SKU00728,61
2024-11-01,SKU00729,95
2024-11-01,SKU00730,81
2024-11-01,SKU00731,50
2024-11-01,SKU00732,205
2024-11-01,SKU00733,37
2024-11-01,SKU00734,69
2024-11-01,SKU00735,488
2024-11-01,SKU00737,253
2024-11-01,SKU00738,5
2024-11-01,SKU00739,418
2024-11-01,SKU00740,48
2024-11-01,SKU00743,51
2024-11-01,SKU00744,79
2024-11-01,SKU00745,19
2024-11-01,SKU00747,21
2024-11-01,SKU00748,68
2024-11-01,SKU00749,18
2024-11-01,SKU00750,103
2024-11-01,SKU00751,115
2024-11-01,SKU00752,96
2024-11-01,SKU00754,170
2024-11-01,SKU00755,12
2024-11-01,SKU00757,17
2024-11-01,SKU00758,24
2024-11-01,SKU00759,70
2024-11-01,SKU00760,72
2024-11-01,SKU00761,42
2024-11-01,SKU00763,11
2024-11-01,SKU00764,31
2024-11-01,SKU00765,113
2024-11-01,SKU00767,44
2024-11-01,SKU00768,12
2024-11-01,SKU00769,48
2024-11-01,SKU00771,185
2024-11-01,SKU00773,167
2024-11-01,SKU00775,35
2024-11-01,SKU00776,54
2024-11-01,SKU00777,34
2024-11-01,SKU00778,158
2024-11-01,SKU00779,18
2024-11-01,SKU00780,93
2024-11-01,SKU00781,57
2024-11-01,SKU00783,26
2024-11-01,SKU00784,66
2024-11-01,SKU00785,190
2024-11-01,SKU00788,103
2024-11-01,SKU00789,20
2024-11-01,SKU00793,22
2024-11-01,SKU00794,79
2024-11-01,SKU00796,10
2024-11-01,SKU00798,14
2024-11-01,SKU00799,23
2024-12-01,SKU00001,60
2024-12-01,SKU00002,212
2024-12-01,SKU00004,220
2024-12-01,SKU00005,13
2024-12-01,SKU00006,62
2024-12-01,SKU00007,24
2024-12-01,SKU00008,55
2024-12-01,SKU00009,134
2024-12-01,SKU00010,41
2024-12-01,SKU00012,74
2024-12-01,SKU00013,142
2024-12-01,SKU00015,31
2024-12-01,SKU00016,63
2024-12-01,SKU00018,91
2024-12-01,SKU00019,59
2024-12-01,SKU00022,14
2024-12-01,SKU00024,14
2024-12-01,SKU00025,55
2024-12-01,SKU00026,195
2024-12-01,SKU00030,28
2024-12-01,SKU00032,446
2024-12-01,SKU00033,23
2024-12-01,SKU00034,21
2024-12-01,SKU00036,57
2024-12-01,SKU00039,13
2024-12-01,SKU00040,186
2024-12-01,SKU00042,70
2024-12-01,SKU00045,14
2024-12-01,SKU00046,17
2024-12-01,SKU00047,0
2024-12-01,SKU00048,34
2024-12-01,SKU00049,75
2024-12-01,SKU00051,13
2024-12-01,SKU00052,15
2024-12-01,SKU00053,25
2024-12-01,SKU00054,63
2024-12-01,SKU00055,13
2024-12-01,SKU00058,179
2024-12-01,SKU00059,13
2024-12-01,SKU00061,95
2024-12-01,SKU00062,12
2024-12-01,SKU00063,94
2024-12-01,SKU00065,98
2024-12-01,SKU00067,59
2024-12-01,SKU00068,120
2024-12-01,SKU00070,72
2024-12-01,SKU00071,31
2024-12-01,SKU00072,110
2024-12-01,SKU00073,163
2024-12-01,SKU00074,134
2024-12-01,SKU00075,14
2024-12-01,SKU00076,198
2024-12-01,SKU00077,123
2024-12-01,SKU00080,43
2024-12-01,SKU00082,3
2024-12-01,SKU00083,21
2024-12-01,SKU00087,45
2024-12-01,SKU00089,37
2024-12-01,SKU00093,40
2024-12-01,SKU00096,14
2024-12-01,SKU00097,101
2024-12-01,SKU00098,10
2024-12-01,SKU00099,88
2024-12-01,SKU00100,89
2024-12-01,SKU00101,119
2024-12-01,SKU00103,25
2024-12-01,SKU00104,104
2024-12-01,SKU00106,10
2024-12-01,SKU00107,13
2024-12-01,SKU00109,38
2024-12-01,SKU00110,202
2024-12-01,SKU00113,92
2024-12-01,SKU00114,28
2024-12-01,SKU00115,16
2024-12-01,SKU00117,43
2024-12-01,SKU00118,9
2024-12-01,SKU00119,54
2024-12-01,SKU00120,58
2024-12-01,SKU00121,98
2024-12-01,SKU00122,49
2024-12-01,SKU00124,35
2024-12-01,SKU00126,90
2024-12-01,SKU00127,230
2024-12-01,SKU00129,92
2024-12-01,SKU00131,61
2024-12-01,SKU00132,59
2024-12-01,SKU00133,51
2024-12-01,SKU00135,66
2024-12-01,SKU00136,275
2024-12-01,SKU00138,47
2024-12-01,SKU00139,53
2024-12-01,SKU00141,81
2024-12-01,SKU00142,23
2024-12-01,SKU00143,134
2024-12-01,SKU00144,105
2024-12-01,SKU00145,145
2024-12-01,SKU00146,65
2024-12-01,SKU00147,71
2024-12-01,SKU00149,6
2024-12-01,SKU00150,35
2024-12-01,SKU00151,0
2024-12-01,SKU00152,209
2024-12-01,SKU00153,62
2024-12-01,SKU00155,30
2024-12-01,SKU00156,309
2024-12-01,SKU00158,25
2024-12-01,SKU00159,58
2024-12-01,SKU00160,8
2024-12-01,SKU00161,25
2024-12-01,SKU00162,36
2024-12-01,SKU00164,42
2024-12-01,SKU00165,26
2024-12-01,SKU00166,21
2024-12-01,SKU00167,124
2024-12-01,SKU00168,18
2024-12-01,SKU00169,32
2024-12-01,SKU00171,3
2024-12-01,SKU00173,42
2024-12-01,SKU00174,20
2024-12-01,SKU00175,15
2024-12-01,SKU00176,92
2024-12-01,SKU00179,101
2024-12-01,SKU00180,121
2024-12-01,SKU00181,131
2024-12-01,SKU00182,35
2024-12-01,SKU00183,5
2024-12-01,SKU00187,5
2024-12-01,SKU00188,17
2024-12-01,SKU00189,61
2024-12-01,SKU00190,217
2024-12-01,SKU00191,106
2024-12-01,SKU00192,20
2024-12-01,SKU00193,10
2024-12-01,SKU00196,155
2024-12-01,SKU00199,41
2024-12-01,SKU00200,37
2024-12-01,SKU00201,48
2024-12-01,SKU00202,201
2024-12-01,SKU00203,31
2024-12-01,SKU00204,382
2024-12-01,SKU00206,28
2024-12-01,SKU00207,18
2024-12-01,SKU00208,0
2024-12-01,SKU00209,135
2024-12-01,SKU00210,17
2024-12-01,SKU00211,50
2024-12-01,SKU00212,36
2024-12-01,SKU00213,70
2024-12-01,SKU00215,14
2024-12-01,SKU00217,21
2024-12-01,SKU00218,152
2024-12-01,SKU00220,43
2024-12-01,SKU00221,42
2024-12-01,SKU00222,9
2024-12-01,SKU00223,15
2024-12-01,SKU00224,26
2024-12-01,SKU00225,20
2024-12-01,SKU00226,13
2024-12-01,SKU00228,142
2024-12-01,SKU00230,17
2024-12-01,SKU00231,21
2024-12-01,SKU00232,15
2024-12-01,SKU00233,41
2024-12-01,SKU00235,53
2024-12-01,SKU00236,107
2024-12-01,SKU00239,94
2024-12-01,SKU00240,12
2024-12-01,SKU00241,44
2024-12-01,SKU00242,66
2024-12-01,SKU00243,93
2024-12-01,SKU00244,58
2024-12-01,SKU00246,25
2024-12-01,SKU00247,36
2024-12-01,SKU00248,33
2024-12-01,SKU00251,118
2024-12-01,SKU00252,37
2024-12-01,SKU00253,7
2024-12-01,SKU00254,12
2024-12-01,SKU00255,48
2024-12-01,SKU00256,47
2024-12-01,SKU00258,11
2024-12-01,SKU00259,280
2024-12-01,SKU00260,36
2024-12-01,SKU00261,14
2024-12-01,SKU00263,10
2024-12-01,SKU00264,13
2024-12-01,SKU00266,43
2024-12-01,SKU00268,232
2024-12-01,SKU00271,105
2024-12-01,SKU00272,1
2024-12-01,SKU00273,74
2024-12-01,SKU00274,122
2024-12-01,SKU00275,151
2024-12-01,SKU00276,40
2024-12-01,SKU00277,34
2024-12-01,SKU00278,55
2024-12-01,SKU00281,148
2024-12-01,SKU00284,42
2024-12-01,SKU00286,27
2024-12-01,SKU00287,32
2024-12-01,SKU00288,24
2024-12-01,SKU00289,33
2024-12-01,SKU00291,106
2024-12-01,SKU00292,16
2024-12-01,SKU00293,0
2024-12-01,SKU00294,20
2024-12-01,SKU00295,197
2024-12-01,SKU00296,164
2024-12-01,SKU00297,42
2024-12-01,SKU00298,70
2024-12-01,SKU00301,39
2024-12-01,SKU00302,86
2024-12-01,SKU00304,153
2024-12-01,SKU00309,14
2024-12-01,SKU00310,105
2024-12-01,SKU00311,69
2024-12-01,SKU00312,2
2024-12-01,SKU00313,181
2024-12-01,SKU00314,250
2024-12-01,SKU00316,32
2024-12-01,SKU00317,23
2024-12-01,SKU00319,7
2024-12-01,SKU00320,237
2024-12-01,SKU00321,21
2024-12-01,SKU00322,147
2024-12-01,SKU00323,52
2024-12-01,SKU00324,63
2024-12-01,SKU00325,28
2024-12-01,SKU00327,87
2024-12-01,SKU00328,47
2024-12-01,SKU00329,98
2024-12-01,SKU00331,8
2024-12-01,SKU00333,120
2024-12-01,SKU00334,357
2024-12-01,SKU00335,16
2024-12-01,SKU00337,104
2024-12-01,SKU00338,22
2024-12-01,SKU00340,472
2024-12-01,SKU00343,40
2024-12-01,SKU00344,352
2024-12-01,SKU00346,60
2024-12-01,SKU00347,17
2024-12-01,SKU00348,38
2024-12-01,SKU00349,161
2024-12-01,SKU00350,11
2024-12-01,SKU00351,86
2024-12-01,SKU00352,40
2024-12-01,SKU00354,226
2024-12-01,SKU00355,10
2024-12-01,SKU00356,115
2024-12-01,SKU00357,25
2024-12-01,SKU00358,7
2024-12-01,SKU00359,17
2024-12-01,SKU00361,27
2024-12-01,SKU00362,29
2024-12-01,SKU00363,58
2024-12-01,SKU00364,12
2024-12-01,SKU00365,12
2024-12-01,SKU00366,19
2024-12-01,SKU00372,53
2024-12-01,SKU00373,254
2024-12-01,SKU00374,43
2024-12-01,SKU00375,318
2024-12-01,SKU00376,146
2024-12-01,SKU00377,47
2024-12-01,SKU00378,15
2024-12-01,SKU00379,0
2024-12-01,SKU00380,22
2024-12-01,SKU00381,28
2024-12-01,SKU00382,59
2024-12-01,SKU00383,333
2024-12-01,SKU00384,10
2024-12-01,SKU00387,219
2024-12-01,SKU00389,77
2024-12-01,SKU00390,11
2024-12-01,SKU00391,24
2024-12-01,SKU00393,77
2024-12-01,SKU00394,2
2024-12-01,SKU00395,54
2024-12-01,SKU00396,24
2024-12-01,SKU00397,179
2024-12-01,SKU00400,55
2024-12-01,SKU00401,28
2024-12-01,SKU00402,6
2024-12-01,SKU00403,53
2024-12-01,SKU00404,38
2024-12-01,SKU00405,205
2024-12-01,SKU00406,45
2024-12-01,SKU00407,105
2024-12-01,SKU00408,45
2024-12-01,SKU00409,0
2024-12-01,SKU00410,62
2024-12-01,SKU00413,12
2024-12-01,SKU00414,289
2024-12-01,SKU00415,60
2024-12-01,SKU00416,10
2024-12-01,SKU00418,16
2024-12-01,SKU00419,23
2024-12-01,SKU00420,72
2024-12-01,SKU00422,27
2024-12-01,SKU00424,43
2024-12-01,SKU00425,12
2024-12-01,SKU00426,86
2024-12-01,SKU00427,46
2024-12-01,SKU00428,19
2024-12-01,SKU00430,55
2024-12-01,SKU00431,56
2024-12-01,SKU00433,90
2024-12-01,SKU00435,19
2024-12-01,SKU00437,21
2024-12-01,SKU00438,11
2024-12-01,SKU00439,7
2024-12-01,SKU00441,18
2024-12-01,SKU00443,8
2024-12-01,SKU00444,61
2024-12-01,SKU00446,96
2024-12-01,SKU00447,524
2024-12-01,SKU00448,51
2024-12-01,SKU00449,22
2024-12-01,SKU00451,125
2024-12-01,SKU00452,5
2024-12-01,SKU00453,147
2024-12-01,SKU00454,44
2024-12-01,SKU00455,164
2024-12-01,SKU00456,22
2024-12-01,SKU00457,160
2024-12-01,SKU00459,126
2024-12-01,SKU00460,226
2024-12-01,SKU00463,90
2024-12-01,SKU00464,87
2024-12-01,SKU00465,34
2024-12-01,SKU00469,3
2024-12-01,SKU00471,67
2024-12-01,SKU00472,18
2024-12-01,SKU00473,143
2024-12-01,SKU00474,115
2024-12-01,SKU00475,45
2024-12-01,SKU00476,51
2024-12-01,SKU00477,55
2024-12-01,SKU00478,78
2024-12-01,SKU00480,44
2024-12-01,SKU00481,33
2024-12-01,SKU00483,37
2024-12-01,SKU00484,14
2024-12-01,SKU00488,43
2024-12-01,SKU00490,44
2024-12-01,SKU00491,89
2024-12-01,SKU00492,85
2024-12-01,SKU00493,51
2024-12-01,SKU00494,48
2024-12-01,SKU00495,84
2024-12-01,SKU00497,64
2024-12-01,SKU00500,60
2024-12-01,SKU00501,11
2024-12-01,SKU00502,8
2024-12-01,SKU00503,16
2024-12-01,SKU00506,32
2024-12-01,SKU00507,236
2024-12-01,SKU00508,176
2024-12-01,SKU00509,51
2024-12-01,SKU00510,69
2024-12-01,SKU00511,24
2024-12-01,SKU00512,79
2024-12-01,SKU00513,50
2024-12-01,SKU00514,16
2024-12-01,SKU00515,12
2024-12-01,SKU00516,18
2024-12-01,SKU00517,36
2024-12-01,SKU00518,73
2024-12-01,SKU00520,6
2024-12-01,SKU00521,9
2024-12-01,SKU00522,19
2024-12-01,SKU00523,16
2024-12-01,SKU00524,29
2024-12-01,SKU00525,9
2024-12-01,SKU00526,320
2024-12-01,SKU00528,51
2024-12-01,SKU00529,404
2024-12-01,SKU00530,446
2024-12-01,SKU00533,154
2024-12-01,SKU00534,150
2024-12-01,SKU00535,23
2024-12-01,SKU00536,23
2024-12-01,SKU00537,218
2024-12-01,SKU00538,25
2024-12-01,SKU00539,13
2024-12-01,SKU00540,49
2024-12-01,SKU00541,76
2024-12-01,SKU00542,68
2024-12-01,SKU00543,66
2024-12-01,SKU00544,95
2024-12-01,SKU00545,6
2024-12-01,SKU00546,269
2024-12-01,SKU00547,84
2024-12-01,SKU00548,79
2024-12-01,SKU00549,18
2024-12-01,SKU00550,6
2024-12-01,SKU00551,18
2024-12-01,SKU00555,29
2024-12-01,SKU00556,124
2024-12-01,SKU00557,12
2024-12-01,SKU00560,51
2024-12-01,SKU00561,24
2024-12-01,SKU00562,99
2024-12-01,SKU00563,169
2024-12-01,SKU00564,42
2024-12-01,SKU00565,44
2024-12-01,SKU00566,136
2024-12-01,SKU00567,20
2024-12-01,SKU00568,30
2024-12-01,SKU00569,132
2024-12-01,SKU00571,35
2024-12-01,SKU00572,16
2024-12-01,SKU00573,46
2024-12-01,SKU00576,15
2024-12-01,SKU00577,69
2024-12-01,SKU00579,21
2024-12-01,SKU00581,22
2024-12-01,SKU00582,34
2024-12-01,SKU00583,64
2024-12-01,SKU00584,9
2024-12-01,SKU00586,39
2024-12-01,SKU00587,139
2024-12-01,SKU00588,51
2024-12-01,SKU00589,47
2024-12-01,SKU00590,136
2024-12-01,SKU00591,32
2024-12-01,SKU00592,13
2024-12-01,SKU00593,13
2024-12-01,SKU00594,24
2024-12-01,SKU00595,54
2024-12-01,SKU00596,27
2024-12-01,SKU00597,28
2024-12-01,SKU00598,8
2024-12-01,SKU00599,68
2024-12-01,SKU00600,53
2024-12-01,SKU00601,90
2024-12-01,SKU00602,67
2024-12-01,SKU00603,27
2024-12-01,SKU00604,23
2024-12-01,SKU00607,154
2024-12-01,SKU00608,12
2024-12-01,SKU00609,24
2024-12-01,SKU00610,4
2024-12-01,SKU00611,89
2024-12-01,SKU00612,52
2024-12-01,SKU00613,24
2024-12-01,SKU00614,16
2024-12-01,SKU00616,35
2024-12-01,SKU00617,24
2024-12-01,SKU00618,51
2024-12-01,SKU00619,119
2024-12-01,SKU00621,6
2024-12-01,SKU00622,39
2024-12-01,SKU00623,39
2024-12-01,SKU00624,16
2024-12-01,SKU00625,59
2024-12-01,SKU00626,44
2024-12-01,SKU00627,35
2024-12-01,SKU00628,207
2024-12-01,SKU00629,24
2024-12-01,SKU00631,13
2024-12-01,SKU00632,25
2024-12-01,SKU00633,191
2024-12-01,SKU00634,63
2024-12-01,SKU00635,30
2024-12-01,SKU00637,21
2024-12-01,SKU00638,10
2024-12-01,SKU00639,31
2024-12-01,SKU00640,224
2024-12-01,SKU00641,16
2024-12-01,SKU00642,67
2024-12-01,SKU00643,13
2024-12-01,SKU00644,16
2024-12-01,SKU00649,316
2024-12-01,SKU00650,180
2024-12-01,SKU00651,156
2024-12-01,SKU00653,116
2024-12-01,SKU00654,33
2024-12-01,SKU00655,48
2024-12-01,SKU00656,17
2024-12-01,SKU00657,143
2024-12-01,SKU00658,10
2024-12-01,SKU00659,61
2024-12-01,SKU00660,31
2024-12-01,SKU00661,106
2024-12-01,SKU00662,117
2024-12-01,SKU00663,57
2024-12-01,SKU00664,367
2024-12-01,SKU00665,33
2024-12-01,SKU00667,21
2024-12-01,SKU00668,212
2024-12-01,SKU00670,0
2024-12-01,SKU00671,5
2024-12-01,SKU00673,259
2024-12-01,SKU00674,23
2024-12-01,SKU00675,29
2024-12-01,SKU00677,96
2024-12-01,SKU00678,169
2024-12-01,SKU00679,601
2024-12-01,SKU00680,85
2024-12-01,SKU00681,314
2024-12-01,SKU00682,20
2024-12-01,SKU00684,38
2024-12-01,SKU00686,15
2024-12-01,SKU00687,77
2024-12-01,SKU00688,79
2024-12-01,SKU00690,25
2024-12-01,SKU00691,23
2024-12-01,SKU00692,20
2024-12-01,SKU00693,45
2024-12-01,SKU00695,33
2024-12-01,SKU00696,95
2024-12-01,SKU00697,73
2024-12-01,SKU00698,33
2024-12-01,SKU00700,49
2024-12-01,SKU00701,51
2024-12-01,SKU00702,82
2024-12-01,SKU00703,29
2024-12-01,SKU00704,17
2024-12-01,SKU00705,113
2024-12-01,SKU00707,24
2024-12-01,SKU00708,39
2024-12-01,SKU00709,22
2024-12-01,SKU00710,148
2024-12-01,SKU00711,49
2024-12-01,SKU00713,6
2024-12-01,SKU00715,39
2024-12-01,SKU00716,35
2024-12-01,SKU00717,162
2024-12-01,SKU00718,52
2024-12-01,SKU00719,130
2024-12-01,SKU00720,278
2024-12-01,SKU00721,88
2024-12-01,SKU00722,62
2024-12-01,SKU00723,490
2024-12-01,SKU00724,34
2024-12-01,SKU00725,75
2024-12-01,SKU00726,136
2024-12-01,SKU00727,12
2024-12-01,SKU00728,59
2024-12-01,SKU00729,94
2024-12-01,SKU00730,91
2024-12-01,SKU00731,44
2024-12-01,SKU00732,126
2024-12-01,SKU00733,81
2024-12-01,SKU00734,41
2024-12-01,SKU00735,415
2024-12-01,SKU00737,324
2024-12-01,SKU00738,3
2024-12-01,SKU00739,466
2024-12-01,SKU00740,23
2024-12-01,SKU00743,84
2024-12-01,SKU00744,65
2024-12-01,SKU00745,16
2024-12-01,SKU00746,71
2024-12-01,SKU00747,30
2024-12-01,SKU00748,70
2024-12-01,SKU00749,6
2024-12-01,SKU00750,68
2024-12-01,SKU00751,77
2024-12-01,SKU00752,94
2024-12-01,SKU00754,291
2024-12-01,SKU00755,56
2024-12-01,SKU00757,8
2024-12-01,SKU00758,5
2024-12-01,SKU00759,66
2024-12-01,SKU00760,106
2024-12-01,SKU00761,36
2024-12-01,SKU00762,8
2024-12-01,SKU00763,26
2024-12-01,SKU00764,25
2024-12-01,SKU00765,148
2024-12-01,SKU00767,26
2024-12-01,SKU00768,4
2024-12-01,SKU00769,47
2024-12-01,SKU00771,197
2024-12-01,SKU00773,159
2024-12-01,SKU00775,31
2024-12-01,SKU00776,43
2024-12-01,SKU00777,43
2024-12-01,SKU00778,86
2024-12-01,SKU00779,45
2024-12-01,SKU00780,67
2024-12-01,SKU00781,51
2024-12-01,SKU00783,71
2024-12-01,SKU00784,60
2024-12-01,SKU00785,145
2024-12-01,SKU00788,102
2024-12-01,SKU00789,35
2024-12-01,SKU00792,180
2024-12-01,SKU00793,16
2024-12-01,SKU00794,142
2024-12-01,SKU00795,17
2024-12-01,SKU00796,10
2024-12-01,SKU00798,28
2024-12-01,SKU00799,39
2024-12-01,SKU00800,42
2025-01-01,SKU00001,69
2025-01-01,SKU00002,82
2025-01-01,SKU00004,220
2025-01-01,SKU00005,8
2025-01-01,SKU00006,66
2025-01-01,SKU00007,22
2025-01-01,SKU00008,35
2025-01-01,SKU00009,108
2025-01-01,SKU00010,64
2025-01-01,SKU00012,57
2025-01-01,SKU00013,206
2025-01-01,SKU00015,34
2025-01-01,SKU00016,72
2025-01-01,SKU00018,71
2025-01-01,SKU00019,62
2025-01-01,SKU00022,7
2025-01-01,SKU00023,11
2025-01-01,SKU00024,19
2025-01-01,SKU00025,138
2025-01-01,SKU00026,203
2025-01-01,SKU00029,5
2025-01-01,SKU00030,44
2025-01-01,SKU00032,268
2025-01-01,SKU00033,23
2025-01-01,SKU00034,22
2025-01-01,SKU00035,21
2025-01-01,SKU00036,34
2025-01-01,SKU00038,183
2025-01-01,SKU00039,31
2025-01-01,SKU00040,200
2025-01-01,SKU00042,112
2025-01-01,SKU00045,12
2025-01-01,SKU00046,28
2025-01-01,SKU00047,15
2025-01-01,SKU00048,32
2025-01-01,SKU00049,93
2025-01-01,SKU00051,5
2025-01-01,SKU00052,6
2025-01-01,SKU00053,18
2025-01-01,SKU00054,46
2025-01-01,SKU00055,13
2025-01-01,SKU00058,142
2025-01-01,SKU00059,23
2025-01-01,SKU00061,90
2025-01-01,SKU00062,63
2025-01-01,SKU00063,41
2025-01-01,SKU00065,85
2025-01-01,SKU00067,40
2025-01-01,SKU00068,131
2025-01-01,SKU00069,388
2025-01-01,SKU00070,72
2025-01-01,SKU00071,60
2025-01-01,SKU00072,74
2025-01-01,SKU00073,137
2025-01-01,SKU00074,159
2025-01-01,SKU00075,6
2025-01-01,SKU00076,144
2025-01-01,SKU00077,90
2025-01-01,SKU00080,35
2025-01-01,SKU00082,8
2025-01-01,SKU00083,47
2025-01-01,SKU00087,41
2025-01-01,SKU00089,86
2025-01-01,SKU00093,56
2025-01-01,SKU00096,15
2025-01-01,SKU00097,74
2025-01-01,SKU00098,16
2025-01-01,SKU00099,48
2025-01-01,SKU00100,46
2025-01-01,SKU00101,106
2025-01-01,SKU00103,9
2025-01-01,SKU00104,47
2025-01-01,SKU00105,18
2025-01-01,SKU00106,12
2025-01-01,SKU00107,20
2025-01-01,SKU00109,27
2025-01-01,SKU00110,90
2025-01-01,SKU00113,99
2025-01-01,SKU00114,19
2025-01-01,SKU00115,25
2025-01-01,SKU00117,58
2025-01-01,SKU00118,9
2025-01-01,SKU00119,53
2025-01-01,SKU00120,84
2025-01-01,SKU00121,91
2025-01-01,SKU00122,52
2025-01-01,SKU00124,16
2025-01-01,SKU00126,96
2025-01-01,SKU00127,115
2025-01-01,SKU00129,148
2025-01-01,SKU00131,97
2025-01-01,SKU00132,70
2025-01-01,SKU00133,79
2025-01-01,SKU00135,99
2025-01-01,SKU00136,309
2025-01-01,SKU00138,22
2025-01-01,SKU00139,76
2025-01-01,SKU00141,84
2025-01-01,SKU00142,10
2025-01-01,SKU00143,78
2025-01-01,SKU00144,66
2025-01-01,SKU00145,87
2025-01-01,SKU00146,34
2025-01-01,SKU00147,89
2025-01-01,SKU00149,7
2025-01-01,SKU00150,40
2025-01-01,SKU00151,24
2025-01-01,SKU00152,145
2025-01-01,SKU00153,133
2025-01-01,SKU00154,150
2025-01-01,SKU00155,17
2025-01-01,SKU00156,438
2025-01-01,SKU00158,47
2025-01-01,SKU00159,88
2025-01-01,SKU00160,0
2025-01-01,SKU00161,16
2025-01-01,SKU00162,22
2025-01-01,SKU00164,27
2025-01-01,SKU00165,24
2025-01-01,SKU00166,14
2025-01-01,SKU00167,124
2025-01-01,SKU00168,28
2025-01-01,SKU00169,17
2025-01-01,SKU00171,11
2025-01-01,SKU00173,45
2025-01-01,SKU00174,13
2025-01-01,SKU00175,23
2025-01-01,SKU00176,55
2025-01-01,SKU00179,124
2025-01-01,SKU00180,167
2025-01-01,SKU00181,135
2025-01-01,SKU00182,28
2025-01-01,SKU00183,3
2025-01-01,SKU00184,61
2025-01-01,SKU00185,243
2025-01-01,SKU00187,11
2025-01-01,SKU00188,14
2025-01-01,SKU00189,41
2025-01-01,SKU00190,258
2025-01-01,SKU00191,98
2025-01-01,SKU00192,17
2025-01-01,SKU00193,11
2025-01-01,SKU00194,162
2025-01-01,SKU00196,144
2025-01-01,SKU00199,63
2025-01-01,SKU00200,41
2025-01-01,SKU00201,46
2025-01-01,SKU00202,94
2025-01-01,SKU00203,34
2025-01-01,SKU00204,504
2025-01-01,SKU00206,19
2025-01-01,SKU00207,2
2025-01-01,SKU00208,0
2025-01-01,SKU00209,169
2025-01-01,SKU00210,33
2025-01-01,SKU00211,46
2025-01-01,SKU00212,31
2025-01-01,SKU00213,66
2025-01-01,SKU00215,8
2025-01-01,SKU00217,26
2025-01-01,SKU00218,85
2025-01-01,SKU00220,86
2025-01-01,SKU00221,65
2025-01-01,SKU00222,11
2025-01-01,SKU00223,0
2025-01-01,SKU00224,9
2025-01-01,SKU00225,29
2025-01-01,SKU00226,11
2025-01-01,SKU00228,164
2025-01-01,SKU00230,21
2025-01-01,SKU00231,2
2025-01-01,SKU00232,13
2025-01-01,SKU00233,56
2025-01-01,SKU00235,44
2025-01-01,SKU00236,85
2025-01-01,SKU00239,116
2025-01-01,SKU00240,0
2025-01-01,SKU00241,27
2025-01-01,SKU00242,56
2025-01-01,SKU00243,114
2025-01-01,SKU00244,16
2025-01-01,SKU00246,19
2025-01-01,SKU00247,42
2025-01-01,SKU00248,8
2025-01-01,SKU00250,196
2025-01-01,SKU00251,83
2025-01-01,SKU00252,27
2025-01-01,SKU00253,15
2025-01-01,SKU00254,13
2025-01-01,SKU00255,65
2025-01-01,SKU00256,53
2025-01-01,SKU00258,6
2025-01-01,SKU00259,258
2025-01-01,SKU00260,28
2025-01-01,SKU00261,11
2025-01-01,SKU00263,20
2025-01-01,SKU00264,17
2025-01-01,SKU00265,65
2025-01-01,SKU00266,26
2025-01-01,SKU00268,242
2025-01-01,SKU00271,104
2025-01-01,SKU00272,0
2025-01-01,SKU00273,68
2025-01-01,SKU00274,70
2025-01-01,SKU00275,120
2025-01-01,SKU00276,37
2025-01-01,SKU00277,83
2025-01-01,SKU00278,100
2025-01-01,SKU00279,125
2025-01-01,SKU00281,160
2025-01-01,SKU00282,40
2025-01-01,SKU00284,43
2025-01-01,SKU00286,54
2025-01-01,SKU00287,5
2025-01-01,SKU00288,24
2025-01-01,SKU00289,17
2025-01-01,SKU00291,151
2025-01-01,SKU00292,8
2025-01-01,SKU00293,9
2025-01-01,SKU00294,27
2025-01-01,SKU00295,309
2025-01-01,SKU00296,173
2025-01-01,SKU00297,33
2025-01-01,SKU00298,65
2025-01-01,SKU00301,36
2025-01-01,SKU00302,106
2025-01-01,SKU00304,209
2025-01-01,SKU00309,20
2025-01-01,SKU00310,63
2025-01-01,SKU00311,129
2025-01-01,SKU00312,12
2025-01-01,SKU00313,256
2025-01-01,SKU00314,421
2025-01-01,SKU00316,33
2025-01-01,SKU00317,49
2025-01-01,SKU00319,9
2025-01-01,SKU00320,190
2025-01-01,SKU00321,32
2025-01-01,SKU00322,147
2025-01-01,SKU00323,24
2025-01-01,SKU00324,64
2025-01-01,SKU00325,33
2025-01-01,SKU00327,102
2025-01-01,SKU00328,51
2025-01-01,SKU00329,94
2025-01-01,SKU00330,322
2025-01-01,SKU00331,5
2025-01-01,SKU00332,43
2025-01-01,SKU00333,188
2025-01-01,SKU00334,283
2025-01-01,SKU00335,14
2025-01-01,SKU00337,143
2025-01-01,SKU00338,17
2025-01-01,SKU00340,293
2025-01-01,SKU00343,29
2025-01-01,SKU00344,314
2025-01-01,SKU00346,80
2025-01-01,SKU00347,26
2025-01-01,SKU00348,55
2025-01-01,SKU00349,237
2025-01-01,SKU00350,29
2025-01-01,SKU00351,90
2025-01-01,SKU00352,34
2025-01-01,SKU00354,251
2025-01-01,SKU00355,8
2025-01-01,SKU00356,80
2025-01-01,SKU00357,31
2025-01-01,SKU00358,52
2025-01-01,SKU00359,32
2025-01-01,SKU00361,19
2025-01-01,SKU00363,53
2025-01-01,SKU00364,27
2025-01-01,SKU00365,25
2025-01-01,SKU00366,14
2025-01-01,SKU00367,98
2025-01-01,SKU00372,48
2025-01-01,SKU00373,228
2025-01-01,SKU00374,40
2025-01-01,SKU00375,231
2025-01-01,SKU00376,138
2025-01-01,SKU00377,45
2025-01-01,SKU00378,6
2025-01-01,SKU00379,8
2025-01-01,SKU00380,20
2025-01-01,SKU00381,53
2025-01-01,SKU00382,40
2025-01-01,SKU00383,531
2025-01-01,SKU00384,12
2025-01-01,SKU00387,132
2025-01-01,SKU00389,75
2025-01-01,SKU00391,21
2025-01-01,SKU00393,40
2025-01-01,SKU00394,7
2025-01-01,SKU00395,79
2025-01-01,SKU00396,14
2025-01-01,SKU00397,150
2025-01-01,SKU00400,59
2025-01-01,SKU00401,15
2025-01-01,SKU00402,13
2025-01-01,SKU00403,71
2025-01-01,SKU00404,37
2025-01-01,SKU00405,172
2025-01-01,SKU00406,65
2025-01-01,SKU00407,96
2025-01-01,SKU00408,42
2025-01-01,SKU00409,12
2025-01-01,SKU00410,76
2025-01-01,SKU00413,46
2025-01-01,SKU00414,157
2025-01-01,SKU00415,49
2025-01-01,SKU00416,43
2025-01-01,SKU00418,33
2025-01-01,SKU00419,21
2025-01-01,SKU00420,58
2025-01-01,SKU00422,29
2025-01-01,SKU00424,29
2025-01-01,SKU00425,11
2025-01-01,SKU00426,45
2025-01-01,SKU00427,48
2025-01-01,SKU00428,14
2025-01-01,SKU00430,76
2025-01-01,SKU00431,68
2025-01-01,SKU00433,96
2025-01-01,SKU00435,29
2025-01-01,SKU00437,12
2025-01-01,SKU00438,30
2025-01-01,SKU00439,12
2025-01-01,SKU00441,30
2025-01-01,SKU00443,10
2025-01-01,SKU00444,41
2025-01-01,SKU00446,83
2025-01-01,SKU00447,527
2025-01-01,SKU00448,65
2025-01-01,SKU00452,14
2025-01-01,SKU00453,114
2025-01-01,SKU00454,50
2025-01-01,SKU00455,146
2025-01-01,SKU00456,47
2025-01-01,SKU00457,100
2025-01-01,SKU00459,86
2025-01-01,SKU00460,120
2025-01-01,SKU00463,152
2025-01-01,SKU00464,98
2025-01-01,SKU00465,43
2025-01-01,SKU00469,11
2025-01-01,SKU00471,77
2025-01-01,SKU00472,7
2025-01-01,SKU00473,103
2025-01-01,SKU00474,116
2025-01-01,SKU00475,19
2025-01-01,SKU00476,43
2025-01-01,SKU00477,29
2025-01-01,SKU00478,86
2025-01-01,SKU00480,61
2025-01-01,SKU00481,53
2025-01-01,SKU00483,27
2025-01-01,SKU00484,20
2025-01-01,SKU00488,76
2025-01-01,SKU00490,65
2025-01-01,SKU00491,60
2025-01-01,SKU00492,58
2025-01-01,SKU00493,79
2025-01-01,SKU00494,93
2025-01-01,SKU00495,83
2025-01-01,SKU00497,49
2025-01-01,SKU00500,43
2025-01-01,SKU00501,14
2025-01-01,SKU00502,20
2025-01-01,SKU00503,15
2025-01-01,SKU00506,45
2025-01-01,SKU00507,223
2025-01-01,SKU00508,97
2025-01-01,SKU00509,74
2025-01-01,SKU00510,92
2025-01-01,SKU00511,17
2025-01-01,SKU00512,71
2025-01-01,SKU00513,37
2025-01-01,SKU00514,22
2025-01-01,SKU00515,14
2025-01-01,SKU00516,39
2025-01-01,SKU00517,83
2025-01-01,SKU00518,70
2025-01-01,SKU00520,5
2025-01-01,SKU00521,13
2025-01-01,SKU00522,34
2025-01-01,SKU00523,20
2025-01-01,SKU00524,32
2025-01-01,SKU00525,29
2025-01-01,SKU00526,293
2025-01-01,SKU00528,20
2025-01-01,SKU00529,269
2025-01-01,SKU00530,519
2025-01-01,SKU00533,107
2025-01-01,SKU00534,223
2025-01-01,SKU00535,17
2025-01-01,SKU00536,27
2025-01-01,SKU00537,257
2025-01-01,SKU00538,20
2025-01-01,SKU00539,2
2025-01-01,SKU00540,76
2025-01-01,SKU00541,44
2025-01-01,SKU00542,41
2025-01-01,SKU00543,71
2025-01-01,SKU00544,77
2025-01-01,SKU00545,0
2025-01-01,SKU00546,168
2025-01-01,SKU00547,56
2025-01-01,SKU00548,58
2025-01-01,SKU00549,17
2025-01-01,SKU00550,8
2025-01-01,SKU00551,18
2025-01-01,SKU00555,35
2025-01-01,SKU00556,98
2025-01-01,SKU00557,31
2025-01-01,SKU00560,95
2025-01-01,SKU00561,28
2025-01-01,SKU00562,85
2025-01-01,SKU00563,237
2025-01-01,SKU00564,60
2025-01-01,SKU00565,49
2025-01-01,SKU00566,133
2025-01-01,SKU00567,19
2025-01-01,SKU00568,21
2025-01-01,SKU00569,86
2025-01-01,SKU00570,29
2025-01-01,SKU00571,30
2025-01-01,SKU00572,12
2025-01-01,SKU00573,81
2025-01-01,SKU00577,56
2025-01-01,SKU00579,27
2025-01-01,SKU00581,53
2025-01-01,SKU00582,21
2025-01-01,SKU00583,38
2025-01-01,SKU00584,9
2025-01-01,SKU00586,39
2025-01-01,SKU00587,119
2025-01-01,SKU00588,107
2025-01-01,SKU00589,105
2025-01-01,SKU00590,69
2025-01-01,SKU00591,27
2025-01-01,SKU00592,9
2025-01-01,SKU00593,16
2025-01-01,SKU00594,33
2025-01-01,SKU00595,54
2025-01-01,SKU00596,12
2025-01-01,SKU00597,34
2025-01-01,SKU00598,35
2025-01-01,SKU00599,59
2025-01-01,SKU00600,68
2025-01-01,SKU00601,76
2025-01-01,SKU00602,43
2025-01-01,SKU00603,36
2025-01-01,SKU00604,23
2025-01-01,SKU00607,193
2025-01-01,SKU00608,20
2025-01-01,SKU00609,12
2025-01-01,SKU00610,0
2025-01-01,SKU00611,51
2025-01-01,SKU00612,51
2025-01-01,SKU00613,34
2025-01-01,SKU00614,22
2025-01-01,SKU00616,36
2025-01-01,SKU00617,19
2025-01-01,SKU00618,53
2025-01-01,SKU00619,92
2025-01-01,SKU00621,3
2025-01-01,SKU00622,28
2025-01-01,SKU00623,35
2025-01-01,SKU00624,27
2025-01-01,SKU00625,55
2025-01-01,SKU00626,28
2025-01-01,SKU00627,38
2025-01-01,SKU00628,110
2025-01-01,SKU00629,27
2025-01-01,SKU00631,11
2025-01-01,SKU00632,8
2025-01-01,SKU00633,288
2025-01-01,SKU00634,47
2025-01-01,SKU00635,28
2025-01-01,SKU00637,15
2025-01-01,SKU00638,4
2025-01-01,SKU00639,22
2025-01-01,SKU00640,171
2025-01-01,SKU00641,28
2025-01-01,SKU00642,73
2025-01-01,SKU00643,14
2025-01-01,SKU00644,20
2025-01-01,SKU00649,291
2025-01-01,SKU00650,105
2025-01-01,SKU00651,198
2025-01-01,SKU00653,99
2025-01-01,SKU00654,42
2025-01-01,SKU00655,37
2025-01-01,SKU00656,29
2025-01-01,SKU00657,82
2025-01-01,SKU00658,25
2025-01-01,SKU00659,36
2025-01-01,SKU00660,34
2025-01-01,SKU00661,95
2025-01-01,SKU00662,100
2025-01-01,SKU00663,73
2025-01-01,SKU00664,499
2025-01-01,SKU00665,33
2025-01-01,SKU00667,11
2025-01-01,SKU00668,211
2025-01-01,SKU00670,7
2025-01-01,SKU00671,24
2025-01-01,SKU00673,213
2025-01-01,SKU00674,31
2025-01-01,SKU00675,44
2025-01-01,SKU00676,9
2025-01-01,SKU00677,79
2025-01-01,SKU00678,125
2025-01-01,SKU00679,654
2025-01-01,SKU00680,18
2025-01-01,SKU00681,360
2025-01-01,SKU00682,13
2025-01-01,SKU00684,55
2025-01-01,SKU00685,27
2025-01-01,SKU00686,10
2025-01-01,SKU00687,110
2025-01-01,SKU00688,177
2025-01-01,SKU00690,13
2025-01-01,SKU00691,20
2025-01-01,SKU00692,16
2025-01-01,SKU00693,47
2025-01-01,SKU00695,27
2025-01-01,SKU00696,141
2025-01-01,SKU00697,79
2025-01-01,SKU00698,18
2025-01-01,SKU00700,75
2025-01-01,SKU00701,45
2025-01-01,SKU00702,91
2025-01-01,SKU00703,24
2025-01-01,SKU00704,11
2025-01-01,SKU00705,90
2025-01-01,SKU00707,4
2025-01-01,SKU00708,44
2025-01-01,SKU00709,37
2025-01-01,SKU00710,78
2025-01-01,SKU00711,56
2025-01-01,SKU00713,5
2025-01-01,SKU00715,34
2025-01-01,SKU00716,18
2025-01-01,SKU00717,98
2025-01-01,SKU00718,67
2025-01-01,SKU00719,231
2025-01-01,SKU00720,334
2025-01-01,SKU00721,72
2025-01-01,SKU00722,65
2025-01-01,SKU00723,492
2025-01-01,SKU00724,35
2025-01-01,SKU00725,132
2025-01-01,SKU00726,138
2025-01-01,SKU00727,24
2025-01-01,SKU00728,81
2025-01-01,SKU00729,66
2025-01-01,SKU00730,104
2025-01-01,SKU00731,50
2025-01-01,SKU00732,249
2025-01-01,SKU00733,52
2025-01-01,SKU00734,56
2025-01-01,SKU00735,190
2025-01-01,SKU00736,191
2025-01-01,SKU00737,268
2025-01-01,SKU00738,3
2025-01-01,SKU00739,232
2025-01-01,SKU00740,24
2025-01-01,SKU00743,67
2025-01-01,SKU00744,70
2025-01-01,SKU00745,18
2025-01-01,SKU00746,130
2025-01-01,SKU00747,24
2025-01-01,SKU00748,63
2025-01-01,SKU00749,17
2025-01-01,SKU00750,68
2025-01-01,SKU00751,52
2025-01-01,SKU00752,84
2025-01-01,SKU00754,180
2025-01-01,SKU00755,38
2025-01-01,SKU00757,24
2025-01-01,SKU00758,2
2025-01-01,SKU00759,74
2025-01-01,SKU00760,91
2025-01-01,SKU00761,41
2025-01-01,SKU00762,6
2025-01-01,SKU00763,22
2025-01-01,SKU00764,18
2025-01-01,SKU00765,174
2025-01-01,SKU00767,37
2025-01-01,SKU00768,14
2025-01-01,SKU00771,125
2025-01-01,SKU00772,93
2025-01-01,SKU00773,152
2025-01-01,SKU00775,28
2025-01-01,SKU00776,47
2025-01-01,SKU00777,49
2025-01-01,SKU00778,117
2025-01-01,SKU00779,20
2025-01-01,SKU00780,112
2025-01-01,SKU00781,27
2025-01-01,SKU00783,63
2025-01-01,SKU00784,105
2025-01-01,SKU00785,114
2025-01-01,SKU00788,157
2025-01-01,SKU00789,8
2025-01-01,SKU00792,125
2025-01-01,SKU00793,27
2025-01-01,SKU00794,120
2025-01-01,SKU00795,7
2025-01-01,SKU00796,15
2025-01-01,SKU00798,9
2025-01-01,SKU00799,21
2025-01-01,SKU00800,21
2025-02-01,SKU00001,64
2025-02-01,SKU00002,123
2025-02-01,SKU00004,181
2025-02-01,SKU00005,6
2025-02-01,SKU00006,75
2025-02-01,SKU00007,42
2025-02-01,SKU00008,49
2025-02-01,SKU00009,98
2025-02-01,SKU00010,34
2025-02-01,SKU00012,114
2025-02-01,SKU00013,198
2025-02-01,SKU00015,47
2025-02-01,SKU00016,48
2025-02-01,SKU00018,61
2025-02-01,SKU00019,64
2025-02-01,SKU00022,15
2025-02-01,SKU00023,3
2025-02-01,SKU00024,22
2025-02-01,SKU00025,124
2025-02-01,SKU00026,131
2025-02-01,SKU00029,16
2025-02-01,SKU00030,20
2025-02-01,SKU00032,193
2025-02-01,SKU00033,19
2025-02-01,SKU00034,17
2025-02-01,SKU00035,11
2025-02-01,SKU00036,37
2025-02-01,SKU00038,180
2025-02-01,SKU00039,45
2025-02-01,SKU00040,166
2025-02-01,SKU00042,58
2025-02-01,SKU00045,0
2025-02-01,SKU00046,30
2025-02-01,SKU00047,20
2025-02-01,SKU00048,48
2025-02-01,SKU00049,119
2025-02-01,SKU00051,10
2025-02-01,SKU00052,13
2025-02-01,SKU00053,26
2025-02-01,SKU00054,45
2025-02-01,SKU00055,6
2025-02-01,SKU00058,63
2025-02-01,SKU00059,14
2025-02-01,SKU00061,87
2025-02-01,SKU00062,55
2025-02-01,SKU00063,69
2025-02-01,SKU00065,88
2025-02-01,SKU00067,91
2025-02-01,SKU00068,60
2025-02-01,SKU00069,295
2025-02-01,SKU00070,53
2025-02-01,SKU00071,16
2025-02-01,SKU00072,80
2025-02-01,SKU00073,236
2025-02-01,SKU00074,225
2025-02-01,SKU00075,22
2025-02-01,SKU00076,255
2025-02-01,SKU00077,170
2025-02-01,SKU00080,37
2025-02-01,SKU00082,21
2025-02-01,SKU00083,39
2025-02-01,SKU00084,35
2025-02-01,SKU00087,36
2025-02-01,SKU00089,61
2025-02-01,SKU00092,0
2025-02-01,SKU00093,42
2025-02-01,SKU00096,15
2025-02-01,SKU00097,106
2025-02-01,SKU00098,11
2025-02-01,SKU00099,52
2025-02-01,SKU00100,56
2025-02-01,SKU00101,88
2025-02-01,SKU00103,6
2025-02-01,SKU00104,71
2025-02-01,SKU00105,18
2025-02-01,SKU00106,12
2025-02-01,SKU00107,18
2025-02-01,SKU00109,24
2025-02-01,SKU00110,221
2025-02-01,SKU00113,151
2025-02-01,SKU00114,21
2025-02-01,SKU00115,25
2025-02-01,SKU00117,22
2025-02-01,SKU00118,19
2025-02-01,SKU00119,48
2025-02-01,SKU00120,107
2025-02-01,SKU00121,76
2025-02-01,SKU00122,42
2025-02-01,SKU00124,17
2025-02-01,SKU00126,147
2025-02-01,SKU00127,147
2025-02-01,SKU00129,77
2025-02-01,SKU00131,127
2025-02-01,SKU00132,73
2025-02-01,SKU00133,64
2025-02-01,SKU00135,128
2025-02-01,SKU00136,414
2025-02-01,SKU00138,43
2025-02-01,SKU00139,44
2025-02-01,SKU00140,1
2025-02-01,SKU00141,105
2025-02-01,SKU00142,25
2025-02-01,SKU00143,192
2025-02-01,SKU00144,74
2025-02-01,SKU00145,116
2025-02-01,SKU00146,43
2025-02-01,SKU00147,111
2025-02-01,SKU00148,85
2025-02-01,SKU00149,1
2025-02-01,SKU00150,45
2025-02-01,SKU00151,26
2025-02-01,SKU00152,207
2025-02-01,SKU00153,74
2025-02-01,SKU00154,142
2025-02-01,SKU00155,39
2025-02-01,SKU00156,259
2025-02-01,SKU00158,30
2025-02-01,SKU00159,39
2025-02-01,SKU00160,6
2025-02-01,SKU00161,30
2025-02-01,SKU00162,10
2025-02-01,SKU00164,47
2025-02-01,SKU00165,44
2025-02-01,SKU00166,24
2025-02-01,SKU00167,159
2025-02-01,SKU00168,19
2025-02-01,SKU00169,21
2025-02-01,SKU00173,56
2025-02-01,SKU00174,11
2025-02-01,SKU00175,22
2025-02-01,SKU00176,71
2025-02-01,SKU00178,138
2025-02-01,SKU00179,130
2025-02-01,SKU00180,121
2025-02-01,SKU00181,184
2025-02-01,SKU00182,66
2025-02-01,SKU00183,0
2025-02-01,SKU00184,67
2025-02-01,SKU00185,151
2025-02-01,SKU00187,12
2025-02-01,SKU00188,19
2025-02-01,SKU00189,21
2025-02-01,SKU00190,244
2025-02-01,SKU00192,16
2025-02-01,SKU00193,9
2025-02-01,SKU00194,143
2025-02-01,SKU00196,171
2025-02-01,SKU00198,84
2025-02-01,SKU00199,75
2025-02-01,SKU00200,16
2025-02-01,SKU00201,69
2025-02-01,SKU00202,214
2025-02-01,SKU00203,10
2025-02-01,SKU00204,566
2025-02-01,SKU00206,23
2025-02-01,SKU00207,25
2025-02-01,SKU00208,21
2025-02-01,SKU00209,92
2025-02-01,SKU00210,24
2025-02-01,SKU00211,65
2025-02-01,SKU00212,33
2025-02-01,SKU00213,46
2025-02-01,SKU00215,13
2025-02-01,SKU00217,16
2025-02-01,SKU00218,195
2025-02-01,SKU00220,14
2025-02-01,SKU00221,34
2025-02-01,SKU00222,23
2025-02-01,SKU00223,5
2025-02-01,SKU00224,26
2025-02-01,SKU00225,26
2025-02-01,SKU00226,0
2025-02-01,SKU00228,156
2025-02-01,SKU00230,26
2025-02-01,SKU00231,21
2025-02-01,SKU00232,9
2025-02-01,SKU00233,57
2025-02-01,SKU00235,11
2025-02-01,SKU00236,104
2025-02-01,SKU00237,11
2025-02-01,SKU00239,93
2025-02-01,SKU00240,15
2025-02-01,SKU00241,31
2025-02-01,SKU00242,55
2025-02-01,SKU00243,166
2025-02-01,SKU00244,43
2025-02-01,SKU00246,15
2025-02-01,SKU00247,23
2025-02-01,SKU00248,13
2025-02-01,SKU00250,154
2025-02-01,SKU00251,78
2025-02-01,SKU00252,49
2025-02-01,SKU00253,13
2025-02-01,SKU00254,13
2025-02-01,SKU00255,59
2025-02-01,SKU00256,72
2025-02-01,SKU00258,24
2025-02-01,SKU00259,214
2025-02-01,SKU00260,51
2025-02-01,SKU00261,13
2025-02-01,SKU00263,13
2025-02-01,SKU00264,26
2025-02-01,SKU00265,151
2025-02-01,SKU00266,46
2025-02-01,SKU00268,257
2025-02-01,SKU00271,103
2025-02-01,SKU00272,5
2025-02-01,SKU00273,175
2025-02-01,SKU00274,105
2025-02-01,SKU00275,91
2025-02-01,SKU00276,33
2025-02-01,SKU00277,76
2025-02-01,SKU00278,45
2025-02-01,SKU00279,150
2025-02-01,SKU00281,147
2025-02-01,SKU00282,31
2025-02-01,SKU00284,62
2025-02-01,SKU00286,59
2025-02-01,SKU00287,30
2025-02-01,SKU00288,13
2025-02-01,SKU00289,25
2025-02-01,SKU00291,153
2025-02-01,SKU00292,13
2025-02-01,SKU00293,23
2025-02-01,SKU00294,14
2025-02-01,SKU00295,159
2025-02-01,SKU00296,166
2025-02-01,SKU00297,33
2025-02-01,SKU00298,103
2025-02-01,SKU00301,14
2025-02-01,SKU00302,59
2025-02-01,SKU00304,62
2025-02-01,SKU00309,0
2025-02-01,SKU00310,97
2025-02-01,SKU00311,141
2025-02-01,SKU00312,23
2025-02-01,SKU00313,222
2025-02-01,SKU00314,328
2025-02-01,SKU00316,13
2025-02-01,SKU00317,46
2025-02-01,SKU00319,6
2025-02-01,SKU00320,195
2025-02-01,SKU00321,20
2025-02-01,SKU00322,100
2025-02-01,SKU00323,40
2025-02-01,SKU00324,45
2025-02-01,SKU00325,42
2025-02-01,SKU00327,80
2025-02-01,SKU00328,47
2025-02-01,SKU00329,102
2025-02-01,SKU00330,240
2025-02-01,SKU00331,8
2025-02-01,SKU00332,13
2025-02-01,SKU00333,139
2025-02-01,SKU00334,238
2025-02-01,SKU00335,30
2025-02-01,SKU00337,102
2025-02-01,SKU00338,16
2025-02-01,SKU00340,436
2025-02-01,SKU00343,57
2025-02-01,SKU00344,389
2025-02-01,SKU00346,29
2025-02-01,SKU00347,14
2025-02-01,SKU00348,29
2025-02-01,SKU00349,215
2025-02-01,SKU00350,18
2025-02-01,SKU00351,71
2025-02-01,SKU00352,22
2025-02-01,SKU00354,313
2025-02-01,SKU00355,10
2025-02-01,SKU00356,135
2025-02-01,SKU00357,21
2025-02-01,SKU00358,20
2025-02-01,SKU00359,27
2025-02-01,SKU00361,24
2025-02-01,SKU00363,114
2025-02-01,SKU00364,26
2025-02-01,SKU00365,22
2025-02-01,SKU00366,19
2025-02-01,SKU00367,76
2025-02-01,SKU00372,70
2025-02-01,SKU00373,150
2025-02-01,SKU00374,27
2025-02-01,SKU00375,229
2025-02-01,SKU00376,158
2025-02-01,SKU00378,17
2025-02-01,SKU00379,6
2025-02-01,SKU00380,26
2025-02-01,SKU00381,48
2025-02-01,SKU00382,28
2025-02-01,SKU00383,341
2025-02-01,SKU00384,20
2025-02-01,SKU00387,291
2025-02-01,SKU00388,7
2025-02-01,SKU00389,56
2025-02-01,SKU00391,13
2025-02-01,SKU00393,67
2025-02-01,SKU00394,21
2025-02-01,SKU00395,85
2025-02-01,SKU00396,24
2025-02-01,SKU00397,125
2025-02-01,SKU00399,102
2025-02-01,SKU00400,81
2025-02-01,SKU00401,24
2025-02-01,SKU00402,21
2025-02-01,SKU00403,55
2025-02-01,SKU00404,35
2025-02-01,SKU00405,111
2025-02-01,SKU00406,42
2025-02-01,SKU00407,156
2025-02-01,SKU00409,13
2025-02-01,SKU00410,103
2025-02-01,SKU00413,31
2025-02-01,SKU00414,204
2025-02-01,SKU00415,80
2025-02-01,SKU00416,11
2025-02-01,SKU00418,9
2025-02-01,SKU00419,15
2025-02-01,SKU00420,72
2025-02-01,SKU00422,19
2025-02-01,SKU00424,64
2025-02-01,SKU00425,12
2025-02-01,SKU00426,94
2025-02-01,SKU00427,39
2025-02-01,SKU00428,18
2025-02-01,SKU00430,35
2025-02-01,SKU00431,74
2025-02-01,SKU00433,108
2025-02-01,SKU00435,22
2025-02-01,SKU00437,9
2025-02-01,SKU00438,32
2025-02-01,SKU00439,9
2025-02-01,SKU00441,28
2025-02-01,SKU00443,12
2025-02-01,SKU00444,77
2025-02-01,SKU00446,102
2025-02-01,SKU00447,370
2025-02-01,SKU00448,72
2025-02-01,SKU00452,10
2025-02-01,SKU00453,93
2025-02-01,SKU00454,85
2025-02-01,SKU00455,147
2025-02-01,SKU00456,24
2025-02-01,SKU00457,110
2025-02-01,SKU00459,124
2025-02-01,SKU00460,270
2025-02-01,SKU00463,79
2025-02-01,SKU00464,125
2025-02-01,SKU00465,33
2025-02-01,SKU00469,0
2025-02-01,SKU00471,29
2025-02-01,SKU00472,2
2025-02-01,SKU00473,133
2025-02-01,SKU00474,115
2025-02-01,SKU00475,32
2025-02-01,SKU00476,45
2025-02-01,SKU00477,43
2025-02-01,SKU00478,57
2025-02-01,SKU00480,33
2025-02-01,SKU00481,34
2025-02-01,SKU00483,43
2025-02-01,SKU00484,18
2025-02-01,SKU00488,71
2025-02-01,SKU00490,98
2025-02-01,SKU00491,64
2025-02-01,SKU00492,91
2025-02-01,SKU00493,46
2025-02-01,SKU00494,86
2025-02-01,SKU00495,154
2025-02-01,SKU00497,75
2025-02-01,SKU00499,18
2025-02-01,SKU00500,70
2025-02-01,SKU00501,22
2025-02-01,SKU00502,13
2025-02-01,SKU00503,24
2025-02-01,SKU00506,53
2025-02-01,SKU00507,352
2025-02-01,SKU00508,72
2025-02-01,SKU00509,48
2025-02-01,SKU00510,55
2025-02-01,SKU00511,9
2025-02-01,SKU00512,75
2025-02-01,SKU00513,37
2025-02-01,SKU00514,16
2025-02-01,SKU00515,25
2025-02-01,SKU00516,27
2025-02-01,SKU00517,73
2025-02-01,SKU00518,26
2025-02-01,SKU00520,0
2025-02-01,SKU00521,16
2025-02-01,SKU00522,23
2025-02-01,SKU00523,20
2025-02-01,SKU00524,16
2025-02-01,SKU00525,27
2025-02-01,SKU00526,584
2025-02-01,SKU00528,52
2025-02-01,SKU00529,295
2025-02-01,SKU00530,331
2025-02-01,SKU00531,59
2025-02-01,SKU00533,201
2025-02-01,SKU00534,217
2025-02-01,SKU00535,37
2025-02-01,SKU00536,0
2025-02-01,SKU00537,209
2025-02-01,SKU00538,35
2025-02-01,SKU00539,8
2025-02-01,SKU00540,66
2025-02-01,SKU00541,113
2025-02-01,SKU00542,51
2025-02-01,SKU00543,40
2025-02-01,SKU00544,40
2025-02-01,SKU00545,12
2025-02-01,SKU00546,172
2025-02-01,SKU00547,78
2025-02-01,SKU00548,38
2025-02-01,SKU00549,15
2025-02-01,SKU00550,10
2025-02-01,SKU00551,42
2025-02-01,SKU00555,22
2025-02-01,SKU00556,78
2025-02-01,SKU00557,36
2025-02-01,SKU00560,140
2025-02-01,SKU00561,38
2025-02-01,SKU00562,51
2025-02-01,SKU00563,121
2025-02-01,SKU00564,46
2025-02-01,SKU00565,43
2025-02-01,SKU00566,180
2025-02-01,SKU00567,0
2025-02-01,SKU00568,2
2025-02-01,SKU00569,145
2025-02-01,SKU00570,23
2025-02-01,SKU00571,69
2025-02-01,SKU00572,13
2025-02-01,SKU00573,98
2025-02-01,SKU00574,68
2025-02-01,SKU00577,106
2025-02-01,SKU00579,33
2025-02-01,SKU00581,51
2025-02-01,SKU00582,24
2025-02-01,SKU00583,48
2025-02-01,SKU00586,45
2025-02-01,SKU00587,105
2025-02-01,SKU00588,66
2025-02-01,SKU00589,72
2025-02-01,SKU00590,119
2025-02-01,SKU00591,22
2025-02-01,SKU00592,12
2025-02-01,SKU00593,18
2025-02-01,SKU00594,27
2025-02-01,SKU00595,31
2025-02-01,SKU00596,13
2025-02-01,SKU00597,51
2025-02-01,SKU00598,44
2025-02-01,SKU00599,59
2025-02-01,SKU00600,45
2025-02-01,SKU00601,163
2025-02-01,SKU00602,32
2025-02-01,SKU00603,35
2025-02-01,SKU00604,18
2025-02-01,SKU00607,163
2025-02-01,SKU00608,31
2025-02-01,SKU00609,30
2025-02-01,SKU00610,7
2025-02-01,SKU00611,52
2025-02-01,SKU00612,51
2025-02-01,SKU00613,12
2025-02-01,SKU00614,8
2025-02-01,SKU00616,10
2025-02-01,SKU00617,15
2025-02-01,SKU00618,69
2025-02-01,SKU00619,78
2025-02-01,SKU00621,4
2025-02-01,SKU00622,27
2025-02-01,SKU00623,39
2025-02-01,SKU00624,43
2025-02-01,SKU00625,70
2025-02-01,SKU00626,42
2025-02-01,SKU00627,47
2025-02-01,SKU00628,99
2025-02-01,SKU00629,68
2025-02-01,SKU00631,13
2025-02-01,SKU00632,13
2025-02-01,SKU00633,155
2025-02-01,SKU00634,38
2025-02-01,SKU00635,23
2025-02-01,SKU00637,1
2025-02-01,SKU00638,14
2025-02-01,SKU00639,34
2025-02-01,SKU00640,187
2025-02-01,SKU00641,31
2025-02-01,SKU00642,83
2025-02-01,SKU00643,17
2025-02-01,SKU00644,18
2025-02-01,SKU00649,215
2025-02-01,SKU00650,183
2025-02-01,SKU00651,219
2025-02-01,SKU00653,73
2025-02-01,SKU00654,61
2025-02-01,SKU00655,49
2025-02-01,SKU00656,32
2025-02-01,SKU00657,66
2025-02-01,SKU00658,0
2025-02-01,SKU00659,74
2025-02-01,SKU00660,44
2025-02-01,SKU00661,73
2025-02-01,SKU00662,113
2025-02-01,SKU00663,55
2025-02-01,SKU00664,260
2025-02-01,SKU00665,29
2025-02-01,SKU00667,9
2025-02-01,SKU00668,183
2025-02-01,SKU00669,107
2025-02-01,SKU00670,6
2025-02-01,SKU00671,17
2025-02-01,SKU00673,190
2025-02-01,SKU00674,30
2025-02-01,SKU00675,30
2025-02-01,SKU00676,3
2025-02-01,SKU00677,72
2025-02-01,SKU00678,163
2025-02-01,SKU00679,452
2025-02-01,SKU00680,63
2025-02-01,SKU00681,388
2025-02-01,SKU00682,28
2025-02-01,SKU00684,51
2025-02-01,SKU00685,31
2025-02-01,SKU00686,5
2025-02-01,SKU00687,103
2025-02-01,SKU00688,209
2025-02-01,SKU00690,24
2025-02-01,SKU00691,20
2025-02-01,SKU00692,22
2025-02-01,SKU00693,58
2025-02-01,SKU00695,15
2025-02-01,SKU00696,95
2025-02-01,SKU00697,52
2025-02-01,SKU00698,24
2025-02-01,SKU00700,44
2025-02-01,SKU00701,51
2025-02-01,SKU00702,57
2025-02-01,SKU00703,23
2025-02-01,SKU00704,12
2025-02-01,SKU00705,74
2025-02-01,SKU00707,23
2025-02-01,SKU00708,45
2025-02-01,SKU00709,21
2025-02-01,SKU00710,113
2025-02-01,SKU00711,42
2025-02-01,SKU00713,8
2025-02-01,SKU00715,25
2025-02-01,SKU00716,65
2025-02-01,SKU00717,134
2025-02-01,SKU00718,35
2025-02-01,SKU00719,161
2025-02-01,SKU00720,203
2025-02-01,SKU00721,109
2025-02-01,SKU00722,103
2025-02-01,SKU00723,304
2025-02-01,SKU00724,24
2025-02-01,SKU00725,91
2025-02-01,SKU00726,101
2025-02-01,SKU00727,30
2025-02-01,SKU00728,47
2025-02-01,SKU00729,114
2025-02-01,SKU00730,58
2025-02-01,SKU00731,57
2025-02-01,SKU00732,182
2025-02-01,SKU00733,44
2025-02-01,SKU00734,37
2025-02-01,SKU00735,404
2025-02-01,SKU00736,138
2025-02-01,SKU00737,175
2025-02-01,SKU00738,11
2025-02-01,SKU00739,232
2025-02-01,SKU00740,36
2025-02-01,SKU00743,45
2025-02-01,SKU00744,31
2025-02-01,SKU00745,22
2025-02-01,SKU00746,81
2025-02-01,SKU00747,27
2025-02-01,SKU00748,41
2025-02-01,SKU00749,9
2025-02-01,SKU00750,60
2025-02-01,SKU00751,81
2025-02-01,SKU00752,107
2025-02-01,SKU00754,218
2025-02-01,SKU00755,43
2025-02-01,SKU00758,2
2025-02-01,SKU00759,136
2025-02-01,SKU00760,84
2025-02-01,SKU00761,76
2025-02-01,SKU00762,5
2025-02-01,SKU00763,29
2025-02-01,SKU00764,14
2025-02-01,SKU00765,154
2025-02-01,SKU00767,51
2025-02-01,SKU00768,30
2025-02-01,SKU00771,161
2025-02-01,SKU00772,70
2025-02-01,SKU00773,150
2025-02-01,SKU00775,65
2025-02-01,SKU00776,59
2025-02-01,SKU00777,33
2025-02-01,SKU00778,89
2025-02-01,SKU00779,29
2025-02-01,SKU00780,96
2025-02-01,SKU00781,53
2025-02-01,SKU00783,81
2025-02-01,SKU00784,92
2025-02-01,SKU00785,195
2025-02-01,SKU00788,74
2025-02-01,SKU00789,34
2025-02-01,SKU00792,128
2025-02-01,SKU00793,58
2025-02-01,SKU00794,80
2025-02-01,SKU00795,14
2025-02-01,SKU00796,11
2025-02-01,SKU00798,15
2025-02-01,SKU00799,2
2025-02-01,SKU00800,8
2025-03-01,SKU00001,66
2025-03-01,SKU00002,127
2025-03-01,SKU00004,200
2025-03-01,SKU00005,32
2025-03-01,SKU00006,107
2025-03-01,SKU00007,30
2025-03-01,SKU00008,52
2025-03-01,SKU00009,159
2025-03-01,SKU00010,41
2025-03-01,SKU00012,38
2025-03-01,SKU00013,157
2025-03-01,SKU00015,21
2025-03-01,SKU00016,79
2025-03-01,SKU00018,100
2025-03-01,SKU00019,58
2025-03-01,SKU00022,12
2025-03-01,SKU00023,3
2025-03-01,SKU00024,14
2025-03-01,SKU00025,59
2025-03-01,SKU00026,174
2025-03-01,SKU00029,15
2025-03-01,SKU00030,46
2025-03-01,SKU00032,200
2025-03-01,SKU00034,22
2025-03-01,SKU00035,0
2025-03-01,SKU00036,68
2025-03-01,SKU00038,99
2025-03-01,SKU00039,22
2025-03-01,SKU00040,220
2025-03-01,SKU00042,80
2025-03-01,SKU00045,17
2025-03-01,SKU00046,24
2025-03-01,SKU00047,10
2025-03-01,SKU00048,20
2025-03-01,SKU00049,68
2025-03-01,SKU00051,9
2025-03-01,SKU00052,15
2025-03-01,SKU00053,15
2025-03-01,SKU00054,66
2025-03-01,SKU00055,5
2025-03-01,SKU00058,145
2025-03-01,SKU00059,0
2025-03-01,SKU00061,88
2025-03-01,SKU00062,40
2025-03-01,SKU00063,61
2025-03-01,SKU00065,151
2025-03-01,SKU00066,27
2025-03-01,SKU00067,41
2025-03-01,SKU00068,175
2025-03-01,SKU00069,399
2025-03-01,SKU00070,56
2025-03-01,SKU00071,42
2025-03-01,SKU00072,73
2025-03-01,SKU00073,174
2025-03-01,SKU00074,228
2025-03-01,SKU00075,24
2025-03-01,SKU00076,250
2025-03-01,SKU00077,139
2025-03-01,SKU00080,38
2025-03-01,SKU00082,16
2025-03-01,SKU00083,13
2025-03-01,SKU00084,8
2025-03-01,SKU00087,25
2025-03-01,SKU00089,64
2025-03-01,SKU00092,16
2025-03-01,SKU00093,86
2025-03-01,SKU00096,11
2025-03-01,SKU00097,190
2025-03-01,SKU00098,25
2025-03-01,SKU00099,60
2025-03-01,SKU00100,142
2025-03-01,SKU00101,25
2025-03-01,SKU00103,12
2025-03-01,SKU00104,92
2025-03-01,SKU00105,32
2025-03-01,SKU00106,16
2025-03-01,SKU00107,23
2025-03-01,SKU00109,17
2025-03-01,SKU00110,137
2025-03-01,SKU00113,190
2025-03-01,SKU00114,24
2025-03-01,SKU00115,8
2025-03-01,SKU00116,53
2025-03-01,SKU00117,26
2025-03-01,SKU00118,0
2025-03-01,SKU00119,39
2025-03-01,SKU00120,80
2025-03-01,SKU00121,95
2025-03-01,SKU00122,25
2025-03-01,SKU00124,15
2025-03-01,SKU00126,155
2025-03-01,SKU00127,73
2025-03-01,SKU00129,93
2025-03-01,SKU00130,11
2025-03-01,SKU00131,84
2025-03-01,SKU00132,52
2025-03-01,SKU00133,41
2025-03-01,SKU00135,87
2025-03-01,SKU00136,383
2025-03-01,SKU00137,56
2025-03-01,SKU00138,47
2025-03-01,SKU00139,68
2025-03-01,SKU00140,10
2025-03-01,SKU00141,79
2025-03-01,SKU00142,41
2025-03-01,SKU00143,66
2025-03-01,SKU00144,61
2025-03-01,SKU00145,54
2025-03-01,SKU00146,82
2025-03-01,SKU00147,83
2025-03-01,SKU00148,80
2025-03-01,SKU00149,0
2025-03-01,SKU00150,31
2025-03-01,SKU00151,11
2025-03-01,SKU00152,226
2025-03-01,SKU00153,117
2025-03-01,SKU00154,156
2025-03-01,SKU00155,11
2025-03-01,SKU00156,488
2025-03-01,SKU00158,35
2025-03-01,SKU00159,55
2025-03-01,SKU00160,6
2025-03-01,SKU00161,27
2025-03-01,SKU00162,12
2025-03-01,SKU00164,60
2025-03-01,SKU00165,30
2025-03-01,SKU00166,31
2025-03-01,SKU00167,91
2025-03-01,SKU00168,23
2025-03-01,SKU00169,15
2025-03-01,SKU00170,18
2025-03-01,SKU00172,272
2025-03-01,SKU00173,52
2025-03-01,SKU00174,20
2025-03-01,SKU00175,29
2025-03-01,SKU00176,48
2025-03-01,SKU00178,220
2025-03-01,SKU00179,64
2025-03-01,SKU00180,121
2025-03-01,SKU00181,175
2025-03-01,SKU00182,38
2025-03-01,SKU00183,0
2025-03-01,SKU00184,51
2025-03-01,SKU00185,196
2025-03-01,SKU00187,7
2025-03-01,SKU00188,13
2025-03-01,SKU00189,66
2025-03-01,SKU00190,235
2025-03-01,SKU00192,9
2025-03-01,SKU00193,9
2025-03-01,SKU00194,109
2025-03-01,SKU00196,240
2025-03-01,SKU00199,87
2025-03-01,SKU00200,28
2025-03-01,SKU00201,57
2025-03-01,SKU00202,58
2025-03-01,SKU00203,29
2025-03-01,SKU00204,295
2025-03-01,SKU00206,30
2025-03-01,SKU00207,9
2025-03-01,SKU00208,10
2025-03-01,SKU00209,110
2025-03-01,SKU00210,19
2025-03-01,SKU00211,33
2025-03-01,SKU00212,43
2025-03-01,SKU00213,74
2025-03-01,SKU00215,31
2025-03-01,SKU00217,20
2025-03-01,SKU00218,92
2025-03-01,SKU00220,108
2025-03-01,SKU00222,8
2025-03-01,SKU00223,10
2025-03-01,SKU00224,30
2025-03-01,SKU00225,25
2025-03-01,SKU00226,0
2025-03-01,SKU00228,115
2025-03-01,SKU00230,18
2025-03-01,SKU00231,15
2025-03-01,SKU00232,12
2025-03-01,SKU00233,35
2025-03-01,SKU00235,48
2025-03-01,SKU00236,49
2025-03-01,SKU00237,18
2025-03-01,SKU00239,112
2025-03-01,SKU00240,8
2025-03-01,SKU00241,44
2025-03-01,SKU00242,68
2025-03-01,SKU00243,77
2025-03-01,SKU00244,15
2025-03-01,SKU00246,13
2025-03-01,SKU00247,31
2025-03-01,SKU00248,19
2025-03-01,SKU00250,163
2025-03-01,SKU00251,94
2025-03-01,SKU00252,28
2025-03-01,SKU00253,0
2025-03-01,SKU00254,25
2025-03-01,SKU00255,48
2025-03-01,SKU00256,60
2025-03-01,SKU00258,20
2025-03-01,SKU00259,174
2025-03-01,SKU00260,27
2025-03-01,SKU00261,12
2025-03-01,SKU00263,14
2025-03-01,SKU00264,6
2025-03-01,SKU00265,125
2025-03-01,SKU00266,35
2025-03-01,SKU00268,213
2025-03-01,SKU00271,85
2025-03-01,SKU00272,11
2025-03-01,SKU00273,98
2025-03-01,SKU00274,102
2025-03-01,SKU00275,173
2025-03-01,SKU00276,37
2025-03-01,SKU00277,67
2025-03-01,SKU00278,38
2025-03-01,SKU00279,96
2025-03-01,SKU00280,5
2025-03-01,SKU00281,162
2025-03-01,SKU00282,57
2025-03-01,SKU00284,65
2025-03-01,SKU00286,39
2025-03-01,SKU00287,8
2025-03-01,SKU00288,27
2025-03-01,SKU00289,10
2025-03-01,SKU00291,91
2025-03-01,SKU00292,0
2025-03-01,SKU00293,28
2025-03-01,SKU00294,22
2025-03-01,SKU00295,167
2025-03-01,SKU00296,158
2025-03-01,SKU00297,27
2025-03-01,SKU00298,67
2025-03-01,SKU00301,26
2025-03-01,SKU00302,80
2025-03-01,SKU00304,146
2025-03-01,SKU00305,30
2025-03-01,SKU00309,9
2025-03-01,SKU00310,118
2025-03-01,SKU00311,127
2025-03-01,SKU00312,4
2025-03-01,SKU00313,357
2025-03-01,SKU00314,375
2025-03-01,SKU00316,24
2025-03-01,SKU00317,55
2025-03-01,SKU00319,12
2025-03-01,SKU00320,194
2025-03-01,SKU00321,13
2025-03-01,SKU00322,102
2025-03-01,SKU00323,22
2025-03-01,SKU00324,80
2025-03-01,SKU00325,23
2025-03-01,SKU00327,98
2025-03-01,SKU00328,69
2025-03-01,SKU00329,76
2025-03-01,SKU00330,253
2025-03-01,SKU00331,0
2025-03-01,SKU00332,22
2025-03-01,SKU00333,82
2025-03-01,SKU00334,355
2025-03-01,SKU00335,9
2025-03-01,SKU00336,21
2025-03-01,SKU00337,177
2025-03-01,SKU00338,17
2025-03-01,SKU00340,286
2025-03-01,SKU00342,14
2025-03-01,SKU00343,40
2025-03-01,SKU00344,296
2025-03-01,SKU00346,102
2025-03-01,SKU00347,3
2025-03-01,SKU00348,53
2025-03-01,SKU00349,237
2025-03-01,SKU00350,19
2025-03-01,SKU00351,68
2025-03-01,SKU00352,34
2025-03-01,SKU00354,258
2025-03-01,SKU00355,6
2025-03-01,SKU00356,107
2025-03-01,SKU00357,33
2025-03-01,SKU00358,19
2025-03-01,SKU00359,10
2025-03-01,SKU00361,20
2025-03-01,SKU00363,78
2025-03-01,SKU00364,18
2025-03-01,SKU00365,16
2025-03-01,SKU00366,17
2025-03-01,SKU00367,132
2025-03-01,SKU00372,26
2025-03-01,SKU00373,226
2025-03-01,SKU00374,35
2025-03-01,SKU00375,170
2025-03-01,SKU00376,102
2025-03-01,SKU00378,16
2025-03-01,SKU00379,0
2025-03-01,SKU00380,33
2025-03-01,SKU00381,29
2025-03-01,SKU00383,532
2025-03-01,SKU00384,20
2025-03-01,SKU00386,36
2025-03-01,SKU00387,203
2025-03-01,SKU00388,60
2025-03-01,SKU00389,60
2025-03-01,SKU00391,13
2025-03-01,SKU00393,74
2025-03-01,SKU00394,9
2025-03-01,SKU00395,130
2025-03-01,SKU00396,14
2025-03-01,SKU00397,157
2025-03-01,SKU00398,185
2025-03-01,SKU00399,94
2025-03-01,SKU00400,79
2025-03-01,SKU00401,18
2025-03-01,SKU00402,18
2025-03-01,SKU00403,57
2025-03-01,SKU00404,37
2025-03-01,SKU00405,89
2025-03-01,SKU00406,64
2025-03-01,SKU00407,111
2025-03-01,SKU00409,12
2025-03-01,SKU00410,68
2025-03-01,SKU00413,35
2025-03-01,SKU00414,121
2025-03-01,SKU00415,57
2025-03-01,SKU00416,10
2025-03-01,SKU00418,36
2025-03-01,SKU00419,27
2025-03-01,SKU00420,51
2025-03-01,SKU00422,19
2025-03-01,SKU00424,41
2025-03-01,SKU00425,3
2025-03-01,SKU00426,53
2025-03-01,SKU00427,45
2025-03-01,SKU00428,14
2025-03-01,SKU00429,144
2025-03-01,SKU00430,59
2025-03-01,SKU00431,65
2025-03-01,SKU00433,74
2025-03-01,SKU00435,32
2025-03-01,SKU00437,21
2025-03-01,SKU00438,21
2025-03-01,SKU00439,6
2025-03-01,SKU00441,23
2025-03-01,SKU00443,8
2025-03-01,SKU00444,55
2025-03-01,SKU00446,40
2025-03-01,SKU00447,407
2025-03-01,SKU00448,44
2025-03-01,SKU00452,11
2025-03-01,SKU00453,99
2025-03-01,SKU00454,90
2025-03-01,SKU00455,155
2025-03-01,SKU00456,25
2025-03-01,SKU00457,107
2025-03-01,SKU00458,21
2025-03-01,SKU00459,79
2025-03-01,SKU00460,150
2025-03-01,SKU00463,175
2025-03-01,SKU00464,63
2025-03-01,SKU00465,18
2025-03-01,SKU00469,7
2025-03-01,SKU00471,58
2025-03-01,SKU00472,9
2025-03-01,SKU00473,118
2025-03-01,SKU00474,100
2025-03-01,SKU00475,52
2025-03-01,SKU00476,40
2025-03-01,SKU00477,46
2025-03-01,SKU00478,77
2025-03-01,SKU00481,51
2025-03-01,SKU00483,20
2025-03-01,SKU00484,10
2025-03-01,SKU00488,55
2025-03-01,SKU00489,42
2025-03-01,SKU00490,72
2025-03-01,SKU00491,79
2025-03-01,SKU00492,110
2025-03-01,SKU00493,35
2025-03-01,SKU00494,89
2025-03-01,SKU00495,121
2025-03-01,SKU00497,65
2025-03-01,SKU00499,24
2025-03-01,SKU00500,62
2025-03-01,SKU00501,11
2025-03-01,SKU00502,6
2025-03-01,SKU00503,28
2025-03-01,SKU00506,37
2025-03-01,SKU00507,278
2025-03-01,SKU00508,145
2025-03-01,SKU00509,69
2025-03-01,SKU00510,84
2025-03-01,SKU00511,9
2025-03-01,SKU00512,67
2025-03-01,SKU00513,32
2025-03-01,SKU00514,23
2025-03-01,SKU00515,21
2025-03-01,SKU00516,33
2025-03-01,SKU00517,50
2025-03-01,SKU00518,32
2025-03-01,SKU00520,18
2025-03-01,SKU00521,6
2025-03-01,SKU00522,29
2025-03-01,SKU00523,5
2025-03-01,SKU00524,23
2025-03-01,SKU00525,13
2025-03-01,SKU00526,506
2025-03-01,SKU00528,56
2025-03-01,SKU00529,510
2025-03-01,SKU00530,330
2025-03-01,SKU00531,48
2025-03-01,SKU00533,121
2025-03-01,SKU00534,258
2025-03-01,SKU00535,50
2025-03-01,SKU00536,41
2025-03-01,SKU00537,305
2025-03-01,SKU00538,6
2025-03-01,SKU00539,3
2025-03-01,SKU00540,100
2025-03-01,SKU00541,77
2025-03-01,SKU00542,36
2025-03-01,SKU00543,34
2025-03-01,SKU00544,75
2025-03-01,SKU00545,9
2025-03-01,SKU00546,124
2025-03-01,SKU00547,62
2025-03-01,SKU00548,48
2025-03-01,SKU00549,12
2025-03-01,SKU00550,0
2025-03-01,SKU00551,29
2025-03-01,SKU00555,20
2025-03-01,SKU00556,75
2025-03-01,SKU00557,35
2025-03-01,SKU00559,90
2025-03-01,SKU00560,91
2025-03-01,SKU00561,20
2025-03-01,SKU00562,91
2025-03-01,SKU00563,167
2025-03-01,SKU00564,82
2025-03-01,SKU00565,37
2025-03-01,SKU00566,130
2025-03-01,SKU00567,26
2025-03-01,SKU00568,12
2025-03-01,SKU00569,92
2025-03-01,SKU00570,37
2025-03-01,SKU00571,32
2025-03-01,SKU00572,27
2025-03-01,SKU00573,97
2025-03-01,SKU00574,66
2025-03-01,SKU00577,116
2025-03-01,SKU00579,49
2025-03-01,SKU00581,40
2025-03-01,SKU00582,10
2025-03-01,SKU00583,71
2025-03-01,SKU00585,197
2025-03-01,SKU00586,20
2025-03-01,SKU00588,56
2025-03-01,SKU00589,61
2025-03-01,SKU00590,82
2025-03-01,SKU00591,39
2025-03-01,SKU00592,21
2025-03-01,SKU00593,10
2025-03-01,SKU00594,44
2025-03-01,SKU00595,46
2025-03-01,SKU00596,11
2025-03-01,SKU00597,62
2025-03-01,SKU00598,28
2025-03-01,SKU00599,89
2025-03-01,SKU00600,33
2025-03-01,SKU00601,99
2025-03-01,SKU00602,36
2025-03-01,SKU00603,14
2025-03-01,SKU00604,2
2025-03-01,SKU00605,302
2025-03-01,SKU00607,217
2025-03-01,SKU00608,25
2025-03-01,SKU00609,28
2025-03-01,SKU00610,8
2025-03-01,SKU00611,57
2025-03-01,SKU00612,73
2025-03-01,SKU00613,15
2025-03-01,SKU00614,27
2025-03-01,SKU00616,62
2025-03-01,SKU00617,13
2025-03-01,SKU00618,95
2025-03-01,SKU00619,72
2025-03-01,SKU00621,2
2025-03-01,SKU00622,20
2025-03-01,SKU00623,40
2025-03-01,SKU00624,40
2025-03-01,SKU00625,25
2025-03-01,SKU00626,20
2025-03-01,SKU00627,46
2025-03-01,SKU00628,141
2025-03-01,SKU00629,51
2025-03-01,SKU00631,3
2025-03-01,SKU00632,23
2025-03-01,SKU00633,188
2025-03-01,SKU00634,42
2025-03-01,SKU00637,23
2025-03-01,SKU00638,33
2025-03-01,SKU00639,17
2025-03-01,SKU00640,255
2025-03-01,SKU00641,31
2025-03-01,SKU00642,124
2025-03-01,SKU00643,6
2025-03-01,SKU00644,13
2025-03-01,SKU00645,185
2025-03-01,SKU00649,259
2025-03-01,SKU00650,151
2025-03-01,SKU00651,92
2025-03-01,SKU00653,103
2025-03-01,SKU00654,37
2025-03-01,SKU00655,54
2025-03-01,SKU00656,13
2025-03-01,SKU00657,99
2025-03-01,SKU00658,9
2025-03-01,SKU00659,56
2025-03-01,SKU00660,51
2025-03-01,SKU00661,166
2025-03-01,SKU00662,66
2025-03-01,SKU00663,59
2025-03-01,SKU00664,248
2025-03-01,SKU00665,35
2025-03-01,SKU00667,27
2025-03-01,SKU00668,192
2025-03-01,SKU00669,131
2025-03-01,SKU00670,6
2025-03-01,SKU00671,7
2025-03-01,SKU00673,207
2025-03-01,SKU00674,64
2025-03-01,SKU00675,42
2025-03-01,SKU00676,22
2025-03-01,SKU00677,90
2025-03-01,SKU00678,117
2025-03-01,SKU00680,39
2025-03-01,SKU00681,400
2025-03-01,SKU00682,22
2025-03-01,SKU00684,67
2025-03-01,SKU00685,29
2025-03-01,SKU00686,15
2025-03-01,SKU00687,137
2025-03-01,SKU00688,173
2025-03-01,SKU00690,10
2025-03-01,SKU00691,31
2025-03-01,SKU00692,20
2025-03-01,SKU00693,45
2025-03-01,SKU00695,24
2025-03-01,SKU00696,106
2025-03-01,SKU00697,98
2025-03-01,SKU00698,15
2025-03-01,SKU00700,58
2025-03-01,SKU00701,36
2025-03-01,SKU00702,81
2025-03-01,SKU00703,25
2025-03-01,SKU00704,22
2025-03-01,SKU00705,68
2025-03-01,SKU00707,24
2025-03-01,SKU00708,51
2025-03-01,SKU00709,5
2025-03-01,SKU00710,101
2025-03-01,SKU00711,30
2025-03-01,SKU00713,9
2025-03-01,SKU00715,35
2025-03-01,SKU00716,25
2025-03-01,SKU00717,127
2025-03-01,SKU00718,56
2025-03-01,SKU00719,197
2025-03-01,SKU00720,362
2025-03-01,SKU00721,39
2025-03-01,SKU00722,109
2025-03-01,SKU00723,375
2025-03-01,SKU00724,12
2025-03-01,SKU00726,138
2025-03-01,SKU00727,7
2025-03-01,SKU00728,62
2025-03-01,SKU00729,94
2025-03-01,SKU00730,64
2025-03-01,SKU00731,89
2025-03-01,SKU00732,249
2025-03-01,SKU00733,61
2025-03-01,SKU00734,52
2025-03-01,SKU00735,382
2025-03-01,SKU00736,101
2025-03-01,SKU00737,175
2025-03-01,SKU00738,9
2025-03-01,SKU00739,220
2025-03-01,SKU00740,17
2025-03-01,SKU00743,74
2025-03-01,SKU00744,49
2025-03-01,SKU00745,15
2025-03-01,SKU00746,91
2025-03-01,SKU00747,37
2025-03-01,SKU00748,96
2025-03-01,SKU00749,14
2025-03-01,SKU00750,114
2025-03-01,SKU00751,104
2025-03-01,SKU00752,97
2025-03-01,SKU00754,240
2025-03-01,SKU00755,74
2025-03-01,SKU00758,13
2025-03-01,SKU00759,120
2025-03-01,SKU00760,110
2025-03-01,SKU00761,50
2025-03-01,SKU00762,31
2025-03-01,SKU00763,38
2025-03-01,SKU00764,17
2025-03-01,SKU00765,89
2025-03-01,SKU00766,12
2025-03-01,SKU00767,55
2025-03-01,SKU00768,25
2025-03-01,SKU00771,97
2025-03-01,SKU00772,98
2025-03-01,SKU00773,229
2025-03-01,SKU00775,28
2025-03-01,SKU00776,64
2025-03-01,SKU00777,89
2025-03-01,SKU00778,171
2025-03-01,SKU00779,26
2025-03-01,SKU00780,95
2025-03-01,SKU00781,62
2025-03-01,SKU00783,47
2025-03-01,SKU00784,96
2025-03-01,SKU00785,191
2025-03-01,SKU00787,25
2025-03-01,SKU00789,27
2025-03-01,SKU00792,136
2025-03-01,SKU00793,33
2025-03-01,SKU00794,99
2025-03-01,SKU00795,19
2025-03-01,SKU00796,14
2025-03-01,SKU00797,80
2025-03-01,SKU00798,34
2025-03-01,SKU00799,14
2025-04-01,SKU00001,56
2025-04-01,SKU00002,161
2025-04-01,SKU00003,20
2025-04-01,SKU00004,149
2025-04-01,SKU00005,19
2025-04-01,SKU00006,68
2025-04-01,SKU00007,56
2025-04-01,SKU00008,64
2025-04-01,SKU00009,89
2025-04-01,SKU00010,29
2025-04-01,SKU00012,53
2025-04-01,SKU00013,202
2025-04-01,SKU00015,34
2025-04-01,SKU00016,77
2025-04-01,SKU00018,73
2025-04-01,SKU00019,83
2025-04-01,SKU00022,16
2025-04-01,SKU00023,20
2025-04-01,SKU00024,12
2025-04-01,SKU00025,96
2025-04-01,SKU00026,223
2025-04-01,SKU00029,15
2025-04-01,SKU00030,44
2025-04-01,SKU00032,358
2025-04-01,SKU00034,19
2025-04-01,SKU00035,33
2025-04-01,SKU00036,49
2025-04-01,SKU00038,118
2025-04-01,SKU00039,28
2025-04-01,SKU00040,113
2025-04-01,SKU00041,4
2025-04-01,SKU00042,62
2025-04-01,SKU00045,0
2025-04-01,SKU00046,10
2025-04-01,SKU00047,22
2025-04-01,SKU00048,36
2025-04-01,SKU00049,176
2025-04-01,SKU00051,12
2025-04-01,SKU00052,9
2025-04-01,SKU00053,12
2025-04-01,SKU00054,52
2025-04-01,SKU00055,19
2025-04-01,SKU00058,84
2025-04-01,SKU00059,9
2025-04-01,SKU00061,90
2025-04-01,SKU00062,24
2025-04-01,SKU00063,84
2025-04-01,SKU00065,130
2025-04-01,SKU00066,16
2025-04-01,SKU00067,59
2025-04-01,SKU00068,120
2025-04-01,SKU00069,376
2025-04-01,SKU00070,76
2025-04-01,SKU00071,26
2025-04-01,SKU00072,134
2025-04-01,SKU00073,210
2025-04-01,SKU00074,249
2025-04-01,SKU00075,8
2025-04-01,SKU00076,208
2025-04-01,SKU00077,102
2025-04-01,SKU00080,52
2025-04-01,SKU00082,15
2025-04-01,SKU00083,14
2025-04-01,SKU00084,7
2025-04-01,SKU00086,133
2025-04-01,SKU00087,35
2025-04-01,SKU00089,51
2025-04-01,SKU00092,17
2025-04-01,SKU00093,119
2025-04-01,SKU00096,11
2025-04-01,SKU00097,91
2025-04-01,SKU00098,28
2025-04-01,SKU00099,69
2025-04-01,SKU00100,54
2025-04-01,SKU00101,42
2025-04-01,SKU00103,21
2025-04-01,SKU00104,43
2025-04-01,SKU00105,37
2025-04-01,SKU00106,32
2025-04-01,SKU00107,5
2025-04-01,SKU00108,40
2025-04-01,SKU00109,43
2025-04-01,SKU00110,136
2025-04-01,SKU00113,150
2025-04-01,SKU00114,32
2025-04-01,SKU00115,11
2025-04-01,SKU00116,61
2025-04-01,SKU00117,32
2025-04-01,SKU00118,12
2025-04-01,SKU00119,57
2025-04-01,SKU00120,46
2025-04-01,SKU00121,73
2025-04-01,SKU00122,18
2025-04-01,SKU00123,155
2025-04-01,SKU00124,33
2025-04-01,SKU00126,90
2025-04-01,SKU00127,215
2025-04-01,SKU00129,119
2025-04-01,SKU00130,37
2025-04-01,SKU00131,88
2025-04-01,SKU00132,118
2025-04-01,SKU00133,64
2025-04-01,SKU00134,17
2025-04-01,SKU00135,61
2025-04-01,SKU00136,517
2025-04-01,SKU00137,21
2025-04-01,SKU00138,73
2025-04-01,SKU00139,25
2025-04-01,SKU00140,3
2025-04-01,SKU00141,80
2025-04-01,SKU00142,20
2025-04-01,SKU00143,137
2025-04-01,SKU00144,72
2025-04-01,SKU00145,109
2025-04-01,SKU00146,87
2025-04-01,SKU00147,49
2025-04-01,SKU00148,65
2025-04-01,SKU00149,12
2025-04-01,SKU00150,65
2025-04-01,SKU00151,11
2025-04-01,SKU00152,274
2025-04-01,SKU00153,97
2025-04-01,SKU00154,175
2025-04-01,SKU00155,28
2025-04-01,SKU00156,319
2025-04-01,SKU00158,36
2025-04-01,SKU00159,25
2025-04-01,SKU00160,17
2025-04-01,SKU00161,29
2025-04-01,SKU00162,23
2025-04-01,SKU00163,17
2025-04-01,SKU00164,73
2025-04-01,SKU00165,21
2025-04-01,SKU00166,15
2025-04-01,SKU00167,59
2025-04-01,SKU00168,14
2025-04-01,SKU00169,16
2025-04-01,SKU00170,17
2025-04-01,SKU00172,356
2025-04-01,SKU00173,54
2025-04-01,SKU00174,20
2025-04-01,SKU00175,28
2025-04-01,SKU00176,90
2025-04-01,SKU00177,37
2025-04-01,SKU00178,252
2025-04-01,SKU00179,126
2025-04-01,SKU00180,81
2025-04-01,SKU00181,157
2025-04-01,SKU00182,64
2025-04-01,SKU00183,19
2025-04-01,SKU00184,39
2025-04-01,SKU00185,209
2025-04-01,SKU00187,4
2025-04-01,SKU00188,26
2025-04-01,SKU00189,53
2025-04-01,SKU00190,216
2025-04-01,SKU00192,7
2025-04-01,SKU00193,0
2025-04-01,SKU00194,175
2025-04-01,SKU00196,208
2025-04-01,SKU00199,55
2025-04-01,SKU00200,25
2025-04-01,SKU00201,43
2025-04-01,SKU00202,136
2025-04-01,SKU00203,50
2025-04-01,SKU00204,424
2025-04-01,SKU00206,35
2025-04-01,SKU00207,8
2025-04-01,SKU00208,1
2025-04-01,SKU00209,158
2025-04-01,SKU00210,18
2025-04-01,SKU00211,33
2025-04-01,SKU00212,47
2025-04-01,SKU00213,103
2025-04-01,SKU00215,21
2025-04-01,SKU00217,12
2025-04-01,SKU00218,79
2025-04-01,SKU00220,66
2025-04-01,SKU00222,22
2025-04-01,SKU00223,10
2025-04-01,SKU00224,18
2025-04-01,SKU00225,16
2025-04-01,SKU00226,8
2025-04-01,SKU00227,41
2025-04-01,SKU00228,179
2025-04-01,SKU00230,44
2025-04-01,SKU00231,25
2025-04-01,SKU00232,19
2025-04-01,SKU00233,38
2025-04-01,SKU00234,11
2025-04-01,SKU00235,58
2025-04-01,SKU00236,46
2025-04-01,SKU00237,10
2025-04-01,SKU00240,17
2025-04-01,SKU00241,56
2025-04-01,SKU00242,56
2025-04-01,SKU00243,75
2025-04-01,SKU00244,24
2025-04-01,SKU00246,13
2025-04-01,SKU00247,64
2025-04-01,SKU00248,23
2025-04-01,SKU00249,45
2025-04-01,SKU00250,203
2025-04-01,SKU00251,104
2025-04-01,SKU00252,25
2025-04-01,SKU00253,12
2025-04-01,SKU00254,21
2025-04-01,SKU00255,54
2025-04-01,SKU00256,80
2025-04-01,SKU00258,19
2025-04-01,SKU00259,284
2025-04-01,SKU00260,43
2025-04-01,SKU00261,18
2025-04-01,SKU00263,10
2025-04-01,SKU00264,20
2025-04-01,SKU00265,82
2025-04-01,SKU00266,26
2025-04-01,SKU00268,211
2025-04-01,SKU00271,133
2025-04-01,SKU00272,11
2025-04-01,SKU00273,100
2025-04-01,SKU00274,63
2025-04-01,SKU00275,141
2025-04-01,SKU00276,43
2025-04-01,SKU00277,80
2025-04-01,SKU00278,58
2025-04-01,SKU00279,121
2025-04-01,SKU00280,20
2025-04-01,SKU00281,147
2025-04-01,SKU00282,39
2025-04-01,SKU00284,40
2025-04-01,SKU00286,89
2025-04-01,SKU00287,27
2025-04-01,SKU00288,29
2025-04-01,SKU00289,29
2025-04-01,SKU00291,71
2025-04-01,SKU00292,7
2025-04-01,SKU00293,25
2025-04-01,SKU00294,30
2025-04-01,SKU00295,317
2025-04-01,SKU00296,117
2025-04-01,SKU00297,39
2025-04-01,SKU00298,101
2025-04-01,SKU00300,17
2025-04-01,SKU00301,38
2025-04-01,SKU00302,119
2025-04-01,SKU00304,129
2025-04-01,SKU00305,45
2025-04-01,SKU00308,124
2025-04-01,SKU00309,17
2025-04-01,SKU00310,98
2025-04-01,SKU00311,100
2025-04-01,SKU00312,9
2025-04-01,SKU00313,230
2025-04-01,SKU00314,439
2025-04-01,SKU00316,35
2025-04-01,SKU00317,37
2025-04-01,SKU00319,9
2025-04-01,SKU00320,132
2025-04-01,SKU00321,33
2025-04-01,SKU00322,170
2025-04-01,SKU00323,15
2025-04-01,SKU00324,31
2025-04-01,SKU00325,62
2025-04-01,SKU00327,91
2025-04-01,SKU00328,57
2025-04-01,SKU00330,204
2025-04-01,SKU00331,5
2025-04-01,SKU00332,24
2025-04-01,SKU00333,96
2025-04-01,SKU00334,244
2025-04-01,SKU00335,15
2025-04-01,SKU00336,51
2025-04-01,SKU00337,167
2025-04-01,SKU00338,14
2025-04-01,SKU00339,1
2025-04-01,SKU00340,471
2025-04-01,SKU00343,61
2025-04-01,SKU00344,489
2025-04-01,SKU00346,66
2025-04-01,SKU00347,9
2025-04-01,SKU00348,26
2025-04-01,SKU00350,20
2025-04-01,SKU00351,60
2025-04-01,SKU00352,54
2025-04-01,SKU00353,24
2025-04-01,SKU00354,159
2025-04-01,SKU00355,16
2025-04-01,SKU00356,100
2025-04-01,SKU00357,24
2025-04-01,SKU00358,36
2025-04-01,SKU00359,25
2025-04-01,SKU00361,13
2025-04-01,SKU00363,37
2025-04-01,SKU00364,24
2025-04-01,SKU00365,15
2025-04-01,SKU00366,7
2025-04-01,SKU00367,139
2025-04-01,SKU00369,158
2025-04-01,SKU00372,76
2025-04-01,SKU00373,166
2025-04-01,SKU00374,35
2025-04-01,SKU00375,406
2025-04-01,SKU00376,179
2025-04-01,SKU00378,19
2025-04-01,SKU00379,9
2025-04-01,SKU00380,12
2025-04-01,SKU00381,29
2025-04-01,SKU00383,645
2025-04-01,SKU00384,18
2025-04-01,SKU00386,57
2025-04-01,SKU00387,196
2025-04-01,SKU00388,31
2025-04-01,SKU00389,85
2025-04-01,SKU00391,25
2025-04-01,SKU00393,65
2025-04-01,SKU00394,22
2025-04-01,SKU00395,105
2025-04-01,SKU00396,26
2025-04-01,SKU00397,121
2025-04-01,SKU00398,264
2025-04-01,SKU00399,111
2025-04-01,SKU00400,55
2025-04-01,SKU00401,0
2025-04-01,SKU00403,40
2025-04-01,SKU00404,50
2025-04-01,SKU00405,98
2025-04-01,SKU00406,46
2025-04-01,SKU00407,96
2025-04-01,SKU00409,5
2025-04-01,SKU00410,80
2025-04-01,SKU00413,12
2025-04-01,SKU00414,239
2025-04-01,SKU00415,72
2025-04-01,SKU00416,18
2025-04-01,SKU00418,30
2025-04-01,SKU00419,46
2025-04-01,SKU00420,73
2025-04-01,SKU00422,58
2025-04-01,SKU00424,29
2025-04-01,SKU00425,15
2025-04-01,SKU00426,56
2025-04-01,SKU00427,62
2025-04-01,SKU00428,27
2025-04-01,SKU00429,147
2025-04-01,SKU00430,43
2025-04-01,SKU00431,131
2025-04-01,SKU00433,60
2025-04-01,SKU00435,22
2025-04-01,SKU00437,15
2025-04-01,SKU00438,12
2025-04-01,SKU00439,23
2025-04-01,SKU00440,36
2025-04-01,SKU00441,28
2025-04-01,SKU00443,16
2025-04-01,SKU00444,61
2025-04-01,SKU00446,90
2025-04-01,SKU00447,311
2025-04-01,SKU00448,43
2025-04-01,SKU00452,10
2025-04-01,SKU00453,86
2025-04-01,SKU00454,38
2025-04-01,SKU00455,148
2025-04-01,SKU00456,24
2025-04-01,SKU00457,99
2025-04-01,SKU00458,41
2025-04-01,SKU00459,123
2025-04-01,SKU00460,185
2025-04-01,SKU00463,72
2025-04-01,SKU00464,119
2025-04-01,SKU00465,26
2025-04-01,SKU00469,3
2025-04-01,SKU00471,92
2025-04-01,SKU00472,15
2025-04-01,SKU00473,144
2025-04-01,SKU00474,124
2025-04-01,SKU00475,41
2025-04-01,SKU00476,43
2025-04-01,SKU00477,77
2025-04-01,SKU00478,35
2025-04-01,SKU00481,38
2025-04-01,SKU00483,59
2025-04-01,SKU00484,10
2025-04-01,SKU00488,75
2025-04-01,SKU00489,49
2025-04-01,SKU00490,90
2025-04-01,SKU00491,70
2025-04-01,SKU00492,105
2025-04-01,SKU00493,69
2025-04-01,SKU00494,66
2025-04-01,SKU00495,71
2025-04-01,SKU00497,90
2025-04-01,SKU00499,4
2025-04-01,SKU00500,45
2025-04-01,SKU00501,15
2025-04-01,SKU00502,16
2025-04-01,SKU00503,29
2025-04-01,SKU00506,45
2025-04-01,SKU00507,180
2025-04-01,SKU00508,100
2025-04-01,SKU00509,67
2025-04-01,SKU00510,65
2025-04-01,SKU00511,12
2025-04-01,SKU00512,37
2025-04-01,SKU00513,55
2025-04-01,SKU00514,13
2025-04-01,SKU00515,28
2025-04-01,SKU00516,44
2025-04-01,SKU00517,91
2025-04-01,SKU00518,49
2025-04-01,SKU00520,17
2025-04-01,SKU00521,17
2025-04-01,SKU00522,13
2025-04-01,SKU00523,8
2025-04-01,SKU00524,9
2025-04-01,SKU00525,10
2025-04-01,SKU00526,389
2025-04-01,SKU00527,39
2025-04-01,SKU00528,62
2025-04-01,SKU00529,367
2025-04-01,SKU00530,337
2025-04-01,SKU00531,38
2025-04-01,SKU00533,149
2025-04-01,SKU00534,148
2025-04-01,SKU00535,8
2025-04-01,SKU00536,32
2025-04-01,SKU00537,275
2025-04-01,SKU00538,14
2025-04-01,SKU00539,10
2025-04-01,SKU00540,94
2025-04-01,SKU00541,118
2025-04-01,SKU00542,51
2025-04-01,SKU00543,70
2025-04-01,SKU00544,120
2025-04-01,SKU00545,4
2025-04-01,SKU00546,200
2025-04-01,SKU00547,64
2025-04-01,SKU00548,44
2025-04-01,SKU00549,19
2025-04-01,SKU00550,10
2025-04-01,SKU00551,3
2025-04-01,SKU00552,24
2025-04-01,SKU00554,20
2025-04-01,SKU00556,61
2025-04-01,SKU00557,31
2025-04-01,SKU00559,77
2025-04-01,SKU00560,107
2025-04-01,SKU00561,35
2025-04-01,SKU00562,39
2025-04-01,SKU00563,221
2025-04-01,SKU00564,29
2025-04-01,SKU00565,40
2025-04-01,SKU00566,201
2025-04-01,SKU00567,21
2025-04-01,SKU00568,31
2025-04-01,SKU00569,67
2025-04-01,SKU00570,20
2025-04-01,SKU00571,77
2025-04-01,SKU00572,28
2025-04-01,SKU00573,80
2025-04-01,SKU00574,77
2025-04-01,SKU00577,88
2025-04-01,SKU00579,36
2025-04-01,SKU00581,69
2025-04-01,SKU00582,26
2025-04-01,SKU00583,17
2025-04-01,SKU00586,29
2025-04-01,SKU00588,116
2025-04-01,SKU00589,86
2025-04-01,SKU00591,36
2025-04-01,SKU00592,3
2025-04-01,SKU00593,35
2025-04-01,SKU00594,23
2025-04-01,SKU00595,22
2025-04-01,SKU00596,22
2025-04-01,SKU00597,36
2025-04-01,SKU00598,21
2025-04-01,SKU00599,33
2025-04-01,SKU00600,61
2025-04-01,SKU00601,78
2025-04-01,SKU00602,40
2025-04-01,SKU00603,23
2025-04-01,SKU00604,0
2025-04-01,SKU00605,441
2025-04-01,SKU00607,136
2025-04-01,SKU00608,7
2025-04-01,SKU00609,19
2025-04-01,SKU00610,17
2025-04-01,SKU00611,48
2025-04-01,SKU00612,61
2025-04-01,SKU00613,16
2025-04-01,SKU00614,24
2025-04-01,SKU00616,63
2025-04-01,SKU00617,7
2025-04-01,SKU00618,87
2025-04-01,SKU00619,100
2025-04-01,SKU00621,13
2025-04-01,SKU00622,29
2025-04-01,SKU00623,45
2025-04-01,SKU00624,37
2025-04-01,SKU00625,32
2025-04-01,SKU00626,32
2025-04-01,SKU00627,55
2025-04-01,SKU00628,127
2025-04-01,SKU00629,66
2025-04-01,SKU00630,48
2025-04-01,SKU00631,0
2025-04-01,SKU00632,16
2025-04-01,SKU00633,293
2025-04-01,SKU00634,44
2025-04-01,SKU00637,15
2025-04-01,SKU00638,13
2025-04-01,SKU00639,35
2025-04-01,SKU00640,215
2025-04-01,SKU00641,26
2025-04-01,SKU00642,119
2025-04-01,SKU00643,5
2025-04-01,SKU00644,28
2025-04-01,SKU00645,118
2025-04-01,SKU00646,34
2025-04-01,SKU00649,221
2025-04-01,SKU00650,148
2025-04-01,SKU00651,186
2025-04-01,SKU00653,95
2025-04-01,SKU00654,64
2025-04-01,SKU00655,42
2025-04-01,SKU00656,16
2025-04-01,SKU00657,86
2025-04-01,SKU00658,3
2025-04-01,SKU00659,33
2025-04-01,SKU00660,56
2025-04-01,SKU00661,165
2025-04-01,SKU00662,75
2025-04-01,SKU00663,52
2025-04-01,SKU00664,344
2025-04-01,SKU00665,35
2025-04-01,SKU00667,1
2025-04-01,SKU00668,290
2025-04-01,SKU00669,146
2025-04-01,SKU00670,14
2025-04-01,SKU00671,25
2025-04-01,SKU00673,253
2025-04-01,SKU00674,63
2025-04-01,SKU00675,53
2025-04-01,SKU00676,25
2025-04-01,SKU00677,125
2025-04-01,SKU00678,111
2025-04-01,SKU00680,46
2025-04-01,SKU00681,257
2025-04-01,SKU00682,22
2025-04-01,SKU00684,67
2025-04-01,SKU00685,45
2025-04-01,SKU00686,7
2025-04-01,SKU00687,124
2025-04-01,SKU00688,88
2025-04-01,SKU00689,230
2025-04-01,SKU00690,13
2025-04-01,SKU00691,6
2025-04-01,SKU00692,14
2025-04-01,SKU00693,51
2025-04-01,SKU00695,23
2025-04-01,SKU00696,119
2025-04-01,SKU00697,68
2025-04-01,SKU00698,6
2025-04-01,SKU00700,36
2025-04-01,SKU00701,57
2025-04-01,SKU00702,86
2025-04-01,SKU00703,18
2025-04-01,SKU00704,30
2025-04-01,SKU00705,69
2025-04-01,SKU00707,35
2025-04-01,SKU00708,29
2025-04-01,SKU00709,22
2025-04-01,SKU00710,165
2025-04-01,SKU00711,39
2025-04-01,SKU00713,0
2025-04-01,SKU00715,23
2025-04-01,SKU00716,34
2025-04-01,SKU00717,83
2025-04-01,SKU00718,55
2025-04-01,SKU00719,189
2025-04-01,SKU00720,251
2025-04-01,SKU00721,70
2025-04-01,SKU00722,121
2025-04-01,SKU00723,470
2025-04-01,SKU00724,21
2025-04-01,SKU00726,174
2025-04-01,SKU00727,29
2025-04-01,SKU00728,93
2025-04-01,SKU00729,120
2025-04-01,SKU00730,56
2025-04-01,SKU00731,50
2025-04-01,SKU00732,201
2025-04-01,SKU00733,43
2025-04-01,SKU00734,50
2025-04-01,SKU00735,282
2025-04-01,SKU00736,153
2025-04-01,SKU00737,226
2025-04-01,SKU00738,5
2025-04-01,SKU00739,517
2025-04-01,SKU00740,17
2025-04-01,SKU00742,20
2025-04-01,SKU00743,59
2025-04-01,SKU00744,51
2025-04-01,SKU00745,39
2025-04-01,SKU00746,112
2025-04-01,SKU00747,15
2025-04-01,SKU00748,60
2025-04-01,SKU00749,29
2025-04-01,SKU00750,67
2025-04-01,SKU00751,85
2025-04-01,SKU00752,113
2025-04-01,SKU00754,165
2025-04-01,SKU00755,41
2025-04-01,SKU00758,7
2025-04-01,SKU00759,118
2025-04-01,SKU00760,54
2025-04-01,SKU00761,25
2025-04-01,SKU00762,24
2025-04-01,SKU00763,48
2025-04-01,SKU00764,22
2025-04-01,SKU00765,75
2025-04-01,SKU00766,8
2025-04-01,SKU00767,76
2025-04-01,SKU00768,3
2025-04-01,SKU00771,191
2025-04-01,SKU00772,75
2025-04-01,SKU00773,195
2025-04-01,SKU00775,43
2025-04-01,SKU00776,60
2025-04-01,SKU00777,88
2025-04-01,SKU00778,83
2025-04-01,SKU00779,26
2025-04-01,SKU00780,141
2025-04-01,SKU00781,39
2025-04-01,SKU00782,34
2025-04-01,SKU00783,42
2025-04-01,SKU00784,55
2025-04-01,SKU00785,226
2025-04-01,SKU00787,21
2025-04-01,SKU00789,24
2025-04-01,SKU00790,35
2025-04-01,SKU00792,167
2025-04-01,SKU00793,23
2025-04-01,SKU00794,150
2025-04-01,SKU00795,17
2025-04-01,SKU00796,4
2025-04-01,SKU00797,91
2025-04-01,SKU00798,39
2025-04-01,SKU00799,37
2025-05-01,SKU00001,86
2025-05-01,SKU00002,107
2025-05-01,SKU00003,26
2025-05-01,SKU00004,191
2025-05-01,SKU00005,29
2025-05-01,SKU00006,78
2025-05-01,SKU00007,29
2025-05-01,SKU00008,40
2025-05-01,SKU00009,216
2025-05-01,SKU00010,56
2025-05-01,SKU00012,68
2025-05-01,SKU00013,160
2025-05-01,SKU00015,35
2025-05-01,SKU00016,71
2025-05-01,SKU00018,73
2025-05-01,SKU00019,70
2025-05-01,SKU00022,26
2025-05-01,SKU00023,17
2025-05-01,SKU00024,18
2025-05-01,SKU00025,110
2025-05-01,SKU00026,257
2025-05-01,SKU00029,12
2025-05-01,SKU00030,22
2025-05-01,SKU00032,291
2025-05-01,SKU00034,8
2025-05-01,SKU00035,28
2025-05-01,SKU00036,28
2025-05-01,SKU00038,143
2025-05-01,SKU00039,18
2025-05-01,SKU00040,132
2025-05-01,SKU00041,0
2025-05-01,SKU00042,61
2025-05-01,SKU00045,20
2025-05-01,SKU00046,8
2025-05-01,SKU00047,21
2025-05-01,SKU00048,28
2025-05-01,SKU00049,139
2025-05-01,SKU00051,11
2025-05-01,SKU00052,0
2025-05-01,SKU00053,12
2025-05-01,SKU00054,92
2025-05-01,SKU00055,9
2025-05-01,SKU00058,86
2025-05-01,SKU00059,14
2025-05-01,SKU00061,82
2025-05-01,SKU00062,27
2025-05-01,SKU00063,39
2025-05-01,SKU00065,117
2025-05-01,SKU00066,31
2025-05-01,SKU00067,81
2025-05-01,SKU00068,72
2025-05-01,SKU00069,405
2025-05-01,SKU00070,38
2025-05-01,SKU00071,59
2025-05-01,SKU00072,139
2025-05-01,SKU00073,172
2025-05-01,SKU00074,130
2025-05-01,SKU00075,14
2025-05-01,SKU00076,231
2025-05-01,SKU00077,118
2025-05-01,SKU00080,12
2025-05-01,SKU00082,28
2025-05-01,SKU00083,0
2025-05-01,SKU00084,39
2025-05-01,SKU00086,65
2025-05-01,SKU00087,26
2025-05-01,SKU00089,75
2025-05-01,SKU00090,37
2025-05-01,SKU00091,21
2025-05-01,SKU00092,23
2025-05-01,SKU00093,129
2025-05-01,SKU00096,6
2025-05-01,SKU00097,131
2025-05-01,SKU00098,12
2025-05-01,SKU00099,93
2025-05-01,SKU00100,84
2025-05-01,SKU00101,108
2025-05-01,SKU00103,20
2025-05-01,SKU00104,87
2025-05-01,SKU00105,25
2025-05-01,SKU00106,0
2025-05-01,SKU00107,11
2025-05-01,SKU00108,59
2025-05-01,SKU00109,37
2025-05-01,SKU00110,95
2025-05-01,SKU00113,136
2025-05-01,SKU00114,44
2025-05-01,SKU00115,14
2025-05-01,SKU00116,105
2025-05-01,SKU00117,22
2025-05-01,SKU00118,23
2025-05-01,SKU00119,40
2025-05-01,SKU00120,68
2025-05-01,SKU00121,53
2025-05-01,SKU00122,34
2025-05-01,SKU00123,149
2025-05-01,SKU00124,22
2025-05-01,SKU00126,105
2025-05-01,SKU00127,118
2025-05-01,SKU00129,36
2025-05-01,SKU00130,27
2025-05-01,SKU00131,55
2025-05-01,SKU00132,43
2025-05-01,SKU00133,57
2025-05-01,SKU00134,9
2025-05-01,SKU00135,97
2025-05-01,SKU00136,343
2025-05-01,SKU00137,49
2025-05-01,SKU00138,59
2025-05-01,SKU00139,37
2025-05-01,SKU00140,0
2025-05-01,SKU00141,119
2025-05-01,SKU00142,14
2025-05-01,SKU00143,79
2025-05-01,SKU00144,86
2025-05-01,SKU00145,127
2025-05-01,SKU00146,72
2025-05-01,SKU00147,106
2025-05-01,SKU00148,66
2025-05-01,SKU00149,0
2025-05-01,SKU00150,58
2025-05-01,SKU00151,24
2025-05-01,SKU00152,241
2025-05-01,SKU00153,102
2025-05-01,SKU00154,189
2025-05-01,SKU00155,25
2025-05-01,SKU00156,378
2025-05-01,SKU00158,42
2025-05-01,SKU00159,68
2025-05-01,SKU00160,4
2025-05-01,SKU00161,8
2025-05-01,SKU00162,14
2025-05-01,SKU00163,22
2025-05-01,SKU00164,69
2025-05-01,SKU00165,27
2025-05-01,SKU00166,7
2025-05-01,SKU00167,63
2025-05-01,SKU00168,21
2025-05-01,SKU00169,21
2025-05-01,SKU00170,39
2025-05-01,SKU00172,393
2025-05-01,SKU00173,34
2025-05-01,SKU00174,12
2025-05-01,SKU00175,31
2025-05-01,SKU00176,68
2025-05-01,SKU00177,14
2025-05-01,SKU00178,210
2025-05-01,SKU00179,134
2025-05-01,SKU00180,121
2025-05-01,SKU00181,114
2025-05-01,SKU00182,34
2025-05-01,SKU00183,12
2025-05-01,SKU00184,81
2025-05-01,SKU00185,90
2025-05-01,SKU00186,0
2025-05-01,SKU00187,0
2025-05-01,SKU00188,7
2025-05-01,SKU00189,51
2025-05-01,SKU00190,160
2025-05-01,SKU00192,19
2025-05-01,SKU00193,17
2025-05-01,SKU00194,177
2025-05-01,SKU00196,179
2025-05-01,SKU00199,90
2025-05-01,SKU00200,10
2025-05-01,SKU00201,68
2025-05-01,SKU00202,179
2025-05-01,SKU00203,24
2025-05-01,SKU00204,462
2025-05-01,SKU00206,28
2025-05-01,SKU00207,14
2025-05-01,SKU00208,2
2025-05-01,SKU00209,67
2025-05-01,SKU00210,29
2025-05-01,SKU00211,39
2025-05-01,SKU00212,50
2025-05-01,SKU00213,89
2025-05-01,SKU00215,18
2025-05-01,SKU00217,44
2025-05-01,SKU00218,91
2025-05-01,SKU00220,44
2025-05-01,SKU00222,20
2025-05-01,SKU00223,2
2025-05-01,SKU00224,5
2025-05-01,SKU00225,23
2025-05-01,SKU00226,0
2025-05-01,SKU00227,43
2025-05-01,SKU00228,109
2025-05-01,SKU00229,35
2025-05-01,SKU00230,31
2025-05-01,SKU00231,11
2025-05-01,SKU00232,0
2025-05-01,SKU00233,23
2025-05-01,SKU00234,25
2025-05-01,SKU00235,41
2025-05-01,SKU00236,91
2025-05-01,SKU00237,12
2025-05-01,SKU00238,50
2025-05-01,SKU00240,12
2025-05-01,SKU00241,47
2025-05-01,SKU00242,53
2025-05-01,SKU00243,145
2025-05-01,SKU00244,18
2025-05-01,SKU00246,4
2025-05-01,SKU00247,27
2025-05-01,SKU00248,17
2025-05-01,SKU00249,32
2025-05-01,SKU00250,266
2025-05-01,SKU00251,110
2025-05-01,SKU00252,12
2025-05-01,SKU00253,0
2025-05-01,SKU00254,6
2025-05-01,SKU00255,40
2025-05-01,SKU00256,75
2025-05-01,SKU00258,20
2025-05-01,SKU00259,373
2025-05-01,SKU00260,60
2025-05-01,SKU00261,7
2025-05-01,SKU00263,16
2025-05-01,SKU00264,17
2025-05-01,SKU00265,88
2025-05-01,SKU00266,33
2025-05-01,SKU00267,8
2025-05-01,SKU00268,183
2025-05-01,SKU00269,24
2025-05-01,SKU00271,105
2025-05-01,SKU00272,5
2025-05-01,SKU00273,108
2025-05-01,SKU00274,63
2025-05-01,SKU00275,114
2025-05-01,SKU00276,26
2025-05-01,SKU00277,54
2025-05-01,SKU00278,52
2025-05-01,SKU00279,116
2025-05-01,SKU00280,7
2025-05-01,SKU00281,189
2025-05-01,SKU00282,28
2025-05-01,SKU00284,34
2025-05-01,SKU00286,38
2025-05-01,SKU00287,22
2025-05-01,SKU00288,19
2025-05-01,SKU00289,30
2025-05-01,SKU00291,98
2025-05-01,SKU00292,20
2025-05-01,SKU00293,17
2025-05-01,SKU00294,12
2025-05-01,SKU00295,201
2025-05-01,SKU00296,129
2025-05-01,SKU00297,44
2025-05-01,SKU00298,102
2025-05-01,SKU00300,18
2025-05-01,SKU00301,67
2025-05-01,SKU00302,71
2025-05-01,SKU00304,150
2025-05-01,SKU00305,21
2025-05-01,SKU00308,63
2025-05-01,SKU00309,5
2025-05-01,SKU00310,77
2025-05-01,SKU00311,158
2025-05-01,SKU00312,16
2025-05-01,SKU00313,229
2025-05-01,SKU00314,222
2025-05-01,SKU00316,21
2025-05-01,SKU00317,45
2025-05-01,SKU00319,0
2025-05-01,SKU00320,171
2025-05-01,SKU00321,18
2025-05-01,SKU00322,103
2025-05-01,SKU00323,8
2025-05-01,SKU00324,50
2025-05-01,SKU00325,54
2025-05-01,SKU00327,78
2025-05-01,SKU00328,53
2025-05-01,SKU00330,241
2025-05-01,SKU00331,11
2025-05-01,SKU00332,44
2025-05-01,SKU00333,120
2025-05-01,SKU00334,229
2025-05-01,SKU00335,14
2025-05-01,SKU00336,39
2025-05-01,SKU00337,107
2025-05-01,SKU00338,5
2025-05-01,SKU00339,13
2025-05-01,SKU00340,322
2025-05-01,SKU00343,30
2025-05-01,SKU00344,275
2025-05-01,SKU00346,70
2025-05-01,SKU00347,26
2025-05-01,SKU00348,61
2025-05-01,SKU00350,20
2025-05-01,SKU00351,125
2025-05-01,SKU00352,43
2025-05-01,SKU00353,0
2025-05-01,SKU00354,293
2025-05-01,SKU00355,11
2025-05-01,SKU00356,80
2025-05-01,SKU00357,25
2025-05-01,SKU00358,21
2025-05-01,SKU00359,33
2025-05-01,SKU00361,31
2025-05-01,SKU00363,70
2025-05-01,SKU00364,15
2025-05-01,SKU00365,34
2025-05-01,SKU00366,27
2025-05-01,SKU00367,69
2025-05-01,SKU00369,196
2025-05-01,SKU00371,336
2025-05-01,SKU00372,40
2025-05-01,SKU00373,203
2025-05-01,SKU00374,17
2025-05-01,SKU00375,154
2025-05-01,SKU00376,175
2025-05-01,SKU00378,11
2025-05-01,SKU00379,2
2025-05-01,SKU00380,20
2025-05-01,SKU00381,41
2025-05-01,SKU00383,558
2025-05-01,SKU00384,0
2025-05-01,SKU00386,26
2025-05-01,SKU00387,277
2025-05-01,SKU00388,49
2025-05-01,SKU00389,35
2025-05-01,SKU00391,15
2025-05-01,SKU00393,87
2025-05-01,SKU00394,10
2025-05-01,SKU00395,107
2025-05-01,SKU00396,19
2025-05-01,SKU00398,251
2025-05-01,SKU00399,96
2025-05-01,SKU00400,63
2025-05-01,SKU00401,9
2025-05-01,SKU00403,52
2025-05-01,SKU00404,46
2025-05-01,SKU00405,162
2025-05-01,SKU00406,86
2025-05-01,SKU00407,76
2025-05-01,SKU00409,1
2025-05-01,SKU00410,41
2025-05-01,SKU00411,28
2025-05-01,SKU00413,20
2025-05-01,SKU00414,187
2025-05-01,SKU00415,45
2025-05-01,SKU00416,2
2025-05-01,SKU00418,11
2025-05-01,SKU00419,15
2025-05-01,SKU00420,61
2025-05-01,SKU00422,55
2025-05-01,SKU00424,33
2025-05-01,SKU00425,21
2025-05-01,SKU00426,47
2025-05-01,SKU00427,35
2025-05-01,SKU00428,8
2025-05-01,SKU00429,252
2025-05-01,SKU00430,91
2025-05-01,SKU00431,82
2025-05-01,SKU00433,96
2025-05-01,SKU00435,15
2025-05-01,SKU00437,25
2025-05-01,SKU00438,28
2025-05-01,SKU00439,11
2025-05-01,SKU00440,41
2025-05-01,SKU00441,17
2025-05-01,SKU00443,3
2025-05-01,SKU00444,43
2025-05-01,SKU00445,53
2025-05-01,SKU00446,64
2025-05-01,SKU00447,501
2025-05-01,SKU00448,58
2025-05-01,SKU00452,14
2025-05-01,SKU00453,122
2025-05-01,SKU00454,35
2025-05-01,SKU00455,121
2025-05-01,SKU00456,35
2025-05-01,SKU00457,126
2025-05-01,SKU00458,24
2025-05-01,SKU00459,69
2025-05-01,SKU00460,177
2025-05-01,SKU00462,44
2025-05-01,SKU00463,134
2025-05-01,SKU00464,166
2025-05-01,SKU00465,39
2025-05-01,SKU00468,12
2025-05-01,SKU00469,11
2025-05-01,SKU00471,43
2025-05-01,SKU00472,5
2025-05-01,SKU00473,89
2025-05-01,SKU00474,148
2025-05-01,SKU00475,32
2025-05-01,SKU00476,30
2025-05-01,SKU00477,38
2025-05-01,SKU00478,56
2025-05-01,SKU00481,51
2025-05-01,SKU00483,23
2025-05-01,SKU00484,7
2025-05-01,SKU00486,10
2025-05-01,SKU00488,107
2025-05-01,SKU00489,52
2025-05-01,SKU00490,90
2025-05-01,SKU00491,78
2025-05-01,SKU00492,75
2025-05-01,SKU00493,55
2025-05-01,SKU00497,63
2025-05-01,SKU00499,20
2025-05-01,SKU00500,46
2025-05-01,SKU00501,3
2025-05-01,SKU00502,7
2025-05-01,SKU00503,18
2025-05-01,SKU00506,46
2025-05-01,SKU00507,299
2025-05-01,SKU00508,129
2025-05-01,SKU00509,65
2025-05-01,SKU00510,86
2025-05-01,SKU00511,11
2025-05-01,SKU00512,41
2025-05-01,SKU00513,39
2025-05-01,SKU00514,31
2025-05-01,SKU00515,26
2025-05-01,SKU00517,62
2025-05-01,SKU00518,25
2025-05-01,SKU00520,0
2025-05-01,SKU00521,6
2025-05-01,SKU00522,20
2025-05-01,SKU00523,0
2025-05-01,SKU00524,48
2025-05-01,SKU00525,13
2025-05-01,SKU00526,572
2025-05-01,SKU00527,14
2025-05-01,SKU00528,44
2025-05-01,SKU00529,417
2025-05-01,SKU00530,464
2025-05-01,SKU00531,32
2025-05-01,SKU00533,85
2025-05-01,SKU00535,46
2025-05-01,SKU00536,41
2025-05-01,SKU00537,127
2025-05-01,SKU00538,27
2025-05-01,SKU00539,15
2025-05-01,SKU00540,69
2025-05-01,SKU00541,102
2025-05-01,SKU00542,81
2025-05-01,SKU00543,61
2025-05-01,SKU00544,72
2025-05-01,SKU00545,20
2025-05-01,SKU00546,280
2025-05-01,SKU00547,80
2025-05-01,SKU00548,46
2025-05-01,SKU00549,17
2025-05-01,SKU00550,12
2025-05-01,SKU00551,17
2025-05-01,SKU00552,46
2025-05-01,SKU00553,55
2025-05-01,SKU00554,28
2025-05-01,SKU00556,54
2025-05-01,SKU00557,39
2025-05-01,SKU00558,13
2025-05-01,SKU00559,90
2025-05-01,SKU00560,85
2025-05-01,SKU00561,15
2025-05-01,SKU00562,93
2025-05-01,SKU00563,188
2025-05-01,SKU00564,51
2025-05-01,SKU00565,55
2025-05-01,SKU00566,143
2025-05-01,SKU00567,12
2025-05-01,SKU00568,9
2025-05-01,SKU00569,75
2025-05-01,SKU00570,8
2025-05-01,SKU00571,47
2025-05-01,SKU00572,23
2025-05-01,SKU00573,58
2025-05-01,SKU00574,40
2025-05-01,SKU00577,54
2025-05-01,SKU00579,15
2025-05-01,SKU00581,51
2025-05-01,SKU00582,18
2025-05-01,SKU00583,67
2025-05-01,SKU00586,27
2025-05-01,SKU00588,100
2025-05-01,SKU00589,102
2025-05-01,SKU00591,24
2025-05-01,SKU00592,27
2025-05-01,SKU00593,27
2025-05-01,SKU00594,60
2025-05-01,SKU00595,78
2025-05-01,SKU00596,28
2025-05-01,SKU00597,48
2025-05-01,SKU00598,39
2025-05-01,SKU00599,39
2025-05-01,SKU00600,52
2025-05-01,SKU00601,104
2025-05-01,SKU00602,26
2025-05-01,SKU00603,41
2025-05-01,SKU00604,23
2025-05-01,SKU00605,479
2025-05-01,SKU00607,146
2025-05-01,SKU00608,33
2025-05-01,SKU00609,30
2025-05-01,SKU00610,3
2025-05-01,SKU00611,49
2025-05-01,SKU00612,47
2025-05-01,SKU00613,16
2025-05-01,SKU00614,12
2025-05-01,SKU00616,39
2025-05-01,SKU00617,25
2025-05-01,SKU00618,44
2025-05-01,SKU00619,133
2025-05-01,SKU00621,10
2025-05-01,SKU00622,23
2025-05-01,SKU00623,29
2025-05-01,SKU00624,18
2025-05-01,SKU00625,45
2025-05-01,SKU00626,25
2025-05-01,SKU00627,35
2025-05-01,SKU00628,96
2025-05-01,SKU00629,29
2025-05-01,SKU00630,51
2025-05-01,SKU00631,0
2025-05-01,SKU00632,19
2025-05-01,SKU00633,209
2025-05-01,SKU00634,60
2025-05-01,SKU00637,20
2025-05-01,SKU00638,6
2025-05-01,SKU00639,5
2025-05-01,SKU00640,182
2025-05-01,SKU00641,25
2025-05-01,SKU00642,82
2025-05-01,SKU00643,23
2025-05-01,SKU00644,19
2025-05-01,SKU00645,247
2025-05-01,SKU00646,70
2025-05-01,SKU00649,232
2025-05-01,SKU00650,116
2025-05-01,SKU00651,213
2025-05-01,SKU00652,71
2025-05-01,SKU00653,79
2025-05-01,SKU00654,58
2025-05-01,SKU00655,59
2025-05-01,SKU00656,20
2025-05-01,SKU00657,55
2025-05-01,SKU00658,10
2025-05-01,SKU00659,89
2025-05-01,SKU00660,51
2025-05-01,SKU00661,137
2025-05-01,SKU00662,82
2025-05-01,SKU00663,80
2025-05-01,SKU00664,244
2025-05-01,SKU00665,6
2025-05-01,SKU00667,33
2025-05-01,SKU00668,182
2025-05-01,SKU00669,63
2025-05-01,SKU00670,12
2025-05-01,SKU00671,24
2025-05-01,SKU00673,214
2025-05-01,SKU00674,35
2025-05-01,SKU00676,8
2025-05-01,SKU00677,130
2025-05-01,SKU00678,168
2025-05-01,SKU00680,61
2025-05-01,SKU00681,375
2025-05-01,SKU00682,19
2025-05-01,SKU00684,62
2025-05-01,SKU00685,63
2025-05-01,SKU00686,18
2025-05-01,SKU00687,117
2025-05-01,SKU00688,167
2025-05-01,SKU00689,244
2025-05-01,SKU00690,6
2025-05-01,SKU00691,12
2025-05-01,SKU00692,21
2025-05-01,SKU00693,56
2025-05-01,SKU00695,25
2025-05-01,SKU00696,83
2025-05-01,SKU00697,93
2025-05-01,SKU00698,19
2025-05-01,SKU00700,46
2025-05-01,SKU00701,83
2025-05-01,SKU00702,81
2025-05-01,SKU00703,41
2025-05-01,SKU00704,27
2025-05-01,SKU00705,109
2025-05-01,SKU00707,15
2025-05-01,SKU00708,57
2025-05-01,SKU00709,25
2025-05-01,SKU00710,92
2025-05-01,SKU00711,38
2025-05-01,SKU00713,19
2025-05-01,SKU00715,23
2025-05-01,SKU00716,29
2025-05-01,SKU00717,101
2025-05-01,SKU00718,37
2025-05-01,SKU00719,149
2025-05-01,SKU00720,236
2025-05-01,SKU00721,115
2025-05-01,SKU00722,122
2025-05-01,SKU00723,301
2025-05-01,SKU00724,11
2025-05-01,SKU00726,189
2025-05-01,SKU00727,24
2025-05-01,SKU00728,75
2025-05-01,SKU00729,92
2025-05-01,SKU00730,43
2025-05-01,SKU00731,74
2025-05-01,SKU00732,216
2025-05-01,SKU00733,52
2025-05-01,SKU00734,28
2025-05-01,SKU00735,322
2025-05-01,SKU00736,88
2025-05-01,SKU00737,213
2025-05-01,SKU00738,3
2025-05-01,SKU00739,288
2025-05-01,SKU00740,21
2025-05-01,SKU00742,39
2025-05-01,SKU00743,119
2025-05-01,SKU00744,47
2025-05-01,SKU00745,19
2025-05-01,SKU00746,148
2025-05-01,SKU00747,22
2025-05-01,SKU00748,73
2025-05-01,SKU00749,0
2025-05-01,SKU00750,103
2025-05-01,SKU00751,113
2025-05-01,SKU00752,136
2025-05-01,SKU00754,201
2025-05-01,SKU00755,53
2025-05-01,SKU00758,9
2025-05-01,SKU00759,62
2025-05-01,SKU00760,72
2025-05-01,SKU00761,47
2025-05-01,SKU00762,27
2025-05-01,SKU00763,26
2025-05-01,SKU00764,24
2025-05-01,SKU00765,106
2025-05-01,SKU00766,1
2025-05-01,SKU00767,55
2025-05-01,SKU00768,18
2025-05-01,SKU00771,175
2025-05-01,SKU00772,70
2025-05-01,SKU00773,130
2025-05-01,SKU00774,72
2025-05-01,SKU00775,18
2025-05-01,SKU00776,38
2025-05-01,SKU00777,77
2025-05-01,SKU00778,78
2025-05-01,SKU00779,33
2025-05-01,SKU00780,83
2025-05-01,SKU00781,56
2025-05-01,SKU00782,6
2025-05-01,SKU00783,53
2025-05-01,SKU00784,59
2025-05-01,SKU00785,178
2025-05-01,SKU00787,25
2025-05-01,SKU00789,19
2025-05-01,SKU00790,43
2025-05-01,SKU00792,188
2025-05-01,SKU00793,57
2025-05-01,SKU00794,76
2025-05-01,SKU00795,22
2025-05-01,SKU00796,10
2025-05-01,SKU00797,71
2025-05-01,SKU00798,25
2025-05-01,SKU00799,10
2025-06-01,SKU00001,47
2025-06-01,SKU00002,179
2025-06-01,SKU00003,7
2025-06-01,SKU00004,278
2025-06-01,SKU00005,3
2025-06-01,SKU00006,84
2025-06-01,SKU00007,56
2025-06-01,SKU00008,36
2025-06-01,SKU00009,114
2025-06-01,SKU00010,42
2025-06-01,SKU00012,108
2025-06-01,SKU00013,144
2025-06-01,SKU00015,19
2025-06-01,SKU00016,63
2025-06-01,SKU00018,110
2025-06-01,SKU00019,60
2025-06-01,SKU00022,5
2025-06-01,SKU00023,12
2025-06-01,SKU00024,13
2025-06-01,SKU00025,72
2025-06-01,SKU00026,235
2025-06-01,SKU00029,11
2025-06-01,SKU00030,45
2025-06-01,SKU00032,296
2025-06-01,SKU00034,27
2025-06-01,SKU00035,6
2025-06-01,SKU00036,63
2025-06-01,SKU00037,9
2025-06-01,SKU00038,123
2025-06-01,SKU00039,26
2025-06-01,SKU00040,87
2025-06-01,SKU00041,2
2025-06-01,SKU00042,36
2025-06-01,SKU00045,4
2025-06-01,SKU00046,16
2025-06-01,SKU00047,15
2025-06-01,SKU00048,31
2025-06-01,SKU00049,139
2025-06-01,SKU00050,336
2025-06-01,SKU00051,11
2025-06-01,SKU00052,0
2025-06-01,SKU00053,24
2025-06-01,SKU00054,65
2025-06-01,SKU00055,6
2025-06-01,SKU00058,165
2025-06-01,SKU00059,0
2025-06-01,SKU00061,84
2025-06-01,SKU00062,49
2025-06-01,SKU00063,52
2025-06-01,SKU00064,168
2025-06-01,SKU00065,108
2025-06-01,SKU00066,38
2025-06-01,SKU00067,29
2025-06-01,SKU00068,106
2025-06-01,SKU00069,386
2025-06-01,SKU00070,34
2025-06-01,SKU00071,48
2025-06-01,SKU00072,126
2025-06-01,SKU00073,143
2025-06-01,SKU00074,132
2025-06-01,SKU00075,13
2025-06-01,SKU00076,221
2025-06-01,SKU00077,78
2025-06-01,SKU00080,29
2025-06-01,SKU00081,35
2025-06-01,SKU00082,25
2025-06-01,SKU00083,28
2025-06-01,SKU00084,41
2025-06-01,SKU00086,71
2025-06-01,SKU00087,54
2025-06-01,SKU00089,51
2025-06-01,SKU00090,19
2025-06-01,SKU00091,14
2025-06-01,SKU00092,8
2025-06-01,SKU00093,105
2025-06-01,SKU00095,8
2025-06-01,SKU00096,12
2025-06-01,SKU00097,167
2025-06-01,SKU00098,17
2025-06-01,SKU00099,38
2025-06-01,SKU00100,81
2025-06-01,SKU00101,114
2025-06-01,SKU00103,0
2025-06-01,SKU00104,89
2025-06-01,SKU00105,48
2025-06-01,SKU00106,6
2025-06-01,SKU00107,29
2025-06-01,SKU00109,25
2025-06-01,SKU00110,170
2025-06-01,SKU00113,102
2025-06-01,SKU00114,8
2025-06-01,SKU00115,30
2025-06-01,SKU00116,47
2025-06-01,SKU00117,53
2025-06-01,SKU00118,14
2025-06-01,SKU00119,32
2025-06-01,SKU00120,45
2025-06-01,SKU00121,93
2025-06-01,SKU00122,31
2025-06-01,SKU00123,123
2025-06-01,SKU00124,49
2025-06-01,SKU00127,78
2025-06-01,SKU00129,86
2025-06-01,SKU00130,40
2025-06-01,SKU00131,66
2025-06-01,SKU00132,77
2025-06-01,SKU00133,26
2025-06-01,SKU00134,5
2025-06-01,SKU00135,75
2025-06-01,SKU00136,551
2025-06-01,SKU00137,28
2025-06-01,SKU00138,43
2025-06-01,SKU00139,41
2025-06-01,SKU00140,7
2025-06-01,SKU00141,93
2025-06-01,SKU00142,20
2025-06-01,SKU00143,96
2025-06-01,SKU00144,55
2025-06-01,SKU00145,117
2025-06-01,SKU00146,45
2025-06-01,SKU00147,53
2025-06-01,SKU00148,60
2025-06-01,SKU00149,1
2025-06-01,SKU00150,35
2025-06-01,SKU00151,17
2025-06-01,SKU00152,233
2025-06-01,SKU00153,56
2025-06-01,SKU00154,202
2025-06-01,SKU00155,23
2025-06-01,SKU00156,470
2025-06-01,SKU00158,55
2025-06-01,SKU00159,40
2025-06-01,SKU00160,0
2025-06-01,SKU00161,23
2025-06-01,SKU00162,17
2025-06-01,SKU00163,22
2025-06-01,SKU00164,42
2025-06-01,SKU00165,12
2025-06-01,SKU00166,31
2025-06-01,SKU00167,84
2025-06-01,SKU00168,19
2025-06-01,SKU00169,36
2025-06-01,SKU00170,9
2025-06-01,SKU00173,48
2025-06-01,SKU00174,10
2025-06-01,SKU00175,19
2025-06-01,SKU00176,59
2025-06-01,SKU00177,25
2025-06-01,SKU00178,248
2025-06-01,SKU00179,178
2025-06-01,SKU00180,114
2025-06-01,SKU00181,167
2025-06-01,SKU00182,50
2025-06-01,SKU00183,5
2025-06-01,SKU00184,50
2025-06-01,SKU00185,223
2025-06-01,SKU00186,0
2025-06-01,SKU00187,3
2025-06-01,SKU00188,17
2025-06-01,SKU00189,32
2025-06-01,SKU00190,245
2025-06-01,SKU00192,12
2025-06-01,SKU00193,21
2025-06-01,SKU00194,130
2025-06-01,SKU00196,190
2025-06-01,SKU00199,55
2025-06-01,SKU00200,15
2025-06-01,SKU00201,31
2025-06-01,SKU00202,119
2025-06-01,SKU00203,22
2025-06-01,SKU00204,362
2025-06-01,SKU00206,8
2025-06-01,SKU00207,22
2025-06-01,SKU00208,9
2025-06-01,SKU00209,101
2025-06-01,SKU00210,20
2025-06-01,SKU00211,75
2025-06-01,SKU00212,41
2025-06-01,SKU00213,124
2025-06-01,SKU00214,12
2025-06-01,SKU00215,19
2025-06-01,SKU00217,15
2025-06-01,SKU00218,152
2025-06-01,SKU00220,35
2025-06-01,SKU00222,10
2025-06-01,SKU00223,9
2025-06-01,SKU00224,25
2025-06-01,SKU00225,7
2025-06-01,SKU00226,1
2025-06-01,SKU00227,26
2025-06-01,SKU00228,188
2025-06-01,SKU00229,57
2025-06-01,SKU00230,39
2025-06-01,SKU00231,15
2025-06-01,SKU00232,0
2025-06-01,SKU00233,66
2025-06-01,SKU00234,34
2025-06-01,SKU00235,32
2025-06-01,SKU00236,66
2025-06-01,SKU00237,9
2025-06-01,SKU00238,139
2025-06-01,SKU00240,28
2025-06-01,SKU00241,48
2025-06-01,SKU00242,78
2025-06-01,SKU00243,127
2025-06-01,SKU00244,34
2025-06-01,SKU00246,15
2025-06-01,SKU00247,20
2025-06-01,SKU00248,11
2025-06-01,SKU00249,38
2025-06-01,SKU00250,229
2025-06-01,SKU00251,96
2025-06-01,SKU00252,50
2025-06-01,SKU00253,0
2025-06-01,SKU00254,25
2025-06-01,SKU00255,57
2025-06-01,SKU00256,49
2025-06-01,SKU00258,16
2025-06-01,SKU00259,358
2025-06-01,SKU00260,61
2025-06-01,SKU00261,11
2025-06-01,SKU00263,34
2025-06-01,SKU00264,13
2025-06-01,SKU00265,114
2025-06-01,SKU00266,34
2025-06-01,SKU00267,12
2025-06-01,SKU00268,253
2025-06-01,SKU00269,32
2025-06-01,SKU00271,148
2025-06-01,SKU00272,7
2025-06-01,SKU00273,141
2025-06-01,SKU00274,61
2025-06-01,SKU00275,133
2025-06-01,SKU00276,45
2025-06-01,SKU00277,103
2025-06-01,SKU00278,76
2025-06-01,SKU00279,71
2025-06-01,SKU00280,14
2025-06-01,SKU00281,201
2025-06-01,SKU00282,25
2025-06-01,SKU00283,15
2025-06-01,SKU00284,39
2025-06-01,SKU00286,76
2025-06-01,SKU00287,15
2025-06-01,SKU00288,13
2025-06-01,SKU00289,14
2025-06-01,SKU00290,71
2025-06-01,SKU00291,86
2025-06-01,SKU00292,0
2025-06-01,SKU00293,8
2025-06-01,SKU00294,13
2025-06-01,SKU00295,339
2025-06-01,SKU00296,132
2025-06-01,SKU00297,54
2025-06-01,SKU00298,98
2025-06-01,SKU00299,7
2025-06-01,SKU00300,12
2025-06-01,SKU00301,40
2025-06-01,SKU00302,108
2025-06-01,SKU00304,177
2025-06-01,SKU00305,23
2025-06-01,SKU00308,166
2025-06-01,SKU00309,28
2025-06-01,SKU00310,66
2025-06-01,SKU00311,168
2025-06-01,SKU00312,29
2025-06-01,SKU00313,240
2025-06-01,SKU00314,375
2025-06-01,SKU00316,28
2025-06-01,SKU00317,67
2025-06-01,SKU00319,27
2025-06-01,SKU00320,230
2025-06-01,SKU00321,20
2025-06-01,SKU00322,107
2025-06-01,SKU00323,30
2025-06-01,SKU00324,60
2025-06-01,SKU00325,49
2025-06-01,SKU00327,65
2025-06-01,SKU00328,55
2025-06-01,SKU00330,286
2025-06-01,SKU00331,14
2025-06-01,SKU00332,20
2025-06-01,SKU00333,158
2025-06-01,SKU00334,306
2025-06-01,SKU00335,21
2025-06-01,SKU00336,48
2025-06-01,SKU00337,91
2025-06-01,SKU00338,15
2025-06-01,SKU00339,23
2025-06-01,SKU00340,532
2025-06-01,SKU00343,32
2025-06-01,SKU00344,340
2025-06-01,SKU00347,6
2025-06-01,SKU00348,95
2025-06-01,SKU00350,23
2025-06-01,SKU00351,100
2025-06-01,SKU00352,37
2025-06-01,SKU00353,32
2025-06-01,SKU00354,198
2025-06-01,SKU00355,16
2025-06-01,SKU00356,85
2025-06-01,SKU00357,4
2025-06-01,SKU00358,11
2025-06-01,SKU00359,11
2025-06-01,SKU00361,11
2025-06-01,SKU00363,92
2025-06-01,SKU00364,11
2025-06-01,SKU00365,26
2025-06-01,SKU00366,17
2025-06-01,SKU00367,118
2025-06-01,SKU00369,114
2025-06-01,SKU00371,277
2025-06-01,SKU00372,44
2025-06-01,SKU00373,318
2025-06-01,SKU00374,31
2025-06-01,SKU00375,153
2025-06-01,SKU00376,204
2025-06-01,SKU00378,13
2025-06-01,SKU00379,11
2025-06-01,SKU00380,0
2025-06-01,SKU00381,66
2025-06-01,SKU00383,436
2025-06-01,SKU00384,12
2025-06-01,SKU00386,62
2025-06-01,SKU00387,129
2025-06-01,SKU00388,39
2025-06-01,SKU00389,64
2025-06-01,SKU00391,0
2025-06-01,SKU00393,70
2025-06-01,SKU00394,20
2025-06-01,SKU00395,78
2025-06-01,SKU00396,23
2025-06-01,SKU00398,244
2025-06-01,SKU00399,87
2025-06-01,SKU00400,57
2025-06-01,SKU00401,23
2025-06-01,SKU00403,72
2025-06-01,SKU00404,55
2025-06-01,SKU00405,156
2025-06-01,SKU00406,36
2025-06-01,SKU00407,108
2025-06-01,SKU00409,13
2025-06-01,SKU00410,75
2025-06-01,SKU00411,31
2025-06-01,SKU00413,12
2025-06-01,SKU00414,152
2025-06-01,SKU00415,54
2025-06-01,SKU00416,32
2025-06-01,SKU00418,16
2025-06-01,SKU00419,23
2025-06-01,SKU00420,66
2025-06-01,SKU00422,29
2025-06-01,SKU00424,10
2025-06-01,SKU00425,16
2025-06-01,SKU00426,53
2025-06-01,SKU00427,15
2025-06-01,SKU00428,21
2025-06-01,SKU00429,240
2025-06-01,SKU00430,37
2025-06-01,SKU00431,51
2025-06-01,SKU00432,38
2025-06-01,SKU00433,125
2025-06-01,SKU00435,22
2025-06-01,SKU00437,6
2025-06-01,SKU00438,19
2025-06-01,SKU00439,0
2025-06-01,SKU00441,10
2025-06-01,SKU00443,16
2025-06-01,SKU00444,52
2025-06-01,SKU00445,47
2025-06-01,SKU00446,127
2025-06-01,SKU00447,419
2025-06-01,SKU00448,53
2025-06-01,SKU00452,16
2025-06-01,SKU00453,150
2025-06-01,SKU00454,55
2025-06-01,SKU00455,120
2025-06-01,SKU00456,26
2025-06-01,SKU00457,129
2025-06-01,SKU00458,42
2025-06-01,SKU00459,140
2025-06-01,SKU00460,135
2025-06-01,SKU00462,58
2025-06-01,SKU00463,104
2025-06-01,SKU00464,134
2025-06-01,SKU00465,23
2025-06-01,SKU00466,44
2025-06-01,SKU00468,16
2025-06-01,SKU00469,11
2025-06-01,SKU00471,107
2025-06-01,SKU00472,14
2025-06-01,SKU00473,108
2025-06-01,SKU00474,102
2025-06-01,SKU00475,21
2025-06-01,SKU00476,32
2025-06-01,SKU00477,44
2025-06-01,SKU00478,70
2025-06-01,SKU00481,61
2025-06-01,SKU00483,34
2025-06-01,SKU00484,24
2025-06-01,SKU00486,27
2025-06-01,SKU00488,118
2025-06-01,SKU00489,100
2025-06-01,SKU00490,113
2025-06-01,SKU00491,129
2025-06-01,SKU00492,99
2025-06-01,SKU00493,34
2025-06-01,SKU00497,66
2025-06-01,SKU00499,12
2025-06-01,SKU00500,57
2025-06-01,SKU00501,0
2025-06-01,SKU00502,10
2025-06-01,SKU00503,28
2025-06-01,SKU00506,74
2025-06-01,SKU00507,264
2025-06-01,SKU00508,157
2025-06-01,SKU00509,57
2025-06-01,SKU00510,76
2025-06-01,SKU00511,28
2025-06-01,SKU00512,96
2025-06-01,SKU00513,39
2025-06-01,SKU00514,15
2025-06-01,SKU00515,22
2025-06-01,SKU00517,51
2025-06-01,SKU00518,34
2025-06-01,SKU00520,5
2025-06-01,SKU00521,0
2025-06-01,SKU00522,14
2025-06-01,SKU00523,7
2025-06-01,SKU00524,58
2025-06-01,SKU00525,22
2025-06-01,SKU00526,603
2025-06-01,SKU00527,21
2025-06-01,SKU00528,74
2025-06-01,SKU00529,327
2025-06-01,SKU00530,322
2025-06-01,SKU00531,44
2025-06-01,SKU00533,131
2025-06-01,SKU00535,45
2025-06-01,SKU00536,22
2025-06-01,SKU00537,137
2025-06-01,SKU00538,16
2025-06-01,SKU00539,5
2025-06-01,SKU00540,91
2025-06-01,SKU00541,106
2025-06-01,SKU00542,71
2025-06-01,SKU00543,56
2025-06-01,SKU00544,50
2025-06-01,SKU00545,2
2025-06-01,SKU00546,185
2025-06-01,SKU00547,36
2025-06-01,SKU00548,31
2025-06-01,SKU00549,14
2025-06-01,SKU00550,0
2025-06-01,SKU00551,8
2025-06-01,SKU00552,36
2025-06-01,SKU00553,48
2025-06-01,SKU00554,27
2025-06-01,SKU00556,107
2025-06-01,SKU00557,57
2025-06-01,SKU00558,7
2025-06-01,SKU00559,158
2025-06-01,SKU00560,113
2025-06-01,SKU00561,29
2025-06-01,SKU00562,95
2025-06-01,SKU00563,183
2025-06-01,SKU00564,68
2025-06-01,SKU00565,44
2025-06-01,SKU00566,124
2025-06-01,SKU00567,17
2025-06-01,SKU00568,16
2025-06-01,SKU00569,93
2025-06-01,SKU00570,11
2025-06-01,SKU00571,53
2025-06-01,SKU00572,20
2025-06-01,SKU00573,85
2025-06-01,SKU00574,74
2025-06-01,SKU00577,81
2025-06-01,SKU00578,25
2025-06-01,SKU00579,41
2025-06-01,SKU00581,40
2025-06-01,SKU00582,8
2025-06-01,SKU00583,42
2025-06-01,SKU00586,57
2025-06-01,SKU00588,68
2025-06-01,SKU00589,96
2025-06-01,SKU00591,6
2025-06-01,SKU00592,10
2025-06-01,SKU00593,22
2025-06-01,SKU00594,27
2025-06-01,SKU00595,49
2025-06-01,SKU00596,26
2025-06-01,SKU00597,25
2025-06-01,SKU00598,34
2025-06-01,SKU00599,68
2025-06-01,SKU00600,27
2025-06-01,SKU00601,100
2025-06-01,SKU00602,26
2025-06-01,SKU00603,24
2025-06-01,SKU00604,15
2025-06-01,SKU00605,296
2025-06-01,SKU00606,52
2025-06-01,SKU00607,240
2025-06-01,SKU00608,9
2025-06-01,SKU00609,11
2025-06-01,SKU00610,14
2025-06-01,SKU00611,24
2025-06-01,SKU00612,60
2025-06-01,SKU00613,12
2025-06-01,SKU00614,10
2025-06-01,SKU00616,44
2025-06-01,SKU00617,4
2025-06-01,SKU00618,97
2025-06-01,SKU00619,88
2025-06-01,SKU00620,32
2025-06-01,SKU00621,0
2025-06-01,SKU00622,20
2025-06-01,SKU00623,14
2025-06-01,SKU00624,9
2025-06-01,SKU00625,59
2025-06-01,SKU00626,34
2025-06-01,SKU00627,54
2025-06-01,SKU00628,183
2025-06-01,SKU00629,39
2025-06-01,SKU00630,32
2025-06-01,SKU00631,0
2025-06-01,SKU00632,21
2025-06-01,SKU00633,256
2025-06-01,SKU00634,44
2025-06-01,SKU00637,13
2025-06-01,SKU00638,19
2025-06-01,SKU00639,40
2025-06-01,SKU00640,162
2025-06-01,SKU00641,23
2025-06-01,SKU00642,107
2025-06-01,SKU00644,0
2025-06-01,SKU00645,243
2025-06-01,SKU00646,46
2025-06-01,SKU00648,7
2025-06-01,SKU00649,279
2025-06-01,SKU00650,298
2025-06-01,SKU00651,219
2025-06-01,SKU00652,55
2025-06-01,SKU00653,85
2025-06-01,SKU00654,39
2025-06-01,SKU00655,80
2025-06-01,SKU00656,11
2025-06-01,SKU00657,67
2025-06-01,SKU00658,8
2025-06-01,SKU00659,47
2025-06-01,SKU00660,30
2025-06-01,SKU00661,178
2025-06-01,SKU00662,68
2025-06-01,SKU00663,54
2025-06-01,SKU00664,311
2025-06-01,SKU00665,28
2025-06-01,SKU00667,15
2025-06-01,SKU00668,210
2025-06-01,SKU00669,100
2025-06-01,SKU00670,13
2025-06-01,SKU00671,37
2025-06-01,SKU00673,173
2025-06-01,SKU00674,68
2025-06-01,SKU00676,15
2025-06-01,SKU00677,158
2025-06-01,SKU00678,108
2025-06-01,SKU00680,73
2025-06-01,SKU00681,300
2025-06-01,SKU00682,12
2025-06-01,SKU00683,74
2025-06-01,SKU00684,54
2025-06-01,SKU00685,65
2025-06-01,SKU00686,4
2025-06-01,SKU00687,65
2025-06-01,SKU00688,175
2025-06-01,SKU00689,397
2025-06-01,SKU00690,5
2025-06-01,SKU00691,19
2025-06-01,SKU00692,29
2025-06-01,SKU00693,80
2025-06-01,SKU00695,34
2025-06-01,SKU00696,92
2025-06-01,SKU00697,47
2025-06-01,SKU00698,30
2025-06-01,SKU00700,40
2025-06-01,SKU00701,39
2025-06-01,SKU00702,114
2025-06-01,SKU00703,30
2025-06-01,SKU00704,18
2025-06-01,SKU00705,63
2025-06-01,SKU00706,20
2025-06-01,SKU00707,18
2025-06-01,SKU00708,36
2025-06-01,SKU00709,23
2025-06-01,SKU00710,143
2025-06-01,SKU00711,18
2025-06-01,SKU00713,10
2025-06-01,SKU00715,28
2025-06-01,SKU00716,46
2025-06-01,SKU00717,68
2025-06-01,SKU00718,31
2025-06-01,SKU00719,173
2025-06-01,SKU00720,195
2025-06-01,SKU00721,65
2025-06-01,SKU00722,63
2025-06-01,SKU00723,608
2025-06-01,SKU00724,48
2025-06-01,SKU00726,109
2025-06-01,SKU00727,29
2025-06-01,SKU00728,101
2025-06-01,SKU00729,77
2025-06-01,SKU00730,39
2025-06-01,SKU00731,69
2025-06-01,SKU00732,300
2025-06-01,SKU00733,44
2025-06-01,SKU00734,96
2025-06-01,SKU00735,324
2025-06-01,SKU00736,91
2025-06-01,SKU00737,189
2025-06-01,SKU00738,14
2025-06-01,SKU00739,355
2025-06-01,SKU00740,46
2025-06-01,SKU00742,19
2025-06-01,SKU00743,63
2025-06-01,SKU00744,42
2025-06-01,SKU00745,31
2025-06-01,SKU00746,97
2025-06-01,SKU00747,11
2025-06-01,SKU00748,80
2025-06-01,SKU00749,15
2025-06-01,SKU00750,102
2025-06-01,SKU00751,72
2025-06-01,SKU00752,130
2025-06-01,SKU00754,136
2025-06-01,SKU00755,42
2025-06-01,SKU00758,17
2025-06-01,SKU00759,75
2025-06-01,SKU00760,95
2025-06-01,SKU00761,43
2025-06-01,SKU00762,48
2025-06-01,SKU00763,29
2025-06-01,SKU00764,7
2025-06-01,SKU00765,122
2025-06-01,SKU00766,2
2025-06-01,SKU00767,62
2025-06-01,SKU00768,12
2025-06-01,SKU00772,71
2025-06-01,SKU00773,174
2025-06-01,SKU00774,77
2025-06-01,SKU00775,23
2025-06-01,SKU00776,36
2025-06-01,SKU00777,73
2025-06-01,SKU00778,111
2025-06-01,SKU00779,31
2025-06-01,SKU00780,81
2025-06-01,SKU00781,23
2025-06-01,SKU00782,11
2025-06-01,SKU00783,61
2025-06-01,SKU00784,57
2025-06-01,SKU00785,153
2025-06-01,SKU00786,33
2025-06-01,SKU00787,14
2025-06-01,SKU00789,0
2025-06-01,SKU00790,34
2025-06-01,SKU00792,183
2025-06-01,SKU00793,13
2025-06-01,SKU00794,123
2025-06-01,SKU00795,8
2025-06-01,SKU00796,14
2025-06-01,SKU00797,105
2025-06-01,SKU00798,35
2025-06-01,SKU00799,7
2025-07-01,SKU00001,93
2025-07-01,SKU00002,106
2025-07-01,SKU00003,41
2025-07-01,SKU00004,205
2025-07-01,SKU00005,26
2025-07-01,SKU00006,34
2025-07-01,SKU00007,70
2025-07-01,SKU00008,60
2025-07-01,SKU00009,133
2025-07-01,SKU00010,33
2025-07-01,SKU00012,61
2025-07-01,SKU00013,259
2025-07-01,SKU00014,10
2025-07-01,SKU00015,27
2025-07-01,SKU00016,122
2025-07-01,SKU00018,63
2025-07-01,SKU00019,41
2025-07-01,SKU00022,24
2025-07-01,SKU00024,11
2025-07-01,SKU00025,62
2025-07-01,SKU00026,299
2025-07-01,SKU00028,101
2025-07-01,SKU00029,5
2025-07-01,SKU00030,24
2025-07-01,SKU00032,233
2025-07-01,SKU00034,15
2025-07-01,SKU00035,17
2025-07-01,SKU00036,53
2025-07-01,SKU00037,15
2025-07-01,SKU00038,79
2025-07-01,SKU00039,13
2025-07-01,SKU00040,145
2025-07-01,SKU00041,10
2025-07-01,SKU00042,65
2025-07-01,SKU00043,75
2025-07-01,SKU00045,0
2025-07-01,SKU00046,13
2025-07-01,SKU00047,19
2025-07-01,SKU00048,30
2025-07-01,SKU00049,117
2025-07-01,SKU00050,217
2025-07-01,SKU00051,1
2025-07-01,SKU00052,18
2025-07-01,SKU00053,10
2025-07-01,SKU00054,36
2025-07-01,SKU00055,3
2025-07-01,SKU00058,140
2025-07-01,SKU00059,7
2025-07-01,SKU00061,57
2025-07-01,SKU00062,64
2025-07-01,SKU00063,69
2025-07-01,SKU00064,213
2025-07-01,SKU00065,85
2025-07-01,SKU00066,25
2025-07-01,SKU00067,60
2025-07-01,SKU00068,105
2025-07-01,SKU00069,272
2025-07-01,SKU00070,52
2025-07-01,SKU00071,26
2025-07-01,SKU00072,118
2025-07-01,SKU00073,213
2025-07-01,SKU00074,231
2025-07-01,SKU00075,9
2025-07-01,SKU00076,253
2025-07-01,SKU00077,153
2025-07-01,SKU00080,31
2025-07-01,SKU00081,48
2025-07-01,SKU00082,1
2025-07-01,SKU00083,27
2025-07-01,SKU00084,9
2025-07-01,SKU00086,122
2025-07-01,SKU00087,52
2025-07-01,SKU00089,36
2025-07-01,SKU00091,24
2025-07-01,SKU00092,10
2025-07-01,SKU00093,47
2025-07-01,SKU00095,13
2025-07-01,SKU00096,9
2025-07-01,SKU00097,109
2025-07-01,SKU00098,20
2025-07-01,SKU00099,100
2025-07-01,SKU00100,77
2025-07-01,SKU00101,97
2025-07-01,SKU00103,21
2025-07-01,SKU00104,98
2025-07-01,SKU00105,35
2025-07-01,SKU00106,2
2025-07-01,SKU00107,12
2025-07-01,SKU00109,32
2025-07-01,SKU00110,219
2025-07-01,SKU00113,73
2025-07-01,SKU00114,16
2025-07-01,SKU00115,6
2025-07-01,SKU00116,58
2025-07-01,SKU00117,26
2025-07-01,SKU00118,21
2025-07-01,SKU00119,61
2025-07-01,SKU00120,73
2025-07-01,SKU00121,42
2025-07-01,SKU00122,50
2025-07-01,SKU00123,127
2025-07-01,SKU00124,18
2025-07-01,SKU00127,125
2025-07-01,SKU00128,67
2025-07-01,SKU00130,32
2025-07-01,SKU00131,108
2025-07-01,SKU00132,71
2025-07-01,SKU00133,36
2025-07-01,SKU00134,20
2025-07-01,SKU00135,71
2025-07-01,SKU00136,499
2025-07-01,SKU00137,28
2025-07-01,SKU00138,43
2025-07-01,SKU00139,90
2025-07-01,SKU00140,0
2025-07-01,SKU00141,125
2025-07-01,SKU00142,17
2025-07-01,SKU00143,84
2025-07-01,SKU00144,101
2025-07-01,SKU00145,114
2025-07-01,SKU00146,75
2025-07-01,SKU00147,76
2025-07-01,SKU00148,65
2025-07-01,SKU00149,7
2025-07-01,SKU00150,25
2025-07-01,SKU00151,5
2025-07-01,SKU00152,183
2025-07-01,SKU00153,117
2025-07-01,SKU00154,230
2025-07-01,SKU00155,29
2025-07-01,SKU00156,429
2025-07-01,SKU00158,37
2025-07-01,SKU00159,76
2025-07-01,SKU00160,0
2025-07-01,SKU00161,33
2025-07-01,SKU00162,19
2025-07-01,SKU00163,20
2025-07-01,SKU00164,47
2025-07-01,SKU00165,43
2025-07-01,SKU00166,30
2025-07-01,SKU00167,119
2025-07-01,SKU00168,32
2025-07-01,SKU00169,19
2025-07-01,SKU00170,30
2025-07-01,SKU00173,55
2025-07-01,SKU00174,10
2025-07-01,SKU00175,26
2025-07-01,SKU00176,50
2025-07-01,SKU00177,23
2025-07-01,SKU00178,166
2025-07-01,SKU00179,153
2025-07-01,SKU00180,85
2025-07-01,SKU00181,152
2025-07-01,SKU00182,44
2025-07-01,SKU00183,0
2025-07-01,SKU00184,45
2025-07-01,SKU00185,171
2025-07-01,SKU00186,11
2025-07-01,SKU00187,8
2025-07-01,SKU00188,18
2025-07-01,SKU00189,52
2025-07-01,SKU00190,123
2025-07-01,SKU00192,12
2025-07-01,SKU00193,24
2025-07-01,SKU00194,150
2025-07-01,SKU00195,81
2025-07-01,SKU00196,144
2025-07-01,SKU00199,69
2025-07-01,SKU00200,12
2025-07-01,SKU00201,72
2025-07-01,SKU00202,125
2025-07-01,SKU00203,45
2025-07-01,SKU00204,351
2025-07-01,SKU00206,24
2025-07-01,SKU00207,15
2025-07-01,SKU00208,0
2025-07-01,SKU00209,107
2025-07-01,SKU00210,31
2025-07-01,SKU00211,77
2025-07-01,SKU00212,34
2025-07-01,SKU00213,121
2025-07-01,SKU00214,7
2025-07-01,SKU00215,9
2025-07-01,SKU00217,33
2025-07-01,SKU00218,105
2025-07-01,SKU00220,33
2025-07-01,SKU00222,18
2025-07-01,SKU00223,2
2025-07-01,SKU00224,30
2025-07-01,SKU00225,28
2025-07-01,SKU00226,2
2025-07-01,SKU00227,36
2025-07-01,SKU00228,99
2025-07-01,SKU00229,21
2025-07-01,SKU00230,32
2025-07-01,SKU00231,12
2025-07-01,SKU00232,9
2025-07-01,SKU00233,38
2025-07-01,SKU00234,7
2025-07-01,SKU00235,22
2025-07-01,SKU00236,62
2025-07-01,SKU00237,2
2025-07-01,SKU00238,71
2025-07-01,SKU00240,25
2025-07-01,SKU00241,27
2025-07-01,SKU00242,71
2025-07-01,SKU00243,100
2025-07-01,SKU00244,60
2025-07-01,SKU00245,8
2025-07-01,SKU00246,10
2025-07-01,SKU00247,45
2025-07-01,SKU00248,19
2025-07-01,SKU00249,38
2025-07-01,SKU00250,146
2025-07-01,SKU00251,134
2025-07-01,SKU00252,51
2025-07-01,SKU00253,7
2025-07-01,SKU00254,29
2025-07-01,SKU00255,24
2025-07-01,SKU00256,40
2025-07-01,SKU00258,13
2025-07-01,SKU00259,267
2025-07-01,SKU00260,25
2025-07-01,SKU00261,15
2025-07-01,SKU00263,39
2025-07-01,SKU00264,28
2025-07-01,SKU00265,151
2025-07-01,SKU00266,23
2025-07-01,SKU00267,17
2025-07-01,SKU00268,160
2025-07-01,SKU00269,44
2025-07-01,SKU00271,87
2025-07-01,SKU00272,14
2025-07-01,SKU00273,77
2025-07-01,SKU00274,94
2025-07-01,SKU00275,120
2025-07-01,SKU00276,55
2025-07-01,SKU00277,51
2025-07-01,SKU00278,103
2025-07-01,SKU00279,43
2025-07-01,SKU00280,0
2025-07-01,SKU00281,241
2025-07-01,SKU00282,40
2025-07-01,SKU00283,44
2025-07-01,SKU00284,43
2025-07-01,SKU00286,58
2025-07-01,SKU00287,47
2025-07-01,SKU00288,41
2025-07-01,SKU00289,20
2025-07-01,SKU00290,75
2025-07-01,SKU00291,107
2025-07-01,SKU00292,6
2025-07-01,SKU00293,18
2025-07-01,SKU00294,12
2025-07-01,SKU00295,262
2025-07-01,SKU00296,136
2025-07-01,SKU00297,46
2025-07-01,SKU00298,110
2025-07-01,SKU00299,19
2025-07-01,SKU00300,1
2025-07-01,SKU00301,34
2025-07-01,SKU00302,86
2025-07-01,SKU00304,225
2025-07-01,SKU00305,15
2025-07-01,SKU00308,100
2025-07-01,SKU00309,35
2025-07-01,SKU00310,86
2025-07-01,SKU00311,135
2025-07-01,SKU00312,0
2025-07-01,SKU00313,195
2025-07-01,SKU00314,327
2025-07-01,SKU00316,19
2025-07-01,SKU00317,32
2025-07-01,SKU00319,7
2025-07-01,SKU00320,227
2025-07-01,SKU00321,39
2025-07-01,SKU00322,124
2025-07-01,SKU00323,23
2025-07-01,SKU00324,76
2025-07-01,SKU00325,60
2025-07-01,SKU00327,105
2025-07-01,SKU00328,58
2025-07-01,SKU00330,280
2025-07-01,SKU00331,7
2025-07-01,SKU00332,14
2025-07-01,SKU00333,195
2025-07-01,SKU00334,397
2025-07-01,SKU00335,42
2025-07-01,SKU00336,40
2025-07-01,SKU00337,72
2025-07-01,SKU00338,41
2025-07-01,SKU00339,10
2025-07-01,SKU00340,385
2025-07-01,SKU00341,229
2025-07-01,SKU00343,54
2025-07-01,SKU00344,311
2025-07-01,SKU00347,21
2025-07-01,SKU00348,65
2025-07-01,SKU00350,20
2025-07-01,SKU00351,60
2025-07-01,SKU00352,41
2025-07-01,SKU00353,11
2025-07-01,SKU00354,247
2025-07-01,SKU00355,6
2025-07-01,SKU00356,87
2025-07-01,SKU00357,20
2025-07-01,SKU00358,26
2025-07-01,SKU00359,28
2025-07-01,SKU00361,24
2025-07-01,SKU00363,66
2025-07-01,SKU00364,14
2025-07-01,SKU00365,9
2025-07-01,SKU00366,38
2025-07-01,SKU00367,98
2025-07-01,SKU00368,1
2025-07-01,SKU00369,225
2025-07-01,SKU00371,234
2025-07-01,SKU00372,75
2025-07-01,SKU00373,191
2025-07-01,SKU00374,46
2025-07-01,SKU00375,244
2025-07-01,SKU00376,124
2025-07-01,SKU00378,13
2025-07-01,SKU00379,20
2025-07-01,SKU00380,20
2025-07-01,SKU00381,42
2025-07-01,SKU00383,394
2025-07-01,SKU00384,0
2025-07-01,SKU00386,52
2025-07-01,SKU00387,267
2025-07-01,SKU00388,48
2025-07-01,SKU00389,55
2025-07-01,SKU00391,25
2025-07-01,SKU00392,21
2025-07-01,SKU00393,51
2025-07-01,SKU00394,16
2025-07-01,SKU00395,83
2025-07-01,SKU00396,16
2025-07-01,SKU00398,328
2025-07-01,SKU00399,88
2025-07-01,SKU00400,74
2025-07-01,SKU00401,15
2025-07-01,SKU00403,62
2025-07-01,SKU00404,72
2025-07-01,SKU00405,186
2025-07-01,SKU00406,37
2025-07-01,SKU00407,131
2025-07-01,SKU00409,10
2025-07-01,SKU00410,104
2025-07-01,SKU00411,45
2025-07-01,SKU00413,35
2025-07-01,SKU00414,213
2025-07-01,SKU00415,53
2025-07-01,SKU00416,30
2025-07-01,SKU00417,260
2025-07-01,SKU00418,11
2025-07-01,SKU00419,15
2025-07-01,SKU00420,59
2025-07-01,SKU00422,48
2025-07-01,SKU00424,68
2025-07-01,SKU00425,31
2025-07-01,SKU00426,79
2025-07-01,SKU00427,39
2025-07-01,SKU00428,19
2025-07-01,SKU00429,290
2025-07-01,SKU00430,55
2025-07-01,SKU00431,91
2025-07-01,SKU00432,51
2025-07-01,SKU00433,82
2025-07-01,SKU00434,20
2025-07-01,SKU00435,10
2025-07-01,SKU00437,11
2025-07-01,SKU00438,14
2025-07-01,SKU00439,18
2025-07-01,SKU00441,15
2025-07-01,SKU00443,7
2025-07-01,SKU00444,69
2025-07-01,SKU00445,39
2025-07-01,SKU00446,89
2025-07-01,SKU00447,432
2025-07-01,SKU00448,30
2025-07-01,SKU00452,11
2025-07-01,SKU00453,111
2025-07-01,SKU00454,49
2025-07-01,SKU00455,191
2025-07-01,SKU00456,1
2025-07-01,SKU00457,126
2025-07-01,SKU00458,29
2025-07-01,SKU00459,155
2025-07-01,SKU00460,247
2025-07-01,SKU00461,12
2025-07-01,SKU00462,50
2025-07-01,SKU00463,199
2025-07-01,SKU00464,142
2025-07-01,SKU00465,22
2025-07-01,SKU00466,53
2025-07-01,SKU00468,22
2025-07-01,SKU00469,9
2025-07-01,SKU00470,8
2025-07-01,SKU00471,96
2025-07-01,SKU00472,11
2025-07-01,SKU00473,86
2025-07-01,SKU00474,83
2025-07-01,SKU00475,24
2025-07-01,SKU00476,44
2025-07-01,SKU00477,51
2025-07-01,SKU00478,33
2025-07-01,SKU00481,42
2025-07-01,SKU00483,29
2025-07-01,SKU00484,10
2025-07-01,SKU00485,137
2025-07-01,SKU00486,18
2025-07-01,SKU00488,73
2025-07-01,SKU00489,68
2025-07-01,SKU00490,117
2025-07-01,SKU00491,81
2025-07-01,SKU00492,104
2025-07-01,SKU00493,57
2025-07-01,SKU00497,63
2025-07-01,SKU00498,31
2025-07-01,SKU00499,14
2025-07-01,SKU00500,60
2025-07-01,SKU00501,11
2025-07-01,SKU00502,24
2025-07-01,SKU00503,22
2025-07-01,SKU00506,56
2025-07-01,SKU00507,335
2025-07-01,SKU00508,150
2025-07-01,SKU00509,64
2025-07-01,SKU00510,91
2025-07-01,SKU00511,25
2025-07-01,SKU00512,33
2025-07-01,SKU00513,52
2025-07-01,SKU00514,9
2025-07-01,SKU00515,25
2025-07-01,SKU00517,55
2025-07-01,SKU00518,30
2025-07-01,SKU00520,6
2025-07-01,SKU00521,7
2025-07-01,SKU00522,30
2025-07-01,SKU00523,17
2025-07-01,SKU00524,57
2025-07-01,SKU00525,8
2025-07-01,SKU00526,491
2025-07-01,SKU00527,36
2025-07-01,SKU00528,42
2025-07-01,SKU00529,289
2025-07-01,SKU00530,426
2025-07-01,SKU00531,61
2025-07-01,SKU00533,106
2025-07-01,SKU00535,28
2025-07-01,SKU00536,39
2025-07-01,SKU00537,229
2025-07-01,SKU00538,14
2025-07-01,SKU00539,3
2025-07-01,SKU00540,79
2025-07-01,SKU00541,85
2025-07-01,SKU00542,56
2025-07-01,SKU00543,44
2025-07-01,SKU00544,102
2025-07-01,SKU00545,1
2025-07-01,SKU00546,132
2025-07-01,SKU00547,68
2025-07-01,SKU00548,41
2025-07-01,SKU00549,33
2025-07-01,SKU00550,9
2025-07-01,SKU00551,20
2025-07-01,SKU00552,47
2025-07-01,SKU00553,38
2025-07-01,SKU00554,20
2025-07-01,SKU00556,71
2025-07-01,SKU00557,44
2025-07-01,SKU00558,12
2025-07-01,SKU00559,80
2025-07-01,SKU00560,67
2025-07-01,SKU00561,30
2025-07-01,SKU00562,72
2025-07-01,SKU00563,237
2025-07-01,SKU00564,43
2025-07-01,SKU00565,36
2025-07-01,SKU00566,150
2025-07-01,SKU00567,12
2025-07-01,SKU00568,18
2025-07-01,SKU00569,88
2025-07-01,SKU00570,7
2025-07-01,SKU00571,36
2025-07-01,SKU00572,7
2025-07-01,SKU00573,68
2025-07-01,SKU00574,46
2025-07-01,SKU00577,75
2025-07-01,SKU00578,31
2025-07-01,SKU00579,15
2025-07-01,SKU00581,38
2025-07-01,SKU00582,30
2025-07-01,SKU00583,50
2025-07-01,SKU00586,18
2025-07-01,SKU00588,123
2025-07-01,SKU00589,75
2025-07-01,SKU00591,10
2025-07-01,SKU00592,0
2025-07-01,SKU00593,21
2025-07-01,SKU00594,38
2025-07-01,SKU00595,52
2025-07-01,SKU00596,11
2025-07-01,SKU00597,32
2025-07-01,SKU00598,12
2025-07-01,SKU00599,61
2025-07-01,SKU00600,31
2025-07-01,SKU00601,144
2025-07-01,SKU00602,50
2025-07-01,SKU00603,29
2025-07-01,SKU00604,18
2025-07-01,SKU00605,318
2025-07-01,SKU00606,68
2025-07-01,SKU00607,110
2025-07-01,SKU00608,0
2025-07-01,SKU00609,0
2025-07-01,SKU00610,12
2025-07-01,SKU00611,52
2025-07-01,SKU00612,13
2025-07-01,SKU00613,18
2025-07-01,SKU00614,25
2025-07-01,SKU00615,36
2025-07-01,SKU00616,44
2025-07-01,SKU00617,14
2025-07-01,SKU00618,91
2025-07-01,SKU00619,68
2025-07-01,SKU00620,43
2025-07-01,SKU00621,8
2025-07-01,SKU00622,16
2025-07-01,SKU00623,20
2025-07-01,SKU00624,26
2025-07-01,SKU00625,64
2025-07-01,SKU00626,60
2025-07-01,SKU00627,41
2025-07-01,SKU00628,131
2025-07-01,SKU00629,28
2025-07-01,SKU00630,23
2025-07-01,SKU00631,4
2025-07-01,SKU00632,11
2025-07-01,SKU00633,279
2025-07-01,SKU00634,44
2025-07-01,SKU00637,20
2025-07-01,SKU00638,12
2025-07-01,SKU00639,21
2025-07-01,SKU00640,194
2025-07-01,SKU00641,35
2025-07-01,SKU00642,165
2025-07-01,SKU00644,18
2025-07-01,SKU00645,131
2025-07-01,SKU00646,46
2025-07-01,SKU00648,21
2025-07-01,SKU00649,162
2025-07-01,SKU00650,241
2025-07-01,SKU00651,205
2025-07-01,SKU00652,70
2025-07-01,SKU00653,100
2025-07-01,SKU00654,40
2025-07-01,SKU00655,50
2025-07-01,SKU00656,23
2025-07-01,SKU00657,67
2025-07-01,SKU00658,28
2025-07-01,SKU00659,64
2025-07-01,SKU00660,45
2025-07-01,SKU00661,191
2025-07-01,SKU00662,105
2025-07-01,SKU00663,70
2025-07-01,SKU00664,281
2025-07-01,SKU00665,31
2025-07-01,SKU00667,35
2025-07-01,SKU00668,212
2025-07-01,SKU00669,88
2025-07-01,SKU00670,7
2025-07-01,SKU00671,35
2025-07-01,SKU00673,252
2025-07-01,SKU00674,47
2025-07-01,SKU00676,29
2025-07-01,SKU00677,131
2025-07-01,SKU00678,186
2025-07-01,SKU00680,36
2025-07-01,SKU00681,413
2025-07-01,SKU00682,16
2025-07-01,SKU00683,77
2025-07-01,SKU00684,38
2025-07-01,SKU00685,55
2025-07-01,SKU00686,10
2025-07-01,SKU00687,133
2025-07-01,SKU00688,107
2025-07-01,SKU00689,368
2025-07-01,SKU00690,11
2025-07-01,SKU00691,31
2025-07-01,SKU00692,39
2025-07-01,SKU00693,40
2025-07-01,SKU00695,22
2025-07-01,SKU00696,64
2025-07-01,SKU00697,73
2025-07-01,SKU00698,15
2025-07-01,SKU00700,43
2025-07-01,SKU00701,55
2025-07-01,SKU00702,66
2025-07-01,SKU00703,20
2025-07-01,SKU00704,27
2025-07-01,SKU00705,78
2025-07-01,SKU00706,60
2025-07-01,SKU00707,30
2025-07-01,SKU00708,64
2025-07-01,SKU00709,32
2025-07-01,SKU00710,136
2025-07-01,SKU00711,28
2025-07-01,SKU00713,0
2025-07-01,SKU00714,103
2025-07-01,SKU00715,33
2025-07-01,SKU00716,32
2025-07-01,SKU00717,129
2025-07-01,SKU00718,73
2025-07-01,SKU00719,111
2025-07-01,SKU00720,262
2025-07-01,SKU00721,73
2025-07-01,SKU00722,73
2025-07-01,SKU00723,446
2025-07-01,SKU00724,24
2025-07-01,SKU00726,142
2025-07-01,SKU00727,16
2025-07-01,SKU00728,58
2025-07-01,SKU00729,72
2025-07-01,SKU00730,112
2025-07-01,SKU00731,58
2025-07-01,SKU00732,243
2025-07-01,SKU00733,66
2025-07-01,SKU00734,46
2025-07-01,SKU00735,480
2025-07-01,SKU00736,69
2025-07-01,SKU00737,210
2025-07-01,SKU00738,9
2025-07-01,SKU00739,471
2025-07-01,SKU00740,28
2025-07-01,SKU00742,27
2025-07-01,SKU00743,81
2025-07-01,SKU00744,41
2025-07-01,SKU00745,30
2025-07-01,SKU00746,109
2025-07-01,SKU00747,26
2025-07-01,SKU00748,45
2025-07-01,SKU00749,12
2025-07-01,SKU00750,89
2025-07-01,SKU00751,99
2025-07-01,SKU00752,155
2025-07-01,SKU00753,32
2025-07-01,SKU00754,171
2025-07-01,SKU00755,40
2025-07-01,SKU00758,1
2025-07-01,SKU00759,112
2025-07-01,SKU00760,111
2025-07-01,SKU00761,59
2025-07-01,SKU00762,34
2025-07-01,SKU00763,24
2025-07-01,SKU00764,7
2025-07-01,SKU00765,124
2025-07-01,SKU00766,8
2025-07-01,SKU00767,48
2025-07-01,SKU00768,6
2025-07-01,SKU00770,43
2025-07-01,SKU00772,83
2025-07-01,SKU00773,131
2025-07-01,SKU00774,142
2025-07-01,SKU00775,33
2025-07-01,SKU00776,25
2025-07-01,SKU00777,43
2025-07-01,SKU00778,104
2025-07-01,SKU00779,22
2025-07-01,SKU00780,101
2025-07-01,SKU00781,58
2025-07-01,SKU00782,21
2025-07-01,SKU00783,62
2025-07-01,SKU00784,37
2025-07-01,SKU00785,112
2025-07-01,SKU00787,24
2025-07-01,SKU00789,35
2025-07-01,SKU00790,35
2025-07-01,SKU00791,60
2025-07-01,SKU00792,163
2025-07-01,SKU00793,22
2025-07-01,SKU00794,115
2025-07-01,SKU00795,8
2025-07-01,SKU00796,25
2025-07-01,SKU00797,112
2025-07-01,SKU00798,22
2025-07-01,SKU00799,16
2025-08-01,SKU00001,62
2025-08-01,SKU00002,162
2025-08-01,SKU00003,27
2025-08-01,SKU00004,248
2025-08-01,SKU00005,26
2025-08-01,SKU00006,68
2025-08-01,SKU00007,37
2025-08-01,SKU00008,31
2025-08-01,SKU00009,144
2025-08-01,SKU00010,58
2025-08-01,SKU00012,55
2025-08-01,SKU00013,145
2025-08-01,SKU00014,5
2025-08-01,SKU00015,26
2025-08-01,SKU00016,46
2025-08-01,SKU00018,55
2025-08-01,SKU00019,92
2025-08-01,SKU00022,27
2025-08-01,SKU00024,20
2025-08-01,SKU00025,109
2025-08-01,SKU00026,264
2025-08-01,SKU00028,64
2025-08-01,SKU00029,14
2025-08-01,SKU00030,53
2025-08-01,SKU00032,257
2025-08-01,SKU00034,18
2025-08-01,SKU00035,37
2025-08-01,SKU00036,34
2025-08-01,SKU00037,26
2025-08-01,SKU00038,128
2025-08-01,SKU00039,34
2025-08-01,SKU00040,179
2025-08-01,SKU00041,0
2025-08-01,SKU00042,60
2025-08-01,SKU00043,56
2025-08-01,SKU00045,20
2025-08-01,SKU00046,14
2025-08-01,SKU00047,22
2025-08-01,SKU00048,35
2025-08-01,SKU00049,119
2025-08-01,SKU00050,195
2025-08-01,SKU00051,0
2025-08-01,SKU00052,17
2025-08-01,SKU00053,40
2025-08-01,SKU00054,71
2025-08-01,SKU00055,2
2025-08-01,SKU00058,100
2025-08-01,SKU00059,30
2025-08-01,SKU00061,81
2025-08-01,SKU00062,57
2025-08-01,SKU00063,40
2025-08-01,SKU00064,206
2025-08-01,SKU00065,104
2025-08-01,SKU00066,29
2025-08-01,SKU00067,72
2025-08-01,SKU00068,124
2025-08-01,SKU00069,257
2025-08-01,SKU00070,59
2025-08-01,SKU00071,42
2025-08-01,SKU00072,74
2025-08-01,SKU00073,179
2025-08-01,SKU00074,158
2025-08-01,SKU00075,25
2025-08-01,SKU00076,231
2025-08-01,SKU00077,102
2025-08-01,SKU00080,27
2025-08-01,SKU00081,53
2025-08-01,SKU00082,27
2025-08-01,SKU00083,28
2025-08-01,SKU00084,23
2025-08-01,SKU00086,69
2025-08-01,SKU00087,22
2025-08-01,SKU00089,63
2025-08-01,SKU00091,29
2025-08-01,SKU00092,16
2025-08-01,SKU00093,73
2025-08-01,SKU00095,19
2025-08-01,SKU00096,23
2025-08-01,SKU00097,119
2025-08-01,SKU00098,11
2025-08-01,SKU00100,42
2025-08-01,SKU00101,100
2025-08-01,SKU00103,5
2025-08-01,SKU00104,63
2025-08-01,SKU00105,54
2025-08-01,SKU00106,2
2025-08-01,SKU00107,0
2025-08-01,SKU00109,40
2025-08-01,SKU00110,102
2025-08-01,SKU00113,118
2025-08-01,SKU00114,18
2025-08-01,SKU00115,13
2025-08-01,SKU00116,78
2025-08-01,SKU00117,36
2025-08-01,SKU00118,16
2025-08-01,SKU00119,38
2025-08-01,SKU00120,116
2025-08-01,SKU00121,114
2025-08-01,SKU00122,42
2025-08-01,SKU00123,59
2025-08-01,SKU00124,41
2025-08-01,SKU00127,57
2025-08-01,SKU00130,18
2025-08-01,SKU00131,119
2025-08-01,SKU00132,96
2025-08-01,SKU00133,44
2025-08-01,SKU00134,19
2025-08-01,SKU00135,79
2025-08-01,SKU00136,511
2025-08-01,SKU00137,20
2025-08-01,SKU00138,33
2025-08-01,SKU00139,58
2025-08-01,SKU00140,7
2025-08-01,SKU00141,136
2025-08-01,SKU00142,13
2025-08-01,SKU00143,139
2025-08-01,SKU00144,49
2025-08-01,SKU00145,77
2025-08-01,SKU00146,25
2025-08-01,SKU00147,61
2025-08-01,SKU00148,54
2025-08-01,SKU00149,9
2025-08-01,SKU00150,31
2025-08-01,SKU00151,2
2025-08-01,SKU00152,152
2025-08-01,SKU00153,144
2025-08-01,SKU00154,167
2025-08-01,SKU00155,38
2025-08-01,SKU00156,395
2025-08-01,SKU00158,39
2025-08-01,SKU00159,54
2025-08-01,SKU00160,5
2025-08-01,SKU00161,13
2025-08-01,SKU00162,27
2025-08-01,SKU00163,4
2025-08-01,SKU00164,39
2025-08-01,SKU00165,27
2025-08-01,SKU00166,12
2025-08-01,SKU00167,114
2025-08-01,SKU00168,7
2025-08-01,SKU00169,16
2025-08-01,SKU00170,24
2025-08-01,SKU00173,35
2025-08-01,SKU00174,20
2025-08-01,SKU00175,12
2025-08-01,SKU00176,107
2025-08-01,SKU00177,21
2025-08-01,SKU00178,172
2025-08-01,SKU00179,99
2025-08-01,SKU00180,119
2025-08-01,SKU00181,133
2025-08-01,SKU00182,8
2025-08-01,SKU00183,1
2025-08-01,SKU00184,73
2025-08-01,SKU00185,81
2025-08-01,SKU00187,2
2025-08-01,SKU00188,18
2025-08-01,SKU00189,77
2025-08-01,SKU00190,210
2025-08-01,SKU00192,2
2025-08-01,SKU00193,17
2025-08-01,SKU00194,170
2025-08-01,SKU00195,56
2025-08-01,SKU00196,207
2025-08-01,SKU00199,60
2025-08-01,SKU00200,7
2025-08-01,SKU00201,45
2025-08-01,SKU00202,153
2025-08-01,SKU00203,23
2025-08-01,SKU00204,416
2025-08-01,SKU00206,13
2025-08-01,SKU00207,15
2025-08-01,SKU00208,9
2025-08-01,SKU00209,119
2025-08-01,SKU00210,19
2025-08-01,SKU00211,36
2025-08-01,SKU00212,49
2025-08-01,SKU00213,75
2025-08-01,SKU00214,12
2025-08-01,SKU00215,0
2025-08-01,SKU00217,11
2025-08-01,SKU00218,144
2025-08-01,SKU00220,34
2025-08-01,SKU00222,7
2025-08-01,SKU00223,8
2025-08-01,SKU00224,11
2025-08-01,SKU00225,58
2025-08-01,SKU00226,15
2025-08-01,SKU00227,17
2025-08-01,SKU00228,65
2025-08-01,SKU00229,21
2025-08-01,SKU00230,52
2025-08-01,SKU00231,0
2025-08-01,SKU00232,12
2025-08-01,SKU00233,38
2025-08-01,SKU00234,15
2025-08-01,SKU00235,51
2025-08-01,SKU00236,72
2025-08-01,SKU00237,13
2025-08-01,SKU00238,71
2025-08-01,SKU00240,53
2025-08-01,SKU00241,61
2025-08-01,SKU00242,81
2025-08-01,SKU00243,86
2025-08-01,SKU00244,21
2025-08-01,SKU00245,30
2025-08-01,SKU00246,18
2025-08-01,SKU00247,24
2025-08-01,SKU00248,7
2025-08-01,SKU00249,34
2025-08-01,SKU00250,227
2025-08-01,SKU00251,115
2025-08-01,SKU00252,22
2025-08-01,SKU00253,8
2025-08-01,SKU00255,52
2025-08-01,SKU00256,49
2025-08-01,SKU00258,14
2025-08-01,SKU00259,298
2025-08-01,SKU00260,27
2025-08-01,SKU00261,22
2025-08-01,SKU00263,15
2025-08-01,SKU00264,32
2025-08-01,SKU00265,66
2025-08-01,SKU00266,52
2025-08-01,SKU00267,0
2025-08-01,SKU00268,159
2025-08-01,SKU00269,31
2025-08-01,SKU00271,68
2025-08-01,SKU00272,1
2025-08-01,SKU00273,56
2025-08-01,SKU00274,70
2025-08-01,SKU00275,130
2025-08-01,SKU00276,16
2025-08-01,SKU00277,34
2025-08-01,SKU00278,75
2025-08-01,SKU00279,125
2025-08-01,SKU00280,15
2025-08-01,SKU00281,192
2025-08-01,SKU00282,25
2025-08-01,SKU00283,35
2025-08-01,SKU00284,67
2025-08-01,SKU00286,49
2025-08-01,SKU00287,15
2025-08-01,SKU00288,20
2025-08-01,SKU00289,2
2025-08-01,SKU00290,18
2025-08-01,SKU00291,90
2025-08-01,SKU00292,0
2025-08-01,SKU00293,37
2025-08-01,SKU00294,36
2025-08-01,SKU00295,282
2025-08-01,SKU00296,173
2025-08-01,SKU00297,48
2025-08-01,SKU00298,130
2025-08-01,SKU00299,17
2025-08-01,SKU00300,5
2025-08-01,SKU00301,31
2025-08-01,SKU00302,94
2025-08-01,SKU00304,158
2025-08-01,SKU00305,14
2025-08-01,SKU00308,120
2025-08-01,SKU00309,18
2025-08-01,SKU00310,96
2025-08-01,SKU00311,82
2025-08-01,SKU00312,9
2025-08-01,SKU00313,270
2025-08-01,SKU00314,360
2025-08-01,SKU00316,17
2025-08-01,SKU00317,44
2025-08-01,SKU00319,13
2025-08-01,SKU00320,231
2025-08-01,SKU00321,14
2025-08-01,SKU00322,87
2025-08-01,SKU00323,30
2025-08-01,SKU00324,38
2025-08-01,SKU00325,29
2025-08-01,SKU00327,45
2025-08-01,SKU00328,57
2025-08-01,SKU00330,196
2025-08-01,SKU00331,8
2025-08-01,SKU00332,29
2025-08-01,SKU00333,124
2025-08-01,SKU00334,503
2025-08-01,SKU00335,10
2025-08-01,SKU00336,42
2025-08-01,SKU00337,90
2025-08-01,SKU00338,21
2025-08-01,SKU00339,5
2025-08-01,SKU00340,275
2025-08-01,SKU00341,204
2025-08-01,SKU00343,55
2025-08-01,SKU00344,377
2025-08-01,SKU00347,5
2025-08-01,SKU00348,44
2025-08-01,SKU00350,22
2025-08-01,SKU00351,103
2025-08-01,SKU00352,63
2025-08-01,SKU00353,1
2025-08-01,SKU00354,237
2025-08-01,SKU00355,18
2025-08-01,SKU00356,69
2025-08-01,SKU00357,8
2025-08-01,SKU00358,20
2025-08-01,SKU00359,24
2025-08-01,SKU00361,52
2025-08-01,SKU00363,54
2025-08-01,SKU00364,24
2025-08-01,SKU00365,30
2025-08-01,SKU00366,9
2025-08-01,SKU00367,124
2025-08-01,SKU00368,11
2025-08-01,SKU00369,156
2025-08-01,SKU00371,351
2025-08-01,SKU00372,58
2025-08-01,SKU00373,196
2025-08-01,SKU00374,19
2025-08-01,SKU00375,259
2025-08-01,SKU00376,147
2025-08-01,SKU00378,22
2025-08-01,SKU00379,3
2025-08-01,SKU00380,24
2025-08-01,SKU00381,31
2025-08-01,SKU00383,616
2025-08-01,SKU00384,21
2025-08-01,SKU00386,64
2025-08-01,SKU00387,164
2025-08-01,SKU00388,71
2025-08-01,SKU00389,78
2025-08-01,SKU00391,22
2025-08-01,SKU00392,25
2025-08-01,SKU00393,45
2025-08-01,SKU00394,19
2025-08-01,SKU00395,99
2025-08-01,SKU00396,4
2025-08-01,SKU00398,209
2025-08-01,SKU00399,175
2025-08-01,SKU00400,97
2025-08-01,SKU00401,20
2025-08-01,SKU00403,62
2025-08-01,SKU00404,47
2025-08-01,SKU00405,110
2025-08-01,SKU00406,39
2025-08-01,SKU00407,89
2025-08-01,SKU00409,3
2025-08-01,SKU00410,46
2025-08-01,SKU00411,17
2025-08-01,SKU00413,28
2025-08-01,SKU00414,238
2025-08-01,SKU00415,48
2025-08-01,SKU00416,20
2025-08-01,SKU00417,289
2025-08-01,SKU00418,7
2025-08-01,SKU00419,19
2025-08-01,SKU00420,46
2025-08-01,SKU00422,37
2025-08-01,SKU00424,59
2025-08-01,SKU00425,14
2025-08-01,SKU00426,21
2025-08-01,SKU00427,32
2025-08-01,SKU00428,24
2025-08-01,SKU00429,240
2025-08-01,SKU00430,58
2025-08-01,SKU00431,114
2025-08-01,SKU00432,38
2025-08-01,SKU00433,104
2025-08-01,SKU00434,15
2025-08-01,SKU00435,25
2025-08-01,SKU00437,7
2025-08-01,SKU00438,27
2025-08-01,SKU00439,7
2025-08-01,SKU00441,42
2025-08-01,SKU00443,0
2025-08-01,SKU00444,60
2025-08-01,SKU00445,45
2025-08-01,SKU00446,99
2025-08-01,SKU00447,475
2025-08-01,SKU00448,70
2025-08-01,SKU00452,7
2025-08-01,SKU00453,74
2025-08-01,SKU00454,80
2025-08-01,SKU00455,153
2025-08-01,SKU00456,43
2025-08-01,SKU00457,70
2025-08-01,SKU00458,37
2025-08-01,SKU00459,115
2025-08-01,SKU00460,153
2025-08-01,SKU00461,4
2025-08-01,SKU00462,61
2025-08-01,SKU00463,136
2025-08-01,SKU00464,140
2025-08-01,SKU00465,9
2025-08-01,SKU00466,52
2025-08-01,SKU00468,4
2025-08-01,SKU00469,3
2025-08-01,SKU00470,9
2025-08-01,SKU00471,43
2025-08-01,SKU00472,10
2025-08-01,SKU00473,85
2025-08-01,SKU00474,117
2025-08-01,SKU00475,18
2025-08-01,SKU00476,23
2025-08-01,SKU00477,27
2025-08-01,SKU00478,58
2025-08-01,SKU00481,33
2025-08-01,SKU00483,41
2025-08-01,SKU00484,15
2025-08-01,SKU00485,58
2025-08-01,SKU00486,31
2025-08-01,SKU00488,81
2025-08-01,SKU00489,48
2025-08-01,SKU00490,103
2025-08-01,SKU00491,122
2025-08-01,SKU00492,107
2025-08-01,SKU00493,28
2025-08-01,SKU00497,87
2025-08-01,SKU00498,24
2025-08-01,SKU00499,13
2025-08-01,SKU00500,36
2025-08-01,SKU00501,17
2025-08-01,SKU00502,43
2025-08-01,SKU00503,31
2025-08-01,SKU00506,73
2025-08-01,SKU00507,249
2025-08-01,SKU00508,86
2025-08-01,SKU00509,79
2025-08-01,SKU00510,77
2025-08-01,SKU00511,16
2025-08-01,SKU00512,81
2025-08-01,SKU00513,9
2025-08-01,SKU00514,22
2025-08-01,SKU00515,22
2025-08-01,SKU00517,63
2025-08-01,SKU00518,10
2025-08-01,SKU00520,6
2025-08-01,SKU00521,6
2025-08-01,SKU00522,37
2025-08-01,SKU00523,10
2025-08-01,SKU00524,60
2025-08-01,SKU00525,18
2025-08-01,SKU00526,370
2025-08-01,SKU00527,39
2025-08-01,SKU00528,43
2025-08-01,SKU00529,513
2025-08-01,SKU00530,530
2025-08-01,SKU00531,27
2025-08-01,SKU00533,141
2025-08-01,SKU00535,21
2025-08-01,SKU00536,20
2025-08-01,SKU00537,198
2025-08-01,SKU00538,14
2025-08-01,SKU00539,6
2025-08-01,SKU00540,49
2025-08-01,SKU00541,105
2025-08-01,SKU00542,55
2025-08-01,SKU00543,45
2025-08-01,SKU00544,67
2025-08-01,SKU00545,9
2025-08-01,SKU00546,246
2025-08-01,SKU00547,67
2025-08-01,SKU00548,63
2025-08-01,SKU00549,5
2025-08-01,SKU00550,5
2025-08-01,SKU00551,27
2025-08-01,SKU00552,63
2025-08-01,SKU00553,13
2025-08-01,SKU00556,118
2025-08-01,SKU00557,31
2025-08-01,SKU00558,25
2025-08-01,SKU00559,55
2025-08-01,SKU00560,78
2025-08-01,SKU00561,41
2025-08-01,SKU00562,56
2025-08-01,SKU00563,262
2025-08-01,SKU00564,57
2025-08-01,SKU00565,74
2025-08-01,SKU00566,156
2025-08-01,SKU00567,20
2025-08-01,SKU00568,2
2025-08-01,SKU00569,93
2025-08-01,SKU00570,33
2025-08-01,SKU00571,25
2025-08-01,SKU00572,3
2025-08-01,SKU00573,79
2025-08-01,SKU00574,57
2025-08-01,SKU00577,64
2025-08-01,SKU00578,15
2025-08-01,SKU00579,37
2025-08-01,SKU00581,62
2025-08-01,SKU00582,19
2025-08-01,SKU00583,49
2025-08-01,SKU00586,30
2025-08-01,SKU00588,94
2025-08-01,SKU00589,69
2025-08-01,SKU00591,21
2025-08-01,SKU00592,4
2025-08-01,SKU00593,21
2025-08-01,SKU00594,9
2025-08-01,SKU00595,35
2025-08-01,SKU00596,6
2025-08-01,SKU00597,22
2025-08-01,SKU00598,39
2025-08-01,SKU00599,35
2025-08-01,SKU00600,78
2025-08-01,SKU00601,101
2025-08-01,SKU00602,19
2025-08-01,SKU00603,27
2025-08-01,SKU00604,5
2025-08-01,SKU00605,261
2025-08-01,SKU00606,68
2025-08-01,SKU00607,157
2025-08-01,SKU00608,26
2025-08-01,SKU00609,13
2025-08-01,SKU00610,19
2025-08-01,SKU00611,29
2025-08-01,SKU00612,49
2025-08-01,SKU00613,18
2025-08-01,SKU00614,4
2025-08-01,SKU00615,18
2025-08-01,SKU00616,69
2025-08-01,SKU00617,8
2025-08-01,SKU00618,69
2025-08-01,SKU00619,92
2025-08-01,SKU00620,28
2025-08-01,SKU00621,11
2025-08-01,SKU00622,28
2025-08-01,SKU00623,33
2025-08-01,SKU00624,21
2025-08-01,SKU00625,44
2025-08-01,SKU00626,24
2025-08-01,SKU00627,68
2025-08-01,SKU00628,136
2025-08-01,SKU00629,33
2025-08-01,SKU00630,41
2025-08-01,SKU00631,14
2025-08-01,SKU00632,18
2025-08-01,SKU00633,233
2025-08-01,SKU00634,84
2025-08-01,SKU00637,21
2025-08-01,SKU00638,20
2025-08-01,SKU00639,15
2025-08-01,SKU00640,163
2025-08-01,SKU00641,19
2025-08-01,SKU00642,124
2025-08-01,SKU00644,15
2025-08-01,SKU00645,239
2025-08-01,SKU00646,52
2025-08-01,SKU00648,16
2025-08-01,SKU00649,158
2025-08-01,SKU00650,237
2025-08-01,SKU00651,156
2025-08-01,SKU00652,41
2025-08-01,SKU00653,179
2025-08-01,SKU00654,33
2025-08-01,SKU00655,51
2025-08-01,SKU00656,34
2025-08-01,SKU00657,102
2025-08-01,SKU00658,0
2025-08-01,SKU00659,46
2025-08-01,SKU00660,46
2025-08-01,SKU00661,102
2025-08-01,SKU00662,103
2025-08-01,SKU00663,60
2025-08-01,SKU00664,264
2025-08-01,SKU00665,17
2025-08-01,SKU00667,21
2025-08-01,SKU00668,199
2025-08-01,SKU00669,186
2025-08-01,SKU00670,29
2025-08-01,SKU00671,17
2025-08-01,SKU00673,142
2025-08-01,SKU00674,25
2025-08-01,SKU00676,13
2025-08-01,SKU00677,143
2025-08-01,SKU00678,178
2025-08-01,SKU00680,66
2025-08-01,SKU00681,509
2025-08-01,SKU00682,32
2025-08-01,SKU00683,127
2025-08-01,SKU00684,53
2025-08-01,SKU00685,62
2025-08-01,SKU00686,17
2025-08-01,SKU00687,109
2025-08-01,SKU00688,138
2025-08-01,SKU00689,352
2025-08-01,SKU00690,19
2025-08-01,SKU00691,14
2025-08-01,SKU00692,13
2025-08-01,SKU00693,52
2025-08-01,SKU00695,42
2025-08-01,SKU00696,73
2025-08-01,SKU00697,62
2025-08-01,SKU00698,13
2025-08-01,SKU00700,37
2025-08-01,SKU00701,59
2025-08-01,SKU00702,104
2025-08-01,SKU00703,30
2025-08-01,SKU00704,35
2025-08-01,SKU00705,84
2025-08-01,SKU00706,47
2025-08-01,SKU00707,23
2025-08-01,SKU00708,41
2025-08-01,SKU00709,17
2025-08-01,SKU00710,79
2025-08-01,SKU00711,30
2025-08-01,SKU00713,18
2025-08-01,SKU00714,178
2025-08-01,SKU00715,25
2025-08-01,SKU00716,52
2025-08-01,SKU00717,133
2025-08-01,SKU00718,58
2025-08-01,SKU00719,136
2025-08-01,SKU00720,279
2025-08-01,SKU00721,72
2025-08-01,SKU00722,65
2025-08-01,SKU00723,443
2025-08-01,SKU00724,35
2025-08-01,SKU00726,194
2025-08-01,SKU00727,19
2025-08-01,SKU00728,100
2025-08-01,SKU00730,62
2025-08-01,SKU00731,52
2025-08-01,SKU00732,157
2025-08-01,SKU00734,33
2025-08-01,SKU00735,434
2025-08-01,SKU00737,172
2025-08-01,SKU00738,7
2025-08-01,SKU00739,410
2025-08-01,SKU00740,25
2025-08-01,SKU00742,36
2025-08-01,SKU00743,49
2025-08-01,SKU00744,58
2025-08-01,SKU00745,24
2025-08-01,SKU00746,119
2025-08-01,SKU00747,37
2025-08-01,SKU00748,40
2025-08-01,SKU00749,18
2025-08-01,SKU00750,101
2025-08-01,SKU00751,93
2025-08-01,SKU00752,120
2025-08-01,SKU00753,41
2025-08-01,SKU00755,41
2025-08-01,SKU00758,20
2025-08-01,SKU00759,77
2025-08-01,SKU00760,129
2025-08-01,SKU00761,51
2025-08-01,SKU00762,14
2025-08-01,SKU00763,29
2025-08-01,SKU00764,24
2025-08-01,SKU00765,111
2025-08-01,SKU00766,12
2025-08-01,SKU00767,23
2025-08-01,SKU00768,39
2025-08-01,SKU00770,57
2025-08-01,SKU00772,64
2025-08-01,SKU00773,175
2025-08-01,SKU00774,61
2025-08-01,SKU00775,57
2025-08-01,SKU00776,24
2025-08-01,SKU00777,36
2025-08-01,SKU00778,128
2025-08-01,SKU00779,55
2025-08-01,SKU00780,120
2025-08-01,SKU00781,52
2025-08-01,SKU00782,18
2025-08-01,SKU00783,39
2025-08-01,SKU00784,82
2025-08-01,SKU00785,101
2025-08-01,SKU00787,23
2025-08-01,SKU00789,38
2025-08-01,SKU00790,19
2025-08-01,SKU00791,54
2025-08-01,SKU00792,123
2025-08-01,SKU00793,19
2025-08-01,SKU00794,103
2025-08-01,SKU00795,27
2025-08-01,SKU00796,22
2025-08-01,SKU00797,81
2025-08-01,SKU00798,11
2025-08-01,SKU00799,33
2025-09-01,SKU00001,58
2025-09-01,SKU00002,174
2025-09-01,SKU00004,255
2025-09-01,SKU00005,19
2025-09-01,SKU00006,65
2025-09-01,SKU00007,43
2025-09-01,SKU00008,75
2025-09-01,SKU00009,190
2025-09-01,SKU00010,45
2025-09-01,SKU00013,200
2025-09-01,SKU00014,8
2025-09-01,SKU00015,49
2025-09-01,SKU00016,72
2025-09-01,SKU00018,131
2025-09-01,SKU00019,44
2025-09-01,SKU00022,23
2025-09-01,SKU00024,13
2025-09-01,SKU00025,73
2025-09-01,SKU00026,182
2025-09-01,SKU00028,86
2025-09-01,SKU00029,8
2025-09-01,SKU00030,37
2025-09-01,SKU00032,202
2025-09-01,SKU00034,24
2025-09-01,SKU00035,22
2025-09-01,SKU00036,75
2025-09-01,SKU00037,36
2025-09-01,SKU00038,120
2025-09-01,SKU00039,34
2025-09-01,SKU00040,145
2025-09-01,SKU00041,3
2025-09-01,SKU00042,55
2025-09-01,SKU00043,31
2025-09-01,SKU00045,0
2025-09-01,SKU00046,0
2025-09-01,SKU00047,22
2025-09-01,SKU00048,57
2025-09-01,SKU00049,140
2025-09-01,SKU00050,162
2025-09-01,SKU00051,7
2025-09-01,SKU00052,20
2025-09-01,SKU00053,27
2025-09-01,SKU00054,81
2025-09-01,SKU00055,10
2025-09-01,SKU00058,83
2025-09-01,SKU00059,11
2025-09-01,SKU00061,60
2025-09-01,SKU00062,51
2025-09-01,SKU00063,52
2025-09-01,SKU00064,135
2025-09-01,SKU00065,152
2025-09-01,SKU00066,38
2025-09-01,SKU00067,45
2025-09-01,SKU00068,129
2025-09-01,SKU00070,47
2025-09-01,SKU00071,7
2025-09-01,SKU00072,77
2025-09-01,SKU00073,194
2025-09-01,SKU00074,178
2025-09-01,SKU00075,10
2025-09-01,SKU00076,199
2025-09-01,SKU00077,112
2025-09-01,SKU00080,56
2025-09-01,SKU00081,59
2025-09-01,SKU00082,15
2025-09-01,SKU00083,37
2025-09-01,SKU00084,26
2025-09-01,SKU00086,128
2025-09-01,SKU00087,37
2025-09-01,SKU00089,55
2025-09-01,SKU00091,18
2025-09-01,SKU00093,58
2025-09-01,SKU00095,12
2025-09-01,SKU00096,8
2025-09-01,SKU00097,116
2025-09-01,SKU00098,27
2025-09-01,SKU00100,44
2025-09-01,SKU00101,89
2025-09-01,SKU00103,20
2025-09-01,SKU00104,65
2025-09-01,SKU00105,49
2025-09-01,SKU00106,4
2025-09-01,SKU00107,14
2025-09-01,SKU00109,15
2025-09-01,SKU00110,159
2025-09-01,SKU00113,114
2025-09-01,SKU00114,4
2025-09-01,SKU00115,23
2025-09-01,SKU00116,38
2025-09-01,SKU00117,24
2025-09-01,SKU00118,18
2025-09-01,SKU00119,53
2025-09-01,SKU00120,89
2025-09-01,SKU00121,69
2025-09-01,SKU00122,26
2025-09-01,SKU00123,147
2025-09-01,SKU00124,23
2025-09-01,SKU00127,145
2025-09-01,SKU00130,21
2025-09-01,SKU00131,50
2025-09-01,SKU00132,80
2025-09-01,SKU00133,30
2025-09-01,SKU00134,17
2025-09-01,SKU00135,71
2025-09-01,SKU00136,458
2025-09-01,SKU00137,29
2025-09-01,SKU00138,55
2025-09-01,SKU00139,67
2025-09-01,SKU00140,10
2025-09-01,SKU00141,85
2025-09-01,SKU00142,27
2025-09-01,SKU00143,90
2025-09-01,SKU00144,78
2025-09-01,SKU00145,57
2025-09-01,SKU00146,69
2025-09-01,SKU00147,73
2025-09-01,SKU00148,80
2025-09-01,SKU00149,6
2025-09-01,SKU00150,41
2025-09-01,SKU00151,17
2025-09-01,SKU00152,217
2025-09-01,SKU00153,76
2025-09-01,SKU00154,226
2025-09-01,SKU00155,12
2025-09-01,SKU00156,326
2025-09-01,SKU00158,28
2025-09-01,SKU00159,45
2025-09-01,SKU00160,0
2025-09-01,SKU00161,39
2025-09-01,SKU00162,9
2025-09-01,SKU00163,31
2025-09-01,SKU00164,63
2025-09-01,SKU00165,38
2025-09-01,SKU00166,16
2025-09-01,SKU00167,55
2025-09-01,SKU00168,33
2025-09-01,SKU00169,16
2025-09-01,SKU00170,20
2025-09-01,SKU00173,71
2025-09-01,SKU00174,21
2025-09-01,SKU00175,30
2025-09-01,SKU00176,108
2025-09-01,SKU00177,42
2025-09-01,SKU00178,201
2025-09-01,SKU00179,181
2025-09-01,SKU00180,55
2025-09-01,SKU00181,193
2025-09-01,SKU00182,39
2025-09-01,SKU00183,12
2025-09-01,SKU00184,55
2025-09-01,SKU00185,176
2025-09-01,SKU00187,0
2025-09-01,SKU00188,19
2025-09-01,SKU00189,61
2025-09-01,SKU00190,226
2025-09-01,SKU00192,6
2025-09-01,SKU00193,22
2025-09-01,SKU00194,128
2025-09-01,SKU00195,48
2025-09-01,SKU00196,227
2025-09-01,SKU00199,68
2025-09-01,SKU00200,22
2025-09-01,SKU00201,46
2025-09-01,SKU00202,114
2025-09-01,SKU00203,24
2025-09-01,SKU00204,369
2025-09-01,SKU00206,12
2025-09-01,SKU00207,5
2025-09-01,SKU00208,6
2025-09-01,SKU00209,129
2025-09-01,SKU00210,19
2025-09-01,SKU00211,17
2025-09-01,SKU00212,37
2025-09-01,SKU00213,35
2025-09-01,SKU00214,19
2025-09-01,SKU00215,17
2025-09-01,SKU00217,8
2025-09-01,SKU00218,98
2025-09-01,SKU00220,35
2025-09-01,SKU00222,5
2025-09-01,SKU00223,4
2025-09-01,SKU00224,16
2025-09-01,SKU00225,14
2025-09-01,SKU00226,0
2025-09-01,SKU00227,29
2025-09-01,SKU00228,149
2025-09-01,SKU00229,21
2025-09-01,SKU00230,52
2025-09-01,SKU00231,32
2025-09-01,SKU00232,11
2025-09-01,SKU00233,64
2025-09-01,SKU00234,11
2025-09-01,SKU00235,28
2025-09-01,SKU00236,46
2025-09-01,SKU00237,17
2025-09-01,SKU00238,111
2025-09-01,SKU00240,21
2025-09-01,SKU00241,36
2025-09-01,SKU00242,61
2025-09-01,SKU00243,85
2025-09-01,SKU00244,48
2025-09-01,SKU00245,15
2025-09-01,SKU00246,17
2025-09-01,SKU00247,25
2025-09-01,SKU00248,32
2025-09-01,SKU00249,28
2025-09-01,SKU00250,140
2025-09-01,SKU00251,113
2025-09-01,SKU00252,21
2025-09-01,SKU00253,7
2025-09-01,SKU00255,59
2025-09-01,SKU00256,67
2025-09-01,SKU00258,26
2025-09-01,SKU00259,288
2025-09-01,SKU00260,58
2025-09-01,SKU00261,17
2025-09-01,SKU00263,0
2025-09-01,SKU00264,15
2025-09-01,SKU00265,81
2025-09-01,SKU00266,21
2025-09-01,SKU00267,16
2025-09-01,SKU00268,192
2025-09-01,SKU00269,37
2025-09-01,SKU00271,172
2025-09-01,SKU00272,11
2025-09-01,SKU00273,103
2025-09-01,SKU00274,101
2025-09-01,SKU00276,18
2025-09-01,SKU00277,32
2025-09-01,SKU00278,85
2025-09-01,SKU00279,104
2025-09-01,SKU00280,17
2025-09-01,SKU00281,212
2025-09-01,SKU00282,33
2025-09-01,SKU00283,41
2025-09-01,SKU00284,37
2025-09-01,SKU00286,59
2025-09-01,SKU00287,18
2025-09-01,SKU00288,25
2025-09-01,SKU00289,15
2025-09-01,SKU00290,62
2025-09-01,SKU00291,61
2025-09-01,SKU00292,17
2025-09-01,SKU00293,10
2025-09-01,SKU00294,18
2025-09-01,SKU00295,170
2025-09-01,SKU00296,232
2025-09-01,SKU00297,45
2025-09-01,SKU00298,94
2025-09-01,SKU00299,20
2025-09-01,SKU00300,19
2025-09-01,SKU00301,29
2025-09-01,SKU00302,66
2025-09-01,SKU00304,173
2025-09-01,SKU00305,40
2025-09-01,SKU00308,77
2025-09-01,SKU00309,20
2025-09-01,SKU00310,104
2025-09-01,SKU00311,93
2025-09-01,SKU00312,18
2025-09-01,SKU00313,237
2025-09-01,SKU00314,304
2025-09-01,SKU00316,20
2025-09-01,SKU00317,51
2025-09-01,SKU00319,18
2025-09-01,SKU00320,176
2025-09-01,SKU00321,23
2025-09-01,SKU00322,117
2025-09-01,SKU00323,12
2025-09-01,SKU00324,36
2025-09-01,SKU00325,20
2025-09-01,SKU00327,63
2025-09-01,SKU00328,67
2025-09-01,SKU00330,246
2025-09-01,SKU00331,11
2025-09-01,SKU00332,25
2025-09-01,SKU00333,143
2025-09-01,SKU00334,402
2025-09-01,SKU00335,31
2025-09-01,SKU00336,30
2025-09-01,SKU00337,68
2025-09-01,SKU00338,18
2025-09-01,SKU00339,13
2025-09-01,SKU00340,375
2025-09-01,SKU00341,199
2025-09-01,SKU00343,42
2025-09-01,SKU00344,212
2025-09-01,SKU00347,15
2025-09-01,SKU00348,39
2025-09-01,SKU00350,13
2025-09-01,SKU00351,75
2025-09-01,SKU00352,27
2025-09-01,SKU00353,11
2025-09-01,SKU00354,207
2025-09-01,SKU00355,2
2025-09-01,SKU00356,116
2025-09-01,SKU00357,19
2025-09-01,SKU00358,11
2025-09-01,SKU00359,40
2025-09-01,SKU00361,25
2025-09-01,SKU00363,112
2025-09-01,SKU00364,11
2025-09-01,SKU00365,26
2025-09-01,SKU00366,18
2025-09-01,SKU00367,147
2025-09-01,SKU00368,24
2025-09-01,SKU00369,192
2025-09-01,SKU00371,221
2025-09-01,SKU00372,37
2025-09-01,SKU00373,214
2025-09-01,SKU00374,22
2025-09-01,SKU00375,151
2025-09-01,SKU00376,160
2025-09-01,SKU00378,17
2025-09-01,SKU00379,22
2025-09-01,SKU00380,12
2025-09-01,SKU00381,59
2025-09-01,SKU00383,419
2025-09-01,SKU00384,17
2025-09-01,SKU00386,31
2025-09-01,SKU00388,32
2025-09-01,SKU00389,101
2025-09-01,SKU00391,14
2025-09-01,SKU00392,11
2025-09-01,SKU00393,52
2025-09-01,SKU00394,24
2025-09-01,SKU00395,69
2025-09-01,SKU00396,39
2025-09-01,SKU00398,175
2025-09-01,SKU00399,162
2025-09-01,SKU00400,35
2025-09-01,SKU00401,17
2025-09-01,SKU00403,92
2025-09-01,SKU00404,39
2025-09-01,SKU00405,184
2025-09-01,SKU00406,51
2025-09-01,SKU00407,72
2025-09-01,SKU00409,0
2025-09-01,SKU00410,82
2025-09-01,SKU00411,25
2025-09-01,SKU00413,32
2025-09-01,SKU00414,129
2025-09-01,SKU00415,64
2025-09-01,SKU00416,18
2025-09-01,SKU00417,463
2025-09-01,SKU00418,15
2025-09-01,SKU00419,3
2025-09-01,SKU00420,71
2025-09-01,SKU00422,29
2025-09-01,SKU00424,55
2025-09-01,SKU00425,16
2025-09-01,SKU00426,53
2025-09-01,SKU00427,55
2025-09-01,SKU00428,31
2025-09-01,SKU00429,307
2025-09-01,SKU00430,50
2025-09-01,SKU00431,84
2025-09-01,SKU00432,33
2025-09-01,SKU00433,68
2025-09-01,SKU00434,0
2025-09-01,SKU00435,9
2025-09-01,SKU00437,17
2025-09-01,SKU00438,26
2025-09-01,SKU00439,19
2025-09-01,SKU00441,21
2025-09-01,SKU00443,5
2025-09-01,SKU00444,47
2025-09-01,SKU00446,80
2025-09-01,SKU00447,562
2025-09-01,SKU00448,34
2025-09-01,SKU00452,8
2025-09-01,SKU00453,87
2025-09-01,SKU00454,57
2025-09-01,SKU00455,135
2025-09-01,SKU00456,18
2025-09-01,SKU00457,81
2025-09-01,SKU00458,54
2025-09-01,SKU00459,103
2025-09-01,SKU00460,144
2025-09-01,SKU00461,13
2025-09-01,SKU00462,48
2025-09-01,SKU00464,83
2025-09-01,SKU00465,36
2025-09-01,SKU00466,66
2025-09-01,SKU00468,21
2025-09-01,SKU00469,7
2025-09-01,SKU00470,23
2025-09-01,SKU00471,54
2025-09-01,SKU00472,20
2025-09-01,SKU00473,94
2025-09-01,SKU00474,156
2025-09-01,SKU00475,28
2025-09-01,SKU00476,7
2025-09-01,SKU00477,49
2025-09-01,SKU00478,18
2025-09-01,SKU00481,32
2025-09-01,SKU00483,24
2025-09-01,SKU00484,13
2025-09-01,SKU00485,125
2025-09-01,SKU00486,34
2025-09-01,SKU00488,101
2025-09-01,SKU00489,37
2025-09-01,SKU00490,67
2025-09-01,SKU00491,53
2025-09-01,SKU00492,121
2025-09-01,SKU00493,9
2025-09-01,SKU00497,76
2025-09-01,SKU00498,44
2025-09-01,SKU00499,5
2025-09-01,SKU00500,45
2025-09-01,SKU00501,20
2025-09-01,SKU00502,22
2025-09-01,SKU00503,23
2025-09-01,SKU00506,38
2025-09-01,SKU00507,324
2025-09-01,SKU00508,151
2025-09-01,SKU00509,40
2025-09-01,SKU00510,68
2025-09-01,SKU00511,17
2025-09-01,SKU00512,15
2025-09-01,SKU00513,25
2025-09-01,SKU00514,8
2025-09-01,SKU00515,13
2025-09-01,SKU00517,51
2025-09-01,SKU00518,9
2025-09-01,SKU00520,9
2025-09-01,SKU00521,12
2025-09-01,SKU00522,28
2025-09-01,SKU00523,0
2025-09-01,SKU00524,32
2025-09-01,SKU00525,19
2025-09-01,SKU00526,519
2025-09-01,SKU00527,6
2025-09-01,SKU00528,60
2025-09-01,SKU00529,305
2025-09-01,SKU00530,447
2025-09-01,SKU00531,46
2025-09-01,SKU00533,211
2025-09-01,SKU00535,23
2025-09-01,SKU00536,37
2025-09-01,SKU00537,214
2025-09-01,SKU00538,24
2025-09-01,SKU00539,0
2025-09-01,SKU00540,66
2025-09-01,SKU00541,87
2025-09-01,SKU00542,42
2025-09-01,SKU00543,79
2025-09-01,SKU00544,94
2025-09-01,SKU00545,10
2025-09-01,SKU00546,185
2025-09-01,SKU00547,86
2025-09-01,SKU00548,60
2025-09-01,SKU00549,31
2025-09-01,SKU00550,3
2025-09-01,SKU00551,17
2025-09-01,SKU00552,41
2025-09-01,SKU00553,41
2025-09-01,SKU00556,52
2025-09-01,SKU00557,16
2025-09-01,SKU00558,15
2025-09-01,SKU00559,82
2025-09-01,SKU00560,54
2025-09-01,SKU00561,25
2025-09-01,SKU00562,83
2025-09-01,SKU00563,229
2025-09-01,SKU00564,52
2025-09-01,SKU00565,56
2025-09-01,SKU00566,114
2025-09-01,SKU00567,19
2025-09-01,SKU00568,14
2025-09-01,SKU00569,79
2025-09-01,SKU00570,28
2025-09-01,SKU00571,51
2025-09-01,SKU00572,14
2025-09-01,SKU00573,65
2025-09-01,SKU00574,58
2025-09-01,SKU00577,122
2025-09-01,SKU00578,24
2025-09-01,SKU00579,27
2025-09-01,SKU00581,51
2025-09-01,SKU00582,12
2025-09-01,SKU00583,54
2025-09-01,SKU00586,16
2025-09-01,SKU00588,70
2025-09-01,SKU00589,65
2025-09-01,SKU00591,21
2025-09-01,SKU00592,1
2025-09-01,SKU00593,20
2025-09-01,SKU00594,17
2025-09-01,SKU00595,39
2025-09-01,SKU00596,21
2025-09-01,SKU00597,58
2025-09-01,SKU00598,25
2025-09-01,SKU00599,42
2025-09-01,SKU00600,59
2025-09-01,SKU00601,115
2025-09-01,SKU00602,46
2025-09-01,SKU00603,16
2025-09-01,SKU00604,23
2025-09-01,SKU00605,362
2025-09-01,SKU00606,50
2025-09-01,SKU00607,149
2025-09-01,SKU00608,15
2025-09-01,SKU00609,19
2025-09-01,SKU00610,6
2025-09-01,SKU00611,79
2025-09-01,SKU00612,47
2025-09-01,SKU00613,21
2025-09-01,SKU00614,0
2025-09-01,SKU00616,79
2025-09-01,SKU00617,23
2025-09-01,SKU00618,69
2025-09-01,SKU00619,150
2025-09-01,SKU00620,18
2025-09-01,SKU00621,10
2025-09-01,SKU00622,34
2025-09-01,SKU00623,27
2025-09-01,SKU00624,29
2025-09-01,SKU00625,32
2025-09-01,SKU00626,39
2025-09-01,SKU00627,32
2025-09-01,SKU00628,173
2025-09-01,SKU00629,65
2025-09-01,SKU00630,67
2025-09-01,SKU00631,14
2025-09-01,SKU00632,7
2025-09-01,SKU00633,263
2025-09-01,SKU00634,43
2025-09-01,SKU00637,17
2025-09-01,SKU00638,9
2025-09-01,SKU00639,20
2025-09-01,SKU00640,209
2025-09-01,SKU00641,17
2025-09-01,SKU00642,89
2025-09-01,SKU00644,12
2025-09-01,SKU00645,179
2025-09-01,SKU00646,23
2025-09-01,SKU00648,32
2025-09-01,SKU00649,175
2025-09-01,SKU00650,255
2025-09-01,SKU00651,200
2025-09-01,SKU00652,79
2025-09-01,SKU00653,75
2025-09-01,SKU00654,57
2025-09-01,SKU00655,42
2025-09-01,SKU00656,30
2025-09-01,SKU00657,101
2025-09-01,SKU00658,12
2025-09-01,SKU00659,76
2025-09-01,SKU00660,49
2025-09-01,SKU00661,118
2025-09-01,SKU00662,95
2025-09-01,SKU00663,111
2025-09-01,SKU00664,498
2025-09-01,SKU00665,27
2025-09-01,SKU00667,17
2025-09-01,SKU00668,313
2025-09-01,SKU00669,137
2025-09-01,SKU00670,18
2025-09-01,SKU00671,34
2025-09-01,SKU00673,203
2025-09-01,SKU00674,53
2025-09-01,SKU00676,22
2025-09-01,SKU00677,192
2025-09-01,SKU00678,224
2025-09-01,SKU00680,24
2025-09-01,SKU00681,371
2025-09-01,SKU00682,17
2025-09-01,SKU00683,77
2025-09-01,SKU00684,55
2025-09-01,SKU00685,51
2025-09-01,SKU00686,5
2025-09-01,SKU00687,109
2025-09-01,SKU00688,150
2025-09-01,SKU00689,417
2025-09-01,SKU00690,17
2025-09-01,SKU00691,19
2025-09-01,SKU00692,8
2025-09-01,SKU00693,60
2025-09-01,SKU00695,31
2025-09-01,SKU00696,105
2025-09-01,SKU00697,59
2025-09-01,SKU00698,11
2025-09-01,SKU00700,42
2025-09-01,SKU00701,43
2025-09-01,SKU00702,110
2025-09-01,SKU00703,32
2025-09-01,SKU00704,25
2025-09-01,SKU00705,55
2025-09-01,SKU00706,78
2025-09-01,SKU00708,49
2025-09-01,SKU00709,19
2025-09-01,SKU00710,80
2025-09-01,SKU00711,62
2025-09-01,SKU00713,11
2025-09-01,SKU00714,180
2025-09-01,SKU00715,47
2025-09-01,SKU00716,33
2025-09-01,SKU00717,65
2025-09-01,SKU00718,47
2025-09-01,SKU00719,91
2025-09-01,SKU00720,216
2025-09-01,SKU00721,111
2025-09-01,SKU00722,127
2025-09-01,SKU00723,516
2025-09-01,SKU00724,29
2025-09-01,SKU00726,192
2025-09-01,SKU00727,33
2025-09-01,SKU00728,54
2025-09-01,SKU00730,47
2025-09-01,SKU00731,80
2025-09-01,SKU00732,288
2025-09-01,SKU00734,52
2025-09-01,SKU00735,457
2025-09-01,SKU00737,309
2025-09-01,SKU00738,5
2025-09-01,SKU00739,234
2025-09-01,SKU00740,34
2025-09-01,SKU00742,35
2025-09-01,SKU00743,66
2025-09-01,SKU00744,66
2025-09-01,SKU00746,73
2025-09-01,SKU00747,16
2025-09-01,SKU00748,77
2025-09-01,SKU00749,5
2025-09-01,SKU00750,118
2025-09-01,SKU00751,124
2025-09-01,SKU00752,73
2025-09-01,SKU00753,44
2025-09-01,SKU00755,70
2025-09-01,SKU00758,0
2025-09-01,SKU00759,111
2025-09-01,SKU00760,86
2025-09-01,SKU00761,48
2025-09-01,SKU00762,30
2025-09-01,SKU00763,27
2025-09-01,SKU00764,12
2025-09-01,SKU00765,102
2025-09-01,SKU00767,26
2025-09-01,SKU00768,14
2025-09-01,SKU00770,41
2025-09-01,SKU00772,168
2025-09-01,SKU00773,161
2025-09-01,SKU00774,106
2025-09-01,SKU00775,43
2025-09-01,SKU00776,56
2025-09-01,SKU00777,60
2025-09-01,SKU00778,93
2025-09-01,SKU00779,51
2025-09-01,SKU00780,113
2025-09-01,SKU00781,37
2025-09-01,SKU00782,19
2025-09-01,SKU00783,73
2025-09-01,SKU00784,76
2025-09-01,SKU00785,136
2025-09-01,SKU00789,31
2025-09-01,SKU00790,39
2025-09-01,SKU00791,59
2025-09-01,SKU00792,74
2025-09-01,SKU00793,33
2025-09-01,SKU00794,99
2025-09-01,SKU00795,15
2025-09-01,SKU00796,6
2025-09-01,SKU00797,64
2025-09-01,SKU00798,5
2025-09-01,SKU00799,14
2025-10-01,SKU00001,55
2025-10-01,SKU00002,143
2025-10-01,SKU00004,358
2025-10-01,SKU00005,26
2025-10-01,SKU00006,93
2025-10-01,SKU00007,41
2025-10-01,SKU00008,63
2025-10-01,SKU00009,118
2025-10-01,SKU00010,60
2025-10-01,SKU00013,201
2025-10-01,SKU00014,13
2025-10-01,SKU00015,37
2025-10-01,SKU00016,58
2025-10-01,SKU00018,108
2025-10-01,SKU00019,44
2025-10-01,SKU00022,11
2025-10-01,SKU00024,2
2025-10-01,SKU00025,85
2025-10-01,SKU00026,155
2025-10-01,SKU00028,86
2025-10-01,SKU00029,14
2025-10-01,SKU00030,37
2025-10-01,SKU00032,465
2025-10-01,SKU00034,6
2025-10-01,SKU00035,32
2025-10-01,SKU00036,27
2025-10-01,SKU00037,22
2025-10-01,SKU00038,98
2025-10-01,SKU00039,19
2025-10-01,SKU00040,212
2025-10-01,SKU00041,13
2025-10-01,SKU00042,65
2025-10-01,SKU00043,73
2025-10-01,SKU00045,8
2025-10-01,SKU00046,4
2025-10-01,SKU00047,11
2025-10-01,SKU00048,55
2025-10-01,SKU00049,86
2025-10-01,SKU00050,294
2025-10-01,SKU00051,13
2025-10-01,SKU00052,7
2025-10-01,SKU00053,26
2025-10-01,SKU00054,42
2025-10-01,SKU00055,4
2025-10-01,SKU00058,90
2025-10-01,SKU00059,13
2025-10-01,SKU00061,79
2025-10-01,SKU00062,25
2025-10-01,SKU00063,62
2025-10-01,SKU00064,196
2025-10-01,SKU00065,89
2025-10-01,SKU00066,17
2025-10-01,SKU00067,41
2025-10-01,SKU00068,64
2025-10-01,SKU00070,46
2025-10-01,SKU00071,38
2025-10-01,SKU00072,99
2025-10-01,SKU00073,148
2025-10-01,SKU00074,190
2025-10-01,SKU00075,8
2025-10-01,SKU00076,217
2025-10-01,SKU00077,101
2025-10-01,SKU00080,39
2025-10-01,SKU00081,33
2025-10-01,SKU00082,15
2025-10-01,SKU00083,53
2025-10-01,SKU00084,15
2025-10-01,SKU00086,95
2025-10-01,SKU00087,22
2025-10-01,SKU00089,44
2025-10-01,SKU00091,20
2025-10-01,SKU00093,57
2025-10-01,SKU00095,15
2025-10-01,SKU00096,17
2025-10-01,SKU00097,137
2025-10-01,SKU00098,20
2025-10-01,SKU00100,144
2025-10-01,SKU00101,48
2025-10-01,SKU00103,5
2025-10-01,SKU00104,70
2025-10-01,SKU00105,29
2025-10-01,SKU00106,9
2025-10-01,SKU00107,4
2025-10-01,SKU00109,19
2025-10-01,SKU00110,187
2025-10-01,SKU00113,137
2025-10-01,SKU00114,12
2025-10-01,SKU00115,3
2025-10-01,SKU00116,33
2025-10-01,SKU00117,42
2025-10-01,SKU00118,9
2025-10-01,SKU00119,39
2025-10-01,SKU00120,73
2025-10-01,SKU00121,75
2025-10-01,SKU00122,41
2025-10-01,SKU00123,122
2025-10-01,SKU00124,34
2025-10-01,SKU00127,108
2025-10-01,SKU00130,3
2025-10-01,SKU00131,90
2025-10-01,SKU00132,80
2025-10-01,SKU00133,83
2025-10-01,SKU00134,6
2025-10-01,SKU00135,93
2025-10-01,SKU00136,427
2025-10-01,SKU00137,33
2025-10-01,SKU00138,28
2025-10-01,SKU00139,50
2025-10-01,SKU00140,9
2025-10-01,SKU00141,189
2025-10-01,SKU00142,26
2025-10-01,SKU00143,110
2025-10-01,SKU00144,66
2025-10-01,SKU00145,119
2025-10-01,SKU00146,35
2025-10-01,SKU00147,115
2025-10-01,SKU00148,88
2025-10-01,SKU00149,3
2025-10-01,SKU00150,64
2025-10-01,SKU00151,12
2025-10-01,SKU00152,231
2025-10-01,SKU00153,57
2025-10-01,SKU00154,176
2025-10-01,SKU00155,19
2025-10-01,SKU00156,375
2025-10-01,SKU00158,18
2025-10-01,SKU00159,65
2025-10-01,SKU00160,8
2025-10-01,SKU00161,31
2025-10-01,SKU00162,8
2025-10-01,SKU00163,20
2025-10-01,SKU00164,38
2025-10-01,SKU00165,10
2025-10-01,SKU00166,30
2025-10-01,SKU00167,84
2025-10-01,SKU00168,19
2025-10-01,SKU00169,18
2025-10-01,SKU00170,9
2025-10-01,SKU00173,59
2025-10-01,SKU00174,5
2025-10-01,SKU00175,19
2025-10-01,SKU00176,80
2025-10-01,SKU00177,15
2025-10-01,SKU00178,198
2025-10-01,SKU00179,125
2025-10-01,SKU00180,106
2025-10-01,SKU00181,97
2025-10-01,SKU00182,61
2025-10-01,SKU00183,17
2025-10-01,SKU00184,36
2025-10-01,SKU00187,2
2025-10-01,SKU00188,42
2025-10-01,SKU00189,49
2025-10-01,SKU00190,191
2025-10-01,SKU00192,12
2025-10-01,SKU00193,22
2025-10-01,SKU00194,171
2025-10-01,SKU00195,77
2025-10-01,SKU00196,184
2025-10-01,SKU00199,97
2025-10-01,SKU00200,12
2025-10-01,SKU00201,47
2025-10-01,SKU00202,164
2025-10-01,SKU00203,47
2025-10-01,SKU00204,494
2025-10-01,SKU00206,35
2025-10-01,SKU00207,5
2025-10-01,SKU00208,7
2025-10-01,SKU00209,109
2025-10-01,SKU00210,18
2025-10-01,SKU00211,60
2025-10-01,SKU00212,63
2025-10-01,SKU00214,30
2025-10-01,SKU00215,27
2025-10-01,SKU00217,21
2025-10-01,SKU00218,121
2025-10-01,SKU00220,68
2025-10-01,SKU00222,34
2025-10-01,SKU00223,7
2025-10-01,SKU00224,39
2025-10-01,SKU00225,25
2025-10-01,SKU00226,15
2025-10-01,SKU00227,34
2025-10-01,SKU00228,168
2025-10-01,SKU00229,22
2025-10-01,SKU00230,20
2025-10-01,SKU00231,30
2025-10-01,SKU00232,14
2025-10-01,SKU00233,53
2025-10-01,SKU00234,10
2025-10-01,SKU00235,42
2025-10-01,SKU00236,70
2025-10-01,SKU00237,14
2025-10-01,SKU00238,84
2025-10-01,SKU00240,10
2025-10-01,SKU00242,99
2025-10-01,SKU00243,67
2025-10-01,SKU00245,25
2025-10-01,SKU00246,21
2025-10-01,SKU00247,39
2025-10-01,SKU00248,8
2025-10-01,SKU00249,45
2025-10-01,SKU00250,246
2025-10-01,SKU00251,109
2025-10-01,SKU00252,43
2025-10-01,SKU00253,7
2025-10-01,SKU00255,48
2025-10-01,SKU00256,103
2025-10-01,SKU00258,32
2025-10-01,SKU00259,251
2025-10-01,SKU00260,51
2025-10-01,SKU00261,15
2025-10-01,SKU00263,15
2025-10-01,SKU00264,28
2025-10-01,SKU00265,122
2025-10-01,SKU00266,22
2025-10-01,SKU00267,26
2025-10-01,SKU00268,186
2025-10-01,SKU00269,32
2025-10-01,SKU00271,162
2025-10-01,SKU00272,6
2025-10-01,SKU00273,78
2025-10-01,SKU00274,63
2025-10-01,SKU00276,24
2025-10-01,SKU00277,24
2025-10-01,SKU00278,56
2025-10-01,SKU00279,116
2025-10-01,SKU00280,12
2025-10-01,SKU00281,194
2025-10-01,SKU00282,47
2025-10-01,SKU00283,1
2025-10-01,SKU00284,45
2025-10-01,SKU00286,75
2025-10-01,SKU00287,10
2025-10-01,SKU00288,26
2025-10-01,SKU00289,20
2025-10-01,SKU00291,146
2025-10-01,SKU00292,3
2025-10-01,SKU00293,5
2025-10-01,SKU00294,3
2025-10-01,SKU00295,306
2025-10-01,SKU00296,117
2025-10-01,SKU00297,45
2025-10-01,SKU00298,107
2025-10-01,SKU00299,16
2025-10-01,SKU00300,7
2025-10-01,SKU00301,23
2025-10-01,SKU00302,118
2025-10-01,SKU00304,182
2025-10-01,SKU00305,23
2025-10-01,SKU00308,92
2025-10-01,SKU00309,11
2025-10-01,SKU00310,70
2025-10-01,SKU00311,136
2025-10-01,SKU00312,23
2025-10-01,SKU00313,201
2025-10-01,SKU00314,292
2025-10-01,SKU00316,44
2025-10-01,SKU00317,41
2025-10-01,SKU00319,22
2025-10-01,SKU00320,186
2025-10-01,SKU00321,5
2025-10-01,SKU00322,104
2025-10-01,SKU00323,16
2025-10-01,SKU00324,70
2025-10-01,SKU00325,34
2025-10-01,SKU00327,88
2025-10-01,SKU00328,53
2025-10-01,SKU00330,289
2025-10-01,SKU00331,12
2025-10-01,SKU00332,30
2025-10-01,SKU00333,139
2025-10-01,SKU00334,340
2025-10-01,SKU00335,20
2025-10-01,SKU00336,28
2025-10-01,SKU00337,50
2025-10-01,SKU00338,24
2025-10-01,SKU00339,19
2025-10-01,SKU00340,291
2025-10-01,SKU00341,115
2025-10-01,SKU00343,72
2025-10-01,SKU00344,301
2025-10-01,SKU00347,24
2025-10-01,SKU00348,46
2025-10-01,SKU00350,39
2025-10-01,SKU00351,91
2025-10-01,SKU00352,48
2025-10-01,SKU00353,19
2025-10-01,SKU00354,305
2025-10-01,SKU00355,1
2025-10-01,SKU00356,106
2025-10-01,SKU00357,24
2025-10-01,SKU00358,8
2025-10-01,SKU00359,12
2025-10-01,SKU00361,18
2025-10-01,SKU00363,83
2025-10-01,SKU00364,26
2025-10-01,SKU00365,13
2025-10-01,SKU00366,19
2025-10-01,SKU00367,138
2025-10-01,SKU00368,5
2025-10-01,SKU00369,189
2025-10-01,SKU00371,316
2025-10-01,SKU00372,42
2025-10-01,SKU00373,273
2025-10-01,SKU00374,28
2025-10-01,SKU00375,187
2025-10-01,SKU00376,82
2025-10-01,SKU00378,11
2025-10-01,SKU00379,6
2025-10-01,SKU00380,8
2025-10-01,SKU00381,29
2025-10-01,SKU00383,482
2025-10-01,SKU00384,4
2025-10-01,SKU00386,67
2025-10-01,SKU00388,59
2025-10-01,SKU00389,80
2025-10-01,SKU00391,16
2025-10-01,SKU00392,23
2025-10-01,SKU00393,87
2025-10-01,SKU00395,98
2025-10-01,SKU00396,21
2025-10-01,SKU00398,220
2025-10-01,SKU00399,74
2025-10-01,SKU00400,67
2025-10-01,SKU00401,25
2025-10-01,SKU00403,39
2025-10-01,SKU00404,62
2025-10-01,SKU00405,107
2025-10-01,SKU00406,36
2025-10-01,SKU00407,115
2025-10-01,SKU00409,15
2025-10-01,SKU00410,59
2025-10-01,SKU00411,23
2025-10-01,SKU00413,39
2025-10-01,SKU00414,229
2025-10-01,SKU00415,52
2025-10-01,SKU00416,15
2025-10-01,SKU00417,482
2025-10-01,SKU00418,19
2025-10-01,SKU00419,24
2025-10-01,SKU00420,111
2025-10-01,SKU00422,41
2025-10-01,SKU00424,49
2025-10-01,SKU00425,16
2025-10-01,SKU00426,64
2025-10-01,SKU00427,11
2025-10-01,SKU00428,25
2025-10-01,SKU00429,283
2025-10-01,SKU00430,58
2025-10-01,SKU00431,136
2025-10-01,SKU00432,14
2025-10-01,SKU00433,67
2025-10-01,SKU00434,8
2025-10-01,SKU00435,7
2025-10-01,SKU00437,7
2025-10-01,SKU00438,25
2025-10-01,SKU00439,25
2025-10-01,SKU00441,7
2025-10-01,SKU00443,8
2025-10-01,SKU00444,58
2025-10-01,SKU00446,51
2025-10-01,SKU00447,570
2025-10-01,SKU00448,63
2025-10-01,SKU00452,17
2025-10-01,SKU00453,134
2025-10-01,SKU00454,49
2025-10-01,SKU00455,123
2025-10-01,SKU00456,16
2025-10-01,SKU00457,149
2025-10-01,SKU00458,24
2025-10-01,SKU00459,119
2025-10-01,SKU00460,168
2025-10-01,SKU00461,9
2025-10-01,SKU00462,67
2025-10-01,SKU00464,147
2025-10-01,SKU00465,22
2025-10-01,SKU00466,37
2025-10-01,SKU00468,15
2025-10-01,SKU00469,1
2025-10-01,SKU00470,15
2025-10-01,SKU00471,109
2025-10-01,SKU00472,8
2025-10-01,SKU00473,112
2025-10-01,SKU00474,125
2025-10-01,SKU00475,29
2025-10-01,SKU00476,31
2025-10-01,SKU00477,69
2025-10-01,SKU00478,55
2025-10-01,SKU00481,61
2025-10-01,SKU00483,17
2025-10-01,SKU00484,11
2025-10-01,SKU00485,78
2025-10-01,SKU00486,19
2025-10-01,SKU00488,65
2025-10-01,SKU00489,41
2025-10-01,SKU00490,77
2025-10-01,SKU00491,106
2025-10-01,SKU00492,94
2025-10-01,SKU00493,59
2025-10-01,SKU00497,62
2025-10-01,SKU00498,23
2025-10-01,SKU00499,17
2025-10-01,SKU00500,48
2025-10-01,SKU00501,25
2025-10-01,SKU00502,37
2025-10-01,SKU00503,19
2025-10-01,SKU00506,49
2025-10-01,SKU00507,203
2025-10-01,SKU00508,73
2025-10-01,SKU00509,61
2025-10-01,SKU00510,43
2025-10-01,SKU00511,8
2025-10-01,SKU00512,48
2025-10-01,SKU00513,49
2025-10-01,SKU00514,10
2025-10-01,SKU00515,30
2025-10-01,SKU00517,57
2025-10-01,SKU00518,45
2025-10-01,SKU00520,4
2025-10-01,SKU00521,14
2025-10-01,SKU00522,28
2025-10-01,SKU00523,13
2025-10-01,SKU00524,76
2025-10-01,SKU00525,10
2025-10-01,SKU00526,447
2025-10-01,SKU00527,21
2025-10-01,SKU00528,40
2025-10-01,SKU00529,323
2025-10-01,SKU00530,416
2025-10-01,SKU00531,73
2025-10-01,SKU00533,111
2025-10-01,SKU00535,40
2025-10-01,SKU00536,31
2025-10-01,SKU00537,286
2025-10-01,SKU00538,11
2025-10-01,SKU00539,16
2025-10-01,SKU00540,80
2025-10-01,SKU00541,99
2025-10-01,SKU00542,44
2025-10-01,SKU00543,48
2025-10-01,SKU00544,56
2025-10-01,SKU00545,15
2025-10-01,SKU00546,178
2025-10-01,SKU00547,68
2025-10-01,SKU00548,68
2025-10-01,SKU00549,21
2025-10-01,SKU00550,0
2025-10-01,SKU00551,21
2025-10-01,SKU00552,32
2025-10-01,SKU00553,20
2025-10-01,SKU00556,94
2025-10-01,SKU00557,38
2025-10-01,SKU00558,20
2025-10-01,SKU00559,101
2025-10-01,SKU00560,90
2025-10-01,SKU00561,21
2025-10-01,SKU00562,56
2025-10-01,SKU00563,257
2025-10-01,SKU00564,54
2025-10-01,SKU00565,19
2025-10-01,SKU00566,126
2025-10-01,SKU00567,24
2025-10-01,SKU00568,11
2025-10-01,SKU00569,124
2025-10-01,SKU00570,29
2025-10-01,SKU00571,34
2025-10-01,SKU00572,36
2025-10-01,SKU00573,73
2025-10-01,SKU00574,34
2025-10-01,SKU00577,101
2025-10-01,SKU00578,13
2025-10-01,SKU00579,24
2025-10-01,SKU00581,36
2025-10-01,SKU00582,27
2025-10-01,SKU00583,67
2025-10-01,SKU00586,34
2025-10-01,SKU00588,101
2025-10-01,SKU00589,73
2025-10-01,SKU00591,45
2025-10-01,SKU00592,15
2025-10-01,SKU00593,9
2025-10-01,SKU00594,44
2025-10-01,SKU00595,27
2025-10-01,SKU00596,17
2025-10-01,SKU00597,66
2025-10-01,SKU00598,22
2025-10-01,SKU00599,60
2025-10-01,SKU00600,57
2025-10-01,SKU00601,97
2025-10-01,SKU00602,37
2025-10-01,SKU00603,41
2025-10-01,SKU00604,4
2025-10-01,SKU00605,356
2025-10-01,SKU00606,103
2025-10-01,SKU00607,123
2025-10-01,SKU00608,8
2025-10-01,SKU00609,20
2025-10-01,SKU00610,0
2025-10-01,SKU00611,39
2025-10-01,SKU00612,49
2025-10-01,SKU00613,32
2025-10-01,SKU00614,0
2025-10-01,SKU00616,29
2025-10-01,SKU00617,5
2025-10-01,SKU00618,105
2025-10-01,SKU00619,93
2025-10-01,SKU00620,29
2025-10-01,SKU00621,2
2025-10-01,SKU00622,29
2025-10-01,SKU00623,32
2025-10-01,SKU00624,29
2025-10-01,SKU00625,36
2025-10-01,SKU00626,35
2025-10-01,SKU00627,41
2025-10-01,SKU00628,165
2025-10-01,SKU00629,38
2025-10-01,SKU00630,42
2025-10-01,SKU00631,19
2025-10-01,SKU00632,18
2025-10-01,SKU00633,282
2025-10-01,SKU00634,44
2025-10-01,SKU00637,20
2025-10-01,SKU00638,3
2025-10-01,SKU00639,15
2025-10-01,SKU00640,211
2025-10-01,SKU00641,30
2025-10-01,SKU00642,69
2025-10-01,SKU00644,16
2025-10-01,SKU00645,189
2025-10-01,SKU00646,58
2025-10-01,SKU00648,23
2025-10-01,SKU00649,284
2025-10-01,SKU00650,152
2025-10-01,SKU00651,197
2025-10-01,SKU00652,50
2025-10-01,SKU00653,126
2025-10-01,SKU00654,38
2025-10-01,SKU00655,46
2025-10-01,SKU00656,26
2025-10-01,SKU00657,82
2025-10-01,SKU00658,11
2025-10-01,SKU00659,70
2025-10-01,SKU00660,47
2025-10-01,SKU00661,182
2025-10-01,SKU00662,71
2025-10-01,SKU00663,45
2025-10-01,SKU00664,297
2025-10-01,SKU00665,26
2025-10-01,SKU00667,9
2025-10-01,SKU00668,262
2025-10-01,SKU00669,74
2025-10-01,SKU00670,9
2025-10-01,SKU00671,28
2025-10-01,SKU00673,289
2025-10-01,SKU00674,44
2025-10-01,SKU00676,31
2025-10-01,SKU00677,167
2025-10-01,SKU00678,117
2025-10-01,SKU00680,44
2025-10-01,SKU00681,374
2025-10-01,SKU00682,8
2025-10-01,SKU00683,65
2025-10-01,SKU00684,38
2025-10-01,SKU00685,42
2025-10-01,SKU00686,11
2025-10-01,SKU00687,133
2025-10-01,SKU00688,131
2025-10-01,SKU00689,232
2025-10-01,SKU00690,12
2025-10-01,SKU00691,26
2025-10-01,SKU00692,32
2025-10-01,SKU00693,45
2025-10-01,SKU00695,33
2025-10-01,SKU00696,82
2025-10-01,SKU00697,54
2025-10-01,SKU00698,12
2025-10-01,SKU00700,77
2025-10-01,SKU00701,79
2025-10-01,SKU00702,66
2025-10-01,SKU00703,17
2025-10-01,SKU00704,17
2025-10-01,SKU00705,80
2025-10-01,SKU00706,42
2025-10-01,SKU00708,66
2025-10-01,SKU00709,41
2025-10-01,SKU00710,106
2025-10-01,SKU00711,64
2025-10-01,SKU00713,13
2025-10-01,SKU00714,174
2025-10-01,SKU00715,38
2025-10-01,SKU00716,34
2025-10-01,SKU00717,117
2025-10-01,SKU00718,75
2025-10-01,SKU00719,110
2025-10-01,SKU00720,362
2025-10-01,SKU00721,118
2025-10-01,SKU00722,154
2025-10-01,SKU00723,466
2025-10-01,SKU00724,11
2025-10-01,SKU00726,133
2025-10-01,SKU00727,21
2025-10-01,SKU00728,86
2025-10-01,SKU00730,85
2025-10-01,SKU00731,49
2025-10-01,SKU00732,129
2025-10-01,SKU00734,60
2025-10-01,SKU00735,372
2025-10-01,SKU00737,183
2025-10-01,SKU00738,10
2025-10-01,SKU00739,421
2025-10-01,SKU00740,57
2025-10-01,SKU00742,30
2025-10-01,SKU00743,59
2025-10-01,SKU00744,38
2025-10-01,SKU00746,151
2025-10-01,SKU00747,41
2025-10-01,SKU00748,95
2025-10-01,SKU00749,13
2025-10-01,SKU00750,104
2025-10-01,SKU00751,80
2025-10-01,SKU00752,140
2025-10-01,SKU00753,50
2025-10-01,SKU00755,36
2025-10-01,SKU00758,10
2025-10-01,SKU00759,89
2025-10-01,SKU00760,107
2025-10-01,SKU00761,47
2025-10-01,SKU00762,32
2025-10-01,SKU00763,39
2025-10-01,SKU00764,9
2025-10-01,SKU00765,70
2025-10-01,SKU00767,35
2025-10-01,SKU00768,22
2025-10-01,SKU00770,33
2025-10-01,SKU00772,139
2025-10-01,SKU00773,187
2025-10-01,SKU00774,107
2025-10-01,SKU00775,37
2025-10-01,SKU00776,29
2025-10-01,SKU00777,49
2025-10-01,SKU00778,134
2025-10-01,SKU00779,46
2025-10-01,SKU00780,79
2025-10-01,SKU00781,44
2025-10-01,SKU00782,21
2025-10-01,SKU00783,49
2025-10-01,SKU00784,33
2025-10-01,SKU00785,152
2025-10-01,SKU00789,28
2025-10-01,SKU00790,44
2025-10-01,SKU00791,74
2025-10-01,SKU00792,113
2025-10-01,SKU00793,20
2025-10-01,SKU00794,80
2025-10-01,SKU00795,16
2025-10-01,SKU00796,14
2025-10-01,SKU00797,68
2025-10-01,SKU00798,42
2025-10-01,SKU00799,11
2025-11-01,SKU00001,81
2025-11-01,SKU00002,134
2025-11-01,SKU00004,211
2025-11-01,SKU00005,22
2025-11-01,SKU00006,75
2025-11-01,SKU00007,40
2025-11-01,SKU00008,55
2025-11-01,SKU00009,109
2025-11-01,SKU00010,46
2025-11-01,SKU00013,265
2025-11-01,SKU00014,26
2025-11-01,SKU00015,23
2025-11-01,SKU00016,63
2025-11-01,SKU00018,79
2025-11-01,SKU00019,62
2025-11-01,SKU00022,39
2025-11-01,SKU00024,4
2025-11-01,SKU00025,90
2025-11-01,SKU00026,288
2025-11-01,SKU00028,75
2025-11-01,SKU00029,18
2025-11-01,SKU00030,24
2025-11-01,SKU00032,229
2025-11-01,SKU00034,9
2025-11-01,SKU00035,37
2025-11-01,SKU00036,32
2025-11-01,SKU00037,16
2025-11-01,SKU00038,171
2025-11-01,SKU00039,23
2025-11-01,SKU00040,130
2025-11-01,SKU00041,13
2025-11-01,SKU00042,50
2025-11-01,SKU00043,67
2025-11-01,SKU00045,4
2025-11-01,SKU00046,0
2025-11-01,SKU00047,11
2025-11-01,SKU00048,24
2025-11-01,SKU00049,59
2025-11-01,SKU00050,293
2025-11-01,SKU00051,0
2025-11-01,SKU00052,8
2025-11-01,SKU00053,20
2025-11-01,SKU00054,75
2025-11-01,SKU00055,9
2025-11-01,SKU00058,113
2025-11-01,SKU00059,10
2025-11-01,SKU00061,63
2025-11-01,SKU00062,71
2025-11-01,SKU00063,30
2025-11-01,SKU00064,183
2025-11-01,SKU00065,103
2025-11-01,SKU00066,40
2025-11-01,SKU00067,86
2025-11-01,SKU00068,72
2025-11-01,SKU00070,35
2025-11-01,SKU00071,40
2025-11-01,SKU00072,115
2025-11-01,SKU00073,234
2025-11-01,SKU00074,230
2025-11-01,SKU00075,13
2025-11-01,SKU00076,192
2025-11-01,SKU00077,130
2025-11-01,SKU00080,58
2025-11-01,SKU00081,21
2025-11-01,SKU00082,28
2025-11-01,SKU00083,31
2025-11-01,SKU00084,21
2025-11-01,SKU00086,77
2025-11-01,SKU00087,45
2025-11-01,SKU00089,49
2025-11-01,SKU00091,31
2025-11-01,SKU00093,70
2025-11-01,SKU00095,14
2025-11-01,SKU00096,11
2025-11-01,SKU00097,117
2025-11-01,SKU00098,30
2025-11-01,SKU00100,73
2025-11-01,SKU00101,94
2025-11-01,SKU00103,17
2025-11-01,SKU00104,45
2025-11-01,SKU00105,36
2025-11-01,SKU00106,1
2025-11-01,SKU00107,8
2025-11-01,SKU00109,38
2025-11-01,SKU00110,156
2025-11-01,SKU00113,140
2025-11-01,SKU00114,14
2025-11-01,SKU00115,15
2025-11-01,SKU00116,32
2025-11-01,SKU00117,40
2025-11-01,SKU00118,14
2025-11-01,SKU00119,66
2025-11-01,SKU00120,100
2025-11-01,SKU00121,67
2025-11-01,SKU00122,28
2025-11-01,SKU00123,128
2025-11-01,SKU00124,26
2025-11-01,SKU00127,98
2025-11-01,SKU00130,31
2025-11-01,SKU00131,31
2025-11-01,SKU00132,87
2025-11-01,SKU00133,46
2025-11-01,SKU00134,11
2025-11-01,SKU00135,77
2025-11-01,SKU00136,467
2025-11-01,SKU00137,47
2025-11-01,SKU00138,22
2025-11-01,SKU00139,91
2025-11-01,SKU00140,6
2025-11-01,SKU00141,142
2025-11-01,SKU00142,27
2025-11-01,SKU00143,76
2025-11-01,SKU00144,58
2025-11-01,SKU00145,193
2025-11-01,SKU00146,60
2025-11-01,SKU00147,65
2025-11-01,SKU00148,43
2025-11-01,SKU00149,2
2025-11-01,SKU00150,43
2025-11-01,SKU00151,0
2025-11-01,SKU00152,228
2025-11-01,SKU00153,57
2025-11-01,SKU00154,201
2025-11-01,SKU00155,35
2025-11-01,SKU00156,253
2025-11-01,SKU00158,13
2025-11-01,SKU00159,72
2025-11-01,SKU00160,14
2025-11-01,SKU00161,24
2025-11-01,SKU00162,16
2025-11-01,SKU00163,22
2025-11-01,SKU00164,79
2025-11-01,SKU00165,30
2025-11-01,SKU00166,41
2025-11-01,SKU00167,121
2025-11-01,SKU00168,19
2025-11-01,SKU00169,17
2025-11-01,SKU00170,9
2025-11-01,SKU00173,27
2025-11-01,SKU00174,0
2025-11-01,SKU00175,38
2025-11-01,SKU00176,71
2025-11-01,SKU00177,29
2025-11-01,SKU00178,185
2025-11-01,SKU00179,123
2025-11-01,SKU00180,90
2025-11-01,SKU00181,178
2025-11-01,SKU00182,32
2025-11-01,SKU00183,15
2025-11-01,SKU00184,38
2025-11-01,SKU00187,0
2025-11-01,SKU00188,25
2025-11-01,SKU00189,83
2025-11-01,SKU00190,124
2025-11-01,SKU00192,21
2025-11-01,SKU00193,9
2025-11-01,SKU00194,124
2025-11-01,SKU00195,92
2025-11-01,SKU00196,233
2025-11-01,SKU00199,41
2025-11-01,SKU00200,14
2025-11-01,SKU00201,67
2025-11-01,SKU00202,76
2025-11-01,SKU00203,23
2025-11-01,SKU00204,371
2025-11-01,SKU00206,0
2025-11-01,SKU00207,12
2025-11-01,SKU00208,14
2025-11-01,SKU00209,140
2025-11-01,SKU00210,8
2025-11-01,SKU00211,20
2025-11-01,SKU00212,44
2025-11-01,SKU00215,34
2025-11-01,SKU00217,21
2025-11-01,SKU00218,101
2025-11-01,SKU00220,33
2025-11-01,SKU00222,9
2025-11-01,SKU00223,10
2025-11-01,SKU00224,25
2025-11-01,SKU00225,15
2025-11-01,SKU00226,6
2025-11-01,SKU00227,40
2025-11-01,SKU00228,83
2025-11-01,SKU00229,28
2025-11-01,SKU00230,30
2025-11-01,SKU00231,27
2025-11-01,SKU00232,13
2025-11-01,SKU00233,27
2025-11-01,SKU00234,14
2025-11-01,SKU00235,40
2025-11-01,SKU00236,72
2025-11-01,SKU00238,84
2025-11-01,SKU00240,15
2025-11-01,SKU00242,39
2025-11-01,SKU00243,144
2025-11-01,SKU00245,15
2025-11-01,SKU00246,13
2025-11-01,SKU00247,18
2025-11-01,SKU00248,14
2025-11-01,SKU00249,38
2025-11-01,SKU00250,231
2025-11-01,SKU00251,134
2025-11-01,SKU00252,57
2025-11-01,SKU00253,13
2025-11-01,SKU00255,44
2025-11-01,SKU00256,52
2025-11-01,SKU00258,23
2025-11-01,SKU00259,319
2025-11-01,SKU00260,58
2025-11-01,SKU00261,3
2025-11-01,SKU00263,19
2025-11-01,SKU00264,20
2025-11-01,SKU00265,73
2025-11-01,SKU00266,11
2025-11-01,SKU00267,10
2025-11-01,SKU00268,163
2025-11-01,SKU00269,55
2025-11-01,SKU00271,126
2025-11-01,SKU00272,0
2025-11-01,SKU00273,49
2025-11-01,SKU00274,73
2025-11-01,SKU00276,54
2025-11-01,SKU00277,36
2025-11-01,SKU00278,146
2025-11-01,SKU00279,130
2025-11-01,SKU00280,19
2025-11-01,SKU00281,152
2025-11-01,SKU00282,40
2025-11-01,SKU00283,11
2025-11-01,SKU00284,44
2025-11-01,SKU00286,47
2025-11-01,SKU00287,38
2025-11-01,SKU00288,24
2025-11-01,SKU00289,7
2025-11-01,SKU00291,44
2025-11-01,SKU00292,6
2025-11-01,SKU00293,4
2025-11-01,SKU00294,14
2025-11-01,SKU00295,168
2025-11-01,SKU00296,117
2025-11-01,SKU00297,49
2025-11-01,SKU00298,112
2025-11-01,SKU00299,36
2025-11-01,SKU00300,8
2025-11-01,SKU00301,15
2025-11-01,SKU00302,75
2025-11-01,SKU00304,233
2025-11-01,SKU00305,13
2025-11-01,SKU00308,152
2025-11-01,SKU00309,17
2025-11-01,SKU00310,78
2025-11-01,SKU00311,110
2025-11-01,SKU00312,12
2025-11-01,SKU00313,216
2025-11-01,SKU00314,264
2025-11-01,SKU00316,7
2025-11-01,SKU00317,42
2025-11-01,SKU00319,23
2025-11-01,SKU00320,141
2025-11-01,SKU00321,8
2025-11-01,SKU00322,134
2025-11-01,SKU00323,44
2025-11-01,SKU00324,23
2025-11-01,SKU00325,69
2025-11-01,SKU00327,97
2025-11-01,SKU00328,82
2025-11-01,SKU00330,199
2025-11-01,SKU00331,9
2025-11-01,SKU00332,27
2025-11-01,SKU00333,132
2025-11-01,SKU00334,306
2025-11-01,SKU00335,20
2025-11-01,SKU00336,35
2025-11-01,SKU00337,149
2025-11-01,SKU00338,13
2025-11-01,SKU00339,11
2025-11-01,SKU00340,434
2025-11-01,SKU00341,215
2025-11-01,SKU00343,67
2025-11-01,SKU00344,420
2025-11-01,SKU00347,22
2025-11-01,SKU00348,48
2025-11-01,SKU00350,16
2025-11-01,SKU00351,145
2025-11-01,SKU00352,27
2025-11-01,SKU00353,20
2025-11-01,SKU00354,172
2025-11-01,SKU00355,6
2025-11-01,SKU00356,86
2025-11-01,SKU00357,7
2025-11-01,SKU00358,22
2025-11-01,SKU00359,19
2025-11-01,SKU00361,19
2025-11-01,SKU00363,74
2025-11-01,SKU00364,13
2025-11-01,SKU00365,31
2025-11-01,SKU00366,6
2025-11-01,SKU00367,113
2025-11-01,SKU00368,4
2025-11-01,SKU00369,201
2025-11-01,SKU00371,343
2025-11-01,SKU00372,28
2025-11-01,SKU00373,157
2025-11-01,SKU00374,41
2025-11-01,SKU00375,128
2025-11-01,SKU00376,136
2025-11-01,SKU00378,9
2025-11-01,SKU00380,19
2025-11-01,SKU00381,56
2025-11-01,SKU00383,249
2025-11-01,SKU00384,9
2025-11-01,SKU00386,74
2025-11-01,SKU00388,38
2025-11-01,SKU00389,107
2025-11-01,SKU00391,19
2025-11-01,SKU00392,4
2025-11-01,SKU00393,99
2025-11-01,SKU00395,79
2025-11-01,SKU00396,32
2025-11-01,SKU00398,255
2025-11-01,SKU00399,86
2025-11-01,SKU00400,81
2025-11-01,SKU00401,1
2025-11-01,SKU00403,39
2025-11-01,SKU00404,38
2025-11-01,SKU00405,119
2025-11-01,SKU00406,45
2025-11-01,SKU00407,126
2025-11-01,SKU00409,0
2025-11-01,SKU00410,76
2025-11-01,SKU00411,22
2025-11-01,SKU00413,13
2025-11-01,SKU00414,197
2025-11-01,SKU00415,87
2025-11-01,SKU00416,16
2025-11-01,SKU00417,268
2025-11-01,SKU00418,19
2025-11-01,SKU00419,23
2025-11-01,SKU00420,71
2025-11-01,SKU00422,31
2025-11-01,SKU00424,45
2025-11-01,SKU00425,5
2025-11-01,SKU00426,30
2025-11-01,SKU00427,58
2025-11-01,SKU00428,19
2025-11-01,SKU00429,201
2025-11-01,SKU00430,33
2025-11-01,SKU00431,66
2025-11-01,SKU00432,36
2025-11-01,SKU00433,110
2025-11-01,SKU00434,27
2025-11-01,SKU00435,34
2025-11-01,SKU00437,19
2025-11-01,SKU00438,23
2025-11-01,SKU00439,16
2025-11-01,SKU00441,20
2025-11-01,SKU00443,8
2025-11-01,SKU00444,53
2025-11-01,SKU00446,85
2025-11-01,SKU00447,329
2025-11-01,SKU00448,62
2025-11-01,SKU00452,15
2025-11-01,SKU00453,92
2025-11-01,SKU00454,49
2025-11-01,SKU00455,154
2025-11-01,SKU00456,18
2025-11-01,SKU00457,152
2025-11-01,SKU00458,33
2025-11-01,SKU00459,87
2025-11-01,SKU00460,139
2025-11-01,SKU00461,2
2025-11-01,SKU00462,46
2025-11-01,SKU00464,115
2025-11-01,SKU00465,7
2025-11-01,SKU00466,46
2025-11-01,SKU00469,15
2025-11-01,SKU00470,15
2025-11-01,SKU00471,90
2025-11-01,SKU00472,26
2025-11-01,SKU00473,128
2025-11-01,SKU00474,99
2025-11-01,SKU00475,28
2025-11-01,SKU00476,39
2025-11-01,SKU00477,43
2025-11-01,SKU00478,44
2025-11-01,SKU00481,44
2025-11-01,SKU00483,46
2025-11-01,SKU00484,7
2025-11-01,SKU00485,70
2025-11-01,SKU00486,20
2025-11-01,SKU00488,57
2025-11-01,SKU00489,60
2025-11-01,SKU00490,78
2025-11-01,SKU00491,53
2025-11-01,SKU00492,45
2025-11-01,SKU00493,59
2025-11-01,SKU00497,41
2025-11-01,SKU00498,16
2025-11-01,SKU00499,19
2025-11-01,SKU00500,55
2025-11-01,SKU00501,10
2025-11-01,SKU00502,26
2025-11-01,SKU00503,23
2025-11-01,SKU00506,43
2025-11-01,SKU00507,196
2025-11-01,SKU00508,137
2025-11-01,SKU00509,56
2025-11-01,SKU00510,48
2025-11-01,SKU00511,22
2025-11-01,SKU00512,60
2025-11-01,SKU00513,38
2025-11-01,SKU00515,22
2025-11-01,SKU00517,42
2025-11-01,SKU00518,47
2025-11-01,SKU00520,17
2025-11-01,SKU00521,16
2025-11-01,SKU00522,21
2025-11-01,SKU00523,18
2025-11-01,SKU00524,26
2025-11-01,SKU00525,13
2025-11-01,SKU00526,404
2025-11-01,SKU00527,26
2025-11-01,SKU00528,25
2025-11-01,SKU00529,332
2025-11-01,SKU00530,240
2025-11-01,SKU00531,43
2025-11-01,SKU00533,136
2025-11-01,SKU00535,22
2025-11-01,SKU00536,21
2025-11-01,SKU00537,167
2025-11-01,SKU00538,22
2025-11-01,SKU00539,7
2025-11-01,SKU00540,65
2025-11-01,SKU00541,89
2025-11-01,SKU00542,17
2025-11-01,SKU00543,45
2025-11-01,SKU00544,45
2025-11-01,SKU00545,13
2025-11-01,SKU00546,280
2025-11-01,SKU00547,58
2025-11-01,SKU00548,66
2025-11-01,SKU00549,22
2025-11-01,SKU00550,0
2025-11-01,SKU00551,18
2025-11-01,SKU00552,40
2025-11-01,SKU00553,36
2025-11-01,SKU00556,113
2025-11-01,SKU00557,27
2025-11-01,SKU00558,32
2025-11-01,SKU00559,87
2025-11-01,SKU00560,74
2025-11-01,SKU00561,12
2025-11-01,SKU00562,71
2025-11-01,SKU00563,191
2025-11-01,SKU00564,26
2025-11-01,SKU00565,29
2025-11-01,SKU00566,108
2025-11-01,SKU00567,16
2025-11-01,SKU00568,5
2025-11-01,SKU00569,77
2025-11-01,SKU00570,30
2025-11-01,SKU00571,40
2025-11-01,SKU00572,18
2025-11-01,SKU00573,73
2025-11-01,SKU00574,63
2025-11-01,SKU00577,60
2025-11-01,SKU00578,10
2025-11-01,SKU00579,33
2025-11-01,SKU00581,60
2025-11-01,SKU00582,19
2025-11-01,SKU00583,76
2025-11-01,SKU00586,57
2025-11-01,SKU00588,83
2025-11-01,SKU00589,59
2025-11-01,SKU00591,31
2025-11-01,SKU00592,13
2025-11-01,SKU00593,7
2025-11-01,SKU00594,52
2025-11-01,SKU00595,54
2025-11-01,SKU00596,30
2025-11-01,SKU00597,11
2025-11-01,SKU00598,19
2025-11-01,SKU00599,37
2025-11-01,SKU00600,47
2025-11-01,SKU00601,85
2025-11-01,SKU00603,40
2025-11-01,SKU00604,16
2025-11-01,SKU00605,451
2025-11-01,SKU00606,75
2025-11-01,SKU00607,198
2025-11-01,SKU00608,5
2025-11-01,SKU00609,1
2025-11-01,SKU00610,9
2025-11-01,SKU00611,43
2025-11-01,SKU00612,74
2025-11-01,SKU00613,17
2025-11-01,SKU00614,9
2025-11-01,SKU00616,48
2025-11-01,SKU00617,6
2025-11-01,SKU00618,93
2025-11-01,SKU00619,75
2025-11-01,SKU00620,52
2025-11-01,SKU00621,11
2025-11-01,SKU00622,26
2025-11-01,SKU00623,15
2025-11-01,SKU00624,26
2025-11-01,SKU00625,49
2025-11-01,SKU00626,25
2025-11-01,SKU00627,48
2025-11-01,SKU00628,109
2025-11-01,SKU00629,40
2025-11-01,SKU00630,39
2025-11-01,SKU00631,0
2025-11-01,SKU00632,14
2025-11-01,SKU00633,184
2025-11-01,SKU00634,33
2025-11-01,SKU00637,23
2025-11-01,SKU00638,11
2025-11-01,SKU00639,31
2025-11-01,SKU00640,190
2025-11-01,SKU00641,12
2025-11-01,SKU00642,93
2025-11-01,SKU00644,14
2025-11-01,SKU00645,143
2025-11-01,SKU00646,56
2025-11-01,SKU00648,32
2025-11-01,SKU00649,286
2025-11-01,SKU00650,234
2025-11-01,SKU00651,228
2025-11-01,SKU00652,43
2025-11-01,SKU00653,53
2025-11-01,SKU00654,59
2025-11-01,SKU00655,49
2025-11-01,SKU00656,34
2025-11-01,SKU00657,95
2025-11-01,SKU00658,20
2025-11-01,SKU00659,69
2025-11-01,SKU00660,54
2025-11-01,SKU00661,222
2025-11-01,SKU00662,111
2025-11-01,SKU00663,54
2025-11-01,SKU00664,301
2025-11-01,SKU00665,16
2025-11-01,SKU00667,31
2025-11-01,SKU00668,224
2025-11-01,SKU00669,77
2025-11-01,SKU00670,6
2025-11-01,SKU00671,34
2025-11-01,SKU00673,153
2025-11-01,SKU00674,36
2025-11-01,SKU00676,8
2025-11-01,SKU00677,81
2025-11-01,SKU00678,178
2025-11-01,SKU00680,67
2025-11-01,SKU00681,677
2025-11-01,SKU00682,19
2025-11-01,SKU00683,54
2025-11-01,SKU00684,52
2025-11-01,SKU00685,49
2025-11-01,SKU00686,21
2025-11-01,SKU00687,141
2025-11-01,SKU00688,131
2025-11-01,SKU00689,374
2025-11-01,SKU00690,15
2025-11-01,SKU00691,28
2025-11-01,SKU00692,29
2025-11-01,SKU00693,75
2025-11-01,SKU00695,16
2025-11-01,SKU00696,69
2025-11-01,SKU00697,81
2025-11-01,SKU00698,20
2025-11-01,SKU00700,69
2025-11-01,SKU00701,52
2025-11-01,SKU00702,82
2025-11-01,SKU00703,18
2025-11-01,SKU00704,12
2025-11-01,SKU00705,72
2025-11-01,SKU00706,38
2025-11-01,SKU00708,31
2025-11-01,SKU00709,25
2025-11-01,SKU00710,162
2025-11-01,SKU00711,36
2025-11-01,SKU00713,11
2025-11-01,SKU00714,154
2025-11-01,SKU00715,23
2025-11-01,SKU00716,36
2025-11-01,SKU00717,122
2025-11-01,SKU00718,60
2025-11-01,SKU00719,201
2025-11-01,SKU00720,365
2025-11-01,SKU00721,60
2025-11-01,SKU00722,156
2025-11-01,SKU00723,335
2025-11-01,SKU00724,15
2025-11-01,SKU00726,114
2025-11-01,SKU00727,19
2025-11-01,SKU00728,53
2025-11-01,SKU00730,63
2025-11-01,SKU00731,74
2025-11-01,SKU00732,261
2025-11-01,SKU00734,61
2025-11-01,SKU00735,326
2025-11-01,SKU00737,221
2025-11-01,SKU00738,9
2025-11-01,SKU00739,426
2025-11-01,SKU00740,39
2025-11-01,SKU00742,13
2025-11-01,SKU00743,48
2025-11-01,SKU00744,77
2025-11-01,SKU00746,131
2025-11-01,SKU00747,13
2025-11-01,SKU00748,66
2025-11-01,SKU00749,7
2025-11-01,SKU00750,136
2025-11-01,SKU00751,107
2025-11-01,SKU00752,103
2025-11-01,SKU00753,59
2025-11-01,SKU00755,48
2025-11-01,SKU00758,8
2025-11-01,SKU00759,90
2025-11-01,SKU00760,75
2025-11-01,SKU00761,47
2025-11-01,SKU00762,33
2025-11-01,SKU00763,31
2025-11-01,SKU00764,35
2025-11-01,SKU00765,70
2025-11-01,SKU00767,42
2025-11-01,SKU00768,12
2025-11-01,SKU00770,42
2025-11-01,SKU00772,74
2025-11-01,SKU00773,124
2025-11-01,SKU00774,147
2025-11-01,SKU00775,44
2025-11-01,SKU00776,44
2025-11-01,SKU00777,68
2025-11-01,SKU00778,87
2025-11-01,SKU00779,24
2025-11-01,SKU00780,159
2025-11-01,SKU00781,24
2025-11-01,SKU00782,6
2025-11-01,SKU00783,44
2025-11-01,SKU00784,63
2025-11-01,SKU00785,184
2025-11-01,SKU00789,13
2025-11-01,SKU00790,53
2025-11-01,SKU00791,71
2025-11-01,SKU00792,150
2025-11-01,SKU00793,32
2025-11-01,SKU00794,101
2025-11-01,SKU00795,4
2025-11-01,SKU00796,25
2025-11-01,SKU00797,63
2025-11-01,SKU00798,19
2025-11-01,SKU00799,28
2025-12-01,SKU00001,49
2025-12-01,SKU00002,164
2025-12-01,SKU00004,260
2025-12-01,SKU00005,33
2025-12-01,SKU00006,114
2025-12-01,SKU00007,37
2025-12-01,SKU00008,52
2025-12-01,SKU00009,106
2025-12-01,SKU00010,44
2025-12-01,SKU00013,189
2025-12-01,SKU00014,14
2025-12-01,SKU00015,27
2025-12-01,SKU00016,58
2025-12-01,SKU00018,130
2025-12-01,SKU00019,57
2025-12-01,SKU00022,20
2025-12-01,SKU00024,15
2025-12-01,SKU00025,85
2025-12-01,SKU00026,168
2025-12-01,SKU00028,83
2025-12-01,SKU00029,24
2025-12-01,SKU00030,46
2025-12-01,SKU00032,392
2025-12-01,SKU00034,7
2025-12-01,SKU00035,22
2025-12-01,SKU00036,53
2025-12-01,SKU00037,11
2025-12-01,SKU00038,140
2025-12-01,SKU00039,24
2025-12-01,SKU00040,173
2025-12-01,SKU00041,11
2025-12-01,SKU00042,59
2025-12-01,SKU00043,51
2025-12-01,SKU00045,12
2025-12-01,SKU00046,13
2025-12-01,SKU00047,17
2025-12-01,SKU00048,22
2025-12-01,SKU00049,153
2025-12-01,SKU00051,7
2025-12-01,SKU00052,0
2025-12-01,SKU00053,14
2025-12-01,SKU00054,58
2025-12-01,SKU00055,13
2025-12-01,SKU00058,127
2025-12-01,SKU00059,15
2025-12-01,SKU00061,84
2025-12-01,SKU00062,36
2025-12-01,SKU00063,58
2025-12-01,SKU00065,147
2025-12-01,SKU00066,22
2025-12-01,SKU00067,74
2025-12-01,SKU00068,110
2025-12-01,SKU00070,33
2025-12-01,SKU00071,40
2025-12-01,SKU00072,116
2025-12-01,SKU00073,222
2025-12-01,SKU00074,149
2025-12-01,SKU00075,13
2025-12-01,SKU00076,111
2025-12-01,SKU00077,133
2025-12-01,SKU00080,47
2025-12-01,SKU00081,52
2025-12-01,SKU00082,4
2025-12-01,SKU00083,19
2025-12-01,SKU00084,33
2025-12-01,SKU00086,115
2025-12-01,SKU00087,31
2025-12-01,SKU00089,50
2025-12-01,SKU00091,18
2025-12-01,SKU00093,71
2025-12-01,SKU00095,20
2025-12-01,SKU00096,25
2025-12-01,SKU00097,102
2025-12-01,SKU00098,14
2025-12-01,SKU00100,88
2025-12-01,SKU00101,81
2025-12-01,SKU00103,24
2025-12-01,SKU00104,53
2025-12-01,SKU00105,27
2025-12-01,SKU00106,9
2025-12-01,SKU00107,19
2025-12-01,SKU00109,34
2025-12-01,SKU00110,167
2025-12-01,SKU00113,146
2025-12-01,SKU00114,12
2025-12-01,SKU00115,12
2025-12-01,SKU00116,33
2025-12-01,SKU00117,42
2025-12-01,SKU00118,19
2025-12-01,SKU00119,33
2025-12-01,SKU00120,102
2025-12-01,SKU00121,80
2025-12-01,SKU00122,24
2025-12-01,SKU00123,166
2025-12-01,SKU00124,24
2025-12-01,SKU00127,191
2025-12-01,SKU00130,10
2025-12-01,SKU00131,101
2025-12-01,SKU00132,79
2025-12-01,SKU00133,34
2025-12-01,SKU00134,34
2025-12-01,SKU00135,81
2025-12-01,SKU00136,550
2025-12-01,SKU00138,42
2025-12-01,SKU00139,59
2025-12-01,SKU00140,14
2025-12-01,SKU00141,79
2025-12-01,SKU00142,9
2025-12-01,SKU00143,89
2025-12-01,SKU00144,61
2025-12-01,SKU00145,143
2025-12-01,SKU00146,84
2025-12-01,SKU00147,99
2025-12-01,SKU00148,86
2025-12-01,SKU00149,13
2025-12-01,SKU00150,38
2025-12-01,SKU00151,13
2025-12-01,SKU00152,225
2025-12-01,SKU00153,48
2025-12-01,SKU00154,282
2025-12-01,SKU00155,34
2025-12-01,SKU00156,358
2025-12-01,SKU00158,42
2025-12-01,SKU00159,50
2025-12-01,SKU00160,0
2025-12-01,SKU00161,18
2025-12-01,SKU00162,15
2025-12-01,SKU00163,29
2025-12-01,SKU00164,33
2025-12-01,SKU00165,28
2025-12-01,SKU00166,29
2025-12-01,SKU00167,115
2025-12-01,SKU00168,11
2025-12-01,SKU00169,14
2025-12-01,SKU00170,28
2025-12-01,SKU00173,30
2025-12-01,SKU00174,7
2025-12-01,SKU00175,31
2025-12-01,SKU00176,80
2025-12-01,SKU00177,21
2025-12-01,SKU00178,272
2025-12-01,SKU00179,189
2025-12-01,SKU00180,136
2025-12-01,SKU00181,132
2025-12-01,SKU00182,36
2025-12-01,SKU00183,15
2025-12-01,SKU00184,62
2025-12-01,SKU00187,17
2025-12-01,SKU00188,26
2025-12-01,SKU00189,54
2025-12-01,SKU00190,200
2025-12-01,SKU00192,7
2025-12-01,SKU00193,14
2025-12-01,SKU00194,103
2025-12-01,SKU00195,75
2025-12-01,SKU00196,214
2025-12-01,SKU00199,66
2025-12-01,SKU00200,15
2025-12-01,SKU00201,47
2025-12-01,SKU00202,221
2025-12-01,SKU00203,46
2025-12-01,SKU00204,526
2025-12-01,SKU00206,24
2025-12-01,SKU00207,12
2025-12-01,SKU00208,2
2025-12-01,SKU00209,76
2025-12-01,SKU00210,28
2025-12-01,SKU00211,38
2025-12-01,SKU00212,50
2025-12-01,SKU00215,15
2025-12-01,SKU00217,21
2025-12-01,SKU00218,122
2025-12-01,SKU00220,31
2025-12-01,SKU00222,9
2025-12-01,SKU00223,1
2025-12-01,SKU00224,40
2025-12-01,SKU00225,33
2025-12-01,SKU00226,13
2025-12-01,SKU00227,18
2025-12-01,SKU00228,158
2025-12-01,SKU00229,39
2025-12-01,SKU00230,36
2025-12-01,SKU00231,13
2025-12-01,SKU00232,15
2025-12-01,SKU00233,20
2025-12-01,SKU00234,20
2025-12-01,SKU00235,40
2025-12-01,SKU00236,82
2025-12-01,SKU00238,96
2025-12-01,SKU00240,9
2025-12-01,SKU00242,52
2025-12-01,SKU00243,131
2025-12-01,SKU00245,32
2025-12-01,SKU00246,15
2025-12-01,SKU00247,25
2025-12-01,SKU00248,14
2025-12-01,SKU00249,32
2025-12-01,SKU00250,221
2025-12-01,SKU00251,109
2025-12-01,SKU00252,39
2025-12-01,SKU00253,10
2025-12-01,SKU00255,33
2025-12-01,SKU00256,62
2025-12-01,SKU00258,14
2025-12-01,SKU00259,239
2025-12-01,SKU00260,41
2025-12-01,SKU00261,16
2025-12-01,SKU00263,13
2025-12-01,SKU00264,21
2025-12-01,SKU00265,109
2025-12-01,SKU00266,18
2025-12-01,SKU00267,0
2025-12-01,SKU00268,247
2025-12-01,SKU00269,25
2025-12-01,SKU00271,86
2025-12-01,SKU00272,0
2025-12-01,SKU00273,91
2025-12-01,SKU00274,105
2025-12-01,SKU00276,32
2025-12-01,SKU00277,47
2025-12-01,SKU00278,72
2025-12-01,SKU00279,99
2025-12-01,SKU00280,10
2025-12-01,SKU00281,273
2025-12-01,SKU00282,33
2025-12-01,SKU00283,31
2025-12-01,SKU00284,23
2025-12-01,SKU00286,50
2025-12-01,SKU00287,26
2025-12-01,SKU00288,7
2025-12-01,SKU00289,11
2025-12-01,SKU00291,104
2025-12-01,SKU00292,0
2025-12-01,SKU00293,16
2025-12-01,SKU00294,13
2025-12-01,SKU00295,323
2025-12-01,SKU00296,155
2025-12-01,SKU00297,16
2025-12-01,SKU00298,88
2025-12-01,SKU00299,29
2025-12-01,SKU00300,23
2025-12-01,SKU00301,40
2025-12-01,SKU00302,139
2025-12-01,SKU00304,199
2025-12-01,SKU00305,26
2025-12-01,SKU00308,96
2025-12-01,SKU00309,29
2025-12-01,SKU00310,59
2025-12-01,SKU00311,112
2025-12-01,SKU00312,26
2025-12-01,SKU00313,262
2025-12-01,SKU00314,340
2025-12-01,SKU00316,28
2025-12-01,SKU00317,26
2025-12-01,SKU00319,8
2025-12-01,SKU00320,232
2025-12-01,SKU00321,23
2025-12-01,SKU00322,98
2025-12-01,SKU00323,16
2025-12-01,SKU00324,54
2025-12-01,SKU00325,64
2025-12-01,SKU00327,124
2025-12-01,SKU00328,73
2025-12-01,SKU00330,199
2025-12-01,SKU00331,0
2025-12-01,SKU00332,19
2025-12-01,SKU00333,155
2025-12-01,SKU00334,259
2025-12-01,SKU00335,18
2025-12-01,SKU00336,30
2025-12-01,SKU00337,146
2025-12-01,SKU00338,25
2025-12-01,SKU00339,26
2025-12-01,SKU00340,321
2025-12-01,SKU00341,162
2025-12-01,SKU00343,29
2025-12-01,SKU00344,371
2025-12-01,SKU00347,18
2025-12-01,SKU00348,78
2025-12-01,SKU00350,9
2025-12-01,SKU00351,47
2025-12-01,SKU00352,40
2025-12-01,SKU00353,39
2025-12-01,SKU00354,216
2025-12-01,SKU00355,9
2025-12-01,SKU00356,117
2025-12-01,SKU00357,38
2025-12-01,SKU00358,17
2025-12-01,SKU00359,17
2025-12-01,SKU00361,30
2025-12-01,SKU00363,91
2025-12-01,SKU00364,19
2025-12-01,SKU00365,22
2025-12-01,SKU00366,23
2025-12-01,SKU00367,125
2025-12-01,SKU00368,16
2025-12-01,SKU00369,189
2025-12-01,SKU00371,398
2025-12-01,SKU00372,47
2025-12-01,SKU00373,181
2025-12-01,SKU00374,68
2025-12-01,SKU00375,162
2025-12-01,SKU00376,153
2025-12-01,SKU00378,26
2025-12-01,SKU00380,25
2025-12-01,SKU00381,52
2025-12-01,SKU00383,313
2025-12-01,SKU00384,23
2025-12-01,SKU00386,74
2025-12-01,SKU00388,42
2025-12-01,SKU00389,41
2025-12-01,SKU00391,10
2025-12-01,SKU00392,2
2025-12-01,SKU00393,58
2025-12-01,SKU00395,38
2025-12-01,SKU00396,1
2025-12-01,SKU00398,262
2025-12-01,SKU00399,83
2025-12-01,SKU00400,101
2025-12-01,SKU00401,20
2025-12-01,SKU00403,45
2025-12-01,SKU00404,48
2025-12-01,SKU00405,91
2025-12-01,SKU00406,63
2025-12-01,SKU00407,129
2025-12-01,SKU00409,3
2025-12-01,SKU00410,111
2025-12-01,SKU00411,23
2025-12-01,SKU00413,24
2025-12-01,SKU00414,184
2025-12-01,SKU00415,40
2025-12-01,SKU00416,21
2025-12-01,SKU00417,539
2025-12-01,SKU00418,15
2025-12-01,SKU00419,25
2025-12-01,SKU00420,83
2025-12-01,SKU00422,19
2025-12-01,SKU00424,76
2025-12-01,SKU00425,16
2025-12-01,SKU00426,49
2025-12-01,SKU00427,24
2025-12-01,SKU00428,5
2025-12-01,SKU00429,193
2025-12-01,SKU00430,30
2025-12-01,SKU00431,131
2025-12-01,SKU00432,56
2025-12-01,SKU00433,86
2025-12-01,SKU00434,19
2025-12-01,SKU00435,21
2025-12-01,SKU00437,16
2025-12-01,SKU00438,10
2025-12-01,SKU00439,16
2025-12-01,SKU00441,10
2025-12-01,SKU00443,11
2025-12-01,SKU00444,48
2025-12-01,SKU00446,69
2025-12-01,SKU00447,396
2025-12-01,SKU00448,32
2025-12-01,SKU00452,13
2025-12-01,SKU00453,62
2025-12-01,SKU00454,88
2025-12-01,SKU00455,81
2025-12-01,SKU00456,38
2025-12-01,SKU00457,76
2025-12-01,SKU00458,27
2025-12-01,SKU00459,130
2025-12-01,SKU00460,257
2025-12-01,SKU00461,0
2025-12-01,SKU00462,85
2025-12-01,SKU00464,137
2025-12-01,SKU00465,14
2025-12-01,SKU00466,59
2025-12-01,SKU00469,5
2025-12-01,SKU00470,8
2025-12-01,SKU00471,35
2025-12-01,SKU00472,21
2025-12-01,SKU00473,89
2025-12-01,SKU00474,98
2025-12-01,SKU00475,23
2025-12-01,SKU00476,45
2025-12-01,SKU00477,40
2025-12-01,SKU00478,51
2025-12-01,SKU00481,39
2025-12-01,SKU00483,22
2025-12-01,SKU00484,3
2025-12-01,SKU00485,95
2025-12-01,SKU00486,31
2025-12-01,SKU00488,71
2025-12-01,SKU00489,90
2025-12-01,SKU00490,71
2025-12-01,SKU00491,47
2025-12-01,SKU00492,68
2025-12-01,SKU00493,48
2025-12-01,SKU00497,46
2025-12-01,SKU00498,37
2025-12-01,SKU00499,15
2025-12-01,SKU00500,79
2025-12-01,SKU00501,8
2025-12-01,SKU00502,0
2025-12-01,SKU00503,17
2025-12-01,SKU00506,69
2025-12-01,SKU00507,297
2025-12-01,SKU00508,87
2025-12-01,SKU00509,57
2025-12-01,SKU00510,113
2025-12-01,SKU00511,9
2025-12-01,SKU00512,43
2025-12-01,SKU00513,35
2025-12-01,SKU00515,24
2025-12-01,SKU00517,49
2025-12-01,SKU00518,51
2025-12-01,SKU00520,2
2025-12-01,SKU00521,17
2025-12-01,SKU00522,11
2025-12-01,SKU00523,4
2025-12-01,SKU00524,16
2025-12-01,SKU00525,17
2025-12-01,SKU00526,507
2025-12-01,SKU00527,21
2025-12-01,SKU00528,33
2025-12-01,SKU00529,487
2025-12-01,SKU00530,432
2025-12-01,SKU00531,40
2025-12-01,SKU00533,169
2025-12-01,SKU00535,38
2025-12-01,SKU00536,19
2025-12-01,SKU00537,217
2025-12-01,SKU00538,13
2025-12-01,SKU00539,15
2025-12-01,SKU00540,123
2025-12-01,SKU00541,108
2025-12-01,SKU00542,45
2025-12-01,SKU00543,80
2025-12-01,SKU00544,39
2025-12-01,SKU00545,16
2025-12-01,SKU00546,201
2025-12-01,SKU00547,81
2025-12-01,SKU00548,39
2025-12-01,SKU00549,13
2025-12-01,SKU00550,18
2025-12-01,SKU00551,1
2025-12-01,SKU00552,21
2025-12-01,SKU00553,38
2025-12-01,SKU00556,111
2025-12-01,SKU00557,58
2025-12-01,SKU00558,10
2025-12-01,SKU00559,94
2025-12-01,SKU00560,124
2025-12-01,SKU00561,37
2025-12-01,SKU00562,89
2025-12-01,SKU00563,158
2025-12-01,SKU00564,54
2025-12-01,SKU00565,36
2025-12-01,SKU00566,123
2025-12-01,SKU00567,18
2025-12-01,SKU00568,25
2025-12-01,SKU00569,133
2025-12-01,SKU00570,12
2025-12-01,SKU00571,42
2025-12-01,SKU00572,22
2025-12-01,SKU00573,106
2025-12-01,SKU00574,103
2025-12-01,SKU00577,70
2025-12-01,SKU00578,42
2025-12-01,SKU00579,36
2025-12-01,SKU00581,65
2025-12-01,SKU00582,4
2025-12-01,SKU00583,35
2025-12-01,SKU00586,24
2025-12-01,SKU00588,80
2025-12-01,SKU00589,91
2025-12-01,SKU00591,25
2025-12-01,SKU00592,21
2025-12-01,SKU00593,15
2025-12-01,SKU00595,19
2025-12-01,SKU00596,33
2025-12-01,SKU00597,52
2025-12-01,SKU00598,58
2025-12-01,SKU00600,45
2025-12-01,SKU00601,72
2025-12-01,SKU00603,23
2025-12-01,SKU00604,20
2025-12-01,SKU00605,374
2025-12-01,SKU00606,65
2025-12-01,SKU00607,99
2025-12-01,SKU00608,2
2025-12-01,SKU00609,14
2025-12-01,SKU00610,2
2025-12-01,SKU00611,46
2025-12-01,SKU00612,41
2025-12-01,SKU00613,2
2025-12-01,SKU00614,11
2025-12-01,SKU00616,38
2025-12-01,SKU00617,5
2025-12-01,SKU00618,63
2025-12-01,SKU00619,59
2025-12-01,SKU00620,31
2025-12-01,SKU00621,19
2025-12-01,SKU00622,24
2025-12-01,SKU00623,21
2025-12-01,SKU00624,45
2025-12-01,SKU00625,33
2025-12-01,SKU00626,29
2025-12-01,SKU00627,39
2025-12-01,SKU00628,196
2025-12-01,SKU00629,48
2025-12-01,SKU00630,44
2025-12-01,SKU00631,11
2025-12-01,SKU00632,9
2025-12-01,SKU00633,193
2025-12-01,SKU00634,46
2025-12-01,SKU00637,18
2025-12-01,SKU00638,33
2025-12-01,SKU00639,27
2025-12-01,SKU00640,200
2025-12-01,SKU00641,17
2025-12-01,SKU00642,77
2025-12-01,SKU00644,14
2025-12-01,SKU00645,162
2025-12-01,SKU00646,69
2025-12-01,SKU00648,26
2025-12-01,SKU00649,293
2025-12-01,SKU00650,131
2025-12-01,SKU00651,162
2025-12-01,SKU00652,123
2025-12-01,SKU00653,115
2025-12-01,SKU00654,57
2025-12-01,SKU00655,60
2025-12-01,SKU00656,41
2025-12-01,SKU00657,113
2025-12-01,SKU00658,11
2025-12-01,SKU00659,60
2025-12-01,SKU00660,38
2025-12-01,SKU00661,121
2025-12-01,SKU00662,185
2025-12-01,SKU00663,39
2025-12-01,SKU00664,280
2025-12-01,SKU00665,39
2025-12-01,SKU00667,18
2025-12-01,SKU00668,159
2025-12-01,SKU00669,154
2025-12-01,SKU00670,9
2025-12-01,SKU00671,15
2025-12-01,SKU00673,164
2025-12-01,SKU00674,45
2025-12-01,SKU00676,18
2025-12-01,SKU00677,110
2025-12-01,SKU00678,247
2025-12-01,SKU00680,65
2025-12-01,SKU00681,558
2025-12-01,SKU00682,13
2025-12-01,SKU00683,76
2025-12-01,SKU00684,29
2025-12-01,SKU00685,43
2025-12-01,SKU00686,10
2025-12-01,SKU00687,104
2025-12-01,SKU00688,191
2025-12-01,SKU00689,256
2025-12-01,SKU00690,11
2025-12-01,SKU00691,10
2025-12-01,SKU00692,36
2025-12-01,SKU00693,19
2025-12-01,SKU00695,24
2025-12-01,SKU00696,111
2025-12-01,SKU00697,58
2025-12-01,SKU00698,22
2025-12-01,SKU00700,50
2025-12-01,SKU00701,43
2025-12-01,SKU00702,59
2025-12-01,SKU00703,22
2025-12-01,SKU00704,46
2025-12-01,SKU00705,81
2025-12-01,SKU00706,47
2025-12-01,SKU00708,50
2025-12-01,SKU00709,39
2025-12-01,SKU00710,133
2025-12-01,SKU00711,35
2025-12-01,SKU00713,13
2025-12-01,SKU00715,21
2025-12-01,SKU00716,22
2025-12-01,SKU00717,87
2025-12-01,SKU00718,84
2025-12-01,SKU00719,101
2025-12-01,SKU00720,344
2025-12-01,SKU00721,108
2025-12-01,SKU00722,96
2025-12-01,SKU00723,408
2025-12-01,SKU00724,18
2025-12-01,SKU00727,19
2025-12-01,SKU00728,79
2025-12-01,SKU00730,45
2025-12-01,SKU00731,62
2025-12-01,SKU00732,240
2025-12-01,SKU00734,29
2025-12-01,SKU00735,368
2025-12-01,SKU00737,210
2025-12-01,SKU00738,4
2025-12-01,SKU00739,363
2025-12-01,SKU00740,30
2025-12-01,SKU00742,23
2025-12-01,SKU00743,67
2025-12-01,SKU00744,40
2025-12-01,SKU00746,137
2025-12-01,SKU00747,32
2025-12-01,SKU00748,43
2025-12-01,SKU00749,21
2025-12-01,SKU00750,61
2025-12-01,SKU00751,104
2025-12-01,SKU00752,139
2025-12-01,SKU00753,40
2025-12-01,SKU00755,44
2025-12-01,SKU00758,14
2025-12-01,SKU00759,41
2025-12-01,SKU00760,88
2025-12-01,SKU00761,46
2025-12-01,SKU00762,28
2025-12-01,SKU00763,30
2025-12-01,SKU00764,5
2025-12-01,SKU00765,92
2025-12-01,SKU00767,30
2025-12-01,SKU00768,30
2025-12-01,SKU00770,20
2025-12-01,SKU00772,83
2025-12-01,SKU00773,114
2025-12-01,SKU00774,99
2025-12-01,SKU00775,18
2025-12-01,SKU00776,54
2025-12-01,SKU00777,80
2025-12-01,SKU00778,98
2025-12-01,SKU00779,33
2025-12-01,SKU00780,85
2025-12-01,SKU00781,76
2025-12-01,SKU00782,1
2025-12-01,SKU00783,51
2025-12-01,SKU00784,75
2025-12-01,SKU00785,173
2025-12-01,SKU00789,11
2025-12-01,SKU00790,50
2025-12-01,SKU00791,68
2025-12-01,SKU00792,180
2025-12-01,SKU00793,20
2025-12-01,SKU00794,130
2025-12-01,SKU00795,15
2025-12-01,SKU00796,12
2025-12-01,SKU00797,134
2025-12-01,SKU00798,29
2025-12-01,SKU00799,6
2026-01-01,SKU00001,28
2026-01-01,SKU00002,129
2026-01-01,SKU00004,192
2026-01-01,SKU00005,18
2026-01-01,SKU00006,81
2026-01-01,SKU00007,28
2026-01-01,SKU00008,51
2026-01-01,SKU00009,100
2026-01-01,SKU00010,37
2026-01-01,SKU00013,170
2026-01-01,SKU00015,29
2026-01-01,SKU00016,23
2026-01-01,SKU00018,92
2026-01-01,SKU00019,54
2026-01-01,SKU00022,18
2026-01-01,SKU00024,9
2026-01-01,SKU00025,73
2026-01-01,SKU00026,140
2026-01-01,SKU00029,3
2026-01-01,SKU00030,21
2026-01-01,SKU00032,234
2026-01-01,SKU00034,0
2026-01-01,SKU00035,17
2026-01-01,SKU00036,36
2026-01-01,SKU00037,21
2026-01-01,SKU00038,94
2026-01-01,SKU00039,14
2026-01-01,SKU00040,127
2026-01-01,SKU00041,7
2026-01-01,SKU00042,54
2026-01-01,SKU00043,49
2026-01-01,SKU00045,15
2026-01-01,SKU00046,0
2026-01-01,SKU00047,10
2026-01-01,SKU00048,34
2026-01-01,SKU00049,102
2026-01-01,SKU00051,0
2026-01-01,SKU00052,0
2026-01-01,SKU00053,7
2026-01-01,SKU00054,48
2026-01-01,SKU00055,1
2026-01-01,SKU00058,85
2026-01-01,SKU00059,4
2026-01-01,SKU00061,82
2026-01-01,SKU00062,69
2026-01-01,SKU00063,47
2026-01-01,SKU00065,83
2026-01-01,SKU00066,25
2026-01-01,SKU00067,82
2026-01-01,SKU00068,100
2026-01-01,SKU00071,44
2026-01-01,SKU00072,81
2026-01-01,SKU00073,127
2026-01-01,SKU00074,149
2026-01-01,SKU00075,9
2026-01-01,SKU00076,211
2026-01-01,SKU00077,142
2026-01-01,SKU00080,55
2026-01-01,SKU00081,33
2026-01-01,SKU00082,10
2026-01-01,SKU00083,37
2026-01-01,SKU00084,22
2026-01-01,SKU00086,133
2026-01-01,SKU00087,41
2026-01-01,SKU00089,23
2026-01-01,SKU00091,21
2026-01-01,SKU00093,28
2026-01-01,SKU00095,10
2026-01-01,SKU00096,17
2026-01-01,SKU00097,73
2026-01-01,SKU00098,14
2026-01-01,SKU00100,59
2026-01-01,SKU00101,41
2026-01-01,SKU00103,13
2026-01-01,SKU00104,67
2026-01-01,SKU00105,15
2026-01-01,SKU00106,10
2026-01-01,SKU00107,11
2026-01-01,SKU00109,17
2026-01-01,SKU00110,77
2026-01-01,SKU00113,92
2026-01-01,SKU00114,5
2026-01-01,SKU00115,15
2026-01-01,SKU00117,29
2026-01-01,SKU00118,17
2026-01-01,SKU00119,41
2026-01-01,SKU00120,61
2026-01-01,SKU00121,43
2026-01-01,SKU00122,31
2026-01-01,SKU00123,173
2026-01-01,SKU00127,63
2026-01-01,SKU00130,13
2026-01-01,SKU00131,41
2026-01-01,SKU00132,92
2026-01-01,SKU00133,49
2026-01-01,SKU00134,19
2026-01-01,SKU00135,87
2026-01-01,SKU00136,306
2026-01-01,SKU00138,10
2026-01-01,SKU00139,71
2026-01-01,SKU00140,0
2026-01-01,SKU00141,74
2026-01-01,SKU00142,6
2026-01-01,SKU00143,106
2026-01-01,SKU00144,50
2026-01-01,SKU00145,73
2026-01-01,SKU00146,50
2026-01-01,SKU00148,58
2026-01-01,SKU00149,0
2026-01-01,SKU00150,57
2026-01-01,SKU00151,3
2026-01-01,SKU00152,144
2026-01-01,SKU00153,81
2026-01-01,SKU00154,240
2026-01-01,SKU00155,19
2026-01-01,SKU00156,266
2026-01-01,SKU00158,12
2026-01-01,SKU00159,47
2026-01-01,SKU00160,6
2026-01-01,SKU00161,18
2026-01-01,SKU00162,15
2026-01-01,SKU00163,12
2026-01-01,SKU00164,34
2026-01-01,SKU00165,14
2026-01-01,SKU00166,20
2026-01-01,SKU00167,50
2026-01-01,SKU00168,28
2026-01-01,SKU00169,22
2026-01-01,SKU00170,6
2026-01-01,SKU00173,25
2026-01-01,SKU00174,7
2026-01-01,SKU00175,23
2026-01-01,SKU00176,45
2026-01-01,SKU00177,17
2026-01-01,SKU00178,178
2026-01-01,SKU00179,62
2026-01-01,SKU00180,104
2026-01-01,SKU00181,96
2026-01-01,SKU00182,33
2026-01-01,SKU00183,15
2026-01-01,SKU00184,66
2026-01-01,SKU00187,12
2026-01-01,SKU00188,23
2026-01-01,SKU00189,46
2026-01-01,SKU00190,212
2026-01-01,SKU00192,0
2026-01-01,SKU00193,11
2026-01-01,SKU00194,115
2026-01-01,SKU00195,56
2026-01-01,SKU00196,210
2026-01-01,SKU00199,46
2026-01-01,SKU00200,10
2026-01-01,SKU00201,40
2026-01-01,SKU00202,82
2026-01-01,SKU00203,27
2026-01-01,SKU00204,259
2026-01-01,SKU00206,31
2026-01-01,SKU00207,15
2026-01-01,SKU00208,1
2026-01-01,SKU00209,95
2026-01-01,SKU00210,5
2026-01-01,SKU00211,61
2026-01-01,SKU00212,33
2026-01-01,SKU00215,28
2026-01-01,SKU00217,12
2026-01-01,SKU00218,118
2026-01-01,SKU00220,25
2026-01-01,SKU00222,5
2026-01-01,SKU00223,12
2026-01-01,SKU00224,37
2026-01-01,SKU00225,22
2026-01-01,SKU00226,16
2026-01-01,SKU00227,19
2026-01-01,SKU00228,191
2026-01-01,SKU00229,22
2026-01-01,SKU00230,25
2026-01-01,SKU00231,9
2026-01-01,SKU00232,11
2026-01-01,SKU00233,39
2026-01-01,SKU00234,21
2026-01-01,SKU00235,48
2026-01-01,SKU00236,74
2026-01-01,SKU00238,84
2026-01-01,SKU00240,7
2026-01-01,SKU00242,35
2026-01-01,SKU00243,75
2026-01-01,SKU00246,25
2026-01-01,SKU00247,41
2026-01-01,SKU00248,2
2026-01-01,SKU00249,38
2026-01-01,SKU00250,115
2026-01-01,SKU00251,92
2026-01-01,SKU00252,25
2026-01-01,SKU00253,13
2026-01-01,SKU00255,49
2026-01-01,SKU00256,35
2026-01-01,SKU00258,17
2026-01-01,SKU00259,295
2026-01-01,SKU00260,18
2026-01-01,SKU00261,8
2026-01-01,SKU00263,23
2026-01-01,SKU00264,15
2026-01-01,SKU00265,64
2026-01-01,SKU00266,8
2026-01-01,SKU00267,7
2026-01-01,SKU00268,206
2026-01-01,SKU00269,53
2026-01-01,SKU00271,129
2026-01-01,SKU00272,0
2026-01-01,SKU00273,96
2026-01-01,SKU00274,53
2026-01-01,SKU00276,24
2026-01-01,SKU00277,26
2026-01-01,SKU00278,59
2026-01-01,SKU00279,92
2026-01-01,SKU00280,13
2026-01-01,SKU00281,191
2026-01-01,SKU00282,20
2026-01-01,SKU00283,0
2026-01-01,SKU00284,36
2026-01-01,SKU00286,29
2026-01-01,SKU00287,19
2026-01-01,SKU00288,11
2026-01-01,SKU00289,27
2026-01-01,SKU00291,73
2026-01-01,SKU00292,10
2026-01-01,SKU00293,10
2026-01-01,SKU00294,2
2026-01-01,SKU00295,186
2026-01-01,SKU00296,124
2026-01-01,SKU00297,21
2026-01-01,SKU00298,94
2026-01-01,SKU00299,15
2026-01-01,SKU00300,10
2026-01-01,SKU00301,27
2026-01-01,SKU00302,95
2026-01-01,SKU00304,152
2026-01-01,SKU00305,27
2026-01-01,SKU00308,104
2026-01-01,SKU00309,18
2026-01-01,SKU00310,77
2026-01-01,SKU00311,62
2026-01-01,SKU00312,13
2026-01-01,SKU00313,188
2026-01-01,SKU00314,378
2026-01-01,SKU00316,22
2026-01-01,SKU00317,38
2026-01-01,SKU00319,10
2026-01-01,SKU00320,107
2026-01-01,SKU00321,7
2026-01-01,SKU00322,87
2026-01-01,SKU00323,14
2026-01-01,SKU00324,54
2026-01-01,SKU00325,31
2026-01-01,SKU00327,69
2026-01-01,SKU00328,43
2026-01-01,SKU00330,177
2026-01-01,SKU00331,0
2026-01-01,SKU00332,15
2026-01-01,SKU00333,102
2026-01-01,SKU00334,254
2026-01-01,SKU00335,13
2026-01-01,SKU00336,40
2026-01-01,SKU00337,116
2026-01-01,SKU00338,8
2026-01-01,SKU00339,20
2026-01-01,SKU00340,263
2026-01-01,SKU00341,133
2026-01-01,SKU00343,28
2026-01-01,SKU00344,518
2026-01-01,SKU00347,29
2026-01-01,SKU00348,35
2026-01-01,SKU00350,24
2026-01-01,SKU00351,75
2026-01-01,SKU00352,36
2026-01-01,SKU00354,149
2026-01-01,SKU00355,9
2026-01-01,SKU00356,71
2026-01-01,SKU00357,19
2026-01-01,SKU00358,14
2026-01-01,SKU00359,16
2026-01-01,SKU00361,31
2026-01-01,SKU00363,62
2026-01-01,SKU00364,18
2026-01-01,SKU00365,27
2026-01-01,SKU00366,18
2026-01-01,SKU00367,102
2026-01-01,SKU00368,0
2026-01-01,SKU00369,92
2026-01-01,SKU00371,248
2026-01-01,SKU00372,30
2026-01-01,SKU00373,145
2026-01-01,SKU00374,39
2026-01-01,SKU00375,187
2026-01-01,SKU00376,98
2026-01-01,SKU00378,12
2026-01-01,SKU00380,10
2026-01-01,SKU00381,17
2026-01-01,SKU00383,457
2026-01-01,SKU00384,14
2026-01-01,SKU00386,45
2026-01-01,SKU00388,27
2026-01-01,SKU00389,58
2026-01-01,SKU00391,0
2026-01-01,SKU00392,8
2026-01-01,SKU00393,51
2026-01-01,SKU00395,38
2026-01-01,SKU00396,8
2026-01-01,SKU00398,193
2026-01-01,SKU00399,86
2026-01-01,SKU00400,80
2026-01-01,SKU00401,19
2026-01-01,SKU00403,26
2026-01-01,SKU00404,38
2026-01-01,SKU00405,101
2026-01-01,SKU00406,46
2026-01-01,SKU00407,56
2026-01-01,SKU00409,0
2026-01-01,SKU00410,68
2026-01-01,SKU00411,24
2026-01-01,SKU00413,16
2026-01-01,SKU00414,199
2026-01-01,SKU00415,59
2026-01-01,SKU00416,12
2026-01-01,SKU00417,364
2026-01-01,SKU00418,9
2026-01-01,SKU00419,13
2026-01-01,SKU00422,43
2026-01-01,SKU00424,67
2026-01-01,SKU00425,10
2026-01-01,SKU00426,56
2026-01-01,SKU00427,24
2026-01-01,SKU00428,7
2026-01-01,SKU00429,118
2026-01-01,SKU00430,48
2026-01-01,SKU00431,67
2026-01-01,SKU00432,36
2026-01-01,SKU00433,38
2026-01-01,SKU00434,33
2026-01-01,SKU00435,26
2026-01-01,SKU00437,0
2026-01-01,SKU00438,14
2026-01-01,SKU00439,15
2026-01-01,SKU00441,10
2026-01-01,SKU00443,7
2026-01-01,SKU00444,40
2026-01-01,SKU00446,64
2026-01-01,SKU00447,384
2026-01-01,SKU00448,36
2026-01-01,SKU00452,3
2026-01-01,SKU00453,58
2026-01-01,SKU00454,40
2026-01-01,SKU00455,96
2026-01-01,SKU00456,33
2026-01-01,SKU00457,78
2026-01-01,SKU00458,6
2026-01-01,SKU00459,111
2026-01-01,SKU00460,99
2026-01-01,SKU00461,7
2026-01-01,SKU00462,35
2026-01-01,SKU00464,114
2026-01-01,SKU00465,13
2026-01-01,SKU00466,24
2026-01-01,SKU00469,0
2026-01-01,SKU00470,2
2026-01-01,SKU00471,47
2026-01-01,SKU00472,15
2026-01-01,SKU00473,94
2026-01-01,SKU00474,106
2026-01-01,SKU00475,23
2026-01-01,SKU00476,37
2026-01-01,SKU00477,34
2026-01-01,SKU00478,41
2026-01-01,SKU00481,41
2026-01-01,SKU00483,14
2026-01-01,SKU00484,0
2026-01-01,SKU00485,102
2026-01-01,SKU00486,7
2026-01-01,SKU00488,79
2026-01-01,SKU00489,48
2026-01-01,SKU00490,69
2026-01-01,SKU00491,87
2026-01-01,SKU00492,54
2026-01-01,SKU00493,35
2026-01-01,SKU00497,43
2026-01-01,SKU00499,20
2026-01-01,SKU00500,49
2026-01-01,SKU00501,8
2026-01-01,SKU00502,5
2026-01-01,SKU00503,15
2026-01-01,SKU00506,39
2026-01-01,SKU00507,193
2026-01-01,SKU00508,103
2026-01-01,SKU00509,69
2026-01-01,SKU00510,57
2026-01-01,SKU00511,25
2026-01-01,SKU00512,56
2026-01-01,SKU00513,43
2026-01-01,SKU00515,17
2026-01-01,SKU00517,42
2026-01-01,SKU00518,22
2026-01-01,SKU00520,13
2026-01-01,SKU00521,2
2026-01-01,SKU00522,24
2026-01-01,SKU00524,28
2026-01-01,SKU00525,26
2026-01-01,SKU00526,240
2026-01-01,SKU00527,17
2026-01-01,SKU00528,23
2026-01-01,SKU00529,400
2026-01-01,SKU00530,322
2026-01-01,SKU00531,44
2026-01-01,SKU00533,52
2026-01-01,SKU00535,16
2026-01-01,SKU00536,32
2026-01-01,SKU00537,123
2026-01-01,SKU00538,18
2026-01-01,SKU00539,11
2026-01-01,SKU00540,72
2026-01-01,SKU00541,66
2026-01-01,SKU00542,32
2026-01-01,SKU00543,27
2026-01-01,SKU00544,65
2026-01-01,SKU00545,10
2026-01-01,SKU00546,131
2026-01-01,SKU00547,51
2026-01-01,SKU00548,48
2026-01-01,SKU00549,20
2026-01-01,SKU00550,0
2026-01-01,SKU00551,9
2026-01-01,SKU00552,26
2026-01-01,SKU00553,11
2026-01-01,SKU00556,82
2026-01-01,SKU00557,22
2026-01-01,SKU00558,22
2026-01-01,SKU00559,92
2026-01-01,SKU00560,68
2026-01-01,SKU00561,22
2026-01-01,SKU00562,57
2026-01-01,SKU00563,129
2026-01-01,SKU00564,57
2026-01-01,SKU00565,23
2026-01-01,SKU00566,75
2026-01-01,SKU00567,22
2026-01-01,SKU00568,27
2026-01-01,SKU00569,68
2026-01-01,SKU00570,13
2026-01-01,SKU00571,25
2026-01-01,SKU00572,19
2026-01-01,SKU00573,46
2026-01-01,SKU00574,38
2026-01-01,SKU00577,56
2026-01-01,SKU00578,29
2026-01-01,SKU00579,30
2026-01-01,SKU00581,56
2026-01-01,SKU00582,12
2026-01-01,SKU00583,32
2026-01-01,SKU00586,33
2026-01-01,SKU00588,53
2026-01-01,SKU00589,45
2026-01-01,SKU00591,4
2026-01-01,SKU00592,3
2026-01-01,SKU00593,2
2026-01-01,SKU00595,40
2026-01-01,SKU00596,15
2026-01-01,SKU00597,32
2026-01-01,SKU00598,13
2026-01-01,SKU00600,35
2026-01-01,SKU00601,101
2026-01-01,SKU00603,24
2026-01-01,SKU00604,9
2026-01-01,SKU00605,478
2026-01-01,SKU00606,70
2026-01-01,SKU00607,96
2026-01-01,SKU00608,18
2026-01-01,SKU00609,13
2026-01-01,SKU00610,7
2026-01-01,SKU00611,32
2026-01-01,SKU00612,60
2026-01-01,SKU00613,10
2026-01-01,SKU00614,2
2026-01-01,SKU00616,47
2026-01-01,SKU00617,9
2026-01-01,SKU00618,53
2026-01-01,SKU00619,54
2026-01-01,SKU00620,33
2026-01-01,SKU00621,7
2026-01-01,SKU00622,20
2026-01-01,SKU00623,31
2026-01-01,SKU00624,30
2026-01-01,SKU00625,15
2026-01-01,SKU00626,20
2026-01-01,SKU00627,45
2026-01-01,SKU00628,125
2026-01-01,SKU00629,42
2026-01-01,SKU00630,47
2026-01-01,SKU00631,14
2026-01-01,SKU00632,18
2026-01-01,SKU00633,141
2026-01-01,SKU00634,40
2026-01-01,SKU00637,28
2026-01-01,SKU00638,1
2026-01-01,SKU00639,12
2026-01-01,SKU00640,160
2026-01-01,SKU00641,21
2026-01-01,SKU00642,59
2026-01-01,SKU00644,20
2026-01-01,SKU00645,197
2026-01-01,SKU00646,40
2026-01-01,SKU00648,29
2026-01-01,SKU00649,220
2026-01-01,SKU00650,168
2026-01-01,SKU00651,101
2026-01-01,SKU00652,97
2026-01-01,SKU00653,77
2026-01-01,SKU00654,39
2026-01-01,SKU00655,43
2026-01-01,SKU00656,15
2026-01-01,SKU00658,8
2026-01-01,SKU00659,55
2026-01-01,SKU00660,25
2026-01-01,SKU00661,166
2026-01-01,SKU00662,113
2026-01-01,SKU00663,64
2026-01-01,SKU00664,268
2026-01-01,SKU00665,35
2026-01-01,SKU00667,15
2026-01-01,SKU00668,253
2026-01-01,SKU00669,105
2026-01-01,SKU00670,12
2026-01-01,SKU00673,186
2026-01-01,SKU00674,52
2026-01-01,SKU00676,14
2026-01-01,SKU00677,73
2026-01-01,SKU00678,107
2026-01-01,SKU00680,51
2026-01-01,SKU00681,355
2026-01-01,SKU00682,15
2026-01-01,SKU00683,41
2026-01-01,SKU00684,44
2026-01-01,SKU00685,54
2026-01-01,SKU00686,11
2026-01-01,SKU00687,91
2026-01-01,SKU00688,164
2026-01-01,SKU00689,270
2026-01-01,SKU00690,12
2026-01-01,SKU00691,21
2026-01-01,SKU00692,17
2026-01-01,SKU00693,67
2026-01-01,SKU00695,30
2026-01-01,SKU00696,101
2026-01-01,SKU00697,71
2026-01-01,SKU00698,24
2026-01-01,SKU00700,45
2026-01-01,SKU00701,48
2026-01-01,SKU00702,65
2026-01-01,SKU00703,31
2026-01-01,SKU00704,31
2026-01-01,SKU00705,53
2026-01-01,SKU00706,47
2026-01-01,SKU00708,50
2026-01-01,SKU00709,31
2026-01-01,SKU00710,48
2026-01-01,SKU00711,25
2026-01-01,SKU00713,9
2026-01-01,SKU00715,27
2026-01-01,SKU00716,17
2026-01-01,SKU00717,91
2026-01-01,SKU00718,57
2026-01-01,SKU00719,136
2026-01-01,SKU00720,281
2026-01-01,SKU00721,83
2026-01-01,SKU00722,102
2026-01-01,SKU00723,321
2026-01-01,SKU00724,16
2026-01-01,SKU00727,24
2026-01-01,SKU00728,41
2026-01-01,SKU00730,71
2026-01-01,SKU00731,43
2026-01-01,SKU00732,132
2026-01-01,SKU00734,57
2026-01-01,SKU00735,301
2026-01-01,SKU00737,159
2026-01-01,SKU00738,9
2026-01-01,SKU00739,167
2026-01-01,SKU00740,41
2026-01-01,SKU00742,21
2026-01-01,SKU00743,65
2026-01-01,SKU00744,49
2026-01-01,SKU00746,137
2026-01-01,SKU00747,31
2026-01-01,SKU00748,53
2026-01-01,SKU00749,13
2026-01-01,SKU00750,71
2026-01-01,SKU00751,50
2026-01-01,SKU00752,108
2026-01-01,SKU00753,47
2026-01-01,SKU00755,62
2026-01-01,SKU00758,7
2026-01-01,SKU00759,90
2026-01-01,SKU00760,98
2026-01-01,SKU00761,32
2026-01-01,SKU00762,25
2026-01-01,SKU00763,20
2026-01-01,SKU00764,10
2026-01-01,SKU00765,80
2026-01-01,SKU00767,30
2026-01-01,SKU00768,19
2026-01-01,SKU00770,22
2026-01-01,SKU00772,78
2026-01-01,SKU00773,117
2026-01-01,SKU00774,66
2026-01-01,SKU00775,42
2026-01-01,SKU00776,51
2026-01-01,SKU00777,35
2026-01-01,SKU00778,91
2026-01-01,SKU00779,20
2026-01-01,SKU00780,124
2026-01-01,SKU00781,48
2026-01-01,SKU00782,8
2026-01-01,SKU00783,41
2026-01-01,SKU00784,40
2026-01-01,SKU00785,108
2026-01-01,SKU00789,9
2026-01-01,SKU00790,31
2026-01-01,SKU00791,53
2026-01-01,SKU00792,94
2026-01-01,SKU00793,28
2026-01-01,SKU00794,119
2026-01-01,SKU00795,11
2026-01-01,SKU00796,9
2026-01-01,SKU00797,90
2026-01-01,SKU00798,12
2026-01-01,SKU00799,7
2026-02-01,SKU00001,78
2026-02-01,SKU00002,101
2026-02-01,SKU00004,143
2026-02-01,SKU00005,20
2026-02-01,SKU00006,94
2026-02-01,SKU00007,34
2026-02-01,SKU00008,45
2026-02-01,SKU00009,110
2026-02-01,SKU00010,22
2026-02-01,SKU00013,168
2026-02-01,SKU00015,23
2026-02-01,SKU00016,70
2026-02-01,SKU00018,83
2026-02-01,SKU00019,56
2026-02-01,SKU00022,20
2026-02-01,SKU00024,5
2026-02-01,SKU00025,88
2026-02-01,SKU00026,186
2026-02-01,SKU00029,5
2026-02-01,SKU00030,30
2026-02-01,SKU00032,305
2026-02-01,SKU00034,11
2026-02-01,SKU00035,13
2026-02-01,SKU00036,23
2026-02-01,SKU00037,27
2026-02-01,SKU00038,78
2026-02-01,SKU00039,30
2026-02-01,SKU00040,180
2026-02-01,SKU00041,14
2026-02-01,SKU00042,35
2026-02-01,SKU00043,28
2026-02-01,SKU00045,11
2026-02-01,SKU00046,12
2026-02-01,SKU00047,22
2026-02-01,SKU00048,54
2026-02-01,SKU00049,87
2026-02-01,SKU00051,4
2026-02-01,SKU00052,7
2026-02-01,SKU00053,12
2026-02-01,SKU00054,54
2026-02-01,SKU00055,16
2026-02-01,SKU00058,79
2026-02-01,SKU00059,3
2026-02-01,SKU00061,60
2026-02-01,SKU00062,52
2026-02-01,SKU00063,43
2026-02-01,SKU00065,130
2026-02-01,SKU00066,42
2026-02-01,SKU00067,46
2026-02-01,SKU00068,69
2026-02-01,SKU00071,42
2026-02-01,SKU00072,57
2026-02-01,SKU00073,90
2026-02-01,SKU00074,210
2026-02-01,SKU00075,17
2026-02-01,SKU00076,145
2026-02-01,SKU00077,75
2026-02-01,SKU00080,39
2026-02-01,SKU00081,47
2026-02-01,SKU00082,9
2026-02-01,SKU00083,26
2026-02-01,SKU00084,24
2026-02-01,SKU00086,64
2026-02-01,SKU00087,36
2026-02-01,SKU00089,36
2026-02-01,SKU00091,19
2026-02-01,SKU00093,37
2026-02-01,SKU00095,13
2026-02-01,SKU00096,8
2026-02-01,SKU00097,86
2026-02-01,SKU00098,21
2026-02-01,SKU00100,60
2026-02-01,SKU00101,92
2026-02-01,SKU00103,21
2026-02-01,SKU00104,63
2026-02-01,SKU00105,16
2026-02-01,SKU00106,2
2026-02-01,SKU00107,14
2026-02-01,SKU00109,33
2026-02-01,SKU00110,106
2026-02-01,SKU00113,111
2026-02-01,SKU00114,18
2026-02-01,SKU00115,2
2026-02-01,SKU00117,26
2026-02-01,SKU00118,15
2026-02-01,SKU00119,41
2026-02-01,SKU00120,64
2026-02-01,SKU00121,90
2026-02-01,SKU00122,21
2026-02-01,SKU00123,119
2026-02-01,SKU00127,73
2026-02-01,SKU00130,17
2026-02-01,SKU00131,45
2026-02-01,SKU00132,49
2026-02-01,SKU00133,37
2026-02-01,SKU00134,21
2026-02-01,SKU00135,111
2026-02-01,SKU00136,265
2026-02-01,SKU00138,26
2026-02-01,SKU00139,43
2026-02-01,SKU00140,0
2026-02-01,SKU00141,96
2026-02-01,SKU00142,37
2026-02-01,SKU00143,73
2026-02-01,SKU00144,34
2026-02-01,SKU00145,100
2026-02-01,SKU00146,51
2026-02-01,SKU00148,50
2026-02-01,SKU00149,7
2026-02-01,SKU00150,36
2026-02-01,SKU00151,5
2026-02-01,SKU00152,160
2026-02-01,SKU00153,64
2026-02-01,SKU00154,172
2026-02-01,SKU00155,20
2026-02-01,SKU00156,418
2026-02-01,SKU00158,24
2026-02-01,SKU00159,39
2026-02-01,SKU00160,6
2026-02-01,SKU00161,14
2026-02-01,SKU00162,10
2026-02-01,SKU00163,29
2026-02-01,SKU00164,47
2026-02-01,SKU00165,24
2026-02-01,SKU00166,22
2026-02-01,SKU00167,121
2026-02-01,SKU00168,8
2026-02-01,SKU00169,29
2026-02-01,SKU00170,17
2026-02-01,SKU00173,32
2026-02-01,SKU00174,6
2026-02-01,SKU00175,16
2026-02-01,SKU00176,62
2026-02-01,SKU00177,18
2026-02-01,SKU00178,147
2026-02-01,SKU00179,124
2026-02-01,SKU00180,119
2026-02-01,SKU00181,134
2026-02-01,SKU00182,33
2026-02-01,SKU00183,13
2026-02-01,SKU00184,43
2026-02-01,SKU00187,12
2026-02-01,SKU00188,26
2026-02-01,SKU00189,79
2026-02-01,SKU00190,105
2026-02-01,SKU00192,19
2026-02-01,SKU00193,13
2026-02-01,SKU00194,130
2026-02-01,SKU00195,46
2026-02-01,SKU00196,195
2026-02-01,SKU00199,90
2026-02-01,SKU00200,17
2026-02-01,SKU00201,44
2026-02-01,SKU00202,118
2026-02-01,SKU00203,49
2026-02-01,SKU00204,281
2026-02-01,SKU00206,14
2026-02-01,SKU00207,5
2026-02-01,SKU00208,19
2026-02-01,SKU00209,83
2026-02-01,SKU00210,10
2026-02-01,SKU00211,41
2026-02-01,SKU00212,35
2026-02-01,SKU00215,18
2026-02-01,SKU00217,10
2026-02-01,SKU00218,96
2026-02-01,SKU00220,29
2026-02-01,SKU00222,27
2026-02-01,SKU00223,14
2026-02-01,SKU00224,12
2026-02-01,SKU00225,21
2026-02-01,SKU00226,18
2026-02-01,SKU00227,15
2026-02-01,SKU00228,176
2026-02-01,SKU00229,23
2026-02-01,SKU00230,22
2026-02-01,SKU00231,20
2026-02-01,SKU00232,2
2026-02-01,SKU00233,33
2026-02-01,SKU00234,6
2026-02-01,SKU00235,28
2026-02-01,SKU00236,75
2026-02-01,SKU00238,89
2026-02-01,SKU00240,1
2026-02-01,SKU00242,41
2026-02-01,SKU00243,114
2026-02-01,SKU00246,14
2026-02-01,SKU00247,28
2026-02-01,SKU00248,3
2026-02-01,SKU00249,39
2026-02-01,SKU00250,153
2026-02-01,SKU00251,83
2026-02-01,SKU00252,17
2026-02-01,SKU00253,0
2026-02-01,SKU00255,35
2026-02-01,SKU00256,41
2026-02-01,SKU00258,17
2026-02-01,SKU00259,240
2026-02-01,SKU00260,28
2026-02-01,SKU00261,5
2026-02-01,SKU00263,21
2026-02-01,SKU00264,23
2026-02-01,SKU00265,118
2026-02-01,SKU00266,22
2026-02-01,SKU00267,10
2026-02-01,SKU00268,229
2026-02-01,SKU00269,42
2026-02-01,SKU00271,70
2026-02-01,SKU00272,4
2026-02-01,SKU00273,71
2026-02-01,SKU00274,62
2026-02-01,SKU00276,36
2026-02-01,SKU00277,26
2026-02-01,SKU00278,45
2026-02-01,SKU00279,71
2026-02-01,SKU00280,2
2026-02-01,SKU00281,245
2026-02-01,SKU00282,31
2026-02-01,SKU00283,19
2026-02-01,SKU00284,30
2026-02-01,SKU00286,43
2026-02-01,SKU00287,16
2026-02-01,SKU00288,15
2026-02-01,SKU00289,24
2026-02-01,SKU00291,88
2026-02-01,SKU00292,1
2026-02-01,SKU00293,3
2026-02-01,SKU00294,9
2026-02-01,SKU00295,144
2026-02-01,SKU00296,95
2026-02-01,SKU00297,25
2026-02-01,SKU00298,53
2026-02-01,SKU00299,16
2026-02-01,SKU00300,10
2026-02-01,SKU00301,39
2026-02-01,SKU00302,100
2026-02-01,SKU00304,155
2026-02-01,SKU00305,21
2026-02-01,SKU00308,103
2026-02-01,SKU00309,23
2026-02-01,SKU00310,71
2026-02-01,SKU00311,89
2026-02-01,SKU00312,19
2026-02-01,SKU00313,189
2026-02-01,SKU00314,307
2026-02-01,SKU00316,23
2026-02-01,SKU00317,32
2026-02-01,SKU00319,10
2026-02-01,SKU00320,119
2026-02-01,SKU00321,24
2026-02-01,SKU00322,58
2026-02-01,SKU00323,19
2026-02-01,SKU00324,39
2026-02-01,SKU00325,24
2026-02-01,SKU00327,74
2026-02-01,SKU00328,54
2026-02-01,SKU00330,113
2026-02-01,SKU00331,0
2026-02-01,SKU00332,24
2026-02-01,SKU00333,68
2026-02-01,SKU00334,255
2026-02-01,SKU00335,17
2026-02-01,SKU00336,23
2026-02-01,SKU00337,62
2026-02-01,SKU00338,6
2026-02-01,SKU00339,10
2026-02-01,SKU00340,307
2026-02-01,SKU00341,179
2026-02-01,SKU00343,42
2026-02-01,SKU00344,377
2026-02-01,SKU00347,9
2026-02-01,SKU00348,20
2026-02-01,SKU00350,15
2026-02-01,SKU00351,85
2026-02-01,SKU00352,25
2026-02-01,SKU00354,247
2026-02-01,SKU00355,6
2026-02-01,SKU00356,73
2026-02-01,SKU00357,11
2026-02-01,SKU00358,17
2026-02-01,SKU00359,24
2026-02-01,SKU00361,24
2026-02-01,SKU00363,96
2026-02-01,SKU00364,23
2026-02-01,SKU00365,17
2026-02-01,SKU00366,19
2026-02-01,SKU00367,116
2026-02-01,SKU00368,0
2026-02-01,SKU00369,161
2026-02-01,SKU00371,208
2026-02-01,SKU00372,34
2026-02-01,SKU00373,157
2026-02-01,SKU00374,45
2026-02-01,SKU00375,186
2026-02-01,SKU00376,123
2026-02-01,SKU00378,21
2026-02-01,SKU00380,9
2026-02-01,SKU00381,33
2026-02-01,SKU00383,406
2026-02-01,SKU00384,11
2026-02-01,SKU00386,35
2026-02-01,SKU00388,30
2026-02-01,SKU00389,64
2026-02-01,SKU00391,15
2026-02-01,SKU00392,6
2026-02-01,SKU00393,38
2026-02-01,SKU00395,94
2026-02-01,SKU00396,13
2026-02-01,SKU00398,107
2026-02-01,SKU00399,100
2026-02-01,SKU00400,77
2026-02-01,SKU00401,13
2026-02-01,SKU00403,20
2026-02-01,SKU00404,38
2026-02-01,SKU00405,105
2026-02-01,SKU00406,41
2026-02-01,SKU00407,75
2026-02-01,SKU00409,3
2026-02-01,SKU00410,60
2026-02-01,SKU00411,7
2026-02-01,SKU00413,8
2026-02-01,SKU00414,138
2026-02-01,SKU00415,45
2026-02-01,SKU00416,5
2026-02-01,SKU00417,253
2026-02-01,SKU00418,7
2026-02-01,SKU00419,20
2026-02-01,SKU00422,18
2026-02-01,SKU00424,39
2026-02-01,SKU00425,9
2026-02-01,SKU00426,59
2026-02-01,SKU00427,41
2026-02-01,SKU00428,13
2026-02-01,SKU00429,138
2026-02-01,SKU00430,48
2026-02-01,SKU00431,112
2026-02-01,SKU00432,22
2026-02-01,SKU00433,52
2026-02-01,SKU00434,26
2026-02-01,SKU00435,29
2026-02-01,SKU00437,8
2026-02-01,SKU00438,16
2026-02-01,SKU00439,21
2026-02-01,SKU00441,5
2026-02-01,SKU00443,8
2026-02-01,SKU00444,60
2026-02-01,SKU00446,57
2026-02-01,SKU00447,440
2026-02-01,SKU00448,66
2026-02-01,SKU00452,10
2026-02-01,SKU00453,45
2026-02-01,SKU00454,48
2026-02-01,SKU00455,104
2026-02-01,SKU00456,24
2026-02-01,SKU00457,62
2026-02-01,SKU00458,48
2026-02-01,SKU00459,86
2026-02-01,SKU00460,128
2026-02-01,SKU00461,0
2026-02-01,SKU00462,50
2026-02-01,SKU00464,125
2026-02-01,SKU00465,14
2026-02-01,SKU00466,38
2026-02-01,SKU00469,9
2026-02-01,SKU00470,4
2026-02-01,SKU00471,56
2026-02-01,SKU00472,7
2026-02-01,SKU00473,102
2026-02-01,SKU00474,167
2026-02-01,SKU00475,19
2026-02-01,SKU00476,32
2026-02-01,SKU00477,49
2026-02-01,SKU00478,36
2026-02-01,SKU00481,37
2026-02-01,SKU00483,18
2026-02-01,SKU00484,15
2026-02-01,SKU00485,87
2026-02-01,SKU00486,23
2026-02-01,SKU00488,90
2026-02-01,SKU00489,44
2026-02-01,SKU00490,44
2026-02-01,SKU00491,50
2026-02-01,SKU00492,85
2026-02-01,SKU00493,40
2026-02-01,SKU00497,38
2026-02-01,SKU00499,4
2026-02-01,SKU00500,58
2026-02-01,SKU00501,20
2026-02-01,SKU00502,12
2026-02-01,SKU00503,7
2026-02-01,SKU00506,35
2026-02-01,SKU00507,169
2026-02-01,SKU00508,85
2026-02-01,SKU00509,34
2026-02-01,SKU00510,45
2026-02-01,SKU00511,14
2026-02-01,SKU00512,26
2026-02-01,SKU00513,38
2026-02-01,SKU00515,36
2026-02-01,SKU00517,73
2026-02-01,SKU00518,40
2026-02-01,SKU00520,9
2026-02-01,SKU00521,18
2026-02-01,SKU00522,22
2026-02-01,SKU00524,12
2026-02-01,SKU00525,37
2026-02-01,SKU00526,367
2026-02-01,SKU00527,20
2026-02-01,SKU00528,40
2026-02-01,SKU00529,289
2026-02-01,SKU00530,493
2026-02-01,SKU00531,60
2026-02-01,SKU00533,128
2026-02-01,SKU00535,19
2026-02-01,SKU00536,25
2026-02-01,SKU00537,93
2026-02-01,SKU00538,12
2026-02-01,SKU00539,13
2026-02-01,SKU00540,53
2026-02-01,SKU00541,53
2026-02-01,SKU00542,26
2026-02-01,SKU00543,37
2026-02-01,SKU00544,58
2026-02-01,SKU00545,13
2026-02-01,SKU00546,170
2026-02-01,SKU00547,65
2026-02-01,SKU00548,35
2026-02-01,SKU00549,15
2026-02-01,SKU00550,9
2026-02-01,SKU00551,16
2026-02-01,SKU00552,26
2026-02-01,SKU00553,15
2026-02-01,SKU00556,76
2026-02-01,SKU00557,50
2026-02-01,SKU00558,16
2026-02-01,SKU00559,54
2026-02-01,SKU00560,106
2026-02-01,SKU00561,29
2026-02-01,SKU00562,67
2026-02-01,SKU00563,134
2026-02-01,SKU00564,27
2026-02-01,SKU00565,40
2026-02-01,SKU00566,71
2026-02-01,SKU00567,9
2026-02-01,SKU00568,5
2026-02-01,SKU00569,108
2026-02-01,SKU00570,20
2026-02-01,SKU00571,19
2026-02-01,SKU00572,17
2026-02-01,SKU00573,103
2026-02-01,SKU00574,65
2026-02-01,SKU00577,61
2026-02-01,SKU00578,19
2026-02-01,SKU00579,21
2026-02-01,SKU00581,52
2026-02-01,SKU00582,23
2026-02-01,SKU00583,42
2026-02-01,SKU00586,51
2026-02-01,SKU00588,73
2026-02-01,SKU00589,25
2026-02-01,SKU00591,15
2026-02-01,SKU00592,6
2026-02-01,SKU00593,14
2026-02-01,SKU00595,22
2026-02-01,SKU00596,17
2026-02-01,SKU00597,46
2026-02-01,SKU00598,22
2026-02-01,SKU00600,39
2026-02-01,SKU00601,101
2026-02-01,SKU00603,18
2026-02-01,SKU00604,16
2026-02-01,SKU00605,439
2026-02-01,SKU00606,47
2026-02-01,SKU00607,198
2026-02-01,SKU00608,7
2026-02-01,SKU00609,24
2026-02-01,SKU00610,1
2026-02-01,SKU00611,47
2026-02-01,SKU00612,79
2026-02-01,SKU00613,5
2026-02-01,SKU00614,13
2026-02-01,SKU00616,44
2026-02-01,SKU00617,12
2026-02-01,SKU00618,106
2026-02-01,SKU00619,80
2026-02-01,SKU00620,9
2026-02-01,SKU00621,11
2026-02-01,SKU00622,12
2026-02-01,SKU00623,34
2026-02-01,SKU00624,30
2026-02-01,SKU00625,48
2026-02-01,SKU00626,13
2026-02-01,SKU00627,47
2026-02-01,SKU00628,150
2026-02-01,SKU00629,34
2026-02-01,SKU00630,34
2026-02-01,SKU00631,2
2026-02-01,SKU00632,17
2026-02-01,SKU00633,158
2026-02-01,SKU00634,28
2026-02-01,SKU00637,20
2026-02-01,SKU00638,12
2026-02-01,SKU00639,30
2026-02-01,SKU00640,203
2026-02-01,SKU00641,35
2026-02-01,SKU00642,64
2026-02-01,SKU00644,5
2026-02-01,SKU00645,105
2026-02-01,SKU00646,51
2026-02-01,SKU00648,10
2026-02-01,SKU00649,208
2026-02-01,SKU00650,182
2026-02-01,SKU00651,155
2026-02-01,SKU00652,63
2026-02-01,SKU00653,63
2026-02-01,SKU00654,38
2026-02-01,SKU00655,44
2026-02-01,SKU00656,16
2026-02-01,SKU00658,0
2026-02-01,SKU00659,43
2026-02-01,SKU00660,25
2026-02-01,SKU00661,215
2026-02-01,SKU00662,82
2026-02-01,SKU00663,24
2026-02-01,SKU00664,319
2026-02-01,SKU00665,18
2026-02-01,SKU00667,21
2026-02-01,SKU00668,156
2026-02-01,SKU00669,121
2026-02-01,SKU00670,9
2026-02-01,SKU00673,204
2026-02-01,SKU00674,46
2026-02-01,SKU00676,18
2026-02-01,SKU00677,106
2026-02-01,SKU00678,137
2026-02-01,SKU00680,39
2026-02-01,SKU00681,277
2026-02-01,SKU00682,23
2026-02-01,SKU00683,69
2026-02-01,SKU00684,24
2026-02-01,SKU00685,59
2026-02-01,SKU00686,8
2026-02-01,SKU00687,114
2026-02-01,SKU00688,91
2026-02-01,SKU00689,198
2026-02-01,SKU00690,4
2026-02-01,SKU00691,24
2026-02-01,SKU00692,8
2026-02-01,SKU00693,51
2026-02-01,SKU00695,28
2026-02-01,SKU00696,52
2026-02-01,SKU00697,72
2026-02-01,SKU00698,9
2026-02-01,SKU00700,26
2026-02-01,SKU00701,55
2026-02-01,SKU00702,38
2026-02-01,SKU00703,22
2026-02-01,SKU00704,26
2026-02-01,SKU00705,55
2026-02-01,SKU00706,46
2026-02-01,SKU00708,43
2026-02-01,SKU00709,33
2026-02-01,SKU00710,90
2026-02-01,SKU00711,48
2026-02-01,SKU00713,7
2026-02-01,SKU00715,24
2026-02-01,SKU00716,40
2026-02-01,SKU00717,121
2026-02-01,SKU00718,24
2026-02-01,SKU00719,153
2026-02-01,SKU00720,248
2026-02-01,SKU00721,96
2026-02-01,SKU00722,82
2026-02-01,SKU00723,402
2026-02-01,SKU00724,12
2026-02-01,SKU00727,5
2026-02-01,SKU00728,57
2026-02-01,SKU00730,39
2026-02-01,SKU00731,37
2026-02-01,SKU00732,189
2026-02-01,SKU00734,46
2026-02-01,SKU00735,294
2026-02-01,SKU00737,159
2026-02-01,SKU00738,7
2026-02-01,SKU00739,326
2026-02-01,SKU00740,27
2026-02-01,SKU00742,10
2026-02-01,SKU00743,41
2026-02-01,SKU00744,15
2026-02-01,SKU00746,56
2026-02-01,SKU00747,14
2026-02-01,SKU00748,46
2026-02-01,SKU00749,4
2026-02-01,SKU00750,88
2026-02-01,SKU00751,98
2026-02-01,SKU00752,115
2026-02-01,SKU00753,63
2026-02-01,SKU00755,39
2026-02-01,SKU00758,4
2026-02-01,SKU00759,86
2026-02-01,SKU00760,82
2026-02-01,SKU00761,42
2026-02-01,SKU00762,32
2026-02-01,SKU00763,22
2026-02-01,SKU00764,5
2026-02-01,SKU00765,90
2026-02-01,SKU00767,25
2026-02-01,SKU00768,10
2026-02-01,SKU00770,34
2026-02-01,SKU00772,84
2026-02-01,SKU00773,155
2026-02-01,SKU00774,82
2026-02-01,SKU00775,18
2026-02-01,SKU00776,37
2026-02-01,SKU00777,35
2026-02-01,SKU00778,60
2026-02-01,SKU00779,23
2026-02-01,SKU00780,66
2026-02-01,SKU00781,57
2026-02-01,SKU00782,14
2026-02-01,SKU00783,53
2026-02-01,SKU00784,27
2026-02-01,SKU00785,85
2026-02-01,SKU00789,10
2026-02-01,SKU00790,33
2026-02-01,SKU00791,55
2026-02-01,SKU00792,72
2026-02-01,SKU00793,19
2026-02-01,SKU00794,90
2026-02-01,SKU00795,9
2026-02-01,SKU00796,8
2026-02-01,SKU00797,65
2026-02-01,SKU00798,29
2026-02-01,SKU00799,18
2026-03-01,SKU00001,51
2026-03-01,SKU00002,98
2026-03-01,SKU00004,247
2026-03-01,SKU00005,27
2026-03-01,SKU00006,68
2026-03-01,SKU00007,23
2026-03-01,SKU00008,45
2026-03-01,SKU00009,128
2026-03-01,SKU00010,35
2026-03-01,SKU00013,201
2026-03-01,SKU00015,25
2026-03-01,SKU00016,50
2026-03-01,SKU00018,79
2026-03-01,SKU00019,34
2026-03-01,SKU00022,23
2026-03-01,SKU00024,5
2026-03-01,SKU00025,49
2026-03-01,SKU00026,228
2026-03-01,SKU00029,11
2026-03-01,SKU00030,33
2026-03-01,SKU00032,373
2026-03-01,SKU00034,6
2026-03-01,SKU00035,16
2026-03-01,SKU00036,47
2026-03-01,SKU00037,7
2026-03-01,SKU00038,134
2026-03-01,SKU00039,28
2026-03-01,SKU00040,221
2026-03-01,SKU00041,18
2026-03-01,SKU00042,42
2026-03-01,SKU00043,70
2026-03-01,SKU00045,15
2026-03-01,SKU00046,6
2026-03-01,SKU00047,34
2026-03-01,SKU00048,64
2026-03-01,SKU00049,75
2026-03-01,SKU00051,7
2026-03-01,SKU00052,9
2026-03-01,SKU00053,18
2026-03-01,SKU00054,36
2026-03-01,SKU00055,9
2026-03-01,SKU00058,123
2026-03-01,SKU00059,13
2026-03-01,SKU00061,89
2026-03-01,SKU00062,61
2026-03-01,SKU00063,28
2026-03-01,SKU00065,133
2026-03-01,SKU00066,31
2026-03-01,SKU00067,51
2026-03-01,SKU00068,69
2026-03-01,SKU00071,13
2026-03-01,SKU00072,96
2026-03-01,SKU00073,177
2026-03-01,SKU00074,144
2026-03-01,SKU00075,14
2026-03-01,SKU00076,203
2026-03-01,SKU00077,85
2026-03-01,SKU00080,39
2026-03-01,SKU00081,28
2026-03-01,SKU00082,10
2026-03-01,SKU00083,34
2026-03-01,SKU00084,10
2026-03-01,SKU00086,57
2026-03-01,SKU00087,40
2026-03-01,SKU00089,52
2026-03-01,SKU00091,26
2026-03-01,SKU00093,37
2026-03-01,SKU00095,9
2026-03-01,SKU00096,13
2026-03-01,SKU00097,102
2026-03-01,SKU00098,11
2026-03-01,SKU00100,53
2026-03-01,SKU00101,47
2026-03-01,SKU00103,18
2026-03-01,SKU00104,76
2026-03-01,SKU00105,13
2026-03-01,SKU00106,3
2026-03-01,SKU00107,12
2026-03-01,SKU00109,11
2026-03-01,SKU00110,134
2026-03-01,SKU00113,139
2026-03-01,SKU00114,11
2026-03-01,SKU00115,5
2026-03-01,SKU00117,20
2026-03-01,SKU00118,20
2026-03-01,SKU00119,61
2026-03-01,SKU00120,48
2026-03-01,SKU00121,105
2026-03-01,SKU00122,39
2026-03-01,SKU00123,99
2026-03-01,SKU00127,120
2026-03-01,SKU00130,16
2026-03-01,SKU00131,47
2026-03-01,SKU00132,41
2026-03-01,SKU00133,31
2026-03-01,SKU00134,18
2026-03-01,SKU00135,78
2026-03-01,SKU00136,338
2026-03-01,SKU00138,42
2026-03-01,SKU00139,65
2026-03-01,SKU00140,6
2026-03-01,SKU00141,119
2026-03-01,SKU00142,15
2026-03-01,SKU00143,86
2026-03-01,SKU00144,37
2026-03-01,SKU00145,99
2026-03-01,SKU00146,64
2026-03-01,SKU00148,84
2026-03-01,SKU00149,13
2026-03-01,SKU00150,48
2026-03-01,SKU00151,9
2026-03-01,SKU00152,242
2026-03-01,SKU00153,55
2026-03-01,SKU00154,260
2026-03-01,SKU00155,16
2026-03-01,SKU00156,479
2026-03-01,SKU00158,16
2026-03-01,SKU00159,53
2026-03-01,SKU00160,14
2026-03-01,SKU00161,22
2026-03-01,SKU00162,8
2026-03-01,SKU00163,31
2026-03-01,SKU00164,39
2026-03-01,SKU00165,20
2026-03-01,SKU00166,17
2026-03-01,SKU00167,100
2026-03-01,SKU00168,7
2026-03-01,SKU00169,24
2026-03-01,SKU00170,12
2026-03-01,SKU00173,32
2026-03-01,SKU00174,0
2026-03-01,SKU00175,21
2026-03-01,SKU00176,49
2026-03-01,SKU00177,19
2026-03-01,SKU00178,217
2026-03-01,SKU00179,106
2026-03-01,SKU00180,108
2026-03-01,SKU00181,144
2026-03-01,SKU00182,31
2026-03-01,SKU00183,2
2026-03-01,SKU00184,57
2026-03-01,SKU00187,11
2026-03-01,SKU00188,18
2026-03-01,SKU00189,33
2026-03-01,SKU00190,172
2026-03-01,SKU00192,4
2026-03-01,SKU00193,13
2026-03-01,SKU00194,95
2026-03-01,SKU00195,38
2026-03-01,SKU00196,156
2026-03-01,SKU00199,64
2026-03-01,SKU00200,12
2026-03-01,SKU00201,48
2026-03-01,SKU00202,100
2026-03-01,SKU00203,22
2026-03-01,SKU00204,398
2026-03-01,SKU00206,19
2026-03-01,SKU00207,9
2026-03-01,SKU00208,4
2026-03-01,SKU00209,71
2026-03-01,SKU00210,25
2026-03-01,SKU00211,52
2026-03-01,SKU00212,35
2026-03-01,SKU00215,14
2026-03-01,SKU00217,17
2026-03-01,SKU00218,93
2026-03-01,SKU00220,54
2026-03-01,SKU00222,15
2026-03-01,SKU00223,13
2026-03-01,SKU00224,14
2026-03-01,SKU00225,23
2026-03-01,SKU00226,9
2026-03-01,SKU00227,43
2026-03-01,SKU00228,109
2026-03-01,SKU00229,17
2026-03-01,SKU00230,18
2026-03-01,SKU00231,17
2026-03-01,SKU00232,3
2026-03-01,SKU00233,42
2026-03-01,SKU00234,21
2026-03-01,SKU00235,30
2026-03-01,SKU00236,67
2026-03-01,SKU00238,63
2026-03-01,SKU00240,12
2026-03-01,SKU00242,33
2026-03-01,SKU00243,100
2026-03-01,SKU00246,13
2026-03-01,SKU00247,30
2026-03-01,SKU00248,0
2026-03-01,SKU00249,26
2026-03-01,SKU00250,210
2026-03-01,SKU00251,112
2026-03-01,SKU00252,38
2026-03-01,SKU00253,10
2026-03-01,SKU00255,42
2026-03-01,SKU00256,62
2026-03-01,SKU00258,17
2026-03-01,SKU00259,255
2026-03-01,SKU00260,39
2026-03-01,SKU00261,4
2026-03-01,SKU00263,15
2026-03-01,SKU00264,26
2026-03-01,SKU00265,78
2026-03-01,SKU00266,25
2026-03-01,SKU00267,4
2026-03-01,SKU00268,183
2026-03-01,SKU00269,36
2026-03-01,SKU00271,88
2026-03-01,SKU00272,0
2026-03-01,SKU00273,77
2026-03-01,SKU00274,79
2026-03-01,SKU00276,26
2026-03-01,SKU00277,32
2026-03-01,SKU00278,101
2026-03-01,SKU00279,94
2026-03-01,SKU00280,12
2026-03-01,SKU00281,116
2026-03-01,SKU00282,25
2026-03-01,SKU00283,23
2026-03-01,SKU00284,45
2026-03-01,SKU00286,38
2026-03-01,SKU00287,40
2026-03-01,SKU00288,12
2026-03-01,SKU00289,22
2026-03-01,SKU00291,121
2026-03-01,SKU00292,0
2026-03-01,SKU00293,11
2026-03-01,SKU00294,10
2026-03-01,SKU00295,149
2026-03-01,SKU00296,187
2026-03-01,SKU00297,23
2026-03-01,SKU00298,63
2026-03-01,SKU00299,12
2026-03-01,SKU00300,15
2026-03-01,SKU00301,27
2026-03-01,SKU00302,47
2026-03-01,SKU00304,206
2026-03-01,SKU00305,21
2026-03-01,SKU00308,95
2026-03-01,SKU00309,12
2026-03-01,SKU00310,53
2026-03-01,SKU00311,102
2026-03-01,SKU00312,32
2026-03-01,SKU00313,126
2026-03-01,SKU00314,275
2026-03-01,SKU00316,22
2026-03-01,SKU00317,30
2026-03-01,SKU00319,16
2026-03-01,SKU00320,128
2026-03-01,SKU00321,22
2026-03-01,SKU00322,117
2026-03-01,SKU00323,28
2026-03-01,SKU00324,70
2026-03-01,SKU00325,24
2026-03-01,SKU00327,100
2026-03-01,SKU00328,67
2026-03-01,SKU00330,240
2026-03-01,SKU00331,5
2026-03-01,SKU00332,15
2026-03-01,SKU00333,78
2026-03-01,SKU00334,309
2026-03-01,SKU00335,11
2026-03-01,SKU00336,22
2026-03-01,SKU00337,54
2026-03-01,SKU00338,10
2026-03-01,SKU00339,5
2026-03-01,SKU00340,231
2026-03-01,SKU00341,118
2026-03-01,SKU00343,44
2026-03-01,SKU00344,409
2026-03-01,SKU00347,20
2026-03-01,SKU00348,39
2026-03-01,SKU00350,16
2026-03-01,SKU00351,89
2026-03-01,SKU00352,25
2026-03-01,SKU00354,139
2026-03-01,SKU00355,2
2026-03-01,SKU00356,66
2026-03-01,SKU00357,16
2026-03-01,SKU00358,12
2026-03-01,SKU00359,24
2026-03-01,SKU00361,26
2026-03-01,SKU00363,66
2026-03-01,SKU00364,4
2026-03-01,SKU00365,26
2026-03-01,SKU00366,13
2026-03-01,SKU00367,120
2026-03-01,SKU00368,14
2026-03-01,SKU00369,116
2026-03-01,SKU00371,363
2026-03-01,SKU00372,37
2026-03-01,SKU00373,207
2026-03-01,SKU00374,48
2026-03-01,SKU00375,301
2026-03-01,SKU00376,124
2026-03-01,SKU00378,9
2026-03-01,SKU00380,16
2026-03-01,SKU00381,35
2026-03-01,SKU00383,270
2026-03-01,SKU00384,15
2026-03-01,SKU00386,35
2026-03-01,SKU00388,54
2026-03-01,SKU00389,79
2026-03-01,SKU00391,10
2026-03-01,SKU00392,7
2026-03-01,SKU00393,76
2026-03-01,SKU00395,63
2026-03-01,SKU00396,30
2026-03-01,SKU00398,232
2026-03-01,SKU00399,77
2026-03-01,SKU00400,98
2026-03-01,SKU00401,19
2026-03-01,SKU00403,37
2026-03-01,SKU00404,40
2026-03-01,SKU00405,79
2026-03-01,SKU00406,29
2026-03-01,SKU00407,116
2026-03-01,SKU00409,2
2026-03-01,SKU00410,41
2026-03-01,SKU00411,15
2026-03-01,SKU00413,23
2026-03-01,SKU00414,113
2026-03-01,SKU00415,44
2026-03-01,SKU00416,16
2026-03-01,SKU00417,317
2026-03-01,SKU00418,14
2026-03-01,SKU00419,16
2026-03-01,SKU00422,18
2026-03-01,SKU00424,31
2026-03-01,SKU00425,7
2026-03-01,SKU00426,51
2026-03-01,SKU00427,26
2026-03-01,SKU00428,23
2026-03-01,SKU00429,168
2026-03-01,SKU00430,42
2026-03-01,SKU00431,82
2026-03-01,SKU00432,20
2026-03-01,SKU00433,61
2026-03-01,SKU00434,39
2026-03-01,SKU00435,32
2026-03-01,SKU00437,1
2026-03-01,SKU00438,8
2026-03-01,SKU00439,13
2026-03-01,SKU00441,10
2026-03-01,SKU00443,11
2026-03-01,SKU00444,39
2026-03-01,SKU00446,83
2026-03-01,SKU00447,517
2026-03-01,SKU00448,54
2026-03-01,SKU00452,19
2026-03-01,SKU00453,89
2026-03-01,SKU00454,67
2026-03-01,SKU00455,102
2026-03-01,SKU00456,16
2026-03-01,SKU00457,105
2026-03-01,SKU00458,30
2026-03-01,SKU00459,89
2026-03-01,SKU00460,79
2026-03-01,SKU00461,0
2026-03-01,SKU00462,34
2026-03-01,SKU00464,89
2026-03-01,SKU00465,10
2026-03-01,SKU00466,15
2026-03-01,SKU00469,5
2026-03-01,SKU00470,3
2026-03-01,SKU00471,77
2026-03-01,SKU00472,24
2026-03-01,SKU00473,80
2026-03-01,SKU00474,141
2026-03-01,SKU00475,3
2026-03-01,SKU00476,26
2026-03-01,SKU00477,43
2026-03-01,SKU00478,44
2026-03-01,SKU00481,59
2026-03-01,SKU00483,8
2026-03-01,SKU00484,8
2026-03-01,SKU00485,59
2026-03-01,SKU00486,11
2026-03-01,SKU00488,67
2026-03-01,SKU00489,81
2026-03-01,SKU00490,52
2026-03-01,SKU00491,66
2026-03-01,SKU00492,95
2026-03-01,SKU00493,32
2026-03-01,SKU00497,39
2026-03-01,SKU00499,14
2026-03-01,SKU00500,26
2026-03-01,SKU00501,10
2026-03-01,SKU00502,13
2026-03-01,SKU00503,12
2026-03-01,SKU00506,27
2026-03-01,SKU00507,169
2026-03-01,SKU00508,78
2026-03-01,SKU00509,44
2026-03-01,SKU00510,48
2026-03-01,SKU00511,22
2026-03-01,SKU00512,45
2026-03-01,SKU00513,27
2026-03-01,SKU00515,40
2026-03-01,SKU00517,39
2026-03-01,SKU00518,20
2026-03-01,SKU00520,3
2026-03-01,SKU00521,10
2026-03-01,SKU00522,19
2026-03-01,SKU00524,18
2026-03-01,SKU00525,18
2026-03-01,SKU00526,256
2026-03-01,SKU00527,27
2026-03-01,SKU00528,25
2026-03-01,SKU00529,177
2026-03-01,SKU00530,223
2026-03-01,SKU00531,36
2026-03-01,SKU00533,90
2026-03-01,SKU00535,26
2026-03-01,SKU00536,18
2026-03-01,SKU00537,107
2026-03-01,SKU00538,12
2026-03-01,SKU00539,25
2026-03-01,SKU00540,51
2026-03-01,SKU00541,112
2026-03-01,SKU00542,30
2026-03-01,SKU00543,45
2026-03-01,SKU00544,42
2026-03-01,SKU00545,9
2026-03-01,SKU00546,149
2026-03-01,SKU00547,104
2026-03-01,SKU00548,63
2026-03-01,SKU00549,18
2026-03-01,SKU00550,9
2026-03-01,SKU00551,15
2026-03-01,SKU00552,12
2026-03-01,SKU00553,16
2026-03-01,SKU00556,107
2026-03-01,SKU00557,20
2026-03-01,SKU00558,23
2026-03-01,SKU00559,104
2026-03-01,SKU00560,93
2026-03-01,SKU00561,18
2026-03-01,SKU00562,82
2026-03-01,SKU00563,229
2026-03-01,SKU00564,34
2026-03-01,SKU00565,41
2026-03-01,SKU00566,90
2026-03-01,SKU00567,11
2026-03-01,SKU00568,21
2026-03-01,SKU00569,120
2026-03-01,SKU00570,21
2026-03-01,SKU00571,25
2026-03-01,SKU00572,18
2026-03-01,SKU00573,76
2026-03-01,SKU00574,39
2026-03-01,SKU00577,78
2026-03-01,SKU00578,14
2026-03-01,SKU00579,17
2026-03-01,SKU00581,57
2026-03-01,SKU00582,7
2026-03-01,SKU00583,31
2026-03-01,SKU00586,26
2026-03-01,SKU00588,105
2026-03-01,SKU00589,48
2026-03-01,SKU00591,27
2026-03-01,SKU00592,4
2026-03-01,SKU00593,14
2026-03-01,SKU00595,25
2026-03-01,SKU00596,14
2026-03-01,SKU00597,38
2026-03-01,SKU00598,24
2026-03-01,SKU00600,48
2026-03-01,SKU00601,83
2026-03-01,SKU00603,23
2026-03-01,SKU00604,23
2026-03-01,SKU00605,502
2026-03-01,SKU00606,44
2026-03-01,SKU00607,88
2026-03-01,SKU00608,11
2026-03-01,SKU00609,9
2026-03-01,SKU00610,2
2026-03-01,SKU00611,55
2026-03-01,SKU00612,35
2026-03-01,SKU00613,23
2026-03-01,SKU00614,14
2026-03-01,SKU00616,52
2026-03-01,SKU00617,14
2026-03-01,SKU00618,60
2026-03-01,SKU00619,38
2026-03-01,SKU00620,19
2026-03-01,SKU00621,10
2026-03-01,SKU00622,28
2026-03-01,SKU00623,21
2026-03-01,SKU00624,37
2026-03-01,SKU00625,47
2026-03-01,SKU00626,22
2026-03-01,SKU00627,36
2026-03-01,SKU00628,173
2026-03-01,SKU00629,42
2026-03-01,SKU00630,32
2026-03-01,SKU00631,12
2026-03-01,SKU00632,15
2026-03-01,SKU00633,161
2026-03-01,SKU00634,51
2026-03-01,SKU00637,27
2026-03-01,SKU00638,11
2026-03-01,SKU00639,16
2026-03-01,SKU00640,135
2026-03-01,SKU00641,5
2026-03-01,SKU00642,69
2026-03-01,SKU00644,19
2026-03-01,SKU00645,182
2026-03-01,SKU00646,68
2026-03-01,SKU00648,33
2026-03-01,SKU00649,175
2026-03-01,SKU00650,116
2026-03-01,SKU00651,149
2026-03-01,SKU00652,71
2026-03-01,SKU00653,79
2026-03-01,SKU00654,29
2026-03-01,SKU00655,42
2026-03-01,SKU00656,25
2026-03-01,SKU00658,3
2026-03-01,SKU00659,39
2026-03-01,SKU00660,15
2026-03-01,SKU00661,177
2026-03-01,SKU00662,103
2026-03-01,SKU00663,67
2026-03-01,SKU00664,226
2026-03-01,SKU00665,23
2026-03-01,SKU00667,13
2026-03-01,SKU00668,158
2026-03-01,SKU00669,127
2026-03-01,SKU00670,5
2026-03-01,SKU00673,162
2026-03-01,SKU00674,27
2026-03-01,SKU00676,20
2026-03-01,SKU00677,122
2026-03-01,SKU00678,197
2026-03-01,SKU00680,57
2026-03-01,SKU00681,322
2026-03-01,SKU00682,11
2026-03-01,SKU00683,58
2026-03-01,SKU00684,50
2026-03-01,SKU00685,34
2026-03-01,SKU00686,11
2026-03-01,SKU00687,110
2026-03-01,SKU00688,151
2026-03-01,SKU00689,248
2026-03-01,SKU00690,26
2026-03-01,SKU00691,34
2026-03-01,SKU00692,15
2026-03-01,SKU00693,38
2026-03-01,SKU00695,24
2026-03-01,SKU00696,67
2026-03-01,SKU00697,43
2026-03-01,SKU00698,16
2026-03-01,SKU00700,66
2026-03-01,SKU00701,34
2026-03-01,SKU00702,76
2026-03-01,SKU00703,22
2026-03-01,SKU00704,22
2026-03-01,SKU00705,97
2026-03-01,SKU00706,44
2026-03-01,SKU00708,50
2026-03-01,SKU00709,29
2026-03-01,SKU00710,86
2026-03-01,SKU00711,34
2026-03-01,SKU00713,17
2026-03-01,SKU00715,27
2026-03-01,SKU00716,41
2026-03-01,SKU00717,97
2026-03-01,SKU00718,54
2026-03-01,SKU00719,171
2026-03-01,SKU00720,274
2026-03-01,SKU00721,62
2026-03-01,SKU00722,95
2026-03-01,SKU00723,318
2026-03-01,SKU00724,22
2026-03-01,SKU00727,18
2026-03-01,SKU00728,54
2026-03-01,SKU00730,91
2026-03-01,SKU00731,49
2026-03-01,SKU00732,171
2026-03-01,SKU00734,39
2026-03-01,SKU00735,376
2026-03-01,SKU00737,123
2026-03-01,SKU00738,14
2026-03-01,SKU00739,199
2026-03-01,SKU00740,17
2026-03-01,SKU00742,12
2026-03-01,SKU00743,89
2026-03-01,SKU00744,48
2026-03-01,SKU00746,120
2026-03-01,SKU00747,22
2026-03-01,SKU00748,63
2026-03-01,SKU00749,11
2026-03-01,SKU00750,50
2026-03-01,SKU00751,114
2026-03-01,SKU00752,121
2026-03-01,SKU00753,39
2026-03-01,SKU00755,56
2026-03-01,SKU00758,6
2026-03-01,SKU00759,71
2026-03-01,SKU00760,90
2026-03-01,SKU00761,29
2026-03-01,SKU00762,14
2026-03-01,SKU00763,18
2026-03-01,SKU00764,17
2026-03-01,SKU00765,90
2026-03-01,SKU00767,40
2026-03-01,SKU00768,23
2026-03-01,SKU00770,17
2026-03-01,SKU00772,105
2026-03-01,SKU00773,161
2026-03-01,SKU00774,114
2026-03-01,SKU00775,19
2026-03-01,SKU00776,32
2026-03-01,SKU00777,38
2026-03-01,SKU00778,122
2026-03-01,SKU00779,23
2026-03-01,SKU00780,97
2026-03-01,SKU00781,54
2026-03-01,SKU00782,9
2026-03-01,SKU00783,73
2026-03-01,SKU00784,45
2026-03-01,SKU00785,83
2026-03-01,SKU00789,18
2026-03-01,SKU00790,47
2026-03-01,SKU00791,64
2026-03-01,SKU00792,100
2026-03-01,SKU00793,23
2026-03-01,SKU00794,107
2026-03-01,SKU00795,12
2026-03-01,SKU00796,7
2026-03-01,SKU00797,95
2026-03-01,SKU00798,2
2026-03-01,SKU00799,20
2026-04-01,SKU00001,72
2026-04-01,SKU00002,171
2026-04-01,SKU00004,188
2026-04-01,SKU00005,19
2026-04-01,SKU00006,50
2026-04-01,SKU00007,25
2026-04-01,SKU00008,45
2026-04-01,SKU00009,114
2026-04-01,SKU00010,49
2026-04-01,SKU00013,164
2026-04-01,SKU00015,30
2026-04-01,SKU00016,44
2026-04-01,SKU00018,100
2026-04-01,SKU00019,40
2026-04-01,SKU00022,14
2026-04-01,SKU00024,7
2026-04-01,SKU00025,69
2026-04-01,SKU00026,148
2026-04-01,SKU00029,15
2026-04-01,SKU00030,31
2026-04-01,SKU00032,443
2026-04-01,SKU00034,17
2026-04-01,SKU00035,11
2026-04-01,SKU00036,20
2026-04-01,SKU00037,17
2026-04-01,SKU00038,107
2026-04-01,SKU00039,21
2026-04-01,SKU00040,115
2026-04-01,SKU00041,21
2026-04-01,SKU00042,64
2026-04-01,SKU00043,39
2026-04-01,SKU00045,8
2026-04-01,SKU00046,9
2026-04-01,SKU00047,18
2026-04-01,SKU00048,47
2026-04-01,SKU00049,114
2026-04-01,SKU00051,1
2026-04-01,SKU00052,0
2026-04-01,SKU00053,10
2026-04-01,SKU00054,28
2026-04-01,SKU00055,1
2026-04-01,SKU00058,73
2026-04-01,SKU00059,17
2026-04-01,SKU00061,64
2026-04-01,SKU00062,70
2026-04-01,SKU00063,48
2026-04-01,SKU00065,91
2026-04-01,SKU00066,48
2026-04-01,SKU00067,75
2026-04-01,SKU00068,131
2026-04-01,SKU00071,27
2026-04-01,SKU00072,81
2026-04-01,SKU00073,100
2026-04-01,SKU00074,165
2026-04-01,SKU00075,12
2026-04-01,SKU00076,205
2026-04-01,SKU00077,119
2026-04-01,SKU00080,22
2026-04-01,SKU00081,36
2026-04-01,SKU00082,5
2026-04-01,SKU00083,17
2026-04-01,SKU00084,34
2026-04-01,SKU00086,86
2026-04-01,SKU00087,41
2026-04-01,SKU00089,58
2026-04-01,SKU00091,30
2026-04-01,SKU00093,62
2026-04-01,SKU00095,17
2026-04-01,SKU00096,23
2026-04-01,SKU00097,92
2026-04-01,SKU00098,24
2026-04-01,SKU00100,98
2026-04-01,SKU00101,68
2026-04-01,SKU00103,15
2026-04-01,SKU00104,81
2026-04-01,SKU00105,20
2026-04-01,SKU00106,0
2026-04-01,SKU00107,7
2026-04-01,SKU00109,8
2026-04-01,SKU00110,124
2026-04-01,SKU00113,173
2026-04-01,SKU00114,21
2026-04-01,SKU00115,15
2026-04-01,SKU00117,34
2026-04-01,SKU00118,3
2026-04-01,SKU00119,67
2026-04-01,SKU00120,83
2026-04-01,SKU00121,54
2026-04-01,SKU00122,28
2026-04-01,SKU00123,151
2026-04-01,SKU00127,141
2026-04-01,SKU00130,45
2026-04-01,SKU00131,72
2026-04-01,SKU00132,60
2026-04-01,SKU00133,39
2026-04-01,SKU00134,5
2026-04-01,SKU00135,40
2026-04-01,SKU00136,319
2026-04-01,SKU00138,34
2026-04-01,SKU00139,53
2026-04-01,SKU00140,0
2026-04-01,SKU00141,75
2026-04-01,SKU00142,28
2026-04-01,SKU00143,144
2026-04-01,SKU00144,75
2026-04-01,SKU00145,140
2026-04-01,SKU00146,52
2026-04-01,SKU00148,74
2026-04-01,SKU00149,6
2026-04-01,SKU00150,43
2026-04-01,SKU00151,15
2026-04-01,SKU00152,187
2026-04-01,SKU00153,86
2026-04-01,SKU00154,206
2026-04-01,SKU00155,19
2026-04-01,SKU00156,309
2026-04-01,SKU00158,17
2026-04-01,SKU00159,72
2026-04-01,SKU00160,7
2026-04-01,SKU00161,25
2026-04-01,SKU00162,5
2026-04-01,SKU00163,30
2026-04-01,SKU00164,56
2026-04-01,SKU00165,20
2026-04-01,SKU00166,23
2026-04-01,SKU00167,79
2026-04-01,SKU00168,11
2026-04-01,SKU00169,17
2026-04-01,SKU00170,9
2026-04-01,SKU00173,41
2026-04-01,SKU00174,0
2026-04-01,SKU00175,29
2026-04-01,SKU00176,108
2026-04-01,SKU00177,9
2026-04-01,SKU00178,135
2026-04-01,SKU00179,83
2026-04-01,SKU00180,80
2026-04-01,SKU00181,135
2026-04-01,SKU00182,40
2026-04-01,SKU00183,13
2026-04-01,SKU00184,45
2026-04-01,SKU00187,16
2026-04-01,SKU00188,18
2026-04-01,SKU00189,68
2026-04-01,SKU00190,261
2026-04-01,SKU00192,11
2026-04-01,SKU00193,8
2026-04-01,SKU00194,116
2026-04-01,SKU00195,54
2026-04-01,SKU00196,135
2026-04-01,SKU00199,69
2026-04-01,SKU00200,13
2026-04-01,SKU00201,48
2026-04-01,SKU00202,108
2026-04-01,SKU00203,51
2026-04-01,SKU00204,382
2026-04-01,SKU00206,19
2026-04-01,SKU00207,6
2026-04-01,SKU00208,12
2026-04-01,SKU00209,113
2026-04-01,SKU00210,24
2026-04-01,SKU00211,50
2026-04-01,SKU00212,25
2026-04-01,SKU00215,7
2026-04-01,SKU00217,22
2026-04-01,SKU00218,113
2026-04-01,SKU00220,35
2026-04-01,SKU00222,9
2026-04-01,SKU00223,11
2026-04-01,SKU00224,21
2026-04-01,SKU00225,24
2026-04-01,SKU00226,11
2026-04-01,SKU00227,28
2026-04-01,SKU00228,105
2026-04-01,SKU00229,19
2026-04-01,SKU00230,23
2026-04-01,SKU00231,20
2026-04-01,SKU00232,5
2026-04-01,SKU00233,43
2026-04-01,SKU00234,9
2026-04-01,SKU00235,42
2026-04-01,SKU00236,62
2026-04-01,SKU00238,117
2026-04-01,SKU00240,14
2026-04-01,SKU00242,69
2026-04-01,SKU00243,95
2026-04-01,SKU00246,0
2026-04-01,SKU00247,27
2026-04-01,SKU00248,6
2026-04-01,SKU00249,51
2026-04-01,SKU00250,219
2026-04-01,SKU00251,72
2026-04-01,SKU00252,41
2026-04-01,SKU00253,8
2026-04-01,SKU00255,49
2026-04-01,SKU00256,43
2026-04-01,SKU00258,18
2026-04-01,SKU00259,230
2026-04-01,SKU00260,40
2026-04-01,SKU00261,10
2026-04-01,SKU00263,16
2026-04-01,SKU00264,10
2026-04-01,SKU00265,124
2026-04-01,SKU00266,44
2026-04-01,SKU00267,12
2026-04-01,SKU00268,165
2026-04-01,SKU00269,35
2026-04-01,SKU00271,75
2026-04-01,SKU00272,1
2026-04-01,SKU00273,65
2026-04-01,SKU00274,99
2026-04-01,SKU00276,16
2026-04-01,SKU00277,42
2026-04-01,SKU00278,100
2026-04-01,SKU00279,112
2026-04-01,SKU00280,9
2026-04-01,SKU00281,218
2026-04-01,SKU00282,29
2026-04-01,SKU00283,24
2026-04-01,SKU00284,40
2026-04-01,SKU00286,46
2026-04-01,SKU00287,22
2026-04-01,SKU00288,0
2026-04-01,SKU00289,18
2026-04-01,SKU00291,80
2026-04-01,SKU00292,8
2026-04-01,SKU00293,10
2026-04-01,SKU00294,4
2026-04-01,SKU00295,291
2026-04-01,SKU00296,142
2026-04-01,SKU00297,28
2026-04-01,SKU00298,72
2026-04-01,SKU00299,21
2026-04-01,SKU00300,14
2026-04-01,SKU00301,29
2026-04-01,SKU00302,68
2026-04-01,SKU00304,149
2026-04-01,SKU00305,27
2026-04-01,SKU00308,144
2026-04-01,SKU00309,31
2026-04-01,SKU00310,56
2026-04-01,SKU00311,93
2026-04-01,SKU00312,23
2026-04-01,SKU00313,198
2026-04-01,SKU00314,408
2026-04-01,SKU00316,22
2026-04-01,SKU00317,41
2026-04-01,SKU00319,14
2026-04-01,SKU00320,139
2026-04-01,SKU00321,24
2026-04-01,SKU00322,71
2026-04-01,SKU00323,36
2026-04-01,SKU00324,48
2026-04-01,SKU00325,27
2026-04-01,SKU00327,107
2026-04-01,SKU00328,61
2026-04-01,SKU00330,155
2026-04-01,SKU00331,10
2026-04-01,SKU00332,25
2026-04-01,SKU00333,81
2026-04-01,SKU00334,346
2026-04-01,SKU00335,10
2026-04-01,SKU00336,41
2026-04-01,SKU00337,83
2026-04-01,SKU00338,23
2026-04-01,SKU00339,8
2026-04-01,SKU00340,261
2026-04-01,SKU00341,231
2026-04-01,SKU00343,60
2026-04-01,SKU00344,282
2026-04-01,SKU00347,23
2026-04-01,SKU00348,34
2026-04-01,SKU00350,16
2026-04-01,SKU00351,51
2026-04-01,SKU00352,37
2026-04-01,SKU00354,206
2026-04-01,SKU00355,4
2026-04-01,SKU00356,75
2026-04-01,SKU00357,17
2026-04-01,SKU00358,15
2026-04-01,SKU00359,16
2026-04-01,SKU00361,23
2026-04-01,SKU00363,96
2026-04-01,SKU00364,9
2026-04-01,SKU00365,22
2026-04-01,SKU00366,23
2026-04-01,SKU00367,103
2026-04-01,SKU00368,10
2026-04-01,SKU00369,233
2026-04-01,SKU00371,213
2026-04-01,SKU00372,39
2026-04-01,SKU00373,257
2026-04-01,SKU00374,49
2026-04-01,SKU00375,194
2026-04-01,SKU00376,118
2026-04-01,SKU00378,0
2026-04-01,SKU00380,21
2026-04-01,SKU00381,43
2026-04-01,SKU00383,354
2026-04-01,SKU00384,9
2026-04-01,SKU00386,55
2026-04-01,SKU00388,38
2026-04-01,SKU00389,56
2026-04-01,SKU00391,21
2026-04-01,SKU00392,5
2026-04-01,SKU00393,74
2026-04-01,SKU00395,48
2026-04-01,SKU00396,9
2026-04-01,SKU00398,180
2026-04-01,SKU00399,106
2026-04-01,SKU00400,54
2026-04-01,SKU00401,21
2026-04-01,SKU00403,46
2026-04-01,SKU00404,29
2026-04-01,SKU00405,109
2026-04-01,SKU00406,47
2026-04-01,SKU00407,98
2026-04-01,SKU00409,7
2026-04-01,SKU00410,92
2026-04-01,SKU00411,21
2026-04-01,SKU00413,13
2026-04-01,SKU00414,266
2026-04-01,SKU00415,34
2026-04-01,SKU00416,24
2026-04-01,SKU00417,420
2026-04-01,SKU00418,10
2026-04-01,SKU00419,17
2026-04-01,SKU00422,27
2026-04-01,SKU00424,52
2026-04-01,SKU00425,13
2026-04-01,SKU00426,66
2026-04-01,SKU00427,16
2026-04-01,SKU00428,3
2026-04-01,SKU00429,229
2026-04-01,SKU00430,37
2026-04-01,SKU00431,64
2026-04-01,SKU00432,34
2026-04-01,SKU00433,73
2026-04-01,SKU00434,14
2026-04-01,SKU00435,14
2026-04-01,SKU00437,13
2026-04-01,SKU00438,9
2026-04-01,SKU00439,14
2026-04-01,SKU00441,14
2026-04-01,SKU00443,4
2026-04-01,SKU00444,33
2026-04-01,SKU00446,65
2026-04-01,SKU00447,544
2026-04-01,SKU00448,33
2026-04-01,SKU00452,17
2026-04-01,SKU00453,43
2026-04-01,SKU00454,36
2026-04-01,SKU00455,159
2026-04-01,SKU00456,37
2026-04-01,SKU00457,103
2026-04-01,SKU00458,40
2026-04-01,SKU00459,72
2026-04-01,SKU00460,126
2026-04-01,SKU00461,0
2026-04-01,SKU00462,56
2026-04-01,SKU00464,102
2026-04-01,SKU00465,31
2026-04-01,SKU00466,51
2026-04-01,SKU00469,2
2026-04-01,SKU00470,8
2026-04-01,SKU00471,56
2026-04-01,SKU00472,8
2026-04-01,SKU00473,86
2026-04-01,SKU00474,124
2026-04-01,SKU00475,24
2026-04-01,SKU00476,19
2026-04-01,SKU00477,45
2026-04-01,SKU00478,43
2026-04-01,SKU00481,54
2026-04-01,SKU00483,27
2026-04-01,SKU00484,10
2026-04-01,SKU00485,49
2026-04-01,SKU00486,20
2026-04-01,SKU00488,77
2026-04-01,SKU00489,80
2026-04-01,SKU00490,59
2026-04-01,SKU00491,72
2026-04-01,SKU00492,69
2026-04-01,SKU00493,32
2026-04-01,SKU00497,57
2026-04-01,SKU00499,14
2026-04-01,SKU00500,28
2026-04-01,SKU00501,12
2026-04-01,SKU00502,17
2026-04-01,SKU00503,13
2026-04-01,SKU00506,28
2026-04-01,SKU00507,299
2026-04-01,SKU00508,96
2026-04-01,SKU00509,65
2026-04-01,SKU00510,85
2026-04-01,SKU00511,25
2026-04-01,SKU00512,70
2026-04-01,SKU00513,35
2026-04-01,SKU00515,20
2026-04-01,SKU00517,37
2026-04-01,SKU00518,39
2026-04-01,SKU00520,5
2026-04-01,SKU00521,4
2026-04-01,SKU00522,16
2026-04-01,SKU00524,27
2026-04-01,SKU00525,20
2026-04-01,SKU00526,346
2026-04-01,SKU00527,22
2026-04-01,SKU00528,47
2026-04-01,SKU00529,334
2026-04-01,SKU00530,257
2026-04-01,SKU00531,49
2026-04-01,SKU00533,106
2026-04-01,SKU00535,26
2026-04-01,SKU00536,32
2026-04-01,SKU00537,135
2026-04-01,SKU00538,9
2026-04-01,SKU00539,6
2026-04-01,SKU00540,84
2026-04-01,SKU00541,62
2026-04-01,SKU00542,39
2026-04-01,SKU00543,39
2026-04-01,SKU00544,72
2026-04-01,SKU00545,16
2026-04-01,SKU00546,173
2026-04-01,SKU00547,48
2026-04-01,SKU00548,43
2026-04-01,SKU00549,25
2026-04-01,SKU00550,5
2026-04-01,SKU00551,14
2026-04-01,SKU00552,30
2026-04-01,SKU00553,23
2026-04-01,SKU00556,127
2026-04-01,SKU00557,25
2026-04-01,SKU00558,15
2026-04-01,SKU00559,56
2026-04-01,SKU00560,98
2026-04-01,SKU00561,16
2026-04-01,SKU00562,58
2026-04-01,SKU00563,162
2026-04-01,SKU00564,39
2026-04-01,SKU00565,39
2026-04-01,SKU00566,129
2026-04-01,SKU00567,38
2026-04-01,SKU00568,12
2026-04-01,SKU00569,133
2026-04-01,SKU00570,19
2026-04-01,SKU00571,30
2026-04-01,SKU00572,23
2026-04-01,SKU00573,78
2026-04-01,SKU00574,92
2026-04-01,SKU00577,93
2026-04-01,SKU00578,21
2026-04-01,SKU00579,34
2026-04-01,SKU00581,46
2026-04-01,SKU00582,34
2026-04-01,SKU00583,40
2026-04-01,SKU00586,43
2026-04-01,SKU00588,79
2026-04-01,SKU00589,56
2026-04-01,SKU00591,26
2026-04-01,SKU00592,14
2026-04-01,SKU00593,14
2026-04-01,SKU00595,25
2026-04-01,SKU00596,21
2026-04-01,SKU00597,31
2026-04-01,SKU00598,34
2026-04-01,SKU00600,31
2026-04-01,SKU00601,111
2026-04-01,SKU00603,30
2026-04-01,SKU00604,7
2026-04-01,SKU00605,536
2026-04-01,SKU00606,53
2026-04-01,SKU00607,233
2026-04-01,SKU00608,8
2026-04-01,SKU00609,13
2026-04-01,SKU00610,10
2026-04-01,SKU00611,49
2026-04-01,SKU00612,42
2026-04-01,SKU00613,21
2026-04-01,SKU00614,10
2026-04-01,SKU00616,35
2026-04-01,SKU00617,17
2026-04-01,SKU00618,79
2026-04-01,SKU00619,59
2026-04-01,SKU00620,24
2026-04-01,SKU00621,3
2026-04-01,SKU00622,23
2026-04-01,SKU00623,31
2026-04-01,SKU00624,39
2026-04-01,SKU00625,36
2026-04-01,SKU00626,45
2026-04-01,SKU00627,67
2026-04-01,SKU00628,84
2026-04-01,SKU00629,22
2026-04-01,SKU00630,26
2026-04-01,SKU00631,13
2026-04-01,SKU00632,16
2026-04-01,SKU00633,239
2026-04-01,SKU00634,25
2026-04-01,SKU00637,30
2026-04-01,SKU00638,11
2026-04-01,SKU00639,23
2026-04-01,SKU00640,116
2026-04-01,SKU00641,24
2026-04-01,SKU00642,90
2026-04-01,SKU00644,21
2026-04-01,SKU00645,115
2026-04-01,SKU00646,62
2026-04-01,SKU00648,15
2026-04-01,SKU00649,304
2026-04-01,SKU00650,167
2026-04-01,SKU00651,197
2026-04-01,SKU00652,81
2026-04-01,SKU00653,108
2026-04-01,SKU00654,33
2026-04-01,SKU00655,42
2026-04-01,SKU00656,23
2026-04-01,SKU00658,8
2026-04-01,SKU00659,33
2026-04-01,SKU00660,31
2026-04-01,SKU00661,218
2026-04-01,SKU00662,93
2026-04-01,SKU00663,65
2026-04-01,SKU00664,236
2026-04-01,SKU00665,46
2026-04-01,SKU00667,7
2026-04-01,SKU00668,259
2026-04-01,SKU00669,159
2026-04-01,SKU00670,5
2026-04-01,SKU00673,227
2026-04-01,SKU00674,37
2026-04-01,SKU00676,23
2026-04-01,SKU00677,136
2026-04-01,SKU00678,151
2026-04-01,SKU00680,52
2026-04-01,SKU00681,393
2026-04-01,SKU00682,12
2026-04-01,SKU00683,91
2026-04-01,SKU00684,47
2026-04-01,SKU00685,39
2026-04-01,SKU00686,13
2026-04-01,SKU00687,65
2026-04-01,SKU00688,190
2026-04-01,SKU00689,260
2026-04-01,SKU00690,13
2026-04-01,SKU00691,27
2026-04-01,SKU00692,20
2026-04-01,SKU00693,48
2026-04-01,SKU00695,10
2026-04-01,SKU00696,102
2026-04-01,SKU00697,74
2026-04-01,SKU00698,4
2026-04-01,SKU00700,43
2026-04-01,SKU00701,39
2026-04-01,SKU00702,66
2026-04-01,SKU00703,15
2026-04-01,SKU00704,7
2026-04-01,SKU00705,63
2026-04-01,SKU00706,64
2026-04-01,SKU00708,34
2026-04-01,SKU00709,32
2026-04-01,SKU00710,81
2026-04-01,SKU00711,49
2026-04-01,SKU00713,17
2026-04-01,SKU00715,31
2026-04-01,SKU00716,31
2026-04-01,SKU00717,136
2026-04-01,SKU00718,57
2026-04-01,SKU00719,107
2026-04-01,SKU00720,286
2026-04-01,SKU00721,89
2026-04-01,SKU00722,112
2026-04-01,SKU00723,273
2026-04-01,SKU00724,10
2026-04-01,SKU00727,13
2026-04-01,SKU00728,51
2026-04-01,SKU00730,53
2026-04-01,SKU00731,42
2026-04-01,SKU00732,177
2026-04-01,SKU00734,38
2026-04-01,SKU00735,263
2026-04-01,SKU00737,133
2026-04-01,SKU00738,8
2026-04-01,SKU00739,402
2026-04-01,SKU00740,37
2026-04-01,SKU00742,39
2026-04-01,SKU00743,92
2026-04-01,SKU00744,48
2026-04-01,SKU00746,137
2026-04-01,SKU00747,40
2026-04-01,SKU00748,46
2026-04-01,SKU00749,5
2026-04-01,SKU00750,91
2026-04-01,SKU00751,109
2026-04-01,SKU00752,96
2026-04-01,SKU00753,39
2026-04-01,SKU00755,39
2026-04-01,SKU00758,7
2026-04-01,SKU00759,120
2026-04-01,SKU00760,54
2026-04-01,SKU00761,44
2026-04-01,SKU00762,31
2026-04-01,SKU00763,26
2026-04-01,SKU00764,10
2026-04-01,SKU00765,45
2026-04-01,SKU00767,26
2026-04-01,SKU00768,6
2026-04-01,SKU00770,20
2026-04-01,SKU00772,75
2026-04-01,SKU00773,90
2026-04-01,SKU00774,93
2026-04-01,SKU00775,24
2026-04-01,SKU00776,37
2026-04-01,SKU00777,56
2026-04-01,SKU00778,70
2026-04-01,SKU00779,59
2026-04-01,SKU00780,85
2026-04-01,SKU00781,43
2026-04-01,SKU00782,30
2026-04-01,SKU00783,73
2026-04-01,SKU00784,38
2026-04-01,SKU00785,90
2026-04-01,SKU00789,11
2026-04-01,SKU00790,42
2026-04-01,SKU00791,35
2026-04-01,SKU00792,89
2026-04-01,SKU00793,26
2026-04-01,SKU00794,120
2026-04-01,SKU00795,10
2026-04-01,SKU00796,20
2026-04-01,SKU00797,64
2026-04-01,SKU00798,25
2026-04-01,SKU00799,10
2026-05-01,SKU00001,46
2026-05-01,SKU00002,143
2026-05-01,SKU00004,235
2026-05-01,SKU00005,26
2026-05-01,SKU00006,98
2026-05-01,SKU00007,11
2026-05-01,SKU00008,38
2026-05-01,SKU00009,198
2026-05-01,SKU00010,49
2026-05-01,SKU00013,192
2026-05-01,SKU00015,40
2026-05-01,SKU00016,32
2026-05-01,SKU00018,74
2026-05-01,SKU00019,53
2026-05-01,SKU00022,27
2026-05-01,SKU00024,15
2026-05-01,SKU00025,49
2026-05-01,SKU00026,154
2026-05-01,SKU00029,2
2026-05-01,SKU00030,31
2026-05-01,SKU00032,426
2026-05-01,SKU00034,15
2026-05-01,SKU00035,30
2026-05-01,SKU00036,38
2026-05-01,SKU00037,19
2026-05-01,SKU00038,187
2026-05-01,SKU00039,23
2026-05-01,SKU00040,208
2026-05-01,SKU00041,10
2026-05-01,SKU00042,69
2026-05-01,SKU00043,66
2026-05-01,SKU00045,9
2026-05-01,SKU00046,10
2026-05-01,SKU00047,8
2026-05-01,SKU00048,35
2026-05-01,SKU00049,126
2026-05-01,SKU00051,1
2026-05-01,SKU00052,0
2026-05-01,SKU00053,27
2026-05-01,SKU00054,64
2026-05-01,SKU00055,16
2026-05-01,SKU00058,98
2026-05-01,SKU00059,6
2026-05-01,SKU00061,68
2026-05-01,SKU00062,48
2026-05-01,SKU00063,44
2026-05-01,SKU00065,122
2026-05-01,SKU00066,28
2026-05-01,SKU00067,88
2026-05-01,SKU00068,123
2026-05-01,SKU00071,32
2026-05-01,SKU00072,121
2026-05-01,SKU00073,190
2026-05-01,SKU00074,182
2026-05-01,SKU00075,8
2026-05-01,SKU00076,217
2026-05-01,SKU00077,79
2026-05-01,SKU00080,27
2026-05-01,SKU00081,50
2026-05-01,SKU00082,11
2026-05-01,SKU00083,40
2026-05-01,SKU00084,30
2026-05-01,SKU00086,66
2026-05-01,SKU00087,39
2026-05-01,SKU00089,40
2026-05-01,SKU00091,26
2026-05-01,SKU00093,45
2026-05-01,SKU00095,1
2026-05-01,SKU00096,19
2026-05-01,SKU00097,105
2026-05-01,SKU00098,25
2026-05-01,SKU00100,60
2026-05-01,SKU00101,98
2026-05-01,SKU00103,9
2026-05-01,SKU00104,61
2026-05-01,SKU00105,26
2026-05-01,SKU00106,0
2026-05-01,SKU00107,11
2026-05-01,SKU00109,28
2026-05-01,SKU00110,128
2026-05-01,SKU00113,169
2026-05-01,SKU00114,15
2026-05-01,SKU00115,6
2026-05-01,SKU00117,56
2026-05-01,SKU00118,14
2026-05-01,SKU00119,71
2026-05-01,SKU00120,70
2026-05-01,SKU00121,85
2026-05-01,SKU00122,38
2026-05-01,SKU00123,213
2026-05-01,SKU00127,98
2026-05-01,SKU00130,13
2026-05-01,SKU00131,74
2026-05-01,SKU00132,65
2026-05-01,SKU00133,51
2026-05-01,SKU00134,22
2026-05-01,SKU00135,109
2026-05-01,SKU00136,451
2026-05-01,SKU00138,35
2026-05-01,SKU00139,102
2026-05-01,SKU00140,0
2026-05-01,SKU00141,104
2026-05-01,SKU00142,18
2026-05-01,SKU00143,116
2026-05-01,SKU00144,90
2026-05-01,SKU00145,148
2026-05-01,SKU00146,45
2026-05-01,SKU00148,47
2026-05-01,SKU00149,4
2026-05-01,SKU00150,50
2026-05-01,SKU00151,23
2026-05-01,SKU00152,166
2026-05-01,SKU00153,76
2026-05-01,SKU00154,122
2026-05-01,SKU00155,34
2026-05-01,SKU00156,258
2026-05-01,SKU00158,27
2026-05-01,SKU00159,44
2026-05-01,SKU00160,7
2026-05-01,SKU00161,24
2026-05-01,SKU00162,0
2026-05-01,SKU00163,14
2026-05-01,SKU00164,38
2026-05-01,SKU00165,45
2026-05-01,SKU00166,24
2026-05-01,SKU00167,120
2026-05-01,SKU00168,14
2026-05-01,SKU00169,21
2026-05-01,SKU00170,14
2026-05-01,SKU00173,65
2026-05-01,SKU00174,8
2026-05-01,SKU00175,26
2026-05-01,SKU00176,79
2026-05-01,SKU00177,21
2026-05-01,SKU00178,191
2026-05-01,SKU00179,100
2026-05-01,SKU00180,141
2026-05-01,SKU00181,85
2026-05-01,SKU00182,38
2026-05-01,SKU00183,0
2026-05-01,SKU00184,25
2026-05-01,SKU00187,0
2026-05-01,SKU00188,25
2026-05-01,SKU00189,69
2026-05-01,SKU00190,234
2026-05-01,SKU00192,7
2026-05-01,SKU00193,5
2026-05-01,SKU00194,146
2026-05-01,SKU00195,68
2026-05-01,SKU00196,246
2026-05-01,SKU00199,48
2026-05-01,SKU00200,21
2026-05-01,SKU00201,35
2026-05-01,SKU00202,144
2026-05-01,SKU00203,34
2026-05-01,SKU00204,439
2026-05-01,SKU00206,17
2026-05-01,SKU00207,11
2026-05-01,SKU00208,12
2026-05-01,SKU00209,111
2026-05-01,SKU00210,22
2026-05-01,SKU00211,37
2026-05-01,SKU00212,42
2026-05-01,SKU00215,12
2026-05-01,SKU00217,24
2026-05-01,SKU00218,161
2026-05-01,SKU00220,40
2026-05-01,SKU00222,19
2026-05-01,SKU00223,2
2026-05-01,SKU00224,27
2026-05-01,SKU00225,36
2026-05-01,SKU00226,11
2026-05-01,SKU00227,48
2026-05-01,SKU00228,85
2026-05-01,SKU00229,32
2026-05-01,SKU00230,31
2026-05-01,SKU00231,7
2026-05-01,SKU00232,2
2026-05-01,SKU00233,27
2026-05-01,SKU00234,16
2026-05-01,SKU00235,35
2026-05-01,SKU00236,59
2026-05-01,SKU00238,85
2026-05-01,SKU00240,13
2026-05-01,SKU00242,83
2026-05-01,SKU00243,67
2026-05-01,SKU00246,10
2026-05-01,SKU00247,50
2026-05-01,SKU00248,6
2026-05-01,SKU00249,70
2026-05-01,SKU00250,258
2026-05-01,SKU00251,135
2026-05-01,SKU00252,33
2026-05-01,SKU00253,5
2026-05-01,SKU00255,32
2026-05-01,SKU00256,44
2026-05-01,SKU00258,19
2026-05-01,SKU00259,245
2026-05-01,SKU00260,66
2026-05-01,SKU00261,6
2026-05-01,SKU00263,13
2026-05-01,SKU00264,17
2026-05-01,SKU00265,65
2026-05-01,SKU00266,28
2026-05-01,SKU00267,24
2026-05-01,SKU00268,157
2026-05-01,SKU00269,44
2026-05-01,SKU00271,107
2026-05-01,SKU00272,1
2026-05-01,SKU00273,73
2026-05-01,SKU00274,120
2026-05-01,SKU00276,48
2026-05-01,SKU00277,35
2026-05-01,SKU00278,61
2026-05-01,SKU00279,137
2026-05-01,SKU00280,18
2026-05-01,SKU00281,253
2026-05-01,SKU00282,34
2026-05-01,SKU00283,24
2026-05-01,SKU00284,30
2026-05-01,SKU00286,26
2026-05-01,SKU00287,34
2026-05-01,SKU00288,17
2026-05-01,SKU00289,26
2026-05-01,SKU00291,114
2026-05-01,SKU00292,1
2026-05-01,SKU00293,16
2026-05-01,SKU00294,15
2026-05-01,SKU00295,243
2026-05-01,SKU00296,153
2026-05-01,SKU00297,17
2026-05-01,SKU00298,64
2026-05-01,SKU00299,22
2026-05-01,SKU00300,5
2026-05-01,SKU00301,22
2026-05-01,SKU00302,66
2026-05-01,SKU00304,98
2026-05-01,SKU00305,31
2026-05-01,SKU00308,120
2026-05-01,SKU00309,18
2026-05-01,SKU00310,64
2026-05-01,SKU00311,92
2026-05-01,SKU00312,18
2026-05-01,SKU00313,240
2026-05-01,SKU00314,394
2026-05-01,SKU00316,11
2026-05-01,SKU00317,37
2026-05-01,SKU00319,15
2026-05-01,SKU00320,160
2026-05-01,SKU00321,16
2026-05-01,SKU00322,85
2026-05-01,SKU00323,46
2026-05-01,SKU00324,32
2026-05-01,SKU00325,32
2026-05-01,SKU00327,66
2026-05-01,SKU00328,48
2026-05-01,SKU00330,191
2026-05-01,SKU00331,0
2026-05-01,SKU00332,22
2026-05-01,SKU00333,130
2026-05-01,SKU00334,248
2026-05-01,SKU00335,4
2026-05-01,SKU00336,36
2026-05-01,SKU00337,110
2026-05-01,SKU00338,16
2026-05-01,SKU00339,28
2026-05-01,SKU00340,393
2026-05-01,SKU00341,118
2026-05-01,SKU00343,40
2026-05-01,SKU00344,273
2026-05-01,SKU00347,10
2026-05-01,SKU00348,62
2026-05-01,SKU00350,16
2026-05-01,SKU00351,61
2026-05-01,SKU00352,33
2026-05-01,SKU00354,232
2026-05-01,SKU00355,6
2026-05-01,SKU00356,67
2026-05-01,SKU00357,24
2026-05-01,SKU00358,16
2026-05-01,SKU00359,23
2026-05-01,SKU00361,7
2026-05-01,SKU00363,85
2026-05-01,SKU00364,10
2026-05-01,SKU00365,9
2026-05-01,SKU00366,21
2026-05-01,SKU00367,162
2026-05-01,SKU00368,9
2026-05-01,SKU00369,196
2026-05-01,SKU00371,260
2026-05-01,SKU00372,32
2026-05-01,SKU00373,263
2026-05-01,SKU00374,35
2026-05-01,SKU00375,143
2026-05-01,SKU00376,117
2026-05-01,SKU00378,0
2026-05-01,SKU00380,13
2026-05-01,SKU00381,63
2026-05-01,SKU00383,346
2026-05-01,SKU00384,10
2026-05-01,SKU00386,69
2026-05-01,SKU00388,49
2026-05-01,SKU00389,66
2026-05-01,SKU00391,13
2026-05-01,SKU00392,13
2026-05-01,SKU00393,82
2026-05-01,SKU00395,82
2026-05-01,SKU00396,12
2026-05-01,SKU00398,322
2026-05-01,SKU00399,117
2026-05-01,SKU00400,41
2026-05-01,SKU00401,14
2026-05-01,SKU00403,46
2026-05-01,SKU00404,34
2026-05-01,SKU00405,114
2026-05-01,SKU00406,70
2026-05-01,SKU00407,105
2026-05-01,SKU00409,11
2026-05-01,SKU00410,51
2026-05-01,SKU00411,18
2026-05-01,SKU00413,20
2026-05-01,SKU00414,118
2026-05-01,SKU00415,39
2026-05-01,SKU00416,3
2026-05-01,SKU00417,332
2026-05-01,SKU00418,20
2026-05-01,SKU00419,19
2026-05-01,SKU00422,33
2026-05-01,SKU00424,34
2026-05-01,SKU00425,3
2026-05-01,SKU00426,66
2026-05-01,SKU00427,23
2026-05-01,SKU00428,22
2026-05-01,SKU00429,215
2026-05-01,SKU00430,36
2026-05-01,SKU00431,115
2026-05-01,SKU00432,42
2026-05-01,SKU00433,72
2026-05-01,SKU00434,25
2026-05-01,SKU00435,19
2026-05-01,SKU00437,19
2026-05-01,SKU00438,15
2026-05-01,SKU00439,12
2026-05-01,SKU00441,25
2026-05-01,SKU00443,4
2026-05-01,SKU00444,75
2026-05-01,SKU00446,68
2026-05-01,SKU00447,300
2026-05-01,SKU00448,61
2026-05-01,SKU00452,19
2026-05-01,SKU00453,61
2026-05-01,SKU00454,75
2026-05-01,SKU00455,165
2026-05-01,SKU00456,17
2026-05-01,SKU00457,121
2026-05-01,SKU00458,24
2026-05-01,SKU00459,97
2026-05-01,SKU00460,135
2026-05-01,SKU00461,1
2026-05-01,SKU00462,38
2026-05-01,SKU00464,136
2026-05-01,SKU00465,25
2026-05-01,SKU00466,37
2026-05-01,SKU00469,3
2026-05-01,SKU00470,10
2026-05-01,SKU00471,91
2026-05-01,SKU00472,14
2026-05-01,SKU00473,83
2026-05-01,SKU00474,119
2026-05-01,SKU00475,31
2026-05-01,SKU00476,52
2026-05-01,SKU00477,47
2026-05-01,SKU00478,28
2026-05-01,SKU00481,55
2026-05-01,SKU00483,22
2026-05-01,SKU00484,15
2026-05-01,SKU00485,83
2026-05-01,SKU00486,22
2026-05-01,SKU00488,56
2026-05-01,SKU00489,55
2026-05-01,SKU00490,74
2026-05-01,SKU00491,69
2026-05-01,SKU00492,111
2026-05-01,SKU00493,30
2026-05-01,SKU00497,84
2026-05-01,SKU00499,13
2026-05-01,SKU00500,65
2026-05-01,SKU00501,13
2026-05-01,SKU00502,32
2026-05-01,SKU00503,5
2026-05-01,SKU00506,68
2026-05-01,SKU00507,238
2026-05-01,SKU00508,114
2026-05-01,SKU00509,59
2026-05-01,SKU00510,85
2026-05-01,SKU00511,19
2026-05-01,SKU00512,57
2026-05-01,SKU00513,44
2026-05-01,SKU00515,13
2026-05-01,SKU00517,40
2026-05-01,SKU00518,44
2026-05-01,SKU00520,20
2026-05-01,SKU00521,12
2026-05-01,SKU00522,14
2026-05-01,SKU00524,43
2026-05-01,SKU00525,24
2026-05-01,SKU00526,415
2026-05-01,SKU00527,26
2026-05-01,SKU00528,65
2026-05-01,SKU00529,368
2026-05-01,SKU00530,323
2026-05-01,SKU00531,60
2026-05-01,SKU00533,126
2026-05-01,SKU00535,47
2026-05-01,SKU00536,31
2026-05-01,SKU00537,201
2026-05-01,SKU00538,9
2026-05-01,SKU00539,11
2026-05-01,SKU00540,112
2026-05-01,SKU00541,107
2026-05-01,SKU00542,29
2026-05-01,SKU00543,48
2026-05-01,SKU00544,51
2026-05-01,SKU00545,3
2026-05-01,SKU00546,200
2026-05-01,SKU00547,65
2026-05-01,SKU00548,46
2026-05-01,SKU00549,12
2026-05-01,SKU00550,0
2026-05-01,SKU00551,23
2026-05-01,SKU00552,27
2026-05-01,SKU00553,29
2026-05-01,SKU00556,123
2026-05-01,SKU00557,29
2026-05-01,SKU00558,23
2026-05-01,SKU00559,72
2026-05-01,SKU00560,104
2026-05-01,SKU00561,33
2026-05-01,SKU00562,63
2026-05-01,SKU00563,240
2026-05-01,SKU00564,45
2026-05-01,SKU00565,43
2026-05-01,SKU00566,144
2026-05-01,SKU00567,9
2026-05-01,SKU00568,16
2026-05-01,SKU00569,122
2026-05-01,SKU00570,34
2026-05-01,SKU00571,27
2026-05-01,SKU00572,21
2026-05-01,SKU00573,81
2026-05-01,SKU00574,59
2026-05-01,SKU00577,61
2026-05-01,SKU00578,27
2026-05-01,SKU00579,28
2026-05-01,SKU00581,51
2026-05-01,SKU00582,34
2026-05-01,SKU00583,74
2026-05-01,SKU00586,50
2026-05-01,SKU00588,89
2026-05-01,SKU00589,70
2026-05-01,SKU00591,25
2026-05-01,SKU00592,12
2026-05-01,SKU00593,15
2026-05-01,SKU00595,24
2026-05-01,SKU00596,24
2026-05-01,SKU00597,45
2026-05-01,SKU00598,24
2026-05-01,SKU00600,40
2026-05-01,SKU00601,60
2026-05-01,SKU00603,29
2026-05-01,SKU00604,13
2026-05-01,SKU00605,445
2026-05-01,SKU00606,59
2026-05-01,SKU00607,116
2026-05-01,SKU00608,15
2026-05-01,SKU00609,26
2026-05-01,SKU00610,4
2026-05-01,SKU00611,60
2026-05-01,SKU00612,59
2026-05-01,SKU00613,27
2026-05-01,SKU00614,12
2026-05-01,SKU00616,48
2026-05-01,SKU00617,3
2026-05-01,SKU00618,68
2026-05-01,SKU00619,71
2026-05-01,SKU00620,23
2026-05-01,SKU00621,6
2026-05-01,SKU00622,18
2026-05-01,SKU00623,23
2026-05-01,SKU00624,39
2026-05-01,SKU00625,52
2026-05-01,SKU00626,41
2026-05-01,SKU00627,47
2026-05-01,SKU00628,157
2026-05-01,SKU00629,19
2026-05-01,SKU00630,33
2026-05-01,SKU00631,22
2026-05-01,SKU00632,9
2026-05-01,SKU00633,244
2026-05-01,SKU00634,26
2026-05-01,SKU00637,20
2026-05-01,SKU00638,13
2026-05-01,SKU00639,38
2026-05-01,SKU00640,159
2026-05-01,SKU00641,33
2026-05-01,SKU00642,75
2026-05-01,SKU00644,25
2026-05-01,SKU00645,179
2026-05-01,SKU00646,54
2026-05-01,SKU00648,35
2026-05-01,SKU00649,180
2026-05-01,SKU00650,195
2026-05-01,SKU00651,231
2026-05-01,SKU00652,61
2026-05-01,SKU00653,78
2026-05-01,SKU00654,46
2026-05-01,SKU00655,39
2026-05-01,SKU00656,29
2026-05-01,SKU00658,9
2026-05-01,SKU00659,49
2026-05-01,SKU00660,37
2026-05-01,SKU00661,160
2026-05-01,SKU00662,98
2026-05-01,SKU00663,101
2026-05-01,SKU00664,432
2026-05-01,SKU00665,24
2026-05-01,SKU00667,11
2026-05-01,SKU00668,220
2026-05-01,SKU00669,115
2026-05-01,SKU00670,11
2026-05-01,SKU00673,257
2026-05-01,SKU00674,58
2026-05-01,SKU00676,14
2026-05-01,SKU00677,104
2026-05-01,SKU00678,131
2026-05-01,SKU00680,63
2026-05-01,SKU00681,613
2026-05-01,SKU00682,18
2026-05-01,SKU00683,55
2026-05-01,SKU00684,47
2026-05-01,SKU00685,43
2026-05-01,SKU00686,11
2026-05-01,SKU00687,76
2026-05-01,SKU00688,190
2026-05-01,SKU00689,259
2026-05-01,SKU00690,6
2026-05-01,SKU00691,26
2026-05-01,SKU00692,14
2026-05-01,SKU00693,41
2026-05-01,SKU00695,18
2026-05-01,SKU00696,78
2026-05-01,SKU00697,91
2026-05-01,SKU00698,14
2026-05-01,SKU00700,36
2026-05-01,SKU00701,40
2026-05-01,SKU00702,86
2026-05-01,SKU00703,13
2026-05-01,SKU00704,21
2026-05-01,SKU00705,76
2026-05-01,SKU00706,53
2026-05-01,SKU00708,42
2026-05-01,SKU00709,24
2026-05-01,SKU00710,125
2026-05-01,SKU00711,43
2026-05-01,SKU00713,13
2026-05-01,SKU00715,36
2026-05-01,SKU00716,43
2026-05-01,SKU00717,120
2026-05-01,SKU00718,58
2026-05-01,SKU00719,179
2026-05-01,SKU00720,193
2026-05-01,SKU00721,97
2026-05-01,SKU00722,89
2026-05-01,SKU00723,457
2026-05-01,SKU00724,14
2026-05-01,SKU00727,5
2026-05-01,SKU00728,51
2026-05-01,SKU00730,37
2026-05-01,SKU00731,46
2026-05-01,SKU00732,149
2026-05-01,SKU00734,31
2026-05-01,SKU00735,270
2026-05-01,SKU00737,147
2026-05-01,SKU00738,6
2026-05-01,SKU00739,304
2026-05-01,SKU00740,28
2026-05-01,SKU00742,32
2026-05-01,SKU00743,57
2026-05-01,SKU00744,64
2026-05-01,SKU00746,141
2026-05-01,SKU00747,12
2026-05-01,SKU00748,54
2026-05-01,SKU00749,9
2026-05-01,SKU00750,85
2026-05-01,SKU00751,58
2026-05-01,SKU00752,139
2026-05-01,SKU00753,59
2026-05-01,SKU00755,45
2026-05-01,SKU00758,15
2026-05-01,SKU00759,86
2026-05-01,SKU00760,118
2026-05-01,SKU00761,39
2026-05-01,SKU00762,22
2026-05-01,SKU00763,31
2026-05-01,SKU00764,16
2026-05-01,SKU00765,55
2026-05-01,SKU00767,35
2026-05-01,SKU00768,17
2026-05-01,SKU00770,42
2026-05-01,SKU00772,107
2026-05-01,SKU00773,129
2026-05-01,SKU00774,109
2026-05-01,SKU00775,36
2026-05-01,SKU00776,32
2026-05-01,SKU00777,57
2026-05-01,SKU00778,121
2026-05-01,SKU00779,37
2026-05-01,SKU00780,61
2026-05-01,SKU00781,56
2026-05-01,SKU00782,15
2026-05-01,SKU00783,58
2026-05-01,SKU00784,51
2026-05-01,SKU00785,64
2026-05-01,SKU00789,28
2026-05-01,SKU00790,58
2026-05-01,SKU00791,54
2026-05-01,SKU00792,107
2026-05-01,SKU00793,28
2026-05-01,SKU00794,108
2026-05-01,SKU00795,19
2026-05-01,SKU00796,11
2026-05-01,SKU00797,131
2026-05-01,SKU00798,14
2026-05-01,SKU00799,20
2026-06-01,SKU00001,64
2026-06-01,SKU00002,177
2026-06-01,SKU00004,287
2026-06-01,SKU00005,18
2026-06-01,SKU00006,85
2026-06-01,SKU00007,40
2026-06-01,SKU00008,39
2026-06-01,SKU00009,105
2026-06-01,SKU00010,58
2026-06-01,SKU00013,137
2026-06-01,SKU00015,46
2026-06-01,SKU00016,59
2026-06-01,SKU00018,98
2026-06-01,SKU00019,69
2026-06-01,SKU00022,27
2026-06-01,SKU00024,13
2026-06-01,SKU00025,110
2026-06-01,SKU00026,221
2026-06-01,SKU00029,14
2026-06-01,SKU00030,45
2026-06-01,SKU00032,382
2026-06-01,SKU00034,13
2026-06-01,SKU00035,18
2026-06-01,SKU00036,47
2026-06-01,SKU00037,22
2026-06-01,SKU00038,148
2026-06-01,SKU00039,26
2026-06-01,SKU00040,102
2026-06-01,SKU00041,20
2026-06-01,SKU00042,37
2026-06-01,SKU00043,48
2026-06-01,SKU00045,9
2026-06-01,SKU00046,15
2026-06-01,SKU00047,6
2026-06-01,SKU00048,31
2026-06-01,SKU00049,77
2026-06-01,SKU00051,1
2026-06-01,SKU00052,0
2026-06-01,SKU00053,15
2026-06-01,SKU00054,44
2026-06-01,SKU00055,8
2026-06-01,SKU00058,76
2026-06-01,SKU00059,11
2026-06-01,SKU00061,73
2026-06-01,SKU00062,25
2026-06-01,SKU00063,60
2026-06-01,SKU00065,122
2026-06-01,SKU00066,19
2026-06-01,SKU00067,64
2026-06-01,SKU00068,109
2026-06-01,SKU00071,67
2026-06-01,SKU00072,149
2026-06-01,SKU00073,154
2026-06-01,SKU00074,236
2026-06-01,SKU00075,11
2026-06-01,SKU00076,219
2026-06-01,SKU00077,137
2026-06-01,SKU00080,77
2026-06-01,SKU00081,52
2026-06-01,SKU00082,6
2026-06-01,SKU00083,22
2026-06-01,SKU00084,28
2026-06-01,SKU00086,142
2026-06-01,SKU00087,38
2026-06-01,SKU00089,41
2026-06-01,SKU00091,14
2026-06-01,SKU00093,49
2026-06-01,SKU00095,16
2026-06-01,SKU00096,16
2026-06-01,SKU00097,92
2026-06-01,SKU00098,19
2026-06-01,SKU00100,87
2026-06-01,SKU00101,111
2026-06-01,SKU00103,22
2026-06-01,SKU00104,71
2026-06-01,SKU00105,35
2026-06-01,SKU00106,7
2026-06-01,SKU00107,14
2026-06-01,SKU00109,34
2026-06-01,SKU00110,145
2026-06-01,SKU00113,147
2026-06-01,SKU00114,10
2026-06-01,SKU00115,2
2026-06-01,SKU00117,30
2026-06-01,SKU00118,14
2026-06-01,SKU00119,40
2026-06-01,SKU00120,51
2026-06-01,SKU00121,107
2026-06-01,SKU00122,40
2026-06-01,SKU00123,128
2026-06-01,SKU00127,98
2026-06-01,SKU00130,18
2026-06-01,SKU00131,92
2026-06-01,SKU00132,83
2026-06-01,SKU00133,64
2026-06-01,SKU00134,3
2026-06-01,SKU00135,59
2026-06-01,SKU00136,565
2026-06-01,SKU00138,37
2026-06-01,SKU00139,60
2026-06-01,SKU00140,7
2026-06-01,SKU00141,93
2026-06-01,SKU00142,16
2026-06-01,SKU00143,139
2026-06-01,SKU00144,67
2026-06-01,SKU00145,164
2026-06-01,SKU00146,27
2026-06-01,SKU00148,51
2026-06-01,SKU00149,10
2026-06-01,SKU00150,68
2026-06-01,SKU00151,8
2026-06-01,SKU00152,220
2026-06-01,SKU00153,58
2026-06-01,SKU00154,267
2026-06-01,SKU00155,27
2026-06-01,SKU00156,373
2026-06-01,SKU00158,20
2026-06-01,SKU00159,54
2026-06-01,SKU00160,10
2026-06-01,SKU00161,17
2026-06-01,SKU00162,8
2026-06-01,SKU00163,15
2026-06-01,SKU00164,40
2026-06-01,SKU00165,11
2026-06-01,SKU00166,18
2026-06-01,SKU00167,81
2026-06-01,SKU00168,17
2026-06-01,SKU00169,13
2026-06-01,SKU00170,8
2026-06-01,SKU00173,44
2026-06-01,SKU00174,6
2026-06-01,SKU00175,29
2026-06-01,SKU00176,125
2026-06-01,SKU00177,22
2026-06-01,SKU00178,163
2026-06-01,SKU00179,120
2026-06-01,SKU00180,116
2026-06-01,SKU00181,190
2026-06-01,SKU00182,17
2026-06-01,SKU00183,2
2026-06-01,SKU00184,65
2026-06-01,SKU00187,14
2026-06-01,SKU00188,17
2026-06-01,SKU00189,64
2026-06-01,SKU00190,150
2026-06-01,SKU00192,6
2026-06-01,SKU00193,14
2026-06-01,SKU00194,142
2026-06-01,SKU00195,48
2026-06-01,SKU00196,225
2026-06-01,SKU00199,86
2026-06-01,SKU00200,23
2026-06-01,SKU00201,44
2026-06-01,SKU00202,85
2026-06-01,SKU00203,46
2026-06-01,SKU00204,338
2026-06-01,SKU00206,16
2026-06-01,SKU00207,11
2026-06-01,SKU00208,8
2026-06-01,SKU00209,140
2026-06-01,SKU00210,23
2026-06-01,SKU00211,54
2026-06-01,SKU00212,57
2026-06-01,SKU00215,11
2026-06-01,SKU00217,21
2026-06-01,SKU00218,150
2026-06-01,SKU00220,41
2026-06-01,SKU00222,20
2026-06-01,SKU00223,6
2026-06-01,SKU00224,30
2026-06-01,SKU00225,32
2026-06-01,SKU00226,0
2026-06-01,SKU00227,24
2026-06-01,SKU00228,204
2026-06-01,SKU00229,24
2026-06-01,SKU00230,21
2026-06-01,SKU00231,11
2026-06-01,SKU00232,6
2026-06-01,SKU00233,47
2026-06-01,SKU00234,17
2026-06-01,SKU00235,28
2026-06-01,SKU00236,83
2026-06-01,SKU00238,89
2026-06-01,SKU00240,10
2026-06-01,SKU00242,47
2026-06-01,SKU00243,88
2026-06-01,SKU00246,23
2026-06-01,SKU00247,32
2026-06-01,SKU00248,7
2026-06-01,SKU00249,39
2026-06-01,SKU00250,296
2026-06-01,SKU00251,86
2026-06-01,SKU00252,30
2026-06-01,SKU00253,3
2026-06-01,SKU00255,37
2026-06-01,SKU00256,86
2026-06-01,SKU00258,14
2026-06-01,SKU00259,364
2026-06-01,SKU00260,36
2026-06-01,SKU00261,24
2026-06-01,SKU00263,13
2026-06-01,SKU00264,23
2026-06-01,SKU00265,107
2026-06-01,SKU00266,24
2026-06-01,SKU00267,6
2026-06-01,SKU00268,219
2026-06-01,SKU00269,23
2026-06-01,SKU00271,96
2026-06-01,SKU00272,0
2026-06-01,SKU00273,63
2026-06-01,SKU00274,88
2026-06-01,SKU00276,28
2026-06-01,SKU00277,48
2026-06-01,SKU00278,62
2026-06-01,SKU00279,86
2026-06-01,SKU00280,15
2026-06-01,SKU00281,154
2026-06-01,SKU00282,43
2026-06-01,SKU00283,15
2026-06-01,SKU00284,39
2026-06-01,SKU00286,48
2026-06-01,SKU00287,31
2026-06-01,SKU00288,32
2026-06-01,SKU00289,18
2026-06-01,SKU00291,157
2026-06-01,SKU00292,1
2026-06-01,SKU00293,8
2026-06-01,SKU00294,11
2026-06-01,SKU00295,245
2026-06-01,SKU00296,176
2026-06-01,SKU00297,31
2026-06-01,SKU00298,49
2026-06-01,SKU00299,27
2026-06-01,SKU00300,8
2026-06-01,SKU00301,28
2026-06-01,SKU00302,66
2026-06-01,SKU00304,136
2026-06-01,SKU00305,28
2026-06-01,SKU00308,105
2026-06-01,SKU00309,12
2026-06-01,SKU00310,89
2026-06-01,SKU00311,50
2026-06-01,SKU00312,11
2026-06-01,SKU00313,162
2026-06-01,SKU00314,247
2026-06-01,SKU00316,33
2026-06-01,SKU00317,53
2026-06-01,SKU00319,24
2026-06-01,SKU00320,197
2026-06-01,SKU00321,13
2026-06-01,SKU00322,91
2026-06-01,SKU00323,25
2026-06-01,SKU00324,58
2026-06-01,SKU00325,45
2026-06-01,SKU00327,84
2026-06-01,SKU00328,50
2026-06-01,SKU00330,115
2026-06-01,SKU00331,3
2026-06-01,SKU00332,24
2026-06-01,SKU00333,142
2026-06-01,SKU00334,379
2026-06-01,SKU00335,21
2026-06-01,SKU00336,18
2026-06-01,SKU00337,98
2026-06-01,SKU00338,24
2026-06-01,SKU00339,27
2026-06-01,SKU00340,302
2026-06-01,SKU00341,120
2026-06-01,SKU00343,48
2026-06-01,SKU00344,423
2026-06-01,SKU00347,23
2026-06-01,SKU00348,59
2026-06-01,SKU00350,11
2026-06-01,SKU00351,56
2026-06-01,SKU00352,41
2026-06-01,SKU00354,156
2026-06-01,SKU00355,1
2026-06-01,SKU00356,75
2026-06-01,SKU00357,26
2026-06-01,SKU00358,22
2026-06-01,SKU00359,19
2026-06-01,SKU00361,34
2026-06-01,SKU00363,69
2026-06-01,SKU00364,24
2026-06-01,SKU00365,32
2026-06-01,SKU00366,9
2026-06-01,SKU00367,59
2026-06-01,SKU00368,4
2026-06-01,SKU00369,190
2026-06-01,SKU00371,293
2026-06-01,SKU00372,29
2026-06-01,SKU00373,295
2026-06-01,SKU00374,41
2026-06-01,SKU00375,177
2026-06-01,SKU00376,118
2026-06-01,SKU00378,14
2026-06-01,SKU00380,18
2026-06-01,SKU00381,44
2026-06-01,SKU00383,347
2026-06-01,SKU00384,14
2026-06-01,SKU00386,74
2026-06-01,SKU00388,43
2026-06-01,SKU00389,58
2026-06-01,SKU00391,18
2026-06-01,SKU00392,7
2026-06-01,SKU00393,85
2026-06-01,SKU00395,84
2026-06-01,SKU00396,16
2026-06-01,SKU00398,292
2026-06-01,SKU00399,117
2026-06-01,SKU00400,50
2026-06-01,SKU00401,28
2026-06-01,SKU00403,38
2026-06-01,SKU00404,57
2026-06-01,SKU00405,135
2026-06-01,SKU00406,58
2026-06-01,SKU00407,81
2026-06-01,SKU00409,18
2026-06-01,SKU00410,58
2026-06-01,SKU00411,22
2026-06-01,SKU00413,24
2026-06-01,SKU00414,213
2026-06-01,SKU00415,75
2026-06-01,SKU00416,17
2026-06-01,SKU00417,271
2026-06-01,SKU00418,23
2026-06-01,SKU00419,14
2026-06-01,SKU00422,17
2026-06-01,SKU00424,54
2026-06-01,SKU00425,18
2026-06-01,SKU00426,35
2026-06-01,SKU00427,34
2026-06-01,SKU00428,19
2026-06-01,SKU00429,291
2026-06-01,SKU00430,43
2026-06-01,SKU00431,60
2026-06-01,SKU00432,23
2026-06-01,SKU00433,59
2026-06-01,SKU00434,29
2026-06-01,SKU00435,19
2026-06-01,SKU00437,9
2026-06-01,SKU00438,24
2026-06-01,SKU00439,21
2026-06-01,SKU00441,20
2026-06-01,SKU00443,12
2026-06-01,SKU00444,85
2026-06-01,SKU00446,50
2026-06-01,SKU00447,547
2026-06-01,SKU00448,72
2026-06-01,SKU00452,2
2026-06-01,SKU00453,88
2026-06-01,SKU00454,31
2026-06-01,SKU00455,112
2026-06-01,SKU00456,23
2026-06-01,SKU00457,121
2026-06-01,SKU00458,28
2026-06-01,SKU00459,108
2026-06-01,SKU00460,182
2026-06-01,SKU00461,2
2026-06-01,SKU00462,52
2026-06-01,SKU00464,105
2026-06-01,SKU00465,19
2026-06-01,SKU00466,48
2026-06-01,SKU00469,16
2026-06-01,SKU00470,19
2026-06-01,SKU00471,54
2026-06-01,SKU00472,15
2026-06-01,SKU00473,150
2026-06-01,SKU00474,159
2026-06-01,SKU00475,33
2026-06-01,SKU00476,57
2026-06-01,SKU00477,54
2026-06-01,SKU00478,24
2026-06-01,SKU00481,64
2026-06-01,SKU00483,9
2026-06-01,SKU00484,24
2026-06-01,SKU00485,106
2026-06-01,SKU00486,22
2026-06-01,SKU00488,112
2026-06-01,SKU00489,65
2026-06-01,SKU00490,68
2026-06-01,SKU00491,63
2026-06-01,SKU00492,69
2026-06-01,SKU00493,71
2026-06-01,SKU00497,51
2026-06-01,SKU00499,13
2026-06-01,SKU00500,39
2026-06-01,SKU00501,9
2026-06-01,SKU00502,12
2026-06-01,SKU00503,7
2026-06-01,SKU00506,60
2026-06-01,SKU00507,202
2026-06-01,SKU00508,83
2026-06-01,SKU00509,50
2026-06-01,SKU00510,78
2026-06-01,SKU00511,7
2026-06-01,SKU00512,52
2026-06-01,SKU00513,39
2026-06-01,SKU00515,16
2026-06-01,SKU00517,68
2026-06-01,SKU00518,53
2026-06-01,SKU00520,13
2026-06-01,SKU00521,19
2026-06-01,SKU00522,10
2026-06-01,SKU00524,21
2026-06-01,SKU00525,12
2026-06-01,SKU00526,276
2026-06-01,SKU00527,25
2026-06-01,SKU00528,42
2026-06-01,SKU00529,545
2026-06-01,SKU00530,331
2026-06-01,SKU00531,69
2026-06-01,SKU00533,128
2026-06-01,SKU00535,22
2026-06-01,SKU00536,19
2026-06-01,SKU00537,195
2026-06-01,SKU00538,13
2026-06-01,SKU00539,0
2026-06-01,SKU00540,126
2026-06-01,SKU00541,85
2026-06-01,SKU00542,33
2026-06-01,SKU00543,41
2026-06-01,SKU00544,68
2026-06-01,SKU00545,13
2026-06-01,SKU00546,146
2026-06-01,SKU00547,81
2026-06-01,SKU00548,48
2026-06-01,SKU00549,19
2026-06-01,SKU00550,7
2026-06-01,SKU00551,17
2026-06-01,SKU00552,31
2026-06-01,SKU00553,7
2026-06-01,SKU00556,93
2026-06-01,SKU00557,35
2026-06-01,SKU00558,19
2026-06-01,SKU00559,112
2026-06-01,SKU00560,117
2026-06-01,SKU00561,27
2026-06-01,SKU00562,78
2026-06-01,SKU00563,148
2026-06-01,SKU00564,27
2026-06-01,SKU00565,49
2026-06-01,SKU00566,129
2026-06-01,SKU00567,20
2026-06-01,SKU00568,17
2026-06-01,SKU00569,78
2026-06-01,SKU00570,21
2026-06-01,SKU00571,24
2026-06-01,SKU00572,20
2026-06-01,SKU00573,100
2026-06-01,SKU00574,52
2026-06-01,SKU00577,84
2026-06-01,SKU00578,24
2026-06-01,SKU00579,38
2026-06-01,SKU00581,102
2026-06-01,SKU00582,19
2026-06-01,SKU00583,64
2026-06-01,SKU00586,49
2026-06-01,SKU00588,33
2026-06-01,SKU00589,43
2026-06-01,SKU00591,23
2026-06-01,SKU00592,18
2026-06-01,SKU00593,17
2026-06-01,SKU00595,24
2026-06-01,SKU00596,25
2026-06-01,SKU00597,43
2026-06-01,SKU00598,37
2026-06-01,SKU00600,48
2026-06-01,SKU00601,90
2026-06-01,SKU00603,21
2026-06-01,SKU00604,14
2026-06-01,SKU00605,474
2026-06-01,SKU00606,63
2026-06-01,SKU00607,204
2026-06-01,SKU00608,8
2026-06-01,SKU00609,23
2026-06-01,SKU00610,5
2026-06-01,SKU00611,57
2026-06-01,SKU00612,41
2026-06-01,SKU00613,21
2026-06-01,SKU00614,13
2026-06-01,SKU00616,36
2026-06-01,SKU00617,1
2026-06-01,SKU00618,68
2026-06-01,SKU00619,100
2026-06-01,SKU00620,9
2026-06-01,SKU00621,10
2026-06-01,SKU00622,19
2026-06-01,SKU00623,33
2026-06-01,SKU00624,33
2026-06-01,SKU00625,25
2026-06-01,SKU00626,33
2026-06-01,SKU00627,37
2026-06-01,SKU00628,112
2026-06-01,SKU00629,26
2026-06-01,SKU00630,47
2026-06-01,SKU00631,19
2026-06-01,SKU00632,14
2026-06-01,SKU00633,238
2026-06-01,SKU00634,63
2026-06-01,SKU00637,14
2026-06-01,SKU00638,4
2026-06-01,SKU00639,49
2026-06-01,SKU00640,165
2026-06-01,SKU00641,22
2026-06-01,SKU00642,92
2026-06-01,SKU00644,18
2026-06-01,SKU00645,164
2026-06-01,SKU00646,56
2026-06-01,SKU00648,28
2026-06-01,SKU00649,248
2026-06-01,SKU00650,110
2026-06-01,SKU00651,118
2026-06-01,SKU00652,55
2026-06-01,SKU00653,95
2026-06-01,SKU00654,40
2026-06-01,SKU00655,48
2026-06-01,SKU00656,31
2026-06-01,SKU00658,14
2026-06-01,SKU00659,51
2026-06-01,SKU00660,52
2026-06-01,SKU00661,238
2026-06-01,SKU00662,77
2026-06-01,SKU00663,63
2026-06-01,SKU00664,386
2026-06-01,SKU00665,28
2026-06-01,SKU00667,16
2026-06-01,SKU00668,138
2026-06-01,SKU00669,90
2026-06-01,SKU00670,18
2026-06-01,SKU00673,124
2026-06-01,SKU00674,60
2026-06-01,SKU00676,20
2026-06-01,SKU00677,93
2026-06-01,SKU00678,158
2026-06-01,SKU00680,72
2026-06-01,SKU00681,417
2026-06-01,SKU00682,13
2026-06-01,SKU00683,62
2026-06-01,SKU00684,46
2026-06-01,SKU00685,49
2026-06-01,SKU00686,22
2026-06-01,SKU00687,80
2026-06-01,SKU00688,115
2026-06-01,SKU00689,224
2026-06-01,SKU00690,16
2026-06-01,SKU00691,20
2026-06-01,SKU00692,16
2026-06-01,SKU00693,53
2026-06-01,SKU00695,27
2026-06-01,SKU00696,136
2026-06-01,SKU00697,59
2026-06-01,SKU00698,9
2026-06-01,SKU00700,31
2026-06-01,SKU00701,51
2026-06-01,SKU00702,78
2026-06-01,SKU00703,30
2026-06-01,SKU00704,28
2026-06-01,SKU00705,62
2026-06-01,SKU00706,19
2026-06-01,SKU00708,39
2026-06-01,SKU00709,20
2026-06-01,SKU00710,98
2026-06-01,SKU00711,32
2026-06-01,SKU00713,13
2026-06-01,SKU00715,21
2026-06-01,SKU00716,51
2026-06-01,SKU00717,106
2026-06-01,SKU00718,53
2026-06-01,SKU00719,110
2026-06-01,SKU00720,366
2026-06-01,SKU00721,91
2026-06-01,SKU00722,108
2026-06-01,SKU00723,452
2026-06-01,SKU00724,11
2026-06-01,SKU00727,20
2026-06-01,SKU00728,83
2026-06-01,SKU00730,65
2026-06-01,SKU00731,50
2026-06-01,SKU00732,207
2026-06-01,SKU00734,36
2026-06-01,SKU00735,293
2026-06-01,SKU00737,180
2026-06-01,SKU00738,15
2026-06-01,SKU00739,437
2026-06-01,SKU00740,23
2026-06-01,SKU00742,18
2026-06-01,SKU00743,60
2026-06-01,SKU00744,55
2026-06-01,SKU00746,126
2026-06-01,SKU00747,35
2026-06-01,SKU00748,77
2026-06-01,SKU00749,3
2026-06-01,SKU00750,94
2026-06-01,SKU00751,115
2026-06-01,SKU00752,60
2026-06-01,SKU00753,31
2026-06-01,SKU00755,43
2026-06-01,SKU00758,8
2026-06-01,SKU00759,121
2026-06-01,SKU00760,62
2026-06-01,SKU00761,47
2026-06-01,SKU00762,16
2026-06-01,SKU00763,26
2026-06-01,SKU00764,4
2026-06-01,SKU00765,55
2026-06-01,SKU00767,33
2026-06-01,SKU00768,17
2026-06-01,SKU00770,20
2026-06-01,SKU00772,71
2026-06-01,SKU00773,106
2026-06-01,SKU00774,91
2026-06-01,SKU00775,40
2026-06-01,SKU00776,39
2026-06-01,SKU00777,62
2026-06-01,SKU00778,65
2026-06-01,SKU00779,32
2026-06-01,SKU00780,70
2026-06-01,SKU00781,33
2026-06-01,SKU00782,17
2026-06-01,SKU00783,44
2026-06-01,SKU00784,36
2026-06-01,SKU00785,90
2026-06-01,SKU00789,37
2026-06-01,SKU00790,31
2026-06-01,SKU00791,63
2026-06-01,SKU00792,166
2026-06-01,SKU00793,32
2026-06-01,SKU00794,83
2026-06-01,SKU00795,5
2026-06-01,SKU00796,4
2026-06-01,SKU00797,116
2026-06-01,SKU00798,10
2026-06-01,SKU00799,21
2026-07-01,SKU00001,47
2026-07-01,SKU00002,145
2026-07-01,SKU00004,273
2026-07-01,SKU00005,24
2026-07-01,SKU00006,71
2026-07-01,SKU00007,42
2026-07-01,SKU00008,57
2026-07-01,SKU00009,130
2026-07-01,SKU00010,64
2026-07-01,SKU00013,227
2026-07-01,SKU00015,28
2026-07-01,SKU00016,55
2026-07-01,SKU00018,107
2026-07-01,SKU00019,43
2026-07-01,SKU00022,20
2026-07-01,SKU00024,9
2026-07-01,SKU00025,103
2026-07-01,SKU00026,247
2026-07-01,SKU00029,8
2026-07-01,SKU00030,25
2026-07-01,SKU00032,356
2026-07-01,SKU00034,9
2026-07-01,SKU00035,18
2026-07-01,SKU00036,29
2026-07-01,SKU00037,19
2026-07-01,SKU00038,82
2026-07-01,SKU00039,25
2026-07-01,SKU00040,190
2026-07-01,SKU00041,6
2026-07-01,SKU00042,52
2026-07-01,SKU00043,88
2026-07-01,SKU00045,6
2026-07-01,SKU00046,10
2026-07-01,SKU00047,24
2026-07-01,SKU00048,28
2026-07-01,SKU00049,69
2026-07-01,SKU00051,3
2026-07-01,SKU00052,5
2026-07-01,SKU00053,23
2026-07-01,SKU00054,69
2026-07-01,SKU00055,0
2026-07-01,SKU00058,79
2026-07-01,SKU00059,15
2026-07-01,SKU00061,58
2026-07-01,SKU00062,39
2026-07-01,SKU00063,62
2026-07-01,SKU00065,143
2026-07-01,SKU00066,33
2026-07-01,SKU00067,73
2026-07-01,SKU00068,145
2026-07-01,SKU00071,32
2026-07-01,SKU00072,136
2026-07-01,SKU00073,236
2026-07-01,SKU00074,136
2026-07-01,SKU00075,10
2026-07-01,SKU00076,257
2026-07-01,SKU00077,135
2026-07-01,SKU00080,43
2026-07-01,SKU00081,56
2026-07-01,SKU00082,8
2026-07-01,SKU00083,19
2026-07-01,SKU00084,43
2026-07-01,SKU00086,82
2026-07-01,SKU00087,22
2026-07-01,SKU00089,45
2026-07-01,SKU00091,20
2026-07-01,SKU00093,78
2026-07-01,SKU00095,14
2026-07-01,SKU00096,22
2026-07-01,SKU00097,113
2026-07-01,SKU00098,16
2026-07-01,SKU00100,112
2026-07-01,SKU00101,96
2026-07-01,SKU00103,19
2026-07-01,SKU00104,59
2026-07-01,SKU00105,16
2026-07-01,SKU00106,0
2026-07-01,SKU00107,0
2026-07-01,SKU00109,24
2026-07-01,SKU00110,186
2026-07-01,SKU00113,212
2026-07-01,SKU00114,14
2026-07-01,SKU00115,7
2026-07-01,SKU00117,37
2026-07-01,SKU00118,10
2026-07-01,SKU00119,63
2026-07-01,SKU00120,85
2026-07-01,SKU00121,78
2026-07-01,SKU00122,29
2026-07-01,SKU00123,128
2026-07-01,SKU00127,159
2026-07-01,SKU00130,14
2026-07-01,SKU00131,100
2026-07-01,SKU00132,56
2026-07-01,SKU00133,51
2026-07-01,SKU00134,9
2026-07-01,SKU00135,43
2026-07-01,SKU00136,557
2026-07-01,SKU00138,41
2026-07-01,SKU00139,71
2026-07-01,SKU00140,6
2026-07-01,SKU00141,151
2026-07-01,SKU00142,16
2026-07-01,SKU00143,94
2026-07-01,SKU00144,75
2026-07-01,SKU00145,83
2026-07-01,SKU00146,58
2026-07-01,SKU00148,92
2026-07-01,SKU00149,17
2026-07-01,SKU00150,44
2026-07-01,SKU00151,0
2026-07-01,SKU00152,205
2026-07-01,SKU00153,100
2026-07-01,SKU00154,202
2026-07-01,SKU00155,41
2026-07-01,SKU00156,303
2026-07-01,SKU00158,5
2026-07-01,SKU00159,51
2026-07-01,SKU00160,11
2026-07-01,SKU00161,20
2026-07-01,SKU00162,28
2026-07-01,SKU00163,25
2026-07-01,SKU00164,61
2026-07-01,SKU00165,30
2026-07-01,SKU00166,23
2026-07-01,SKU00167,173
2026-07-01,SKU00168,27
2026-07-01,SKU00169,33
2026-07-01,SKU00170,22
2026-07-01,SKU00173,24
2026-07-01,SKU00174,5
2026-07-01,SKU00175,27
2026-07-01,SKU00176,76
2026-07-01,SKU00177,24
2026-07-01,SKU00178,191
2026-07-01,SKU00179,152
2026-07-01,SKU00180,93
2026-07-01,SKU00181,133
2026-07-01,SKU00182,50
2026-07-01,SKU00183,16
2026-07-01,SKU00184,69
2026-07-01,SKU00187,16
2026-07-01,SKU00188,31
2026-07-01,SKU00189,45
2026-07-01,SKU00190,217
2026-07-01,SKU00192,25
2026-07-01,SKU00193,10
2026-07-01,SKU00194,109
2026-07-01,SKU00195,71
2026-07-01,SKU00196,155
2026-07-01,SKU00199,111
2026-07-01,SKU00200,28
2026-07-01,SKU00201,41
2026-07-01,SKU00202,207
2026-07-01,SKU00203,27
2026-07-01,SKU00204,581
2026-07-01,SKU00206,16
2026-07-01,SKU00207,16
2026-07-01,SKU00208,0
2026-07-01,SKU00209,102
2026-07-01,SKU00210,26
2026-07-01,SKU00211,65
2026-07-01,SKU00212,33
2026-07-01,SKU00215,16
2026-07-01,SKU00217,18
2026-07-01,SKU00218,81
2026-07-01,SKU00220,55
2026-07-01,SKU00222,17
2026-07-01,SKU00223,9
2026-07-01,SKU00224,22
2026-07-01,SKU00225,25
2026-07-01,SKU00226,11
2026-07-01,SKU00227,22
2026-07-01,SKU00228,101
2026-07-01,SKU00229,25
2026-07-01,SKU00230,16
2026-07-01,SKU00231,29
2026-07-01,SKU00232,10
2026-07-01,SKU00233,39
2026-07-01,SKU00234,19
2026-07-01,SKU00235,41
2026-07-01,SKU00236,91
2026-07-01,SKU00238,107
2026-07-01,SKU00240,13
2026-07-01,SKU00242,66
2026-07-01,SKU00243,106
2026-07-01,SKU00246,24
2026-07-01,SKU00247,52
2026-07-01,SKU00248,10
2026-07-01,SKU00249,54
2026-07-01,SKU00250,132
2026-07-01,SKU00251,138
2026-07-01,SKU00252,29
2026-07-01,SKU00253,3
2026-07-01,SKU00255,57
2026-07-01,SKU00256,55
2026-07-01,SKU00258,23
2026-07-01,SKU00259,349
2026-07-01,SKU00260,41
2026-07-01,SKU00261,11
2026-07-01,SKU00263,11
2026-07-01,SKU00264,13
2026-07-01,SKU00265,85
2026-07-01,SKU00266,13
2026-07-01,SKU00267,10
2026-07-01,SKU00268,177
2026-07-01,SKU00269,49
2026-07-01,SKU00271,111
2026-07-01,SKU00272,3
2026-07-01,SKU00273,111
2026-07-01,SKU00274,54
2026-07-01,SKU00276,43
2026-07-01,SKU00277,37
2026-07-01,SKU00278,102
2026-07-01,SKU00279,123
2026-07-01,SKU00280,23
2026-07-01,SKU00281,149
2026-07-01,SKU00282,47
2026-07-01,SKU00283,40
2026-07-01,SKU00284,55
2026-07-01,SKU00286,38
2026-07-01,SKU00287,29
2026-07-01,SKU00288,27
2026-07-01,SKU00289,13
2026-07-01,SKU00291,119
2026-07-01,SKU00292,3
2026-07-01,SKU00293,28
2026-07-01,SKU00294,15
2026-07-01,SKU00295,205
2026-07-01,SKU00296,211
2026-07-01,SKU00297,25
2026-07-01,SKU00298,122
2026-07-01,SKU00299,21
2026-07-01,SKU00300,22
2026-07-01,SKU00301,30
2026-07-01,SKU00302,78
2026-07-01,SKU00304,128
2026-07-01,SKU00305,30
2026-07-01,SKU00308,115
2026-07-01,SKU00309,12
2026-07-01,SKU00310,67
2026-07-01,SKU00311,87
2026-07-01,SKU00312,15
2026-07-01,SKU00313,257
2026-07-01,SKU00314,387
2026-07-01,SKU00316,20
2026-07-01,SKU00317,47
2026-07-01,SKU00319,23
2026-07-01,SKU00320,251
2026-07-01,SKU00321,12
2026-07-01,SKU00322,133
2026-07-01,SKU00323,20
2026-07-01,SKU00324,67
2026-07-01,SKU00325,28
2026-07-01,SKU00327,91
2026-07-01,SKU00328,67
2026-07-01,SKU00330,151
2026-07-01,SKU00331,0
2026-07-01,SKU00332,30
2026-07-01,SKU00333,114
2026-07-01,SKU00334,267
2026-07-01,SKU00335,14
2026-07-01,SKU00336,27
2026-07-01,SKU00337,96
2026-07-01,SKU00338,21
2026-07-01,SKU00339,7
2026-07-01,SKU00340,312
2026-07-01,SKU00341,233
2026-07-01,SKU00343,75
2026-07-01,SKU00344,510
2026-07-01,SKU00347,11
2026-07-01,SKU00348,46
2026-07-01,SKU00350,20
2026-07-01,SKU00351,73
2026-07-01,SKU00352,47
2026-07-01,SKU00354,255
2026-07-01,SKU00355,2
2026-07-01,SKU00356,112
2026-07-01,SKU00357,17
2026-07-01,SKU00358,16
2026-07-01,SKU00359,22
2026-07-01,SKU00361,19
2026-07-01,SKU00363,105
2026-07-01,SKU00364,15
2026-07-01,SKU00365,18
2026-07-01,SKU00366,5
2026-07-01,SKU00367,89
2026-07-01,SKU00368,12
2026-07-01,SKU00369,254
2026-07-01,SKU00371,369
2026-07-01,SKU00372,38
2026-07-01,SKU00373,228
2026-07-01,SKU00374,34
2026-07-01,SKU00375,150
2026-07-01,SKU00376,108
2026-07-01,SKU00378,16
2026-07-01,SKU00380,11
2026-07-01,SKU00381,75
2026-07-01,SKU00383,435
2026-07-01,SKU00384,3
2026-07-01,SKU00386,57
2026-07-01,SKU00388,54
2026-07-01,SKU00389,55
2026-07-01,SKU00391,8
2026-07-01,SKU00392,16
2026-07-01,SKU00393,91
2026-07-01,SKU00395,64
2026-07-01,SKU00396,19
2026-07-01,SKU00398,224
2026-07-01,SKU00399,82
2026-07-01,SKU00400,91
2026-07-01,SKU00401,29
2026-07-01,SKU00403,60
2026-07-01,SKU00404,26
2026-07-01,SKU00405,107
2026-07-01,SKU00406,33
2026-07-01,SKU00407,124
2026-07-01,SKU00409,7
2026-07-01,SKU00410,105
2026-07-01,SKU00411,16
2026-07-01,SKU00413,3
2026-07-01,SKU00414,245
2026-07-01,SKU00415,41
2026-07-01,SKU00416,17
2026-07-01,SKU00417,429
2026-07-01,SKU00418,19
2026-07-01,SKU00419,22
2026-07-01,SKU00422,29
2026-07-01,SKU00424,49
2026-07-01,SKU00425,14
2026-07-01,SKU00426,54
2026-07-01,SKU00427,36
2026-07-01,SKU00428,18
2026-07-01,SKU00429,265
2026-07-01,SKU00430,34
2026-07-01,SKU00431,102
2026-07-01,SKU00432,41
2026-07-01,SKU00433,60
2026-07-01,SKU00434,27
2026-07-01,SKU00435,23
2026-07-01,SKU00437,13
2026-07-01,SKU00438,14
2026-07-01,SKU00439,19
2026-07-01,SKU00441,25
2026-07-01,SKU00443,5
2026-07-01,SKU00444,56
2026-07-01,SKU00446,91
2026-07-01,SKU00447,325
2026-07-01,SKU00448,70
2026-07-01,SKU00452,8
2026-07-01,SKU00453,69
2026-07-01,SKU00454,55
2026-07-01,SKU00455,174
2026-07-01,SKU00456,30
2026-07-01,SKU00457,88
2026-07-01,SKU00458,65
2026-07-01,SKU00459,147
2026-07-01,SKU00460,124
2026-07-01,SKU00461,2
2026-07-01,SKU00462,64
2026-07-01,SKU00464,128
2026-07-01,SKU00465,9
2026-07-01,SKU00466,47
2026-07-01,SKU00469,14
2026-07-01,SKU00470,20
2026-07-01,SKU00471,79
2026-07-01,SKU00472,14
2026-07-01,SKU00473,100
2026-07-01,SKU00474,83
2026-07-01,SKU00475,18
2026-07-01,SKU00476,41
2026-07-01,SKU00477,51
2026-07-01,SKU00478,41
2026-07-01,SKU00481,27
2026-07-01,SKU00483,27
2026-07-01,SKU00484,3
2026-07-01,SKU00485,52
2026-07-01,SKU00486,40
2026-07-01,SKU00488,59
2026-07-01,SKU00489,69
2026-07-01,SKU00490,38
2026-07-01,SKU00491,109
2026-07-01,SKU00492,64
2026-07-01,SKU00493,36
2026-07-01,SKU00497,32
2026-07-01,SKU00499,13
2026-07-01,SKU00500,32
2026-07-01,SKU00501,15
2026-07-01,SKU00502,22
2026-07-01,SKU00503,12
2026-07-01,SKU00506,56
2026-07-01,SKU00507,232
2026-07-01,SKU00508,147
2026-07-01,SKU00509,60
2026-07-01,SKU00510,75
2026-07-01,SKU00511,24
2026-07-01,SKU00512,56
2026-07-01,SKU00513,41
2026-07-01,SKU00515,25
2026-07-01,SKU00517,50
2026-07-01,SKU00518,23
2026-07-01,SKU00520,15
2026-07-01,SKU00521,19
2026-07-01,SKU00522,13
2026-07-01,SKU00524,15
2026-07-01,SKU00525,25
2026-07-01,SKU00526,434
2026-07-01,SKU00527,19
2026-07-01,SKU00528,30
2026-07-01,SKU00529,521
2026-07-01,SKU00530,383
2026-07-01,SKU00531,61
2026-07-01,SKU00533,91
2026-07-01,SKU00535,40
2026-07-01,SKU00536,39
2026-07-01,SKU00537,190
2026-07-01,SKU00538,16
2026-07-01,SKU00539,7
2026-07-01,SKU00540,123
2026-07-01,SKU00541,87
2026-07-01,SKU00542,22
2026-07-01,SKU00543,30
2026-07-01,SKU00544,65
2026-07-01,SKU00545,6
2026-07-01,SKU00546,254
2026-07-01,SKU00547,82
2026-07-01,SKU00548,40
2026-07-01,SKU00549,22
2026-07-01,SKU00550,0
2026-07-01,SKU00551,4
2026-07-01,SKU00552,15
2026-07-01,SKU00553,19
2026-07-01,SKU00556,94
2026-07-01,SKU00557,30
2026-07-01,SKU00558,14
2026-07-01,SKU00559,109
2026-07-01,SKU00560,96
2026-07-01,SKU00561,28
2026-07-01,SKU00562,62
2026-07-01,SKU00563,180
2026-07-01,SKU00564,35
2026-07-01,SKU00565,45
2026-07-01,SKU00566,116
2026-07-01,SKU00567,23
2026-07-01,SKU00568,24
2026-07-01,SKU00569,83
2026-07-01,SKU00570,30
2026-07-01,SKU00571,30
2026-07-01,SKU00572,29
2026-07-01,SKU00573,133
2026-07-01,SKU00574,74
2026-07-01,SKU00577,64
2026-07-01,SKU00578,8
2026-07-01,SKU00579,34
2026-07-01,SKU00581,69
2026-07-01,SKU00582,24
2026-07-01,SKU00583,55
2026-07-01,SKU00586,31
2026-07-01,SKU00588,73
2026-07-01,SKU00589,62
2026-07-01,SKU00591,26
2026-07-01,SKU00592,5
2026-07-01,SKU00593,12
2026-07-01,SKU00595,26
2026-07-01,SKU00596,19
2026-07-01,SKU00597,38
2026-07-01,SKU00598,15
2026-07-01,SKU00600,63
2026-07-01,SKU00601,76
2026-07-01,SKU00603,41
2026-07-01,SKU00604,13
2026-07-01,SKU00605,303
2026-07-01,SKU00606,79
2026-07-01,SKU00607,186
2026-07-01,SKU00608,18
2026-07-01,SKU00609,24
2026-07-01,SKU00610,5
2026-07-01,SKU00611,76
2026-07-01,SKU00612,69
2026-07-01,SKU00613,34
2026-07-01,SKU00614,1
2026-07-01,SKU00616,74
2026-07-01,SKU00617,15
2026-07-01,SKU00618,97
2026-07-01,SKU00619,52
2026-07-01,SKU00620,32
2026-07-01,SKU00621,13
2026-07-01,SKU00622,8
2026-07-01,SKU00623,21
2026-07-01,SKU00624,22
2026-07-01,SKU00625,59
2026-07-01,SKU00626,23
2026-07-01,SKU00627,55
2026-07-01,SKU00628,197
2026-07-01,SKU00629,31
2026-07-01,SKU00630,60
2026-07-01,SKU00631,12
2026-07-01,SKU00632,15
2026-07-01,SKU00633,188
2026-07-01,SKU00634,32
2026-07-01,SKU00637,31
2026-07-01,SKU00638,8
2026-07-01,SKU00639,26
2026-07-01,SKU00640,291
2026-07-01,SKU00641,14
2026-07-01,SKU00642,92
2026-07-01,SKU00644,19
2026-07-01,SKU00645,142
2026-07-01,SKU00646,35
2026-07-01,SKU00648,24
2026-07-01,SKU00649,163
2026-07-01,SKU00650,203
2026-07-01,SKU00651,160
2026-07-01,SKU00652,101
2026-07-01,SKU00653,67
2026-07-01,SKU00654,29
2026-07-01,SKU00655,40
2026-07-01,SKU00656,46
2026-07-01,SKU00658,7
2026-07-01,SKU00659,70
2026-07-01,SKU00660,28
2026-07-01,SKU00661,160
2026-07-01,SKU00662,89
2026-07-01,SKU00663,31
2026-07-01,SKU00664,296
2026-07-01,SKU00665,12
2026-07-01,SKU00667,21
2026-07-01,SKU00668,312
2026-07-01,SKU00669,150
2026-07-01,SKU00670,6
2026-07-01,SKU00673,230
2026-07-01,SKU00674,42
2026-07-01,SKU00676,16
2026-07-01,SKU00677,207
2026-07-01,SKU00678,181
2026-07-01,SKU00680,75
2026-07-01,SKU00681,467
2026-07-01,SKU00682,14
2026-07-01,SKU00683,75
2026-07-01,SKU00684,28
2026-07-01,SKU00685,22
2026-07-01,SKU00686,18
2026-07-01,SKU00687,78
2026-07-01,SKU00688,145
2026-07-01,SKU00689,344
2026-07-01,SKU00690,17
2026-07-01,SKU00691,34
2026-07-01,SKU00692,30
2026-07-01,SKU00693,58
2026-07-01,SKU00695,18
2026-07-01,SKU00696,88
2026-07-01,SKU00697,60
2026-07-01,SKU00698,24
2026-07-01,SKU00700,36
2026-07-01,SKU00701,48
2026-07-01,SKU00702,86
2026-07-01,SKU00703,31
2026-07-01,SKU00704,25
2026-07-01,SKU00705,43
2026-07-01,SKU00706,58
2026-07-01,SKU00708,61
2026-07-01,SKU00709,33
2026-07-01,SKU00710,111
2026-07-01,SKU00711,28
2026-07-01,SKU00713,1
2026-07-01,SKU00715,36
2026-07-01,SKU00716,56
2026-07-01,SKU00717,120
2026-07-01,SKU00718,71
2026-07-01,SKU00719,103
2026-07-01,SKU00720,227
2026-07-01,SKU00721,86
2026-07-01,SKU00722,97
2026-07-01,SKU00723,490
2026-07-01,SKU00724,10
2026-07-01,SKU00727,22
2026-07-01,SKU00728,56
2026-07-01,SKU00730,63
2026-07-01,SKU00731,70
2026-07-01,SKU00732,227
2026-07-01,SKU00734,39
2026-07-01,SKU00735,341
2026-07-01,SKU00737,179
2026-07-01,SKU00738,7
2026-07-01,SKU00739,295
2026-07-01,SKU00740,34
2026-07-01,SKU00742,34
2026-07-01,SKU00743,62
2026-07-01,SKU00744,51
2026-07-01,SKU00746,155
2026-07-01,SKU00747,12
2026-07-01,SKU00748,87
2026-07-01,SKU00749,1
2026-07-01,SKU00750,103
2026-07-01,SKU00751,95
2026-07-01,SKU00752,146
2026-07-01,SKU00753,44
2026-07-01,SKU00755,36
2026-07-01,SKU00758,3
2026-07-01,SKU00759,128
2026-07-01,SKU00760,114
2026-07-01,SKU00761,46
2026-07-01,SKU00762,32
2026-07-01,SKU00763,44
2026-07-01,SKU00764,19
2026-07-01,SKU00765,92
2026-07-01,SKU00767,15
2026-07-01,SKU00768,13
2026-07-01,SKU00770,41
2026-07-01,SKU00772,110
2026-07-01,SKU00773,150
2026-07-01,SKU00774,99
2026-07-01,SKU00775,39
2026-07-01,SKU00776,35
2026-07-01,SKU00777,57
2026-07-01,SKU00778,86
2026-07-01,SKU00779,40
2026-07-01,SKU00780,91
2026-07-01,SKU00781,65
2026-07-01,SKU00782,11
2026-07-01,SKU00783,74
2026-07-01,SKU00784,42
2026-07-01,SKU00785,71
2026-07-01,SKU00789,15
2026-07-01,SKU00790,54
2026-07-01,SKU00791,31
2026-07-01,SKU00792,154
2026-07-01,SKU00793,49
2026-07-01,SKU00794,86
2026-07-01,SKU00795,16
2026-07-01,SKU00796,17
2026-07-01,SKU00797,112
2026-07-01,SKU00798,10
2026-07-01,SKU00799,24
2026-08-01,SKU00001,57
2026-08-01,SKU00002,89
2026-08-01,SKU00004,232
2026-08-01,SKU00005,18
2026-08-01,SKU00006,97
2026-08-01,SKU00007,35
2026-08-01,SKU00008,58
2026-08-01,SKU00009,140
2026-08-01,SKU00010,40
2026-08-01,SKU00013,167
2026-08-01,SKU00015,39
2026-08-01,SKU00016,48
2026-08-01,SKU00018,104
2026-08-01,SKU00019,68
2026-08-01,SKU00022,23
2026-08-01,SKU00024,8
2026-08-01,SKU00025,77
2026-08-01,SKU00026,261
2026-08-01,SKU00029,15
2026-08-01,SKU00030,47
2026-08-01,SKU00032,491
2026-08-01,SKU00034,6
2026-08-01,SKU00035,6
2026-08-01,SKU00036,74
2026-08-01,SKU00037,22
2026-08-01,SKU00038,152
2026-08-01,SKU00039,18
2026-08-01,SKU00040,100
2026-08-01,SKU00041,11
2026-08-01,SKU00042,34
2026-08-01,SKU00043,71
2026-08-01,SKU00045,1
2026-08-01,SKU00046,10
2026-08-01,SKU00047,29
2026-08-01,SKU00048,38
2026-08-01,SKU00049,169
2026-08-01,SKU00051,0
2026-08-01,SKU00052,6
2026-08-01,SKU00053,18
2026-08-01,SKU00054,51
2026-08-01,SKU00055,3
2026-08-01,SKU00058,87
2026-08-01,SKU00059,22
2026-08-01,SKU00061,126
2026-08-01,SKU00062,48
2026-08-01,SKU00063,69
2026-08-01,SKU00065,147
2026-08-01,SKU00066,29
2026-08-01,SKU00067,78
2026-08-01,SKU00068,73
2026-08-01,SKU00071,51
2026-08-01,SKU00072,124
2026-08-01,SKU00073,174
2026-08-01,SKU00074,240
2026-08-01,SKU00075,28
2026-08-01,SKU00076,260
2026-08-01,SKU00077,127
2026-08-01,SKU00080,50
2026-08-01,SKU00081,30
2026-08-01,SKU00082,9
2026-08-01,SKU00083,18
2026-08-01,SKU00084,41
2026-08-01,SKU00086,99
2026-08-01,SKU00087,28
2026-08-01,SKU00089,55
2026-08-01,SKU00091,23
2026-08-01,SKU00093,57
2026-08-01,SKU00095,3
2026-08-01,SKU00096,20
2026-08-01,SKU00097,114
2026-08-01,SKU00098,13
2026-08-01,SKU00100,68
2026-08-01,SKU00101,74
2026-08-01,SKU00103,11
2026-08-01,SKU00104,91
2026-08-01,SKU00105,12
2026-08-01,SKU00106,6
2026-08-01,SKU00107,17
2026-08-01,SKU00109,39
2026-08-01,SKU00110,148
2026-08-01,SKU00113,141
2026-08-01,SKU00114,15
2026-08-01,SKU00115,16
2026-08-01,SKU00117,28
2026-08-01,SKU00118,13
2026-08-01,SKU00119,55
2026-08-01,SKU00120,77
2026-08-01,SKU00121,51
2026-08-01,SKU00122,26
2026-08-01,SKU00123,149
2026-08-01,SKU00127,152
2026-08-01,SKU00130,13
2026-08-01,SKU00131,67
2026-08-01,SKU00132,87
2026-08-01,SKU00133,27
2026-08-01,SKU00134,19
2026-08-01,SKU00135,79
2026-08-01,SKU00136,507
2026-08-01,SKU00138,36
2026-08-01,SKU00139,95
2026-08-01,SKU00140,9
2026-08-01,SKU00141,142
2026-08-01,SKU00142,9
2026-08-01,SKU00143,178
2026-08-01,SKU00144,70
2026-08-01,SKU00145,177
2026-08-01,SKU00146,59
2026-08-01,SKU00148,68
2026-08-01,SKU00149,7
2026-08-01,SKU00150,63
2026-08-01,SKU00151,13
2026-08-01,SKU00152,221
2026-08-01,SKU00153,67
2026-08-01,SKU00154,315
2026-08-01,SKU00155,29
2026-08-01,SKU00156,205
2026-08-01,SKU00158,24
2026-08-01,SKU00159,52
2026-08-01,SKU00160,3
2026-08-01,SKU00161,22
2026-08-01,SKU00162,11
2026-08-01,SKU00163,22
2026-08-01,SKU00164,67
2026-08-01,SKU00165,28
2026-08-01,SKU00166,21
2026-08-01,SKU00167,111
2026-08-01,SKU00168,10
2026-08-01,SKU00169,23
2026-08-01,SKU00170,24
2026-08-01,SKU00173,39
2026-08-01,SKU00174,0
2026-08-01,SKU00175,40
2026-08-01,SKU00176,82
2026-08-01,SKU00177,37
2026-08-01,SKU00178,119
2026-08-01,SKU00179,196
2026-08-01,SKU00180,121
2026-08-01,SKU00181,189
2026-08-01,SKU00182,53
2026-08-01,SKU00183,13
2026-08-01,SKU00184,39
2026-08-01,SKU00187,13
2026-08-01,SKU00188,36
2026-08-01,SKU00189,50
2026-08-01,SKU00190,159
2026-08-01,SKU00192,11
2026-08-01,SKU00193,3
2026-08-01,SKU00194,152
2026-08-01,SKU00195,79
2026-08-01,SKU00196,238
2026-08-01,SKU00199,74
2026-08-01,SKU00200,30
2026-08-01,SKU00201,35
2026-08-01,SKU00202,132
2026-08-01,SKU00203,31
2026-08-01,SKU00204,423
2026-08-01,SKU00206,15
2026-08-01,SKU00207,6
2026-08-01,SKU00208,15
2026-08-01,SKU00209,165
2026-08-01,SKU00210,17
2026-08-01,SKU00211,43
2026-08-01,SKU00212,36
2026-08-01,SKU00215,17
2026-08-01,SKU00217,18
2026-08-01,SKU00218,186
2026-08-01,SKU00220,71
2026-08-01,SKU00222,22
2026-08-01,SKU00223,13
2026-08-01,SKU00224,27
2026-08-01,SKU00225,19
2026-08-01,SKU00226,5
2026-08-01,SKU00227,33
2026-08-01,SKU00228,203
2026-08-01,SKU00229,29
2026-08-01,SKU00230,40
2026-08-01,SKU00231,6
2026-08-01,SKU00232,0
2026-08-01,SKU00233,54
2026-08-01,SKU00234,17
2026-08-01,SKU00235,47
2026-08-01,SKU00236,108
2026-08-01,SKU00238,106
2026-08-01,SKU00240,3
2026-08-01,SKU00242,63
2026-08-01,SKU00243,154
2026-08-01,SKU00246,7
2026-08-01,SKU00247,50
2026-08-01,SKU00248,2
2026-08-01,SKU00249,46
2026-08-01,SKU00250,210
2026-08-01,SKU00251,95
2026-08-01,SKU00252,28
2026-08-01,SKU00253,8
2026-08-01,SKU00255,56
2026-08-01,SKU00256,84
2026-08-01,SKU00258,31
2026-08-01,SKU00259,461
2026-08-01,SKU00260,52
2026-08-01,SKU00261,13
2026-08-01,SKU00263,16
2026-08-01,SKU00264,14
2026-08-01,SKU00265,65
2026-08-01,SKU00266,27
2026-08-01,SKU00267,17
2026-08-01,SKU00268,143
2026-08-01,SKU00269,47
2026-08-01,SKU00271,116
2026-08-01,SKU00272,3
2026-08-01,SKU00273,108
2026-08-01,SKU00274,89
2026-08-01,SKU00276,40
2026-08-01,SKU00277,50
2026-08-01,SKU00278,117
2026-08-01,SKU00279,76
2026-08-01,SKU00280,12
2026-08-01,SKU00281,225
2026-08-01,SKU00282,44
2026-08-01,SKU00283,30
2026-08-01,SKU00284,41
2026-08-01,SKU00286,58
2026-08-01,SKU00287,32
2026-08-01,SKU00288,26
2026-08-01,SKU00289,29
2026-08-01,SKU00291,85
2026-08-01,SKU00292,1
2026-08-01,SKU00293,6
2026-08-01,SKU00294,16
2026-08-01,SKU00295,218
2026-08-01,SKU00296,183
2026-08-01,SKU00297,19
2026-08-01,SKU00298,116
2026-08-01,SKU00299,34
2026-08-01,SKU00300,11
2026-08-01,SKU00301,24
2026-08-01,SKU00302,99
2026-08-01,SKU00304,224
2026-08-01,SKU00305,41
2026-08-01,SKU00308,101
2026-08-01,SKU00309,20
2026-08-01,SKU00310,93
2026-08-01,SKU00311,97
2026-08-01,SKU00312,31
2026-08-01,SKU00313,163
2026-08-01,SKU00314,343
2026-08-01,SKU00316,19
2026-08-01,SKU00317,51
2026-08-01,SKU00319,11
2026-08-01,SKU00320,140
2026-08-01,SKU00321,11
2026-08-01,SKU00322,81
2026-08-01,SKU00323,37
2026-08-01,SKU00324,40
2026-08-01,SKU00325,39
2026-08-01,SKU00327,94
2026-08-01,SKU00328,65
2026-08-01,SKU00330,99
2026-08-01,SKU00331,6
2026-08-01,SKU00332,24
2026-08-01,SKU00333,118
2026-08-01,SKU00334,430
2026-08-01,SKU00335,34
2026-08-01,SKU00336,48
2026-08-01,SKU00337,121
2026-08-01,SKU00338,19
2026-08-01,SKU00339,19
2026-08-01,SKU00340,312
2026-08-01,SKU00341,206
2026-08-01,SKU00343,67
2026-08-01,SKU00344,425
2026-08-01,SKU00347,22
2026-08-01,SKU00348,40
2026-08-01,SKU00350,21
2026-08-01,SKU00351,82
2026-08-01,SKU00352,35
2026-08-01,SKU00354,248
2026-08-01,SKU00355,9
2026-08-01,SKU00356,105
2026-08-01,SKU00357,18
2026-08-01,SKU00358,13
2026-08-01,SKU00359,34
2026-08-01,SKU00361,37
2026-08-01,SKU00363,50
2026-08-01,SKU00364,24
2026-08-01,SKU00365,19
2026-08-01,SKU00366,23
2026-08-01,SKU00367,133
2026-08-01,SKU00368,17
2026-08-01,SKU00369,221
2026-08-01,SKU00371,397
2026-08-01,SKU00372,56
2026-08-01,SKU00373,351
2026-08-01,SKU00374,33
2026-08-01,SKU00375,166
2026-08-01,SKU00376,211
2026-08-01,SKU00378,15
2026-08-01,SKU00380,24
2026-08-01,SKU00381,35
2026-08-01,SKU00383,348
2026-08-01,SKU00384,10
2026-08-01,SKU00386,72
2026-08-01,SKU00388,74
2026-08-01,SKU00389,97
2026-08-01,SKU00391,18
2026-08-01,SKU00392,11
2026-08-01,SKU00393,117
2026-08-01,SKU00395,98
2026-08-01,SKU00396,29
2026-08-01,SKU00398,298
2026-08-01,SKU00399,136
2026-08-01,SKU00400,40
2026-08-01,SKU00401,9
2026-08-01,SKU00403,39
2026-08-01,SKU00404,40
2026-08-01,SKU00405,101
2026-08-01,SKU00406,35
2026-08-01,SKU00407,107
2026-08-01,SKU00409,20
2026-08-01,SKU00410,79
2026-08-01,SKU00411,6
2026-08-01,SKU00413,9
2026-08-01,SKU00414,150
2026-08-01,SKU00415,62
2026-08-01,SKU00416,7
2026-08-01,SKU00417,249
2026-08-01,SKU00418,21
2026-08-01,SKU00419,18
2026-08-01,SKU00422,48
2026-08-01,SKU00424,53
2026-08-01,SKU00425,10
2026-08-01,SKU00426,58
2026-08-01,SKU00427,43
2026-08-01,SKU00428,11
2026-08-01,SKU00429,181
2026-08-01,SKU00430,37
2026-08-01,SKU00431,69
2026-08-01,SKU00432,56
2026-08-01,SKU00433,52
2026-08-01,SKU00434,30
2026-08-01,SKU00435,29
2026-08-01,SKU00437,14
2026-08-01,SKU00438,20
2026-08-01,SKU00439,23
2026-08-01,SKU00441,20
2026-08-01,SKU00443,13
2026-08-01,SKU00444,90
2026-08-01,SKU00446,115
2026-08-01,SKU00447,420
2026-08-01,SKU00448,59
2026-08-01,SKU00452,5
2026-08-01,SKU00453,73
2026-08-01,SKU00454,56
2026-08-01,SKU00455,126
2026-08-01,SKU00456,22
2026-08-01,SKU00457,118
2026-08-01,SKU00458,32
2026-08-01,SKU00459,85
2026-08-01,SKU00460,154
2026-08-01,SKU00461,1
2026-08-01,SKU00462,38
2026-08-01,SKU00464,155
2026-08-01,SKU00465,22
2026-08-01,SKU00466,72
2026-08-01,SKU00469,6
2026-08-01,SKU00470,14
2026-08-01,SKU00471,77
2026-08-01,SKU00472,28
2026-08-01,SKU00473,111
2026-08-01,SKU00474,89
2026-08-01,SKU00475,22
2026-08-01,SKU00476,31
2026-08-01,SKU00477,49
2026-08-01,SKU00478,31
2026-08-01,SKU00481,31
2026-08-01,SKU00483,9
2026-08-01,SKU00484,18
2026-08-01,SKU00485,73
2026-08-01,SKU00486,11
2026-08-01,SKU00488,72
2026-08-01,SKU00489,55
2026-08-01,SKU00490,67
2026-08-01,SKU00491,55
2026-08-01,SKU00492,87
2026-08-01,SKU00493,50
2026-08-01,SKU00497,43
2026-08-01,SKU00499,14
2026-08-01,SKU00500,76
2026-08-01,SKU00501,15
2026-08-01,SKU00502,24
2026-08-01,SKU00503,21
2026-08-01,SKU00506,59
2026-08-01,SKU00507,318
2026-08-01,SKU00508,79
2026-08-01,SKU00509,71
2026-08-01,SKU00510,45
2026-08-01,SKU00511,24
2026-08-01,SKU00512,70
2026-08-01,SKU00513,52
2026-08-01,SKU00515,44
2026-08-01,SKU00517,55
2026-08-01,SKU00518,27
2026-08-01,SKU00520,7
2026-08-01,SKU00521,24
2026-08-01,SKU00522,25
2026-08-01,SKU00524,30
2026-08-01,SKU00525,22
2026-08-01,SKU00526,299
2026-08-01,SKU00527,32
2026-08-01,SKU00528,36
2026-08-01,SKU00529,557
2026-08-01,SKU00530,440
2026-08-01,SKU00531,60
2026-08-01,SKU00533,85
2026-08-01,SKU00535,45
2026-08-01,SKU00536,24
2026-08-01,SKU00537,214
2026-08-01,SKU00538,8
2026-08-01,SKU00539,18
2026-08-01,SKU00540,67
2026-08-01,SKU00541,89
2026-08-01,SKU00542,33
2026-08-01,SKU00543,55
2026-08-01,SKU00544,50
2026-08-01,SKU00545,12
2026-08-01,SKU00546,256
2026-08-01,SKU00547,68
2026-08-01,SKU00548,55
2026-08-01,SKU00549,10
2026-08-01,SKU00550,2
2026-08-01,SKU00551,4
2026-08-01,SKU00552,31
2026-08-01,SKU00553,38
2026-08-01,SKU00556,124
2026-08-01,SKU00557,38
2026-08-01,SKU00558,28
2026-08-01,SKU00559,85
2026-08-01,SKU00560,98
2026-08-01,SKU00561,22
2026-08-01,SKU00562,67
2026-08-01,SKU00563,236
2026-08-01,SKU00564,55
2026-08-01,SKU00565,16
2026-08-01,SKU00566,93
2026-08-01,SKU00567,27
2026-08-01,SKU00568,14
2026-08-01,SKU00569,127
2026-08-01,SKU00570,27
2026-08-01,SKU00571,24
2026-08-01,SKU00572,16
2026-08-01,SKU00573,114
2026-08-01,SKU00574,58
2026-08-01,SKU00577,72
2026-08-01,SKU00578,28
2026-08-01,SKU00579,21
2026-08-01,SKU00581,54
2026-08-01,SKU00582,21
2026-08-01,SKU00583,45
2026-08-01,SKU00586,56
2026-08-01,SKU00588,79
2026-08-01,SKU00589,55
2026-08-01,SKU00591,14
2026-08-01,SKU00592,14
2026-08-01,SKU00593,15
2026-08-01,SKU00595,34
2026-08-01,SKU00596,30
2026-08-01,SKU00597,46
2026-08-01,SKU00598,21
2026-08-01,SKU00600,45
2026-08-01,SKU00601,101
2026-08-01,SKU00603,26
2026-08-01,SKU00604,19
2026-08-01,SKU00605,441
2026-08-01,SKU00606,69
2026-08-01,SKU00607,193
2026-08-01,SKU00608,25
2026-08-01,SKU00609,19
2026-08-01,SKU00610,5
2026-08-01,SKU00611,54
2026-08-01,SKU00612,28
2026-08-01,SKU00613,5
2026-08-01,SKU00614,17
2026-08-01,SKU00616,58
2026-08-01,SKU00617,0
2026-08-01,SKU00618,53
2026-08-01,SKU00619,75
2026-08-01,SKU00620,15
2026-08-01,SKU00621,15
2026-08-01,SKU00622,19
2026-08-01,SKU00623,27
2026-08-01,SKU00624,35
2026-08-01,SKU00625,38
2026-08-01,SKU00626,29
2026-08-01,SKU00627,32
2026-08-01,SKU00628,212
2026-08-01,SKU00629,22
2026-08-01,SKU00630,50
2026-08-01,SKU00631,4
2026-08-01,SKU00632,24
2026-08-01,SKU00633,212
2026-08-01,SKU00634,45
2026-08-01,SKU00637,21
2026-08-01,SKU00638,0
2026-08-01,SKU00639,42
2026-08-01,SKU00640,253
2026-08-01,SKU00641,35
2026-08-01,SKU00642,129
2026-08-01,SKU00644,17
2026-08-01,SKU00645,256
2026-08-01,SKU00646,35
2026-08-01,SKU00648,22
2026-08-01,SKU00649,240
2026-08-01,SKU00650,190
2026-08-01,SKU00651,164
2026-08-01,SKU00652,66
2026-08-01,SKU00653,69
2026-08-01,SKU00654,43
2026-08-01,SKU00655,44
2026-08-01,SKU00656,12
2026-08-01,SKU00658,9
2026-08-01,SKU00659,53
2026-08-01,SKU00660,33
2026-08-01,SKU00661,214
2026-08-01,SKU00662,75
2026-08-01,SKU00663,91
2026-08-01,SKU00664,301
2026-08-01,SKU00665,5
2026-08-01,SKU00667,16
2026-08-01,SKU00668,247
2026-08-01,SKU00669,163
2026-08-01,SKU00670,10
2026-08-01,SKU00673,282
2026-08-01,SKU00674,34
2026-08-01,SKU00676,16
2026-08-01,SKU00677,160
2026-08-01,SKU00678,108
2026-08-01,SKU00680,75
2026-08-01,SKU00681,574
2026-08-01,SKU00682,17
2026-08-01,SKU00683,78
2026-08-01,SKU00684,31
2026-08-01,SKU00685,55
2026-08-01,SKU00686,13
2026-08-01,SKU00687,117
2026-08-01,SKU00688,209
2026-08-01,SKU00689,165
2026-08-01,SKU00690,9
2026-08-01,SKU00691,22
2026-08-01,SKU00692,29
2026-08-01,SKU00693,44
2026-08-01,SKU00695,13
2026-08-01,SKU00696,88
2026-08-01,SKU00697,66
2026-08-01,SKU00698,14
2026-08-01,SKU00700,38
2026-08-01,SKU00701,44
2026-08-01,SKU00702,91
2026-08-01,SKU00703,11
2026-08-01,SKU00704,22
2026-08-01,SKU00705,131
2026-08-01,SKU00706,41
2026-08-01,SKU00708,45
2026-08-01,SKU00709,39
2026-08-01,SKU00710,137
2026-08-01,SKU00711,30
2026-08-01,SKU00713,14
2026-08-01,SKU00715,31
2026-08-01,SKU00716,28
2026-08-01,SKU00717,82
2026-08-01,SKU00718,76
2026-08-01,SKU00719,214
2026-08-01,SKU00720,322
2026-08-01,SKU00721,117
2026-08-01,SKU00722,128
2026-08-01,SKU00723,530
2026-08-01,SKU00724,18
2026-08-01,SKU00727,22
2026-08-01,SKU00728,70
2026-08-01,SKU00730,103
2026-08-01,SKU00731,81
2026-08-01,SKU00732,255
2026-08-01,SKU00734,36
2026-08-01,SKU00735,225
2026-08-01,SKU00737,166
2026-08-01,SKU00738,15
2026-08-01,SKU00739,364
2026-08-01,SKU00740,67
2026-08-01,SKU00742,12
2026-08-01,SKU00743,74
2026-08-01,SKU00744,46
2026-08-01,SKU00746,158
2026-08-01,SKU00747,21
2026-08-01,SKU00748,65
2026-08-01,SKU00749,1
2026-08-01,SKU00750,69
2026-08-01,SKU00751,92
2026-08-01,SKU00752,155
2026-08-01,SKU00753,50
2026-08-01,SKU00755,36
2026-08-01,SKU00758,6
2026-08-01,SKU00759,69
2026-08-01,SKU00760,70
2026-08-01,SKU00761,57
2026-08-01,SKU00762,34
2026-08-01,SKU00763,42
2026-08-01,SKU00764,11
2026-08-01,SKU00765,71
2026-08-01,SKU00767,42
2026-08-01,SKU00768,22
2026-08-01,SKU00770,34
2026-08-01,SKU00772,53
2026-08-01,SKU00773,120
2026-08-01,SKU00774,100
2026-08-01,SKU00775,39
2026-08-01,SKU00776,33
2026-08-01,SKU00777,48
2026-08-01,SKU00778,137
2026-08-01,SKU00779,51
2026-08-01,SKU00780,123
2026-08-01,SKU00781,50
2026-08-01,SKU00782,9
2026-08-01,SKU00783,66
2026-08-01,SKU00784,43
2026-08-01,SKU00785,124
2026-08-01,SKU00789,12
2026-08-01,SKU00790,63
2026-08-01,SKU00791,69
2026-08-01,SKU00792,84
2026-08-01,SKU00793,31
2026-08-01,SKU00794,137
2026-08-01,SKU00795,14
2026-08-01,SKU00796,8
2026-08-01,SKU00797,94
2026-08-01,SKU00798,28
2026-08-01,SKU00799,15
