id_oc,proveedor,id_producto,fecha_pedido,fecha_recepcion,unidades,costo_unitario_ars
OC00001,Proveedor A,SKU00235,2026-07-14,2026-08-20,147,11822.78
OC00002,Proveedor B,SKU00383,2024-03-13,2024-04-27,576,26260.29
OC00003,Proveedor H,SKU00007,2025-04-24,2025-05-08,36,52194.29
OC00004,Proveedor D,SKU00656,2026-04-08,2026-05-08,306,31749.62
OC00005,Proveedor E,SKU00058,2026-07-17,2026-08-27,193,34617.04
OC00006,Proveedor A,SKU00346,2025-03-03,2025-04-03,147,27618.93
OC00007,Proveedor E,SKU00462,2025-11-21,2025-12-25,193,11767.35
OC00008,Proveedor A,SKU00608,2026-05-18,2026-06-23,147,39265.81
OC00009,Proveedor H,SKU00678,2024-12-26,2025-01-05,108,49696.21
OC00010,Proveedor A,SKU00621,2025-03-15,2025-04-17,294,8726.29
OC00011,Proveedor A,SKU00315,2024-01-31,2024-03-02,147,2175.42
OC00012,Proveedor J,SKU00218,2024-06-25,2024-08-15,155,11744.22
OC00013,Proveedor G,SKU00530,2025-07-30,2025-08-24,21,44482.78
OC00014,Proveedor F,SKU00392,2025-12-10,2026-02-09,104,29506.5
OC00015,Proveedor I,SKU00427,2022-10-11,2022-11-11,182,9187.79
OC00016,Proveedor H,SKU00746,2025-04-10,2025-04-20,72,13692.23
OC00017,Proveedor J,SKU00223,2024-09-17,2024-11-12,155,30597.5
OC00018,Proveedor I,SKU00232,2025-08-01,2025-09-06,364,46760.94
OC00019,Proveedor F,SKU00396,2025-03-21,2025-05-14,104,2714.4
OC00020,Proveedor B,SKU00543,2025-07-27,2025-09-12,192,27059.4
OC00021,Proveedor E,SKU00196,2025-10-06,2025-11-09,193,42310.87
OC00022,Proveedor C,SKU00321,2022-10-06,2022-10-13,35,27965.62
OC00023,Proveedor D,SKU00637,2024-03-09,2024-04-02,153,28921.62
OC00024,Proveedor I,SKU00632,2024-07-22,2024-08-21,364,31188.4
OC00025,Proveedor E,SKU00403,2024-10-14,2024-11-23,386,2746.27
OC00026,Proveedor C,SKU00483,2025-02-19,2025-03-01,35,33273.48
OC00027,Proveedor F,SKU00454,2023-08-01,2023-10-01,52,19267.99
OC00028,Proveedor G,SKU00079,2024-08-22,2024-09-23,21,26258.55
OC00029,Proveedor B,SKU00229,2026-02-02,2026-03-20,192,33032.64
OC00030,Proveedor H,SKU00605,2025-10-27,2025-11-11,36,20335.38
OC00031,Proveedor B,SKU00051,2024-08-28,2024-10-13,192,16342.61
OC00032,Proveedor A,SKU00660,2026-02-02,2026-03-11,147,46322.06
OC00033,Proveedor H,SKU00398,2025-04-19,2025-04-30,36,36292.33
OC00034,Proveedor F,SKU00458,2025-10-31,2025-12-28,52,19039.59
OC00035,Proveedor B,SKU00031,2023-07-18,2023-09-02,192,46091.49
OC00036,Proveedor E,SKU00662,2024-09-27,2024-11-01,579,11250.84
OC00037,Proveedor B,SKU00262,2022-10-25,2022-12-07,192,8431.35
OC00038,Proveedor B,SKU00753,2026-02-05,2026-03-22,192,37187.67
OC00039,Proveedor F,SKU00588,2026-07-02,2026-08-28,52,38333.37
OC00040,Proveedor D,SKU00106,2024-12-14,2025-01-05,153,6802.49
OC00041,Proveedor H,SKU00482,2024-10-11,2024-10-24,36,6244.59
OC00042,Proveedor H,SKU00503,2023-07-20,2023-08-03,72,4061.79
OC00043,Proveedor D,SKU00241,2025-04-30,2025-05-24,153,29938.01
OC00044,Proveedor D,SKU00339,2026-06-16,2026-07-13,153,3512.56
OC00045,Proveedor F,SKU00240,2023-09-21,2023-11-20,52,6812.61
OC00046,Proveedor A,SKU00033,2023-11-10,2023-12-13,294,47389.49
OC00047,Proveedor I,SKU00555,2025-01-04,2025-02-04,182,3438.93
OC00048,Proveedor A,SKU00004,2026-07-19,2026-08-18,441,1629.54
OC00049,Proveedor I,SKU00721,2026-07-15,2026-08-20,364,11513.27
OC00050,Proveedor D,SKU00466,2025-10-07,2025-11-01,153,30670.7
OC00051,Proveedor I,SKU00122,2024-04-30,2024-05-31,182,31175.33
OC00052,Proveedor B,SKU00100,2025-02-01,2025-03-20,192,2486.26
OC00053,Proveedor B,SKU00439,2024-10-25,2024-12-08,192,23945.96
OC00054,Proveedor F,SKU00385,2023-10-23,2023-12-23,52,41420.34
OC00055,Proveedor B,SKU00528,2026-02-18,2026-04-05,192,36075.49
OC00056,Proveedor B,SKU00479,2022-08-12,2022-09-29,192,41118.75
OC00057,Proveedor D,SKU00418,2024-11-16,2024-12-14,459,32912.93
OC00058,Proveedor E,SKU00640,2025-07-29,2025-09-09,579,43682.71
OC00059,Proveedor B,SKU00476,2025-08-24,2025-10-12,192,9989.81
OC00060,Proveedor G,SKU00373,2026-07-29,2026-08-28,21,40882.36
OC00061,Proveedor H,SKU00768,2025-09-22,2025-10-03,72,20016.72
OC00062,Proveedor C,SKU00103,2024-09-19,2024-09-30,35,28676.9
OC00063,Proveedor I,SKU00578,2025-10-19,2025-11-22,182,32283.44
OC00064,Proveedor D,SKU00409,2026-06-02,2026-06-28,153,23411.06
OC00065,Proveedor F,SKU00385,2023-10-21,2023-12-16,52,46562.16
OC00066,Proveedor B,SKU00415,2024-03-27,2024-05-09,192,17044.11
OC00067,Proveedor B,SKU00195,2026-07-20,2026-09-03,192,42166.86
OC00068,Proveedor A,SKU00444,2025-12-09,2026-01-08,147,26903.41
OC00069,Proveedor D,SKU00525,2025-11-12,2025-12-08,306,51351.49
OC00070,Proveedor B,SKU00404,2025-10-07,2025-11-22,192,19162.21
OC00071,Proveedor G,SKU00180,2024-02-06,2024-03-05,42,15620.16
OC00072,Proveedor E,SKU00757,2024-01-29,2024-03-04,193,43560.19
OC00073,Proveedor H,SKU00367,2026-01-25,2026-02-05,36,22262.59
OC00074,Proveedor D,SKU00474,2026-03-23,2026-04-18,153,49166.96
OC00075,Proveedor D,SKU00290,2025-08-26,2025-09-21,153,13999.84
OC00076,Proveedor C,SKU00549,2025-02-16,2025-02-25,70,5947.27
OC00077,Proveedor C,SKU00538,2024-03-16,2024-03-27,35,29612.49
OC00078,Proveedor G,SKU00426,2026-05-08,2026-06-06,21,39887.48
OC00079,Proveedor G,SKU00328,2024-03-19,2024-04-20,21,46711.53
OC00080,Proveedor F,SKU00748,2025-10-15,2025-12-07,52,5315.71
OC00081,Proveedor J,SKU00330,2026-05-10,2026-07-05,155,9970.32
OC00082,Proveedor E,SKU00772,2025-06-21,2025-07-28,193,38573.6
OC00083,Proveedor B,SKU00446,2023-12-25,2024-02-14,192,55698.85
OC00084,Proveedor D,SKU00600,2024-07-21,2024-08-17,153,21837.28
OC00085,Proveedor J,SKU00057,2023-10-10,2023-12-04,155,14516.56
OC00086,Proveedor E,SKU00110,2024-11-24,2025-01-05,193,31279.29
OC00087,Proveedor D,SKU00388,2025-01-14,2025-02-11,153,2936.01
OC00088,Proveedor A,SKU00718,2024-02-03,2024-03-04,147,36936.06
OC00089,Proveedor C,SKU00483,2025-12-09,2025-12-17,35,29266.85
OC00090,Proveedor A,SKU00230,2025-09-01,2025-10-02,147,46552.44
OC00091,Proveedor I,SKU00673,2023-08-17,2023-09-20,182,38400.21
OC00092,Proveedor J,SKU00524,2024-08-12,2024-10-04,155,7642.68
OC00093,Proveedor D,SKU00788,2024-09-12,2024-10-06,306,43406.21
OC00094,Proveedor I,SKU00791,2026-03-06,2026-04-04,182,26059.4
OC00095,Proveedor G,SKU00205,2023-08-09,2023-09-10,21,39035.99
OC00096,Proveedor I,SKU00626,2024-11-05,2024-12-08,182,5655.6
OC00097,Proveedor D,SKU00390,2023-08-31,2023-09-29,153,28950.32
OC00098,Proveedor E,SKU00563,2025-10-29,2025-12-08,193,4078.97
OC00099,Proveedor G,SKU00585,2025-03-12,2025-04-11,42,1778.19
OC00100,Proveedor C,SKU00695,2026-01-25,2026-02-05,35,40600.34
OC00101,Proveedor B,SKU00249,2026-01-18,2026-03-05,384,25234.43
OC00102,Proveedor G,SKU00125,2022-12-16,2023-01-17,42,15236.68
OC00103,Proveedor D,SKU00649,2025-05-10,2025-06-07,153,14236.31
OC00104,Proveedor A,SKU00787,2025-03-17,2025-04-16,147,31309.55
OC00105,Proveedor G,SKU00244,2024-09-20,2024-10-23,21,7083.55
OC00106,Proveedor F,SKU00204,2023-09-06,2023-10-31,52,30037.72
OC00107,Proveedor J,SKU00652,2026-07-03,2026-08-29,155,40917.95
OC00108,Proveedor H,SKU00567,2025-03-29,2025-04-11,36,10101.02
OC00109,Proveedor J,SKU00777,2026-02-01,2026-03-26,310,27135.76
OC00110,Proveedor C,SKU00181,2025-09-23,2025-10-05,35,52871.31
OC00111,Proveedor I,SKU00791,2026-01-25,2026-02-27,182,25007.42
OC00112,Proveedor H,SKU00624,2026-05-18,2026-05-26,36,2103.58
OC00113,Proveedor G,SKU00083,2025-02-09,2025-03-10,21,4817.08
OC00114,Proveedor D,SKU00516,2022-12-04,2022-12-28,459,25022.24
OC00115,Proveedor B,SKU00650,2024-10-24,2024-12-06,192,10253.12
OC00116,Proveedor D,SKU00390,2024-10-22,2024-11-16,153,27996.29
OC00117,Proveedor F,SKU00638,2023-10-28,2023-12-20,52,27945.4
OC00118,Proveedor A,SKU00033,2023-07-09,2023-08-08,147,44046.24
OC00119,Proveedor G,SKU00335,2026-02-10,2026-03-09,63,2538.82
OC00120,Proveedor F,SKU00458,2025-04-13,2025-06-08,52,18986.47
OC00121,Proveedor I,SKU00499,2025-11-06,2025-12-12,546,6527.45
OC00122,Proveedor H,SKU00255,2024-04-13,2024-04-25,36,12024.6
OC00123,Proveedor F,SKU00674,2025-09-18,2025-11-17,104,45327.02
OC00124,Proveedor B,SKU00498,2025-08-26,2025-10-08,576,15099.26
OC00125,Proveedor J,SKU00531,2025-08-03,2025-09-27,155,19380.31
OC00126,Proveedor D,SKU00516,2024-11-13,2024-12-13,153,27260.19
OC00127,Proveedor B,SKU00528,2025-11-29,2026-01-17,384,35575.77
OC00128,Proveedor D,SKU00239,2024-03-14,2024-04-08,306,20941.85
OC00129,Proveedor G,SKU00237,2025-06-18,2025-07-20,21,12937.94
OC00130,Proveedor B,SKU00650,2026-04-03,2026-05-23,192,9487.56
OC00131,Proveedor C,SKU00279,2025-10-22,2025-10-29,35,41486.47
OC00132,Proveedor B,SKU00130,2025-05-27,2025-07-11,576,19582.99
OC00133,Proveedor G,SKU00544,2025-04-12,2025-05-09,21,11485.61
OC00134,Proveedor A,SKU00614,2024-11-05,2024-12-05,147,11127.12
OC00135,Proveedor G,SKU00410,2023-02-19,2023-03-19,21,35672.09
OC00136,Proveedor F,SKU00674,2026-06-11,2026-08-06,52,39759.96
OC00137,Proveedor G,SKU00422,2024-08-14,2024-09-08,21,16263.02
OC00138,Proveedor G,SKU00395,2025-04-01,2025-04-29,63,24837.83
OC00139,Proveedor C,SKU00754,2025-03-13,2025-03-27,35,10080.07
OC00140,Proveedor B,SKU00141,2024-01-07,2024-02-21,192,40161.93
OC00141,Proveedor A,SKU00405,2024-09-10,2024-10-12,147,43317.79
OC00142,Proveedor G,SKU00009,2024-10-18,2024-11-18,21,1752.66
OC00143,Proveedor F,SKU00295,2025-01-19,2025-03-18,104,10062.92
OC00144,Proveedor E,SKU00459,2025-10-19,2025-11-24,193,17945.68
OC00145,Proveedor F,SKU00047,2024-08-19,2024-10-19,52,11702.7
OC00146,Proveedor J,SKU00603,2025-07-07,2025-08-31,155,33624.41
OC00147,Proveedor H,SKU00610,2026-03-16,2026-03-27,36,36608.82
OC00148,Proveedor G,SKU00009,2025-10-29,2025-11-29,21,1746.29
OC00149,Proveedor A,SKU00547,2025-12-18,2026-01-17,147,43209.91
OC00150,Proveedor D,SKU00788,2024-11-28,2024-12-25,153,42121.38
OC00151,Proveedor B,SKU00163,2026-02-01,2026-03-20,192,43358.85
OC00152,Proveedor E,SKU00731,2025-05-29,2025-07-06,193,30610.5
OC00153,Proveedor J,SKU00203,2026-06-06,2026-07-28,155,13544.64
OC00154,Proveedor I,SKU00455,2023-12-02,2023-12-30,364,34471.58
OC00155,Proveedor D,SKU00339,2025-09-03,2025-09-26,153,3694.08
OC00156,Proveedor A,SKU00124,2025-04-08,2025-05-15,294,18143.86
OC00157,Proveedor C,SKU00162,2025-12-31,2026-01-07,70,29866.69
OC00158,Proveedor B,SKU00249,2026-03-12,2026-04-25,384,24414.14
OC00159,Proveedor E,SKU00306,2023-09-16,2023-10-21,579,12318.95
OC00160,Proveedor I,SKU00139,2024-11-14,2024-12-18,182,41974.29
OC00161,Proveedor E,SKU00705,2025-03-26,2025-05-04,193,11200.09
OC00162,Proveedor E,SKU00780,2024-12-14,2025-01-24,193,41130.27
OC00163,Proveedor G,SKU00271,2026-04-29,2026-05-27,21,20544.83
OC00164,Proveedor J,SKU00408,2024-07-09,2024-08-27,155,30402.79
OC00165,Proveedor H,SKU00128,2025-06-30,2025-07-14,36,2065.1
OC00166,Proveedor F,SKU00062,2022-12-19,2023-02-13,52,36421.97
OC00167,Proveedor A,SKU00042,2026-05-05,2026-06-07,294,33819.73
OC00168,Proveedor I,SKU00742,2025-05-09,2025-06-14,182,36721.51
OC00169,Proveedor C,SKU00421,2023-10-10,2023-10-17,35,26731.72
OC00170,Proveedor F,SKU00454,2024-11-21,2025-01-15,156,20073.86
OC00171,Proveedor E,SKU00331,2024-11-19,2024-12-25,579,1337.38
OC00172,Proveedor A,SKU00681,2026-07-03,2026-08-03,147,36722.26
OC00173,Proveedor I,SKU00767,2024-08-21,2024-09-22,182,19678.86
OC00174,Proveedor I,SKU00072,2025-08-29,2025-10-01,364,23289.17
OC00175,Proveedor G,SKU00395,2024-09-26,2024-10-21,21,27587.81
OC00176,Proveedor B,SKU00378,2024-11-15,2024-12-31,192,4235.74
OC00177,Proveedor A,SKU00718,2023-12-02,2024-01-03,147,39581.39
OC00178,Proveedor C,SKU00162,2025-07-19,2025-07-26,70,28665.5
OC00179,Proveedor G,SKU00762,2025-09-23,2025-10-18,21,31384.14
OC00180,Proveedor H,SKU00292,2025-04-10,2025-04-19,108,45423.17
OC00181,Proveedor H,SKU00512,2024-04-11,2024-04-24,36,30284.9
OC00182,Proveedor G,SKU00343,2025-02-08,2025-03-10,42,5970.27
OC00183,Proveedor I,SKU00632,2026-02-01,2026-03-06,182,38203.22
OC00184,Proveedor C,SKU00002,2026-03-01,2026-03-16,35,26563.29
OC00185,Proveedor H,SKU00255,2024-03-09,2024-03-21,36,12716.36
OC00186,Proveedor I,SKU00620,2025-10-30,2025-12-03,182,23242.79
OC00187,Proveedor G,SKU00009,2025-07-20,2025-08-14,21,1812.7
OC00188,Proveedor B,SKU00114,2023-06-21,2023-08-06,192,19937.73
OC00189,Proveedor H,SKU00145,2026-07-10,2026-07-20,72,2095.9
OC00190,Proveedor C,SKU00109,2025-08-20,2025-08-27,105,23645.99
OC00191,Proveedor A,SKU00406,2025-02-25,2025-04-01,147,26727.07
OC00192,Proveedor I,SKU00084,2025-07-29,2025-08-31,182,34647.16
OC00193,Proveedor J,SKU00111,2023-07-28,2023-09-18,155,40694.81
OC00194,Proveedor H,SKU00190,2022-11-09,2022-11-20,36,22179.07
OC00195,Proveedor H,SKU00746,2025-02-17,2025-03-02,36,13578.22
OC00196,Proveedor A,SKU00698,2025-07-23,2025-08-26,147,19029.95
OC00197,Proveedor B,SKU00382,2024-12-07,2025-01-19,192,41273.66
OC00198,Proveedor A,SKU00496,2024-11-12,2024-12-18,147,39034.21
OC00199,Proveedor D,SKU00651,2025-02-10,2025-03-04,153,24611.09
OC00200,Proveedor A,SKU00272,2023-11-18,2023-12-17,147,10936.42
OC00201,Proveedor F,SKU00435,2025-07-09,2025-09-06,52,2909.2
OC00202,Proveedor A,SKU00361,2023-07-20,2023-08-25,441,26208.46
OC00203,Proveedor B,SKU00100,2024-09-06,2024-10-21,384,2526.69
OC00204,Proveedor D,SKU00600,2025-01-02,2025-01-29,153,22821.53
OC00205,Proveedor J,SKU00203,2024-06-07,2024-07-27,155,14035.73
OC00206,Proveedor A,SKU00654,2024-08-04,2024-09-07,294,7352.66
OC00207,Proveedor C,SKU00685,2025-09-04,2025-09-12,35,36133.12
OC00208,Proveedor J,SKU00777,2023-09-22,2023-11-12,155,26237.29
OC00209,Proveedor B,SKU00184,2025-05-28,2025-07-14,192,26888.9
OC00210,Proveedor B,SKU00646,2026-07-04,2026-08-19,192,18787.42
OC00211,Proveedor G,SKU00671,2025-06-16,2025-07-19,42,18121.1
OC00212,Proveedor D,SKU00241,2025-05-11,2025-06-05,153,29265.82
OC00213,Proveedor G,SKU00671,2025-08-05,2025-08-30,21,19336.88
OC00214,Proveedor D,SKU00258,2026-06-21,2026-07-14,153,15952.65
OC00215,Proveedor A,SKU00594,2023-09-08,2023-10-13,147,9176.28
OC00216,Proveedor G,SKU00784,2025-09-23,2025-10-23,21,20995.5
OC00217,Proveedor B,SKU00739,2025-05-13,2025-07-01,192,15756.91
OC00218,Proveedor C,SKU00562,2024-10-02,2024-10-16,70,13904.8
OC00219,Proveedor G,SKU00019,2025-06-13,2025-07-12,42,46471.99
OC00220,Proveedor D,SKU00516,2024-08-06,2024-09-04,153,25479.65
OC00221,Proveedor G,SKU00457,2024-10-30,2024-11-28,21,38358.06
OC00222,Proveedor F,SKU00510,2024-03-12,2024-05-08,52,17499.29
OC00223,Proveedor G,SKU00043,2026-06-21,2026-07-19,21,15890.64
OC00224,Proveedor F,SKU00091,2025-09-15,2025-11-08,52,6015.43
OC00225,Proveedor E,SKU00283,2025-07-24,2025-09-02,193,22556.63
OC00226,Proveedor F,SKU00686,2025-10-15,2025-12-13,52,10134.57
OC00227,Proveedor A,SKU00033,2024-10-17,2024-11-16,147,44072.08
OC00228,Proveedor D,SKU00209,2026-03-19,2026-04-10,153,10934.25
OC00229,Proveedor H,SKU00746,2025-04-13,2025-04-28,36,13661.8
OC00230,Proveedor A,SKU00327,2026-02-10,2026-03-14,294,16451.59
OC00231,Proveedor B,SKU00031,2023-05-27,2023-07-10,192,42324.99
OC00232,Proveedor G,SKU00765,2026-05-30,2026-07-02,21,11987.08
OC00233,Proveedor B,SKU00189,2026-03-08,2026-04-25,192,11751.66
OC00234,Proveedor E,SKU00332,2025-02-06,2025-03-12,579,22180.25
OC00235,Proveedor J,SKU00531,2026-03-09,2026-05-03,465,18217.91
OC00236,Proveedor J,SKU00276,2026-03-11,2026-05-05,155,23585.1
OC00237,Proveedor F,SKU00358,2024-11-22,2025-01-22,52,25779.65
OC00238,Proveedor D,SKU00465,2026-05-25,2026-06-22,153,13328.55
OC00239,Proveedor E,SKU00015,2025-04-07,2025-05-11,386,4022.64
OC00240,Proveedor I,SKU00157,2023-06-01,2023-07-03,364,2237.25
OC00241,Proveedor F,SKU00581,2025-05-29,2025-07-29,52,21935.06
OC00242,Proveedor C,SKU00321,2022-12-18,2022-12-31,35,26897.35
OC00243,Proveedor I,SKU00303,2023-05-01,2023-06-05,182,43252.09
OC00244,Proveedor F,SKU00491,2025-03-03,2025-04-29,156,39929.49
OC00245,Proveedor B,SKU00783,2023-08-28,2023-10-17,192,48197.66
OC00246,Proveedor D,SKU00106,2024-06-28,2024-07-26,306,6958.57
OC00247,Proveedor A,SKU00137,2025-05-27,2025-06-28,147,22240.48
OC00248,Proveedor I,SKU00134,2025-05-05,2025-06-03,182,18159.87
OC00249,Proveedor F,SKU00329,2025-02-22,2025-04-22,52,42033.9
OC00250,Proveedor E,SKU00213,2024-06-12,2024-07-23,579,26299.97
OC00251,Proveedor H,SKU00413,2026-04-10,2026-04-23,36,48554.51
OC00252,Proveedor I,SKU00293,2024-06-10,2024-07-09,182,41086.89
OC00253,Proveedor D,SKU00320,2023-08-02,2023-08-26,306,12204.42
OC00254,Proveedor B,SKU00262,2022-10-23,2022-12-11,192,8891.64
OC00255,Proveedor G,SKU00461,2025-12-29,2026-01-26,21,33759.41
OC00256,Proveedor A,SKU00566,2025-07-21,2025-08-26,147,24237.66
OC00257,Proveedor F,SKU00435,2024-08-07,2024-10-07,156,3059.29
OC00258,Proveedor G,SKU00205,2023-08-08,2023-09-10,21,37675.45
OC00259,Proveedor E,SKU00075,2023-08-02,2023-09-13,193,9369.48
OC00260,Proveedor I,SKU00727,2024-04-14,2024-05-13,182,15983.6
OC00261,Proveedor C,SKU00365,2023-07-21,2023-08-01,70,16204.42
OC00262,Proveedor I,SKU00136,2024-10-02,2024-11-03,182,36356.17
OC00263,Proveedor F,SKU00126,2024-10-13,2024-12-06,52,18100.75
OC00264,Proveedor H,SKU00001,2025-11-01,2025-11-09,72,8390.22
OC00265,Proveedor I,SKU00044,2023-06-24,2023-07-22,182,45066.47
OC00266,Proveedor H,SKU00789,2023-10-07,2023-10-18,36,13339.95
OC00267,Proveedor I,SKU00264,2025-06-03,2025-07-09,182,31036.89
OC00268,Proveedor G,SKU00108,2025-04-11,2025-05-07,21,43167.33
OC00269,Proveedor B,SKU00034,2023-11-03,2023-12-23,192,35370.93
OC00270,Proveedor G,SKU00585,2025-03-17,2025-04-19,21,1742.07
OC00271,Proveedor B,SKU00432,2025-06-24,2025-08-13,192,19874.46
OC00272,Proveedor B,SKU00100,2023-12-24,2024-02-06,384,2326.1
OC00273,Proveedor G,SKU00544,2023-11-05,2023-11-30,42,11662.62
OC00274,Proveedor G,SKU00426,2023-09-19,2023-10-18,21,38204.75
OC00275,Proveedor E,SKU00534,2024-03-29,2024-05-10,193,2841.23
OC00276,Proveedor A,SKU00444,2022-08-19,2022-09-18,147,24943.05
OC00277,Proveedor C,SKU00247,2025-06-24,2025-07-08,35,44191.96
OC00278,Proveedor A,SKU00406,2026-05-22,2026-06-22,147,26252.6
OC00279,Proveedor D,SKU00241,2024-10-21,2024-11-14,153,29290.0
OC00280,Proveedor B,SKU00189,2023-06-29,2023-08-18,192,11521.58
OC00281,Proveedor I,SKU00284,2024-06-22,2024-07-24,182,36007.94
OC00282,Proveedor E,SKU00462,2025-06-08,2025-07-20,386,12260.64
OC00283,Proveedor D,SKU00316,2025-02-27,2025-03-27,153,16372.5
OC00284,Proveedor B,SKU00249,2026-01-02,2026-02-20,192,24265.53
OC00285,Proveedor G,SKU00023,2025-01-20,2025-02-14,21,4119.14
OC00286,Proveedor C,SKU00394,2023-06-05,2023-06-15,105,42777.51
OC00287,Proveedor F,SKU00639,2026-05-22,2026-07-22,52,24406.59
OC00288,Proveedor F,SKU00581,2024-05-02,2024-06-26,104,26091.36
OC00289,Proveedor A,SKU00361,2025-08-26,2025-09-26,147,30853.7
OC00290,Proveedor I,SKU00683,2026-07-10,2026-08-13,182,3845.29
OC00291,Proveedor F,SKU00389,2025-05-05,2025-06-27,104,12552.14
OC00292,Proveedor F,SKU00062,2024-02-07,2024-04-02,52,38839.2
OC00293,Proveedor E,SKU00217,2024-05-09,2024-06-17,193,17580.41
OC00294,Proveedor H,SKU00575,2023-01-08,2023-01-18,36,5450.57
OC00295,Proveedor C,SKU00210,2025-02-24,2025-03-07,35,30444.49
OC00296,Proveedor A,SKU00615,2025-08-09,2025-09-07,147,13497.27
OC00297,Proveedor C,SKU00193,2023-10-25,2023-11-09,35,10663.02
OC00298,Proveedor J,SKU00751,2025-10-01,2025-11-20,155,41182.67
OC00299,Proveedor I,SKU00683,2025-11-17,2025-12-16,546,4006.79
OC00300,Proveedor A,SKU00541,2023-01-24,2023-02-22,147,4499.81
OC00301,Proveedor G,SKU00574,2026-04-30,2026-05-25,21,3735.53
OC00302,Proveedor G,SKU00064,2025-08-30,2025-09-30,21,22846.57
OC00303,Proveedor C,SKU00193,2025-09-20,2025-09-28,35,9334.6
OC00304,Proveedor F,SKU00590,2024-06-01,2024-08-01,52,43952.21
OC00305,Proveedor J,SKU00183,2026-04-07,2026-06-03,155,11305.5
OC00306,Proveedor C,SKU00701,2024-02-01,2024-02-11,35,43275.77
OC00307,Proveedor F,SKU00050,2025-10-14,2025-12-14,52,35077.5
OC00308,Proveedor C,SKU00743,2025-11-03,2025-11-15,70,26785.31
OC00309,Proveedor H,SKU00567,2024-09-22,2024-09-30,36,10263.1
OC00310,Proveedor B,SKU00432,2026-05-21,2026-07-06,384,21927.75
OC00311,Proveedor C,SKU00120,2023-03-20,2023-04-03,35,35402.12
OC00312,Proveedor F,SKU00557,2024-07-07,2024-09-02,52,32530.18
OC00313,Proveedor A,SKU00013,2024-07-20,2024-08-21,441,4983.27
OC00314,Proveedor F,SKU00393,2026-01-10,2026-03-04,52,32574.27
OC00315,Proveedor E,SKU00780,2026-05-15,2026-06-20,193,36598.74
OC00316,Proveedor C,SKU00769,2024-02-09,2024-02-21,35,41340.96
OC00317,Proveedor J,SKU00408,2023-08-22,2023-10-16,155,33380.99
OC00318,Proveedor A,SKU00621,2024-03-26,2024-04-30,147,8852.53
OC00319,Proveedor E,SKU00196,2025-03-14,2025-04-24,193,40887.78
OC00320,Proveedor B,SKU00038,2026-07-21,2026-09-06,384,27981.86
OC00321,Proveedor H,SKU00161,2024-02-08,2024-02-19,36,25464.85
OC00322,Proveedor F,SKU00478,2024-01-15,2024-03-11,52,52797.28
OC00323,Proveedor C,SKU00257,2024-11-09,2024-11-18,35,24582.59
OC00324,Proveedor A,SKU00406,2025-09-07,2025-10-06,294,25867.05
OC00325,Proveedor A,SKU00020,2023-03-28,2023-04-26,147,14186.89
OC00326,Proveedor H,SKU00766,2025-08-06,2025-08-18,36,34582.6
OC00327,Proveedor G,SKU00180,2025-11-11,2025-12-07,21,13916.56
OC00328,Proveedor A,SKU00681,2026-06-23,2026-07-24,294,36015.64
OC00329,Proveedor B,SKU00404,2023-02-24,2023-04-08,576,19139.07
OC00330,Proveedor H,SKU00248,2023-04-29,2023-05-12,36,9606.66
OC00331,Proveedor J,SKU00276,2024-09-30,2024-11-24,155,24234.81
OC00332,Proveedor H,SKU00529,2025-12-27,2026-01-08,36,13038.28
OC00333,Proveedor A,SKU00105,2025-05-12,2025-06-18,294,40890.96
OC00334,Proveedor G,SKU00771,2024-11-17,2024-12-17,21,37492.14
OC00335,Proveedor J,SKU00111,2023-09-09,2023-10-31,155,41090.35
OC00336,Proveedor B,SKU00720,2024-11-13,2025-01-03,192,45717.11
OC00337,Proveedor A,SKU00681,2025-01-04,2025-02-10,147,37907.14
OC00338,Proveedor E,SKU00068,2023-12-09,2024-01-15,193,43451.06
OC00339,Proveedor I,SKU00187,2025-04-03,2025-05-05,364,5631.23
OC00340,Proveedor F,SKU00211,2025-02-07,2025-04-05,52,25735.39
OC00341,Proveedor G,SKU00347,2026-04-10,2026-05-13,63,24585.57
OC00342,Proveedor G,SKU00244,2023-04-30,2023-05-31,21,6078.66
OC00343,Proveedor D,SKU00583,2024-05-24,2024-06-22,306,26260.23
OC00344,Proveedor B,SKU00416,2024-08-23,2024-10-07,384,7928.12
OC00345,Proveedor D,SKU00142,2024-09-17,2024-10-13,153,14753.67
OC00346,Proveedor F,SKU00536,2025-12-26,2026-02-23,52,6624.28
OC00347,Proveedor A,SKU00796,2025-04-07,2025-05-11,147,33804.85
OC00348,Proveedor A,SKU00781,2023-04-20,2023-05-25,147,34291.65
OC00349,Proveedor E,SKU00468,2025-05-20,2025-06-28,193,15904.06
OC00350,Proveedor D,SKU00788,2024-01-06,2024-02-01,153,44155.85
OC00351,Proveedor E,SKU00591,2025-03-08,2025-04-13,193,33268.85
OC00352,Proveedor A,SKU00147,2025-01-19,2025-02-25,147,5960.94
OC00353,Proveedor B,SKU00229,2025-08-09,2025-09-21,576,30403.95
OC00354,Proveedor E,SKU00772,2025-11-10,2025-12-19,579,41679.61
OC00355,Proveedor D,SKU00508,2026-02-02,2026-03-03,153,41579.98
OC00356,Proveedor F,SKU00467,2023-05-19,2023-07-11,52,11928.49
OC00357,Proveedor H,SKU00185,2025-02-11,2025-02-21,36,25181.59
OC00358,Proveedor A,SKU00085,2022-10-10,2022-11-12,147,27746.3
OC00359,Proveedor J,SKU00463,2024-11-08,2024-12-29,465,34899.99
OC00360,Proveedor J,SKU00679,2023-05-20,2023-07-15,155,16679.15
OC00361,Proveedor F,SKU00050,2025-07-28,2025-09-27,52,35162.56
OC00362,Proveedor B,SKU00051,2025-01-10,2025-02-28,192,14953.29
OC00363,Proveedor D,SKU00302,2024-11-20,2024-12-12,459,37572.77
OC00364,Proveedor H,SKU00567,2026-04-04,2026-04-17,36,9360.18
OC00365,Proveedor I,SKU00593,2026-02-02,2026-03-08,182,42261.04
OC00366,Proveedor B,SKU00059,2026-04-14,2026-06-03,192,32490.94
OC00367,Proveedor H,SKU00301,2025-04-06,2025-04-16,108,7283.86
OC00368,Proveedor J,SKU00463,2024-03-28,2024-05-17,155,37830.46
OC00369,Proveedor D,SKU00095,2025-09-24,2025-10-23,153,16266.65
OC00370,Proveedor H,SKU00292,2025-09-17,2025-09-29,36,45853.69
OC00371,Proveedor A,SKU00594,2023-08-08,2023-09-09,147,8348.29
OC00372,Proveedor I,SKU00721,2023-03-31,2023-04-29,364,12020.08
OC00373,Proveedor C,SKU00483,2025-10-18,2025-10-29,70,29900.71
OC00374,Proveedor E,SKU00334,2025-12-03,2026-01-08,386,15107.69
OC00375,Proveedor H,SKU00078,2024-02-04,2024-02-13,108,29125.15
OC00376,Proveedor I,SKU00157,2022-07-06,2022-08-05,182,2449.85
OC00377,Proveedor G,SKU00799,2025-05-14,2025-06-11,21,36202.78
OC00378,Proveedor H,SKU00292,2025-03-23,2025-04-04,36,40902.19
OC00379,Proveedor J,SKU00057,2023-09-03,2023-10-22,155,15153.06
OC00380,Proveedor G,SKU00580,2024-11-05,2024-11-30,63,28174.95
OC00381,Proveedor B,SKU00119,2024-10-30,2024-12-16,192,45835.42
OC00382,Proveedor B,SKU00714,2025-06-23,2025-08-12,576,7899.22
OC00383,Proveedor E,SKU00332,2025-01-02,2025-02-05,386,19594.98
OC00384,Proveedor I,SKU00226,2026-07-19,2026-08-19,182,17073.69
OC00385,Proveedor H,SKU00744,2024-02-04,2024-02-15,36,32278.86
OC00386,Proveedor J,SKU00442,2022-12-10,2023-02-01,155,23105.87
OC00387,Proveedor I,SKU00234,2026-01-13,2026-02-18,546,37205.18
OC00388,Proveedor D,SKU00437,2024-12-17,2025-01-15,153,25808.13
OC00389,Proveedor D,SKU00756,2023-02-15,2023-03-14,306,23352.78
OC00390,Proveedor I,SKU00612,2026-05-24,2026-06-29,182,31345.75
OC00391,Proveedor D,SKU00752,2025-01-22,2025-02-16,153,1949.98
OC00392,Proveedor F,SKU00623,2025-10-04,2025-12-03,52,12097.42
OC00393,Proveedor H,SKU00165,2022-07-22,2022-07-30,36,15419.85
OC00394,Proveedor I,SKU00489,2026-03-26,2026-04-24,546,11630.28
OC00395,Proveedor D,SKU00339,2026-04-05,2026-05-02,153,3612.75
OC00396,Proveedor F,SKU00745,2024-12-16,2025-02-15,52,41342.45
OC00397,Proveedor F,SKU00054,2026-02-05,2026-03-30,156,13709.05
OC00398,Proveedor E,SKU00332,2026-04-05,2026-05-09,579,20043.23
OC00399,Proveedor B,SKU00199,2026-05-06,2026-06-25,192,35755.08
OC00400,Proveedor A,SKU00566,2025-02-27,2025-04-04,147,23219.22
OC00401,Proveedor B,SKU00552,2026-03-11,2026-05-01,576,14575.87
OC00402,Proveedor G,SKU00340,2025-02-20,2025-03-20,21,11132.45
OC00403,Proveedor H,SKU00575,2022-12-29,2023-01-07,72,5618.78
OC00404,Proveedor F,SKU00211,2023-12-19,2024-02-10,104,26437.04
OC00405,Proveedor G,SKU00373,2026-04-22,2026-05-17,42,41484.08
OC00406,Proveedor E,SKU00156,2025-02-17,2025-03-24,579,53563.52
OC00407,Proveedor E,SKU00757,2023-10-10,2023-11-17,386,35911.02
OC00408,Proveedor B,SKU00184,2025-01-13,2025-02-27,192,29583.71
OC00409,Proveedor F,SKU00242,2024-10-11,2024-12-10,52,37901.91
OC00410,Proveedor C,SKU00181,2026-06-09,2026-06-23,35,54284.82
OC00411,Proveedor I,SKU00121,2026-02-27,2026-03-29,182,38129.64
OC00412,Proveedor B,SKU00163,2025-10-04,2025-11-18,384,39880.07
OC00413,Proveedor B,SKU00783,2025-03-23,2025-05-11,576,47180.29
OC00414,Proveedor A,SKU00564,2023-12-25,2024-01-23,294,11160.58
OC00415,Proveedor C,SKU00039,2026-04-11,2026-04-20,35,18929.06
OC00416,Proveedor F,SKU00385,2023-10-23,2023-12-19,52,41363.24
OC00417,Proveedor J,SKU00775,2025-08-28,2025-10-18,155,35011.57
OC00418,Proveedor I,SKU00635,2023-07-30,2023-08-27,182,29507.27
OC00419,Proveedor B,SKU00386,2025-04-04,2025-05-20,192,15821.27
OC00420,Proveedor H,SKU00281,2023-07-22,2023-08-07,36,46163.69
OC00421,Proveedor A,SKU00594,2023-09-25,2023-11-01,147,8602.99
OC00422,Proveedor D,SKU00320,2023-11-07,2023-11-29,306,12616.76
OC00423,Proveedor A,SKU00488,2022-07-23,2022-08-24,441,26234.15
OC00424,Proveedor B,SKU00336,2026-02-22,2026-04-08,192,14225.6
OC00425,Proveedor F,SKU00396,2026-01-18,2026-03-13,52,2597.66
OC00426,Proveedor J,SKU00687,2025-09-22,2025-11-15,465,12110.95
OC00427,Proveedor D,SKU00525,2024-07-18,2024-08-15,153,52242.33
OC00428,Proveedor B,SKU00336,2025-04-28,2025-06-10,192,16341.2
OC00429,Proveedor I,SKU00632,2023-02-10,2023-03-11,182,34497.59
OC00430,Proveedor C,SKU00394,2024-04-02,2024-04-12,105,40647.32
OC00431,Proveedor E,SKU00334,2024-11-14,2024-12-22,193,14427.6
OC00432,Proveedor F,SKU00582,2025-01-19,2025-03-21,52,29081.26
OC00433,Proveedor G,SKU00023,2025-02-02,2025-03-04,42,4324.11
OC00434,Proveedor C,SKU00247,2024-12-29,2025-01-11,70,43900.29
OC00435,Proveedor E,SKU00731,2023-08-12,2023-09-20,193,26063.56
OC00436,Proveedor E,SKU00640,2025-07-12,2025-08-23,193,42529.37
OC00437,Proveedor C,SKU00103,2026-04-26,2026-05-08,35,31400.27
OC00438,Proveedor B,SKU00040,2023-12-31,2024-02-14,192,2277.89
OC00439,Proveedor D,SKU00501,2023-01-02,2023-02-01,153,7231.19
OC00440,Proveedor C,SKU00143,2026-01-21,2026-01-29,35,4179.72
OC00441,Proveedor H,SKU00456,2025-03-08,2025-03-18,36,7624.63
OC00442,Proveedor J,SKU00687,2026-04-29,2026-06-18,155,12939.21
OC00443,Proveedor B,SKU00730,2024-10-08,2024-11-23,576,19095.17
OC00444,Proveedor I,SKU00708,2024-12-17,2025-01-19,182,40398.24
OC00445,Proveedor C,SKU00243,2026-05-27,2026-06-04,35,50451.8
OC00446,Proveedor I,SKU00303,2022-07-06,2022-08-11,546,44733.9
OC00447,Proveedor D,SKU00525,2026-01-26,2026-02-18,153,54612.45
OC00448,Proveedor B,SKU00119,2025-03-20,2025-05-03,192,48535.21
OC00449,Proveedor D,SKU00583,2025-07-04,2025-07-30,153,28855.85
OC00450,Proveedor C,SKU00417,2026-04-10,2026-04-22,105,41219.69
OC00451,Proveedor H,SKU00712,2024-10-06,2024-10-14,72,24376.59
OC00452,Proveedor D,SKU00239,2025-02-09,2025-03-06,459,23180.36
OC00453,Proveedor C,SKU00279,2025-09-27,2025-10-06,35,43571.47
OC00454,Proveedor F,SKU00188,2025-03-27,2025-05-23,52,15583.61
OC00455,Proveedor C,SKU00375,2024-05-20,2024-06-01,35,21517.45
OC00456,Proveedor G,SKU00340,2023-10-23,2023-11-20,21,10830.41
OC00457,Proveedor C,SKU00143,2026-04-30,2026-05-10,35,4298.51
OC00458,Proveedor C,SKU00018,2026-06-30,2026-07-15,70,35024.77
OC00459,Proveedor A,SKU00305,2025-03-01,2025-03-31,147,4085.72
OC00460,Proveedor H,SKU00529,2025-03-07,2025-03-17,72,12886.2
OC00461,Proveedor F,SKU00435,2024-05-24,2024-07-18,52,3007.63
OC00462,Proveedor J,SKU00542,2025-08-07,2025-09-25,155,38598.22
OC00463,Proveedor E,SKU00664,2026-01-03,2026-02-06,193,45336.32
OC00464,Proveedor I,SKU00626,2026-07-25,2026-08-27,182,5865.54
OC00465,Proveedor J,SKU00206,2026-03-30,2026-05-22,310,39959.52
OC00466,Proveedor G,SKU00794,2023-10-31,2023-11-26,21,19495.1
OC00467,Proveedor A,SKU00272,2024-09-02,2024-10-04,441,11488.3
OC00468,Proveedor A,SKU00594,2023-08-21,2023-09-22,294,9062.51
OC00469,Proveedor I,SKU00187,2026-05-17,2026-06-14,364,5694.46
OC00470,Proveedor D,SKU00208,2025-02-25,2025-03-23,153,36545.15
OC00471,Proveedor B,SKU00031,2023-08-08,2023-09-21,192,40478.93
OC00472,Proveedor H,SKU00482,2024-01-22,2024-02-06,36,6563.49
OC00473,Proveedor A,SKU00488,2025-04-20,2025-05-23,147,23617.01
OC00474,Proveedor B,SKU00037,2025-11-06,2025-12-21,192,43287.68
OC00475,Proveedor I,SKU00587,2023-12-09,2024-01-07,182,19859.08
OC00476,Proveedor F,SKU00164,2024-12-02,2025-01-28,52,34838.22
OC00477,Proveedor H,SKU00066,2025-04-14,2025-04-29,36,36977.26
OC00478,Proveedor F,SKU00601,2025-05-02,2025-07-01,52,18462.4
OC00479,Proveedor I,SKU00578,2025-08-05,2025-09-09,364,33629.57
OC00480,Proveedor E,SKU00127,2026-07-14,2026-08-23,193,40166.19
OC00481,Proveedor A,SKU00227,2025-03-22,2025-04-25,147,14112.94
OC00482,Proveedor B,SKU00274,2024-08-05,2024-09-19,576,40884.38
OC00483,Proveedor E,SKU00662,2026-03-18,2026-04-21,193,10580.46
OC00484,Proveedor H,SKU00624,2026-06-03,2026-06-12,36,2205.98
OC00485,Proveedor F,SKU00204,2025-04-16,2025-06-09,52,32581.56
OC00486,Proveedor E,SKU00127,2026-04-28,2026-06-07,579,42321.75
OC00487,Proveedor A,SKU00098,2026-01-12,2026-02-15,147,46340.64
OC00488,Proveedor F,SKU00582,2026-02-13,2026-04-09,52,33350.08
OC00489,Proveedor H,SKU00304,2026-02-03,2026-02-12,36,51575.92
OC00490,Proveedor G,SKU00765,2025-08-13,2025-09-11,21,11176.27
OC00491,Proveedor H,SKU00129,2024-09-26,2024-10-05,36,28258.83
OC00492,Proveedor G,SKU00574,2026-02-14,2026-03-18,21,3556.26
OC00493,Proveedor A,SKU00070,2022-09-15,2022-10-19,147,26960.75
OC00494,Proveedor E,SKU00469,2025-11-18,2025-12-27,193,28028.1
OC00495,Proveedor G,SKU00250,2026-02-27,2026-03-30,42,3421.24
OC00496,Proveedor D,SKU00258,2026-04-19,2026-05-12,153,13436.93
OC00497,Proveedor B,SKU00535,2025-06-02,2025-07-19,384,17264.14
OC00498,Proveedor H,SKU00255,2024-04-23,2024-05-09,36,12653.01
OC00499,Proveedor F,SKU00048,2023-05-19,2023-07-11,52,16751.13
OC00500,Proveedor I,SKU00371,2026-04-27,2026-05-26,182,39307.84
OC00501,Proveedor H,SKU00222,2023-10-29,2023-11-10,36,40593.32
OC00502,Proveedor I,SKU00683,2025-09-08,2025-10-07,546,3904.46
OC00503,Proveedor A,SKU00272,2024-03-12,2024-04-14,147,12065.16
OC00504,Proveedor E,SKU00213,2024-09-30,2024-11-10,193,26010.98
OC00505,Proveedor H,SKU00007,2025-02-25,2025-03-13,36,51514.44
OC00506,Proveedor A,SKU00642,2024-09-26,2024-10-30,147,24919.48
OC00507,Proveedor H,SKU00001,2025-12-27,2026-01-06,36,8682.99
OC00508,Proveedor B,SKU00552,2025-04-09,2025-05-26,192,14802.65
OC00509,Proveedor I,SKU00226,2024-10-30,2024-12-03,182,18244.41
OC00510,Proveedor J,SKU00275,2024-09-04,2024-10-28,155,19987.32
OC00511,Proveedor F,SKU00728,2025-08-23,2025-10-21,104,2260.26
OC00512,Proveedor G,SKU00426,2025-11-25,2025-12-27,63,40834.02
OC00513,Proveedor G,SKU00113,2025-01-30,2025-03-03,21,20501.31
OC00514,Proveedor I,SKU00427,2026-05-28,2026-07-01,182,9257.84
OC00515,Proveedor B,SKU00034,2024-12-18,2025-01-30,384,35686.53
OC00516,Proveedor D,SKU00788,2025-01-22,2025-02-18,153,44910.8
OC00517,Proveedor G,SKU00063,2026-02-21,2026-03-25,21,25968.76
OC00518,Proveedor F,SKU00126,2024-06-22,2024-08-15,52,16710.59
OC00519,Proveedor C,SKU00710,2024-09-10,2024-09-19,35,50194.02
OC00520,Proveedor B,SKU00383,2024-02-27,2024-04-14,192,28031.1
OC00521,Proveedor A,SKU00622,2026-07-16,2026-08-20,147,34841.99
OC00522,Proveedor H,SKU00269,2026-06-27,2026-07-10,36,16037.04
OC00523,Proveedor J,SKU00057,2023-11-15,2024-01-10,155,14928.12
OC00524,Proveedor I,SKU00593,2025-01-15,2025-02-14,182,38609.8
OC00525,Proveedor G,SKU00079,2024-08-19,2024-09-16,42,28518.04
OC00526,Proveedor G,SKU00343,2025-11-24,2025-12-27,21,5798.83
OC00527,Proveedor F,SKU00601,2025-12-22,2026-02-18,52,21520.67
OC00528,Proveedor A,SKU00327,2023-08-16,2023-09-18,294,17285.03
OC00529,Proveedor B,SKU00038,2025-10-02,2025-11-19,192,30054.9
OC00530,Proveedor C,SKU00341,2025-09-25,2025-10-08,35,39474.6
OC00531,Proveedor D,SKU00388,2026-07-05,2026-07-27,306,3035.11
OC00532,Proveedor E,SKU00008,2025-11-01,2025-12-11,386,9390.7
OC00533,Proveedor I,SKU00139,2026-06-01,2026-07-06,546,44598.04
OC00534,Proveedor H,SKU00746,2025-02-12,2025-02-21,36,13654.58
OC00535,Proveedor D,SKU00782,2026-02-08,2026-03-02,153,11051.15
OC00536,Proveedor I,SKU00136,2025-08-15,2025-09-20,182,33769.98
OC00537,Proveedor G,SKU00237,2025-05-14,2025-06-16,42,12470.25
OC00538,Proveedor F,SKU00495,2025-01-31,2025-03-26,52,31247.98
OC00539,Proveedor G,SKU00328,2026-06-02,2026-07-02,21,48118.09
OC00540,Proveedor C,SKU00494,2025-03-10,2025-03-19,70,44995.88
OC00541,Proveedor D,SKU00556,2026-04-26,2026-05-20,153,19795.93
OC00542,Proveedor B,SKU00714,2025-08-30,2025-10-13,576,7784.5
OC00543,Proveedor J,SKU00360,2022-05-24,2022-07-20,155,26200.76
OC00544,Proveedor B,SKU00236,2024-06-03,2024-07-18,192,14365.32
OC00545,Proveedor B,SKU00362,2024-11-19,2025-01-09,192,35295.7
OC00546,Proveedor F,SKU00242,2024-04-16,2024-06-15,104,38947.85
OC00547,Proveedor E,SKU00772,2025-04-20,2025-05-28,193,42594.95
OC00548,Proveedor F,SKU00750,2025-11-11,2026-01-06,52,19999.28
OC00549,Proveedor H,SKU00610,2026-07-22,2026-08-04,36,37159.78
OC00550,Proveedor I,SKU00065,2025-08-14,2025-09-15,182,54447.66
OC00551,Proveedor G,SKU00083,2025-02-24,2025-03-27,21,4439.55
OC00552,Proveedor F,SKU00358,2025-03-04,2025-04-29,104,24652.55
OC00553,Proveedor A,SKU00718,2025-03-28,2025-04-30,147,34325.84
OC00554,Proveedor J,SKU00330,2026-02-11,2026-04-04,155,10469.55
OC00555,Proveedor J,SKU00155,2023-02-18,2023-04-08,310,4301.22
OC00556,Proveedor H,SKU00326,2023-12-13,2023-12-24,36,9299.88
OC00557,Proveedor C,SKU00351,2023-09-12,2023-09-27,35,25411.68
OC00558,Proveedor D,SKU00723,2026-02-05,2026-03-04,153,44497.99
OC00559,Proveedor E,SKU00283,2025-07-26,2025-09-02,386,25239.64
OC00560,Proveedor J,SKU00659,2023-02-07,2023-03-31,155,21005.52
OC00561,Proveedor B,SKU00511,2026-06-18,2026-07-31,192,5454.77
OC00562,Proveedor B,SKU00535,2023-12-31,2024-02-17,192,15524.88
OC00563,Proveedor E,SKU00462,2025-06-30,2025-08-07,193,12414.46
OC00564,Proveedor H,SKU00248,2024-02-21,2024-03-06,36,8508.13
OC00565,Proveedor F,SKU00329,2024-09-16,2024-11-08,52,38650.7
OC00566,Proveedor E,SKU00289,2025-06-04,2025-07-08,193,47447.79
OC00567,Proveedor B,SKU00650,2023-08-01,2023-09-15,576,9611.09
OC00568,Proveedor D,SKU00631,2024-09-28,2024-10-20,153,21626.11
OC00569,Proveedor J,SKU00569,2025-01-06,2025-02-27,155,13802.14
OC00570,Proveedor D,SKU00344,2025-05-08,2025-06-05,153,38237.56
OC00571,Proveedor C,SKU00018,2025-04-02,2025-04-12,35,31192.72
OC00572,Proveedor G,SKU00422,2025-07-04,2025-08-05,63,16287.84
OC00573,Proveedor E,SKU00724,2023-04-20,2023-05-28,193,22534.15
OC00574,Proveedor B,SKU00565,2024-09-28,2024-11-16,192,7413.65
OC00575,Proveedor H,SKU00456,2025-09-01,2025-09-13,36,7355.52
OC00576,Proveedor H,SKU00789,2026-03-06,2026-03-19,36,13960.87
OC00577,Proveedor G,SKU00104,2026-03-11,2026-04-10,21,42154.93
OC00578,Proveedor F,SKU00478,2023-11-16,2024-01-14,52,51985.51
OC00579,Proveedor C,SKU00676,2025-09-22,2025-10-07,35,44462.37
OC00580,Proveedor J,SKU00028,2025-08-08,2025-09-28,155,27596.25
OC00581,Proveedor A,SKU00614,2025-04-14,2025-05-14,294,10691.83
OC00582,Proveedor G,SKU00313,2024-04-11,2024-05-13,21,3834.59
OC00583,Proveedor I,SKU00427,2024-06-07,2024-07-06,364,9349.06
OC00584,Proveedor J,SKU00524,2024-02-12,2024-04-03,155,7919.35
OC00585,Proveedor E,SKU00175,2025-01-04,2025-02-15,193,32730.7
OC00586,Proveedor D,SKU00209,2024-01-01,2024-01-25,153,10337.84
OC00587,Proveedor H,SKU00413,2025-03-07,2025-03-20,36,51816.09
OC00588,Proveedor G,SKU00019,2023-10-15,2023-11-16,21,49228.74
OC00589,Proveedor J,SKU00253,2024-08-05,2024-10-01,155,31462.3
OC00590,Proveedor H,SKU00185,2025-05-05,2025-05-17,36,26368.27
OC00591,Proveedor B,SKU00498,2025-06-25,2025-08-15,192,15911.37
OC00592,Proveedor D,SKU00747,2024-04-05,2024-05-01,306,30968.18
OC00593,Proveedor B,SKU00722,2024-01-28,2024-03-13,192,35094.7
OC00594,Proveedor E,SKU00780,2024-11-18,2024-12-28,193,43003.42
OC00595,Proveedor J,SKU00652,2026-05-14,2026-07-02,155,41104.73
OC00596,Proveedor E,SKU00169,2025-09-28,2025-11-09,386,5806.06
OC00597,Proveedor F,SKU00050,2025-09-10,2025-11-06,52,36878.85
OC00598,Proveedor A,SKU00738,2024-01-11,2024-02-12,147,31502.72
OC00599,Proveedor J,SKU00397,2024-11-21,2025-01-17,310,24384.36
OC00600,Proveedor B,SKU00439,2025-04-10,2025-05-31,192,22488.48
OC00601,Proveedor J,SKU00687,2026-04-08,2026-06-04,465,12368.55
OC00602,Proveedor I,SKU00635,2024-07-13,2024-08-18,182,28366.14
OC00603,Proveedor H,SKU00529,2025-07-20,2025-08-05,36,12456.45
OC00604,Proveedor J,SKU00146,2026-03-13,2026-05-03,310,35852.8
OC00605,Proveedor C,SKU00685,2025-07-25,2025-08-01,105,29804.18
OC00606,Proveedor H,SKU00411,2026-04-29,2026-05-11,72,29929.98
OC00607,Proveedor H,SKU00036,2023-11-06,2023-11-14,36,19321.66
OC00608,Proveedor A,SKU00787,2025-04-02,2025-05-02,147,33948.79
OC00609,Proveedor H,SKU00148,2026-07-25,2026-08-09,72,2480.09
OC00610,Proveedor F,SKU00298,2025-09-15,2025-11-08,52,20366.33
OC00611,Proveedor I,SKU00431,2026-01-25,2026-02-24,182,34588.92
OC00612,Proveedor J,SKU00570,2025-09-05,2025-11-01,155,22736.64
OC00613,Proveedor G,SKU00202,2026-01-20,2026-02-14,21,25024.98
OC00614,Proveedor F,SKU00329,2024-11-21,2025-01-21,104,40423.94
OC00615,Proveedor J,SKU00206,2026-07-09,2026-09-01,155,37759.92
OC00616,Proveedor A,SKU00633,2024-06-14,2024-07-15,147,6141.41
OC00617,Proveedor G,SKU00457,2026-01-12,2026-02-12,21,37943.54
OC00618,Proveedor I,SKU00090,2025-05-13,2025-06-18,182,4144.36
OC00619,Proveedor A,SKU00787,2025-05-29,2025-06-27,147,27444.0
OC00620,Proveedor G,SKU00088,2023-05-03,2023-06-05,21,42149.63
OC00621,Proveedor F,SKU00507,2025-05-08,2025-06-30,52,40078.43
OC00622,Proveedor B,SKU00386,2026-06-28,2026-08-12,384,13657.45
OC00623,Proveedor B,SKU00059,2025-09-29,2025-11-15,384,33883.7
OC00624,Proveedor I,SKU00740,2026-04-12,2026-05-17,182,38154.62
OC00625,Proveedor J,SKU00057,2023-09-06,2023-11-02,155,14641.51
OC00626,Proveedor J,SKU00700,2025-03-09,2025-04-30,155,19903.9
OC00627,Proveedor A,SKU00361,2023-03-18,2023-04-22,294,31099.49
OC00628,Proveedor B,SKU00481,2023-02-18,2023-04-09,576,29955.3
OC00629,Proveedor H,SKU00001,2025-04-21,2025-05-03,36,8213.43
OC00630,Proveedor C,SKU00375,2024-09-21,2024-10-01,105,21828.97
OC00631,Proveedor B,SKU00115,2024-09-04,2024-10-20,384,19058.79
OC00632,Proveedor E,SKU00008,2025-06-30,2025-08-10,193,9181.78
OC00633,Proveedor I,SKU00680,2025-12-15,2026-01-14,182,12613.07
OC00634,Proveedor F,SKU00554,2025-04-28,2025-06-22,104,28422.45
OC00635,Proveedor F,SKU00645,2025-12-05,2026-02-01,52,23647.93
OC00636,Proveedor I,SKU00314,2025-08-20,2025-09-25,182,21503.79
OC00637,Proveedor A,SKU00566,2026-03-22,2026-04-21,147,24507.42
OC00638,Proveedor G,SKU00079,2024-09-02,2024-10-05,21,26465.59
OC00639,Proveedor B,SKU00592,2024-10-26,2024-12-12,192,31448.98
OC00640,Proveedor G,SKU00373,2026-05-05,2026-06-02,21,41340.77
OC00641,Proveedor J,SKU00734,2023-09-29,2023-11-23,155,45361.82
OC00642,Proveedor C,SKU00665,2024-09-05,2024-09-20,35,23469.18
OC00643,Proveedor D,SKU00302,2025-12-18,2026-01-17,306,44623.24
OC00644,Proveedor G,SKU00584,2022-11-06,2022-12-08,21,5518.08
OC00645,Proveedor E,SKU00558,2025-09-30,2025-11-03,193,22080.65
OC00646,Proveedor H,SKU00165,2025-04-13,2025-04-21,36,14864.67
OC00647,Proveedor F,SKU00554,2025-06-14,2025-08-13,52,29361.03
OC00648,Proveedor G,SKU00641,2023-02-07,2023-03-09,21,43245.41
OC00649,Proveedor E,SKU00477,2023-04-22,2023-05-27,386,7236.22
OC00650,Proveedor G,SKU00160,2026-02-01,2026-03-04,21,24360.08
OC00651,Proveedor H,SKU00503,2023-12-27,2024-01-12,36,4071.0
OC00652,Proveedor H,SKU00216,2024-01-24,2024-02-04,36,29483.04
OC00653,Proveedor D,SKU00756,2022-11-02,2022-12-02,153,23253.56
OC00654,Proveedor E,SKU00589,2024-03-19,2024-04-26,193,25744.59
OC00655,Proveedor A,SKU00305,2026-04-04,2026-05-11,147,4469.55
OC00656,Proveedor B,SKU00643,2025-03-13,2025-04-30,576,49684.98
OC00657,Proveedor J,SKU00603,2025-03-14,2025-05-10,465,38125.58
OC00658,Proveedor F,SKU00694,2023-12-25,2024-02-16,52,22581.89
OC00659,Proveedor B,SKU00691,2026-06-03,2026-07-20,384,28752.59
OC00660,Proveedor E,SKU00026,2026-06-14,2026-07-25,579,28660.85
OC00661,Proveedor I,SKU00072,2023-12-03,2024-01-06,364,26529.07
OC00662,Proveedor A,SKU00346,2025-02-13,2025-03-20,147,29892.93
OC00663,Proveedor J,SKU00687,2025-11-24,2026-01-14,155,10973.07
OC00664,Proveedor G,SKU00104,2026-02-24,2026-03-27,21,48530.54
OC00665,Proveedor J,SKU00005,2024-03-15,2024-05-03,155,51970.38
OC00666,Proveedor D,SKU00747,2024-04-11,2024-05-05,153,29260.33
OC00667,Proveedor D,SKU00381,2025-08-22,2025-09-17,306,46937.5
OC00668,Proveedor C,SKU00717,2023-07-16,2023-07-31,35,18925.52
OC00669,Proveedor D,SKU00497,2024-06-10,2024-07-07,459,2853.14
OC00670,Proveedor G,SKU00473,2026-06-02,2026-07-05,21,25080.86
OC00671,Proveedor A,SKU00797,2025-12-13,2026-01-18,441,4116.1
OC00672,Proveedor E,SKU00664,2025-02-08,2025-03-15,193,50483.71
OC00673,Proveedor D,SKU00177,2026-05-21,2026-06-14,153,23683.4
OC00674,Proveedor I,SKU00587,2023-09-23,2023-10-27,182,19779.81
OC00675,Proveedor E,SKU00459,2025-01-02,2025-02-06,386,17882.8
OC00676,Proveedor J,SKU00111,2023-08-08,2023-09-28,155,44368.88
OC00677,Proveedor F,SKU00536,2025-08-12,2025-10-08,52,6516.86
OC00678,Proveedor B,SKU00096,2022-11-12,2022-12-27,192,7835.21
OC00679,Proveedor E,SKU00306,2024-04-03,2024-05-09,193,10092.28
OC00680,Proveedor E,SKU00688,2026-02-14,2026-03-20,193,47834.7
OC00681,Proveedor A,SKU00254,2024-11-19,2024-12-25,147,2038.49
OC00682,Proveedor G,SKU00186,2025-06-26,2025-07-22,21,43760.22
OC00683,Proveedor B,SKU00416,2024-05-14,2024-07-01,192,9002.94
OC00684,Proveedor G,SKU00102,2024-07-16,2024-08-13,21,36826.74
OC00685,Proveedor J,SKU00021,2023-01-11,2023-03-04,155,4216.31
OC00686,Proveedor J,SKU00659,2023-12-10,2024-01-29,310,22797.94
OC00687,Proveedor F,SKU00204,2023-03-27,2023-05-21,52,32314.41
OC00688,Proveedor E,SKU00484,2025-10-17,2025-11-20,193,33554.36
OC00689,Proveedor D,SKU00501,2022-11-11,2022-12-08,153,6458.71
OC00690,Proveedor B,SKU00355,2025-05-19,2025-07-02,192,18512.37
OC00691,Proveedor C,SKU00260,2023-09-25,2023-10-02,35,23888.98
OC00692,Proveedor C,SKU00676,2025-08-13,2025-08-24,35,39571.8
OC00693,Proveedor G,SKU00677,2026-02-01,2026-02-28,21,19521.88
OC00694,Proveedor I,SKU00318,2024-07-30,2024-09-02,182,41257.96
OC00695,Proveedor A,SKU00628,2024-07-23,2024-08-29,147,24648.15
OC00696,Proveedor I,SKU00618,2023-11-03,2023-12-03,364,41936.5
OC00697,Proveedor A,SKU00496,2024-09-26,2024-10-27,147,37241.04
OC00698,Proveedor G,SKU00500,2025-11-26,2025-12-27,21,11957.82
OC00699,Proveedor C,SKU00219,2024-07-14,2024-07-23,70,18669.75
OC00700,Proveedor I,SKU00134,2025-10-14,2025-11-15,182,18539.82
OC00701,Proveedor D,SKU00782,2026-04-18,2026-05-16,153,11538.44
OC00702,Proveedor F,SKU00054,2024-12-02,2025-01-24,52,12500.01
OC00703,Proveedor B,SKU00336,2025-03-11,2025-05-01,576,14986.13
OC00704,Proveedor A,SKU00315,2023-08-18,2023-09-24,147,2031.32
OC00705,Proveedor D,SKU00388,2026-04-11,2026-05-08,153,2785.16
OC00706,Proveedor H,SKU00744,2024-05-22,2024-06-02,108,37618.62
OC00707,Proveedor D,SKU00617,2025-10-18,2025-11-11,153,29878.47
OC00708,Proveedor B,SKU00479,2023-08-17,2023-09-30,192,39927.79
OC00709,Proveedor B,SKU00391,2024-01-14,2024-02-27,384,22365.18
OC00710,Proveedor H,SKU00277,2024-10-31,2024-11-13,72,4262.79
OC00711,Proveedor A,SKU00020,2023-06-08,2023-07-15,147,13186.59
OC00712,Proveedor H,SKU00301,2024-02-15,2024-02-28,36,7178.72
OC00713,Proveedor D,SKU00466,2025-09-05,2025-10-04,153,30678.08
OC00714,Proveedor B,SKU00152,2024-05-01,2024-06-17,192,4789.17
OC00715,Proveedor D,SKU00259,2026-03-08,2026-03-30,153,22569.17
OC00716,Proveedor A,SKU00698,2023-01-07,2023-02-07,147,19604.89
OC00717,Proveedor B,SKU00100,2024-07-12,2024-08-28,192,2260.23
OC00718,Proveedor I,SKU00139,2025-03-16,2025-04-18,182,43017.98
OC00719,Proveedor G,SKU00500,2024-09-29,2024-10-30,63,13786.59
OC00720,Proveedor D,SKU00251,2025-02-27,2025-03-28,153,8149.28
OC00721,Proveedor J,SKU00376,2026-02-05,2026-03-29,465,5056.73
OC00722,Proveedor I,SKU00069,2025-04-22,2025-05-26,182,41717.22
OC00723,Proveedor D,SKU00490,2025-03-03,2025-04-01,153,5779.6
OC00724,Proveedor J,SKU00436,2024-10-30,2024-12-26,155,37331.51
OC00725,Proveedor I,SKU00246,2024-10-13,2024-11-14,182,4200.05
OC00726,Proveedor B,SKU00172,2025-02-14,2025-04-02,192,32380.38
OC00727,Proveedor J,SKU00659,2026-02-13,2026-04-05,465,21997.89
OC00728,Proveedor C,SKU00144,2025-06-24,2025-07-09,35,34056.15
OC00729,Proveedor D,SKU00029,2025-01-17,2025-02-09,459,2303.71
OC00730,Proveedor J,SKU00203,2022-08-17,2022-10-10,465,14169.96
OC00731,Proveedor I,SKU00673,2024-05-29,2024-06-26,364,39396.89
OC00732,Proveedor H,SKU00007,2024-05-11,2024-05-21,36,46495.72
OC00733,Proveedor G,SKU00429,2025-06-19,2025-07-17,42,12539.23
OC00734,Proveedor D,SKU00097,2024-08-12,2024-09-11,153,30350.28
OC00735,Proveedor G,SKU00451,2024-11-29,2024-12-27,21,29314.72
OC00736,Proveedor F,SKU00663,2025-10-12,2025-12-05,52,1898.64
OC00737,Proveedor E,SKU00285,2024-02-19,2024-03-30,193,23972.82
OC00738,Proveedor A,SKU00675,2024-02-16,2024-03-22,147,47192.75
OC00739,Proveedor G,SKU00461,2026-01-28,2026-02-23,42,35210.22
OC00740,Proveedor A,SKU00363,2025-01-30,2025-03-07,441,49258.91
OC00741,Proveedor B,SKU00439,2024-07-16,2024-09-05,384,22741.22
OC00742,Proveedor F,SKU00557,2025-06-29,2025-08-21,52,27484.71
OC00743,Proveedor D,SKU00027,2023-11-18,2023-12-13,153,9425.81
OC00744,Proveedor J,SKU00275,2024-02-23,2024-04-18,465,20705.06
OC00745,Proveedor E,SKU00669,2026-06-04,2026-07-15,386,4310.69
OC00746,Proveedor D,SKU00788,2024-02-18,2024-03-18,153,46294.08
OC00747,Proveedor D,SKU00508,2025-03-18,2025-04-15,153,41457.26
OC00748,Proveedor B,SKU00092,2025-02-04,2025-03-20,192,40946.03
OC00749,Proveedor D,SKU00045,2024-05-30,2024-06-23,153,42513.86
OC00750,Proveedor J,SKU00276,2025-10-03,2025-11-21,155,24753.85
OC00751,Proveedor H,SKU00061,2025-09-23,2025-10-02,36,30268.58
OC00752,Proveedor E,SKU00170,2026-02-11,2026-03-23,193,40330.17
OC00753,Proveedor J,SKU00729,2025-02-20,2025-04-11,155,33929.96
OC00754,Proveedor D,SKU00800,2025-01-10,2025-02-09,153,6983.22
OC00755,Proveedor C,SKU00247,2025-10-29,2025-11-05,35,44949.64
OC00756,Proveedor I,SKU00742,2025-06-16,2025-07-19,364,40166.41
OC00757,Proveedor B,SKU00229,2025-07-14,2025-08-27,192,31486.14
OC00758,Proveedor H,SKU00222,2025-04-26,2025-05-05,108,41191.19
OC00759,Proveedor H,SKU00066,2026-01-04,2026-01-12,72,34817.97
OC00760,Proveedor G,SKU00544,2023-12-16,2024-01-11,21,10465.91
OC00761,Proveedor J,SKU00276,2025-09-11,2025-11-03,465,24979.47
OC00762,Proveedor H,SKU00732,2024-07-12,2024-07-20,36,3292.49
OC00763,Proveedor B,SKU00535,2026-01-15,2026-03-01,384,16751.51
OC00764,Proveedor B,SKU00733,2025-01-12,2025-02-26,192,25785.27
OC00765,Proveedor D,SKU00344,2025-07-09,2025-08-02,153,34885.1
OC00766,Proveedor G,SKU00244,2024-05-17,2024-06-15,21,6336.0
OC00767,Proveedor J,SKU00729,2023-06-02,2023-07-24,155,38693.48
OC00768,Proveedor H,SKU00712,2024-06-28,2024-07-10,36,24254.32
OC00769,Proveedor F,SKU00694,2024-02-17,2024-04-13,104,21338.58
OC00770,Proveedor E,SKU00194,2026-03-21,2026-04-28,386,6658.87
OC00771,Proveedor B,SKU00052,2024-06-21,2024-08-05,384,36925.05
OC00772,Proveedor J,SKU00399,2025-07-12,2025-08-30,155,42916.51
OC00773,Proveedor H,SKU00732,2023-11-03,2023-11-19,36,3341.75
OC00774,Proveedor G,SKU00313,2025-09-02,2025-09-30,21,3438.1
OC00775,Proveedor E,SKU00127,2024-11-02,2024-12-08,579,44107.79
OC00776,Proveedor G,SKU00585,2025-03-13,2025-04-14,21,1602.11
OC00777,Proveedor D,SKU00381,2026-06-24,2026-07-16,153,46861.23
OC00778,Proveedor A,SKU00698,2023-03-15,2023-04-14,147,20245.26
OC00779,Proveedor H,SKU00161,2025-12-13,2025-12-22,108,23287.21
OC00780,Proveedor D,SKU00282,2025-04-18,2025-05-10,153,49285.74
OC00781,Proveedor H,SKU00073,2026-04-30,2026-05-14,36,31430.69
OC00782,Proveedor G,SKU00677,2025-06-10,2025-07-12,21,19752.5
OC00783,Proveedor E,SKU00741,2023-07-04,2023-08-13,579,11601.15
OC00784,Proveedor D,SKU00323,2024-06-25,2024-07-25,153,3089.81
OC00785,Proveedor G,SKU00053,2023-08-12,2023-09-11,63,19666.69
OC00786,Proveedor J,SKU00276,2023-12-29,2024-02-18,155,26292.32
OC00787,Proveedor B,SKU00383,2022-09-09,2022-10-28,576,26572.75
OC00788,Proveedor I,SKU00487,2024-10-26,2024-11-24,182,12437.92
OC00789,Proveedor G,SKU00530,2025-06-24,2025-07-26,21,47095.57
OC00790,Proveedor D,SKU00209,2022-11-21,2022-12-13,306,9518.16
OC00791,Proveedor D,SKU00798,2025-06-02,2025-07-02,459,40465.77
OC00792,Proveedor G,SKU00328,2025-02-26,2025-03-26,21,48632.86
OC00793,Proveedor D,SKU00344,2026-05-05,2026-06-04,153,36100.78
OC00794,Proveedor A,SKU00105,2025-07-19,2025-08-23,147,41615.31
OC00795,Proveedor D,SKU00381,2024-04-26,2024-05-22,153,42315.78
OC00796,Proveedor B,SKU00199,2025-07-04,2025-08-17,576,36639.38
OC00797,Proveedor J,SKU00203,2025-10-26,2025-12-16,310,13747.35
OC00798,Proveedor D,SKU00320,2023-05-09,2023-06-01,153,12652.32
OC00799,Proveedor D,SKU00418,2025-11-24,2025-12-17,153,35285.77
OC00800,Proveedor G,SKU00485,2025-07-16,2025-08-15,21,5703.43
OC00801,Proveedor B,SKU00730,2025-02-16,2025-04-05,192,20148.54
OC00802,Proveedor I,SKU00740,2025-12-25,2026-01-25,182,40602.19
OC00803,Proveedor B,SKU00565,2025-04-13,2025-06-03,384,8301.98
OC00804,Proveedor H,SKU00073,2025-03-14,2025-03-26,36,39080.27
OC00805,Proveedor F,SKU00707,2025-07-26,2025-09-19,104,35656.28
OC00806,Proveedor H,SKU00512,2026-01-13,2026-01-23,36,30861.19
OC00807,Proveedor B,SKU00092,2025-05-05,2025-06-24,192,40626.34
OC00808,Proveedor F,SKU00527,2025-08-28,2025-10-27,52,33570.39
OC00809,Proveedor C,SKU00636,2024-06-29,2024-07-07,35,18847.6
OC00810,Proveedor G,SKU00799,2026-02-09,2026-03-08,42,35021.63
OC00811,Proveedor H,SKU00304,2025-07-13,2025-07-21,72,49305.62
OC00812,Proveedor G,SKU00451,2024-10-02,2024-11-03,21,31153.52
OC00813,Proveedor B,SKU00479,2023-05-19,2023-07-03,192,40642.9
OC00814,Proveedor A,SKU00370,2022-05-11,2022-06-11,147,19649.26
OC00815,Proveedor A,SKU00124,2025-10-26,2025-11-26,147,17200.86
OC00816,Proveedor E,SKU00400,2026-03-08,2026-04-19,193,5003.14
OC00817,Proveedor C,SKU00120,2023-01-01,2023-01-14,35,38850.8
OC00818,Proveedor B,SKU00447,2024-10-11,2024-11-23,384,21715.61
OC00819,Proveedor F,SKU00369,2026-02-16,2026-04-12,52,34777.24
OC00820,Proveedor G,SKU00461,2025-12-04,2026-01-01,21,37249.51
OC00821,Proveedor C,SKU00636,2024-03-27,2024-04-09,35,18828.35
OC00822,Proveedor G,SKU00079,2024-05-21,2024-06-19,21,29497.11
OC00823,Proveedor H,SKU00668,2022-12-16,2022-12-31,36,37523.15
OC00824,Proveedor B,SKU00513,2026-02-25,2026-04-15,384,28371.17
OC00825,Proveedor H,SKU00145,2024-06-20,2024-07-05,36,2447.22
OC00826,Proveedor A,SKU00033,2023-05-30,2023-07-06,147,41192.74
OC00827,Proveedor D,SKU00027,2024-02-05,2024-03-01,306,9642.48
OC00828,Proveedor A,SKU00230,2025-08-24,2025-09-28,294,48131.08
OC00829,Proveedor A,SKU00401,2026-03-01,2026-04-05,147,36196.25
OC00830,Proveedor J,SKU00700,2025-08-23,2025-10-16,155,22209.06
OC00831,Proveedor I,SKU00431,2024-01-24,2024-02-21,364,37727.36
OC00832,Proveedor E,SKU00334,2026-04-08,2026-05-15,193,14258.79
OC00833,Proveedor G,SKU00102,2024-07-31,2024-08-26,21,37089.91
OC00834,Proveedor A,SKU00370,2022-06-23,2022-07-26,147,20467.17
OC00835,Proveedor H,SKU00746,2025-10-07,2025-10-18,36,12960.86
OC00836,Proveedor I,SKU00035,2025-12-13,2026-01-17,364,38312.1
OC00837,Proveedor I,SKU00157,2023-03-29,2023-04-26,182,2401.36
OC00838,Proveedor H,SKU00161,2026-06-06,2026-06-21,108,23474.54
OC00839,Proveedor J,SKU00397,2025-04-21,2025-06-15,155,23432.94
OC00840,Proveedor H,SKU00281,2022-12-30,2023-01-10,36,46529.67
OC00841,Proveedor H,SKU00326,2024-01-30,2024-02-15,36,10437.95
OC00842,Proveedor F,SKU00240,2026-03-24,2026-05-19,104,6877.85
OC00843,Proveedor G,SKU00452,2022-07-18,2022-08-16,63,19497.27
OC00844,Proveedor G,SKU00771,2024-03-13,2024-04-12,21,36835.43
OC00845,Proveedor B,SKU00141,2025-12-02,2026-01-18,192,43108.56
OC00846,Proveedor F,SKU00204,2025-03-10,2025-05-10,52,30443.87
OC00847,Proveedor E,SKU00469,2024-06-18,2024-07-29,386,26976.32
OC00848,Proveedor F,SKU00329,2024-12-09,2025-02-06,52,35422.46
OC00849,Proveedor E,SKU00170,2026-01-06,2026-02-10,193,41390.99
OC00850,Proveedor G,SKU00657,2023-05-07,2023-06-01,21,52817.75
OC00851,Proveedor G,SKU00093,2024-10-20,2024-11-16,21,39560.1
OC00852,Proveedor G,SKU00309,2025-01-20,2025-02-22,21,48386.71
OC00853,Proveedor G,SKU00574,2026-02-27,2026-03-28,21,3643.63
OC00854,Proveedor B,SKU00733,2024-10-28,2024-12-13,192,25267.96
OC00855,Proveedor F,SKU00749,2026-01-09,2026-03-10,52,47324.9
OC00856,Proveedor I,SKU00293,2025-05-10,2025-06-09,182,38974.94
OC00857,Proveedor F,SKU00438,2025-11-10,2026-01-09,52,1455.51
OC00858,Proveedor A,SKU00675,2023-12-23,2024-01-28,147,45311.87
OC00859,Proveedor H,SKU00577,2025-05-21,2025-05-29,36,6848.46
OC00860,Proveedor D,SKU00798,2023-11-27,2023-12-21,153,40935.21
OC00861,Proveedor E,SKU00334,2025-08-09,2025-09-17,193,14720.85
OC00862,Proveedor C,SKU00193,2024-01-22,2024-01-31,35,10253.02
OC00863,Proveedor F,SKU00557,2026-05-28,2026-07-25,52,30586.67
OC00864,Proveedor I,SKU00076,2023-12-13,2024-01-15,182,52088.59
OC00865,Proveedor E,SKU00107,2025-01-09,2025-02-15,386,41171.23
OC00866,Proveedor G,SKU00713,2022-12-17,2023-01-12,21,24857.71
OC00867,Proveedor C,SKU00655,2024-11-21,2024-12-02,35,2817.62
OC00868,Proveedor I,SKU00284,2024-01-15,2024-02-14,364,34963.38
OC00869,Proveedor A,SKU00546,2023-04-11,2023-05-13,441,42601.73
OC00870,Proveedor B,SKU00192,2024-04-01,2024-05-15,192,19402.72
OC00871,Proveedor F,SKU00674,2025-07-21,2025-09-14,156,41264.68
OC00872,Proveedor B,SKU00511,2025-09-15,2025-10-29,576,5340.58
OC00873,Proveedor J,SKU00275,2025-05-25,2025-07-13,310,20310.73
OC00874,Proveedor F,SKU00707,2025-05-25,2025-07-18,52,36459.57
OC00875,Proveedor B,SKU00706,2026-01-19,2026-03-11,576,40984.17
OC00876,Proveedor A,SKU00263,2023-10-25,2023-11-29,147,25031.04
OC00877,Proveedor B,SKU00159,2025-06-13,2025-07-27,192,43440.94
OC00878,Proveedor D,SKU00465,2024-05-29,2024-06-26,306,13121.26
OC00879,Proveedor E,SKU00731,2024-06-23,2024-07-30,193,24618.25
OC00880,Proveedor G,SKU00452,2023-04-26,2023-05-26,21,18809.26
OC00881,Proveedor A,SKU00704,2023-12-01,2024-01-03,441,11711.95
OC00882,Proveedor G,SKU00079,2024-06-15,2024-07-10,42,27874.38
OC00883,Proveedor I,SKU00455,2026-05-05,2026-06-03,364,37754.12
OC00884,Proveedor A,SKU00311,2025-04-13,2025-05-20,441,45229.76
OC00885,Proveedor G,SKU00794,2023-05-17,2023-06-17,21,20339.8
OC00886,Proveedor F,SKU00454,2025-09-11,2025-11-08,52,19804.7
OC00887,Proveedor A,SKU00496,2024-09-16,2024-10-22,147,44280.8
OC00888,Proveedor C,SKU00453,2022-12-28,2023-01-11,35,40296.6
OC00889,Proveedor C,SKU00181,2024-05-04,2024-05-19,35,53754.44
OC00890,Proveedor F,SKU00062,2025-04-09,2025-06-02,52,34486.46
OC00891,Proveedor I,SKU00226,2024-11-19,2024-12-23,182,15585.57
OC00892,Proveedor I,SKU00044,2023-06-05,2023-07-11,182,47254.56
OC00893,Proveedor H,SKU00372,2025-12-24,2026-01-07,36,41584.39
OC00894,Proveedor J,SKU00486,2025-06-26,2025-08-20,310,47103.81
OC00895,Proveedor G,SKU00647,2024-08-11,2024-09-09,21,34844.9
OC00896,Proveedor A,SKU00046,2025-12-25,2026-01-29,147,33108.39
OC00897,Proveedor A,SKU00441,2025-02-15,2025-03-24,147,7616.52
OC00898,Proveedor D,SKU00095,2025-07-08,2025-08-01,459,16725.51
OC00899,Proveedor F,SKU00638,2025-04-18,2025-06-18,52,27780.55
OC00900,Proveedor D,SKU00251,2025-01-24,2025-02-17,153,8359.65
OC00901,Proveedor G,SKU00461,2025-08-22,2025-09-16,63,39677.82
OC00902,Proveedor G,SKU00202,2025-08-22,2025-09-19,21,21240.03
OC00903,Proveedor H,SKU00145,2026-04-03,2026-04-12,36,2251.71
OC00904,Proveedor J,SKU00308,2025-09-16,2025-11-07,465,53010.96
OC00905,Proveedor J,SKU00734,2023-02-24,2023-04-15,310,52071.79
OC00906,Proveedor I,SKU00673,2025-12-08,2026-01-08,364,37716.22
OC00907,Proveedor G,SKU00083,2025-05-27,2025-06-23,21,4411.8
OC00908,Proveedor B,SKU00783,2023-04-30,2023-06-14,192,46308.24
OC00909,Proveedor B,SKU00714,2025-06-24,2025-08-11,192,8183.12
OC00910,Proveedor G,SKU00012,2024-12-29,2025-01-31,21,16574.92
OC00911,Proveedor G,SKU00125,2022-04-09,2022-05-09,21,14523.0
OC00912,Proveedor B,SKU00166,2024-12-18,2025-02-01,192,31941.39
OC00913,Proveedor F,SKU00242,2026-06-19,2026-08-18,52,43052.19
OC00914,Proveedor A,SKU00033,2024-09-20,2024-10-20,147,45426.53
OC00915,Proveedor A,SKU00406,2024-06-24,2024-07-26,147,24823.38
OC00916,Proveedor B,SKU00184,2026-05-31,2026-07-18,576,28229.82
OC00917,Proveedor I,SKU00627,2023-04-29,2023-05-29,364,41655.34
OC00918,Proveedor H,SKU00161,2024-01-08,2024-01-16,108,23134.27
OC00919,Proveedor F,SKU00602,2024-05-04,2024-07-03,52,46987.95
OC00920,Proveedor D,SKU00032,2023-08-12,2023-09-06,153,20240.85
OC00921,Proveedor J,SKU00775,2026-05-15,2026-07-04,155,35262.34
OC00922,Proveedor I,SKU00612,2026-03-11,2026-04-14,364,32329.02
OC00923,Proveedor B,SKU00733,2025-05-09,2025-06-24,192,26587.45
OC00924,Proveedor E,SKU00591,2025-12-09,2026-01-12,579,32931.21
OC00925,Proveedor F,SKU00623,2024-11-22,2025-01-17,52,12337.36
OC00926,Proveedor E,SKU00640,2025-07-04,2025-08-07,579,40558.85
OC00927,Proveedor B,SKU00119,2024-08-12,2024-09-27,576,45423.77
OC00928,Proveedor G,SKU00425,2025-11-16,2025-12-19,21,20601.04
OC00929,Proveedor D,SKU00049,2025-07-04,2025-08-03,459,17453.75
OC00930,Proveedor B,SKU00552,2025-10-26,2025-12-15,192,14391.47
OC00931,Proveedor B,SKU00138,2024-07-28,2024-09-11,192,20099.58
OC00932,Proveedor J,SKU00568,2025-06-14,2025-08-09,155,22934.5
OC00933,Proveedor C,SKU00162,2024-08-19,2024-08-26,70,27299.48
OC00934,Proveedor H,SKU00407,2022-03-09,2022-03-24,36,1280.73
OC00935,Proveedor H,SKU00668,2024-06-16,2024-06-26,36,35725.5
OC00936,Proveedor C,SKU00755,2025-02-05,2025-02-18,35,3067.02
OC00937,Proveedor F,SKU00745,2024-12-18,2025-02-12,52,41376.57
OC00938,Proveedor E,SKU00763,2025-08-25,2025-09-28,193,8837.54
OC00939,Proveedor B,SKU00138,2025-04-11,2025-05-24,384,19135.32
OC00940,Proveedor I,SKU00455,2024-08-19,2024-09-20,546,32803.5
OC00941,Proveedor C,SKU00755,2026-07-20,2026-08-04,35,2738.73
OC00942,Proveedor C,SKU00505,2023-12-20,2024-01-04,105,32273.13
OC00943,Proveedor J,SKU00442,2023-04-02,2023-05-28,155,22176.93
OC00944,Proveedor F,SKU00536,2025-08-21,2025-10-16,156,6154.46
OC00945,Proveedor B,SKU00415,2025-06-14,2025-07-29,576,17320.36
OC00946,Proveedor A,SKU00041,2025-05-11,2025-06-15,147,23916.4
OC00947,Proveedor E,SKU00731,2024-05-28,2024-07-05,193,27973.61
OC00948,Proveedor B,SKU00528,2026-02-07,2026-03-22,192,35951.66
OC00949,Proveedor A,SKU00718,2026-07-26,2026-08-28,294,37051.94
OC00950,Proveedor D,SKU00302,2023-11-08,2023-12-01,459,40473.83
OC00951,Proveedor J,SKU00550,2024-07-05,2024-08-25,155,19779.12
OC00952,Proveedor H,SKU00354,2025-07-21,2025-08-01,36,47599.2
OC00953,Proveedor F,SKU00385,2023-10-18,2023-12-12,156,45025.99
OC00954,Proveedor I,SKU00612,2025-03-18,2025-04-16,182,30341.17
OC00955,Proveedor C,SKU00754,2025-03-30,2025-04-07,35,9691.81
OC00956,Proveedor D,SKU00290,2025-07-10,2025-08-03,153,15027.48
OC00957,Proveedor A,SKU00681,2025-06-10,2025-07-11,147,36054.62
OC00958,Proveedor H,SKU00190,2022-11-06,2022-11-19,36,23848.11
OC00959,Proveedor G,SKU00093,2024-09-24,2024-10-26,21,38640.38
OC00960,Proveedor F,SKU00557,2024-07-16,2024-09-14,52,30512.96
OC00961,Proveedor H,SKU00179,2025-08-29,2025-09-06,36,7751.55
OC00962,Proveedor A,SKU00704,2025-02-26,2025-03-29,294,11792.96
OC00963,Proveedor A,SKU00235,2024-08-04,2024-09-08,147,13262.71
OC00964,Proveedor B,SKU00498,2025-10-28,2025-12-17,192,16198.64
OC00965,Proveedor J,SKU00350,2025-12-27,2026-02-22,155,21865.27
OC00966,Proveedor G,SKU00250,2026-02-16,2026-03-15,21,3261.81
OC00967,Proveedor A,SKU00317,2024-01-03,2024-02-06,147,40717.87
OC00968,Proveedor B,SKU00479,2023-09-03,2023-10-24,192,42631.95
OC00969,Proveedor B,SKU00722,2024-05-27,2024-07-14,192,32671.28
OC00970,Proveedor I,SKU00522,2026-04-09,2026-05-13,182,47486.15
OC00971,Proveedor F,SKU00601,2025-02-17,2025-04-13,52,20021.38
OC00972,Proveedor H,SKU00224,2025-03-31,2025-04-12,108,20914.81
OC00973,Proveedor A,SKU00124,2025-02-18,2025-03-23,147,16772.02
OC00974,Proveedor D,SKU00465,2026-03-31,2026-04-29,306,14329.61
OC00975,Proveedor B,SKU00096,2026-01-04,2026-02-23,192,8236.66
OC00976,Proveedor C,SKU00341,2026-04-14,2026-04-24,35,36891.67
OC00977,Proveedor J,SKU00515,2025-04-23,2025-06-11,310,30260.02
OC00978,Proveedor H,SKU00001,2023-11-11,2023-11-25,36,7972.33
OC00979,Proveedor B,SKU00195,2026-06-27,2026-08-11,192,37853.54
OC00980,Proveedor I,SKU00044,2023-07-30,2023-08-27,364,41488.01
OC00981,Proveedor H,SKU00678,2023-09-22,2023-10-07,36,42831.65
OC00982,Proveedor C,SKU00099,2024-12-19,2024-12-31,35,15632.41
OC00983,Proveedor F,SKU00385,2023-10-18,2023-12-12,52,43825.47
OC00984,Proveedor F,SKU00204,2023-10-29,2023-12-21,52,34186.46
OC00985,Proveedor A,SKU00270,2022-04-29,2022-06-05,147,21642.37
OC00986,Proveedor G,SKU00560,2025-09-16,2025-10-12,21,3961.18
OC00987,Proveedor D,SKU00508,2024-02-20,2024-03-17,153,38981.61
OC00988,Proveedor G,SKU00153,2026-06-18,2026-07-14,21,42554.16
OC00989,Proveedor C,SKU00143,2024-03-11,2024-03-22,35,4428.61
OC00990,Proveedor D,SKU00049,2026-02-06,2026-03-02,306,17297.79
OC00991,Proveedor G,SKU00205,2023-08-21,2023-09-15,21,40177.34
OC00992,Proveedor H,SKU00292,2026-05-08,2026-05-17,36,44180.24
OC00993,Proveedor G,SKU00063,2023-11-10,2023-12-11,21,25731.9
OC00994,Proveedor F,SKU00204,2023-01-12,2023-03-12,156,32073.87
OC00995,Proveedor F,SKU00645,2025-05-09,2025-07-06,52,21639.81
OC00996,Proveedor G,SKU00596,2024-04-02,2024-05-01,21,21108.06
OC00997,Proveedor G,SKU00200,2024-11-14,2024-12-10,42,26844.67
OC00998,Proveedor J,SKU00463,2023-08-24,2023-10-20,465,35700.24
OC00999,Proveedor H,SKU00333,2023-07-13,2023-07-29,108,38308.12
OC01000,Proveedor E,SKU00297,2025-12-04,2026-01-07,579,7117.54
OC01001,Proveedor J,SKU00777,2025-10-03,2025-11-29,155,26755.27
OC01002,Proveedor D,SKU00106,2026-06-08,2026-07-02,153,7087.36
OC01003,Proveedor I,SKU00072,2025-05-04,2025-06-03,182,25587.05
OC01004,Proveedor D,SKU00786,2025-06-08,2025-07-01,153,10394.32
OC01005,Proveedor G,SKU00517,2025-11-24,2025-12-23,42,30606.83
OC01006,Proveedor A,SKU00628,2023-11-20,2023-12-21,147,24871.15
OC01007,Proveedor B,SKU00195,2025-08-20,2025-10-04,192,38506.78
OC01008,Proveedor F,SKU00507,2025-11-07,2026-01-02,156,41078.8
OC01009,Proveedor G,SKU00544,2023-07-16,2023-08-16,21,12023.94
OC01010,Proveedor F,SKU00703,2026-06-16,2026-08-15,52,20948.64
OC01011,Proveedor F,SKU00454,2022-03-13,2022-05-11,52,20128.7
OC01012,Proveedor D,SKU00299,2025-05-21,2025-06-19,153,3908.98
OC01013,Proveedor H,SKU00624,2025-06-02,2025-06-12,108,2074.2
OC01014,Proveedor G,SKU00657,2024-03-13,2024-04-14,42,48783.37
OC01015,Proveedor I,SKU00076,2025-11-19,2025-12-21,364,55783.83
OC01016,Proveedor J,SKU00228,2022-06-01,2022-07-20,310,25854.21
OC01017,Proveedor I,SKU00455,2024-10-18,2024-11-18,182,33783.84
OC01018,Proveedor D,SKU00049,2025-06-19,2025-07-16,153,16546.17
OC01019,Proveedor F,SKU00438,2026-01-07,2026-03-09,52,1356.29
OC01020,Proveedor H,SKU00128,2025-07-03,2025-07-14,72,2199.03
OC01021,Proveedor F,SKU00392,2025-09-04,2025-11-03,156,28217.03
OC01022,Proveedor G,SKU00693,2024-03-06,2024-04-04,21,5730.44
OC01023,Proveedor I,SKU00035,2026-06-29,2026-08-04,182,39821.64
OC01024,Proveedor D,SKU00299,2026-02-07,2026-03-04,153,3476.36
OC01025,Proveedor A,SKU00022,2024-04-03,2024-05-10,441,4044.38
OC01026,Proveedor H,SKU00269,2026-07-07,2026-07-19,36,15385.99
OC01027,Proveedor I,SKU00080,2025-07-14,2025-08-11,182,12970.91
OC01028,Proveedor J,SKU00397,2025-02-13,2025-04-08,310,22213.02
OC01029,Proveedor A,SKU00361,2023-02-25,2023-03-27,294,26888.06
OC01030,Proveedor G,SKU00233,2024-09-01,2024-10-01,63,35070.54
OC01031,Proveedor G,SKU00063,2026-05-25,2026-06-26,21,26129.23
OC01032,Proveedor D,SKU00466,2025-09-03,2025-09-27,153,32188.33
OC01033,Proveedor A,SKU00004,2024-03-13,2024-04-15,147,1630.48
OC01034,Proveedor J,SKU00597,2025-07-02,2025-08-22,465,44393.61
OC01035,Proveedor G,SKU00461,2026-01-15,2026-02-14,21,34967.08
OC01036,Proveedor D,SKU00142,2024-11-06,2024-11-29,153,12989.21
OC01037,Proveedor E,SKU00306,2023-10-23,2023-12-03,193,10810.94
OC01038,Proveedor D,SKU00390,2024-09-23,2024-10-19,153,26309.94
OC01039,Proveedor G,SKU00713,2022-12-02,2023-01-03,42,26343.83
OC01040,Proveedor D,SKU00648,2025-09-28,2025-10-23,153,8627.65
OC01041,Proveedor B,SKU00184,2025-04-05,2025-05-24,192,27083.55
OC01042,Proveedor H,SKU00140,2026-01-29,2026-02-07,72,11056.86
OC01043,Proveedor G,SKU00225,2025-11-05,2025-12-07,42,1449.61
OC01044,Proveedor F,SKU00745,2024-10-12,2024-12-04,52,40995.89
OC01045,Proveedor J,SKU00399,2025-05-12,2025-07-05,155,47023.07
OC01046,Proveedor G,SKU00544,2025-12-09,2026-01-07,63,10718.77
OC01047,Proveedor B,SKU00119,2025-11-16,2025-12-29,576,48467.81
OC01048,Proveedor F,SKU00086,2026-02-12,2026-04-13,52,15568.67
OC01049,Proveedor H,SKU00504,2024-03-09,2024-03-25,36,46522.53
OC01050,Proveedor C,SKU00483,2025-12-11,2025-12-20,105,28718.45
OC01051,Proveedor G,SKU00422,2025-02-10,2025-03-09,21,15564.36
OC01052,Proveedor H,SKU00668,2023-05-06,2023-05-19,36,35737.92
OC01053,Proveedor B,SKU00052,2025-01-22,2025-03-10,384,36953.52
OC01054,Proveedor D,SKU00286,2024-08-20,2024-09-14,153,23749.61
OC01055,Proveedor I,SKU00072,2024-06-03,2024-07-05,546,22599.71
OC01056,Proveedor A,SKU00327,2024-04-21,2024-05-24,294,18168.82
OC01057,Proveedor B,SKU00509,2025-11-16,2026-01-01,192,48475.4
OC01058,Proveedor H,SKU00281,2025-10-09,2025-10-19,36,50106.6
OC01059,Proveedor A,SKU00633,2023-02-27,2023-03-31,294,5953.74
OC01060,Proveedor F,SKU00495,2024-12-23,2025-02-20,52,29940.72
OC01061,Proveedor F,SKU00715,2026-05-03,2026-06-30,52,14517.15
OC01062,Proveedor F,SKU00062,2023-06-19,2023-08-12,52,36737.76
OC01063,Proveedor J,SKU00679,2024-02-14,2024-04-06,155,16091.81
OC01064,Proveedor D,SKU00788,2023-12-27,2024-01-18,153,47077.95
OC01065,Proveedor H,SKU00482,2024-03-17,2024-03-30,36,6826.05
OC01066,Proveedor G,SKU00104,2023-12-17,2024-01-13,21,42890.69
OC01067,Proveedor G,SKU00043,2026-04-22,2026-05-25,21,16166.82
OC01068,Proveedor F,SKU00510,2025-04-21,2025-06-15,52,18063.2
OC01069,Proveedor H,SKU00732,2024-10-29,2024-11-12,36,3023.55
OC01070,Proveedor E,SKU00672,2023-08-23,2023-09-28,193,11837.01
OC01071,Proveedor G,SKU00198,2025-01-24,2025-02-26,42,35098.46
OC01072,Proveedor H,SKU00768,2026-03-10,2026-03-21,36,19402.41
OC01073,Proveedor G,SKU00278,2023-11-22,2023-12-22,21,7657.31
OC01074,Proveedor J,SKU00308,2025-04-05,2025-05-27,155,50225.84
OC01075,Proveedor E,SKU00724,2025-10-25,2025-11-28,193,20960.76
OC01076,Proveedor I,SKU00618,2024-10-01,2024-11-01,364,42620.94
OC01077,Proveedor I,SKU00619,2025-09-21,2025-10-26,546,21427.61
OC01078,Proveedor J,SKU00330,2025-06-06,2025-07-26,465,9536.43
OC01079,Proveedor G,SKU00425,2023-01-03,2023-02-04,21,21185.66
OC01080,Proveedor F,SKU00396,2024-10-27,2024-12-22,104,2432.87
OC01081,Proveedor G,SKU00201,2025-08-23,2025-09-23,21,20667.29
OC01082,Proveedor A,SKU00546,2024-10-06,2024-11-05,147,43556.35
OC01083,Proveedor B,SKU00038,2026-06-06,2026-07-25,192,28934.34
OC01084,Proveedor G,SKU00340,2023-03-09,2023-04-07,42,10633.63
OC01085,Proveedor E,SKU00534,2025-02-15,2025-03-28,193,2776.92
OC01086,Proveedor I,SKU00116,2025-10-27,2025-11-28,182,22447.55
OC01087,Proveedor G,SKU00180,2025-04-17,2025-05-12,42,14897.14
OC01088,Proveedor B,SKU00730,2022-09-22,2022-11-08,192,20286.73
OC01089,Proveedor I,SKU00431,2025-01-27,2025-02-26,182,29755.54
OC01090,Proveedor H,SKU00682,2024-07-18,2024-07-27,36,18013.53
OC01091,Proveedor H,SKU00610,2024-12-17,2025-01-01,36,38184.22
OC01092,Proveedor H,SKU00179,2026-05-31,2026-06-10,36,7726.06
OC01093,Proveedor J,SKU00118,2024-10-29,2024-12-22,155,17743.71
OC01094,Proveedor I,SKU00680,2023-11-07,2023-12-08,546,11502.56
OC01095,Proveedor E,SKU00459,2026-04-14,2026-05-19,193,19168.98
OC01096,Proveedor I,SKU00314,2025-02-24,2025-03-26,182,19857.21
OC01097,Proveedor E,SKU00551,2026-02-04,2026-03-13,193,26614.91
OC01098,Proveedor J,SKU00214,2025-07-21,2025-09-16,155,9703.33
OC01099,Proveedor D,SKU00142,2025-08-25,2025-09-19,153,14613.76
OC01100,Proveedor H,SKU00255,2025-02-26,2025-03-13,36,12162.37
OC01101,Proveedor I,SKU00619,2023-03-16,2023-04-18,182,19701.86
OC01102,Proveedor B,SKU00733,2024-11-10,2024-12-28,576,26800.46
OC01103,Proveedor I,SKU00364,2022-07-17,2022-08-19,182,34663.08
OC01104,Proveedor F,SKU00638,2025-10-29,2025-12-26,52,28064.22
OC01105,Proveedor A,SKU00546,2026-07-25,2026-08-27,147,39337.62
OC01106,Proveedor C,SKU00018,2025-01-02,2025-01-17,70,32957.73
OC01107,Proveedor I,SKU00742,2025-12-13,2026-01-18,182,35728.4
OC01108,Proveedor E,SKU00322,2024-10-20,2024-11-28,386,25369.73
OC01109,Proveedor G,SKU00063,2023-07-15,2023-08-10,21,26783.84
OC01110,Proveedor J,SKU00652,2025-04-29,2025-06-17,155,37713.85
OC01111,Proveedor J,SKU00524,2025-04-21,2025-06-15,155,8324.22
OC01112,Proveedor G,SKU00053,2024-02-14,2024-03-12,21,19207.76
OC01113,Proveedor G,SKU00517,2024-12-17,2025-01-11,21,33210.98
OC01114,Proveedor A,SKU00315,2023-10-20,2023-11-24,147,2063.41
OC01115,Proveedor H,SKU00682,2026-02-28,2026-03-13,36,18654.46
OC01116,Proveedor D,SKU00756,2022-05-11,2022-06-09,459,23746.79
OC01117,Proveedor A,SKU00566,2024-06-07,2024-07-07,147,24889.61
OC01118,Proveedor A,SKU00622,2025-07-30,2025-09-05,294,35279.74
OC01119,Proveedor D,SKU00251,2025-01-27,2025-02-26,153,8281.72
OC01120,Proveedor I,SKU00226,2026-06-25,2026-07-27,182,18020.74
OC01121,Proveedor I,SKU00080,2025-03-26,2025-04-23,182,14689.32
OC01122,Proveedor F,SKU00050,2025-06-05,2025-07-29,52,35625.37
OC01123,Proveedor F,SKU00527,2026-06-04,2026-07-28,52,34295.24
OC01124,Proveedor D,SKU00032,2024-10-27,2024-11-20,153,21452.69
OC01125,Proveedor E,SKU00213,2024-07-07,2024-08-16,193,26645.83
OC01126,Proveedor F,SKU00510,2024-07-11,2024-09-03,52,16890.22
OC01127,Proveedor D,SKU00648,2025-10-09,2025-11-01,459,8959.96
OC01128,Proveedor B,SKU00096,2025-04-12,2025-05-27,192,8600.57
OC01129,Proveedor I,SKU00090,2025-05-11,2025-06-15,546,4280.7
OC01130,Proveedor C,SKU00247,2025-04-17,2025-04-30,35,46173.65
OC01131,Proveedor A,SKU00614,2024-08-31,2024-10-06,147,11713.2
OC01132,Proveedor C,SKU00210,2025-01-09,2025-01-21,70,26421.47
OC01133,Proveedor F,SKU00024,2025-06-27,2025-08-26,104,41802.34
OC01134,Proveedor J,SKU00550,2024-08-29,2024-10-17,310,19678.77
OC01135,Proveedor A,SKU00254,2024-12-17,2025-01-16,147,2128.16
OC01136,Proveedor F,SKU00112,2023-06-13,2023-08-09,52,12930.17
OC01137,Proveedor H,SKU00512,2025-12-15,2025-12-26,72,28683.93
OC01138,Proveedor H,SKU00529,2023-11-27,2023-12-13,36,12516.55
OC01139,Proveedor G,SKU00300,2025-05-03,2025-06-01,21,16382.5
OC01140,Proveedor D,SKU00419,2026-04-30,2026-05-28,306,24457.09
OC01141,Proveedor I,SKU00587,2023-12-13,2024-01-18,182,21346.64
OC01142,Proveedor G,SKU00457,2025-03-13,2025-04-09,42,37838.0
OC01143,Proveedor I,SKU00433,2025-03-23,2025-04-20,182,25455.05
OC01144,Proveedor I,SKU00489,2026-07-01,2026-08-02,364,10477.62
OC01145,Proveedor F,SKU00393,2026-03-05,2026-04-28,104,35886.83
OC01146,Proveedor B,SKU00195,2025-07-20,2025-09-03,192,41481.28
OC01147,Proveedor D,SKU00259,2026-07-07,2026-08-03,153,26101.25
OC01148,Proveedor H,SKU00398,2025-12-30,2026-01-07,36,38667.29
OC01149,Proveedor F,SKU00358,2025-12-21,2026-02-15,52,26592.73
OC01150,Proveedor A,SKU00370,2022-05-12,2022-06-11,147,20521.46
OC01151,Proveedor D,SKU00173,2025-07-24,2025-08-21,153,35595.17
OC01152,Proveedor B,SKU00362,2024-08-05,2024-09-20,192,38341.44
OC01153,Proveedor G,SKU00561,2025-02-07,2025-03-11,63,33572.08
OC01154,Proveedor D,SKU00437,2026-05-02,2026-05-28,153,24715.76
OC01155,Proveedor I,SKU00455,2024-03-21,2024-04-25,364,35770.77
OC01156,Proveedor H,SKU00073,2024-09-12,2024-09-23,36,35594.96
OC01157,Proveedor J,SKU00408,2024-08-07,2024-09-30,155,32510.4
OC01158,Proveedor D,SKU00492,2024-09-07,2024-10-03,153,36729.52
OC01159,Proveedor F,SKU00438,2024-12-04,2025-01-29,52,1295.14
OC01160,Proveedor B,SKU00432,2025-07-05,2025-08-18,192,21196.41
OC01161,Proveedor A,SKU00621,2025-03-09,2025-04-12,294,8675.49
OC01162,Proveedor C,SKU00776,2025-05-17,2025-05-30,105,4460.85
OC01163,Proveedor G,SKU00160,2025-02-25,2025-03-30,21,24205.45
OC01164,Proveedor A,SKU00660,2022-12-04,2023-01-03,147,47746.91
OC01165,Proveedor G,SKU00356,2024-11-18,2024-12-14,42,51228.21
OC01166,Proveedor A,SKU00675,2024-07-18,2024-08-16,147,41982.98
OC01167,Proveedor D,SKU00320,2023-02-15,2023-03-14,153,13097.58
OC01168,Proveedor F,SKU00211,2026-03-22,2026-05-22,52,27633.93
OC01169,Proveedor C,SKU00181,2023-09-09,2023-09-16,105,57163.3
OC01170,Proveedor D,SKU00786,2025-06-12,2025-07-04,306,10409.35
OC01171,Proveedor A,SKU00698,2026-06-26,2026-07-26,147,21170.99
OC01172,Proveedor B,SKU00138,2025-02-28,2025-04-16,384,18076.18
OC01173,Proveedor J,SKU00603,2025-07-28,2025-09-23,310,36576.78
OC01174,Proveedor B,SKU00199,2026-07-28,2026-09-15,192,37236.91
OC01175,Proveedor C,SKU00345,2023-01-09,2023-01-18,35,4230.16
OC01176,Proveedor C,SKU00144,2025-03-16,2025-03-23,35,31191.42
OC01177,Proveedor G,SKU00697,2024-09-26,2024-10-29,42,4999.23
OC01178,Proveedor F,SKU00750,2023-10-26,2023-12-22,52,20251.92
OC01179,Proveedor I,SKU00139,2025-03-13,2025-04-11,364,44305.91
OC01180,Proveedor E,SKU00757,2024-08-16,2024-09-19,193,35936.14
OC01181,Proveedor J,SKU00005,2024-03-02,2024-04-27,155,50336.81
OC01182,Proveedor D,SKU00465,2026-06-24,2026-07-21,459,12787.29
OC01183,Proveedor H,SKU00145,2025-09-09,2025-09-20,36,2542.22
OC01184,Proveedor E,SKU00015,2025-12-07,2026-01-16,193,3871.13
OC01185,Proveedor H,SKU00148,2025-05-26,2025-06-06,36,2626.21
OC01186,Proveedor C,SKU00103,2024-01-22,2024-01-29,35,30380.5
OC01187,Proveedor F,SKU00392,2025-08-03,2025-10-02,52,29417.71
OC01188,Proveedor H,SKU00712,2024-03-11,2024-03-22,36,22557.97
OC01189,Proveedor I,SKU00232,2024-10-13,2024-11-17,182,47882.1
OC01190,Proveedor B,SKU00192,2026-02-23,2026-04-11,192,20223.09
OC01191,Proveedor B,SKU00192,2025-11-19,2026-01-07,192,22459.49
OC01192,Proveedor D,SKU00465,2023-11-30,2023-12-23,153,14028.5
OC01193,Proveedor C,SKU00494,2024-07-24,2024-08-02,35,39163.26
OC01194,Proveedor H,SKU00678,2024-02-27,2024-03-12,36,44931.5
OC01195,Proveedor F,SKU00240,2023-12-26,2024-02-22,52,7000.29
OC01196,Proveedor A,SKU00011,2023-02-04,2023-03-13,147,41851.39
OC01197,Proveedor B,SKU00189,2026-06-16,2026-08-03,192,10982.45
OC01198,Proveedor E,SKU00459,2024-11-06,2024-12-18,193,19769.92
OC01199,Proveedor D,SKU00251,2024-08-24,2024-09-22,153,9004.55
OC01200,Proveedor B,SKU00445,2025-07-28,2025-09-12,192,32077.03
OC01201,Proveedor J,SKU00215,2026-06-13,2026-08-04,155,26736.0
OC01202,Proveedor H,SKU00128,2025-07-06,2025-07-22,72,2104.63
OC01203,Proveedor A,SKU00263,2024-06-21,2024-07-22,147,25861.42
OC01204,Proveedor A,SKU00564,2025-10-16,2025-11-16,147,11716.81
OC01205,Proveedor C,SKU00699,2023-08-20,2023-08-27,70,36892.67
OC01206,Proveedor I,SKU00727,2025-08-27,2025-09-30,546,15561.21
OC01207,Proveedor D,SKU00631,2026-02-02,2026-02-26,153,24274.29
OC01208,Proveedor H,SKU00222,2025-03-24,2025-04-05,108,42480.92
OC01209,Proveedor J,SKU00515,2025-01-12,2025-03-05,155,30402.32
OC01210,Proveedor F,SKU00402,2025-01-07,2025-03-08,52,29114.03
OC01211,Proveedor C,SKU00719,2026-06-23,2026-07-01,35,2329.75
OC01212,Proveedor C,SKU00755,2024-06-13,2024-06-25,70,2928.15
OC01213,Proveedor D,SKU00786,2025-06-06,2025-06-30,153,10627.71
OC01214,Proveedor I,SKU00122,2026-01-01,2026-02-02,546,30665.77
OC01215,Proveedor E,SKU00245,2025-06-26,2025-07-31,193,25873.22
OC01216,Proveedor H,SKU00503,2026-05-08,2026-05-21,72,4167.98
OC01217,Proveedor C,SKU00695,2025-02-09,2025-02-21,35,40041.61
OC01218,Proveedor H,SKU00036,2025-08-15,2025-08-30,36,19578.39
OC01219,Proveedor D,SKU00419,2024-07-03,2024-07-31,153,24190.44
OC01220,Proveedor H,SKU00744,2023-12-11,2023-12-22,36,30045.39
OC01221,Proveedor D,SKU00258,2024-11-01,2024-11-30,153,13477.19
OC01222,Proveedor A,SKU00254,2025-03-24,2025-04-22,294,2104.54
OC01223,Proveedor D,SKU00282,2026-05-30,2026-06-23,153,43262.14
OC01224,Proveedor E,SKU00332,2025-02-11,2025-03-17,193,20239.88
OC01225,Proveedor B,SKU00753,2026-03-21,2026-05-05,384,35571.35
OC01226,Proveedor G,SKU00313,2026-01-08,2026-02-02,21,3711.59
OC01227,Proveedor D,SKU00537,2024-07-21,2024-08-20,459,2813.36
OC01228,Proveedor G,SKU00544,2025-06-12,2025-07-14,21,11748.68
OC01229,Proveedor B,SKU00598,2026-04-03,2026-05-21,192,39925.17
OC01230,Proveedor F,SKU00663,2026-05-01,2026-06-24,52,1843.87
OC01231,Proveedor H,SKU00078,2024-06-24,2024-07-09,36,27881.82
OC01232,Proveedor G,SKU00335,2025-10-16,2025-11-10,21,2562.73
OC01233,Proveedor G,SKU00197,2022-05-02,2022-06-03,21,45783.01
OC01234,Proveedor C,SKU00168,2025-05-27,2025-06-05,35,14488.87
OC01235,Proveedor A,SKU00533,2026-06-16,2026-07-20,147,24416.05
OC01236,Proveedor E,SKU00151,2024-09-28,2024-11-02,193,22804.59
OC01237,Proveedor E,SKU00015,2024-06-19,2024-07-23,193,3441.79
OC01238,Proveedor J,SKU00366,2025-02-19,2025-04-09,155,48299.12
OC01239,Proveedor C,SKU00243,2024-11-05,2024-11-18,35,47520.53
OC01240,Proveedor B,SKU00692,2024-01-31,2024-03-19,192,9611.59
OC01241,Proveedor E,SKU00462,2025-08-07,2025-09-17,193,11964.4
OC01242,Proveedor I,SKU00076,2025-02-14,2025-03-18,182,52176.49
OC01243,Proveedor G,SKU00799,2026-05-26,2026-06-24,21,36714.44
OC01244,Proveedor I,SKU00176,2026-02-28,2026-04-01,182,5246.23
OC01245,Proveedor E,SKU00194,2025-08-26,2025-10-01,193,6796.79
OC01246,Proveedor D,SKU00286,2023-11-15,2023-12-11,153,26673.09
OC01247,Proveedor E,SKU00135,2023-05-15,2023-06-24,193,30542.86
OC01248,Proveedor A,SKU00781,2024-11-02,2024-12-05,441,36304.71
OC01249,Proveedor G,SKU00186,2025-05-13,2025-06-11,21,38480.06
OC01250,Proveedor G,SKU00043,2026-04-28,2026-05-25,21,16741.5
OC01251,Proveedor F,SKU00573,2026-01-19,2026-03-18,52,45319.5
OC01252,Proveedor F,SKU00478,2024-05-18,2024-07-12,52,56866.81
OC01253,Proveedor H,SKU00503,2024-12-10,2024-12-23,36,4197.97
OC01254,Proveedor I,SKU00627,2023-08-05,2023-09-10,364,42691.42
OC01255,Proveedor I,SKU00475,2024-09-14,2024-10-15,182,28826.09
OC01256,Proveedor D,SKU00339,2025-09-07,2025-10-07,306,3472.31
OC01257,Proveedor B,SKU00692,2025-03-02,2025-04-20,192,8522.22
OC01258,Proveedor A,SKU00704,2025-07-24,2025-08-25,147,10038.79
OC01259,Proveedor E,SKU00666,2023-01-05,2023-02-15,193,25405.61
OC01260,Proveedor A,SKU00124,2025-04-23,2025-05-24,147,18860.78
OC01261,Proveedor A,SKU00272,2024-11-24,2024-12-25,147,11676.17
OC01262,Proveedor J,SKU00545,2026-01-07,2026-02-27,155,33828.94
OC01263,Proveedor H,SKU00224,2026-06-11,2026-06-26,36,22097.62
OC01264,Proveedor H,SKU00367,2025-10-18,2025-10-26,108,23232.29
OC01265,Proveedor B,SKU00115,2024-12-17,2025-01-29,192,18821.56
OC01266,Proveedor H,SKU00678,2025-04-30,2025-05-09,36,46372.64
OC01267,Proveedor H,SKU00281,2024-09-26,2024-10-06,36,45607.43
OC01268,Proveedor B,SKU00592,2025-04-14,2025-06-04,192,32330.73
OC01269,Proveedor G,SKU00425,2025-06-04,2025-07-03,21,21077.45
OC01270,Proveedor G,SKU00198,2025-01-22,2025-02-19,21,35323.26
OC01271,Proveedor D,SKU00268,2025-02-15,2025-03-11,153,20612.0
OC01272,Proveedor B,SKU00543,2025-01-26,2025-03-12,192,31553.04
OC01273,Proveedor E,SKU00307,2024-01-31,2024-03-08,193,43619.55
OC01274,Proveedor C,SKU00109,2025-10-25,2025-11-02,35,26031.55
OC01275,Proveedor E,SKU00772,2025-02-07,2025-03-17,193,38782.22
OC01276,Proveedor E,SKU00075,2025-07-07,2025-08-10,193,10068.22
OC01277,Proveedor H,SKU00766,2025-07-22,2025-08-07,36,35390.45
OC01278,Proveedor C,SKU00776,2024-08-06,2024-08-17,35,4452.85
OC01279,Proveedor F,SKU00467,2023-10-24,2023-12-24,52,11972.49
OC01280,Proveedor J,SKU00659,2024-05-27,2024-07-22,155,22840.08
OC01281,Proveedor A,SKU00614,2026-07-21,2026-08-21,294,10797.54
OC01282,Proveedor J,SKU00030,2025-03-11,2025-05-01,155,18730.73
OC01283,Proveedor F,SKU00467,2023-12-26,2024-02-23,104,11102.0
OC01284,Proveedor H,SKU00061,2024-01-29,2024-02-12,36,30248.71
OC01285,Proveedor J,SKU00005,2024-10-23,2024-12-19,465,54419.26
OC01286,Proveedor I,SKU00232,2024-09-05,2024-10-05,182,51356.43
OC01287,Proveedor F,SKU00396,2024-09-24,2024-11-17,52,2753.37
OC01288,Proveedor J,SKU00729,2025-02-16,2025-04-13,155,36920.97
OC01289,Proveedor B,SKU00778,2026-07-06,2026-08-18,192,6964.49
OC01290,Proveedor E,SKU00468,2025-10-07,2025-11-17,386,14721.24
OC01291,Proveedor F,SKU00435,2025-05-05,2025-07-04,52,3134.18
OC01292,Proveedor E,SKU00107,2023-08-12,2023-09-15,193,36061.47
OC01293,Proveedor D,SKU00353,2025-11-19,2025-12-13,153,30062.53
OC01294,Proveedor A,SKU00070,2025-03-13,2025-04-13,147,23326.82
OC01295,Proveedor C,SKU00453,2024-10-16,2024-10-23,35,40889.61
OC01296,Proveedor C,SKU00616,2024-01-03,2024-01-14,70,25255.51
OC01297,Proveedor F,SKU00438,2025-08-20,2025-10-18,104,1345.21
OC01298,Proveedor G,SKU00340,2024-01-04,2024-01-29,21,10858.65
OC01299,Proveedor J,SKU00021,2022-08-26,2022-10-22,155,3951.72
OC01300,Proveedor G,SKU00661,2026-04-30,2026-05-31,42,20494.33
OC01301,Proveedor E,SKU00459,2026-07-16,2026-08-21,193,17724.92
OC01302,Proveedor A,SKU00070,2022-09-01,2022-10-08,294,25952.12
OC01303,Proveedor F,SKU00694,2024-01-04,2024-03-05,52,24307.61
OC01304,Proveedor F,SKU00623,2024-02-13,2024-04-10,52,12272.92
OC01305,Proveedor I,SKU00727,2025-03-25,2025-04-28,546,16248.73
OC01306,Proveedor F,SKU00126,2024-03-31,2024-05-30,52,16773.68
OC01307,Proveedor C,SKU00247,2025-09-18,2025-09-27,35,44308.5
OC01308,Proveedor G,SKU00764,2024-05-20,2024-06-18,21,35616.23
OC01309,Proveedor H,SKU00532,2022-07-24,2022-08-06,108,37825.17
OC01310,Proveedor F,SKU00510,2023-06-13,2023-08-11,52,15038.54
OC01311,Proveedor D,SKU00029,2026-06-07,2026-07-05,459,2256.86
OC01312,Proveedor C,SKU00685,2025-05-13,2025-05-25,70,32856.59
OC01313,Proveedor B,SKU00511,2023-12-02,2024-01-15,192,5609.54
OC01314,Proveedor H,SKU00277,2025-06-23,2025-07-01,36,4796.99
OC01315,Proveedor B,SKU00383,2023-12-30,2024-02-11,192,26818.38
OC01316,Proveedor B,SKU00448,2023-11-22,2024-01-06,192,29495.92
OC01317,Proveedor G,SKU00200,2025-07-27,2025-08-29,21,29069.69
OC01318,Proveedor G,SKU00713,2022-08-15,2022-09-11,63,28244.4
OC01319,Proveedor D,SKU00290,2025-08-16,2025-09-10,153,15504.51
OC01320,Proveedor F,SKU00573,2026-04-27,2026-06-22,52,48243.96
OC01321,Proveedor C,SKU00769,2023-03-02,2023-03-09,35,34273.22
OC01322,Proveedor I,SKU00176,2024-12-04,2025-01-06,182,5100.15
OC01323,Proveedor I,SKU00767,2026-02-21,2026-03-26,182,21683.0
OC01324,Proveedor A,SKU00444,2026-05-18,2026-06-19,147,25024.12
OC01325,Proveedor H,SKU00129,2024-07-13,2024-07-27,36,29815.08
OC01326,Proveedor H,SKU00572,2023-06-15,2023-06-26,36,3185.6
OC01327,Proveedor G,SKU00580,2024-10-31,2024-12-01,21,28889.68
OC01328,Proveedor A,SKU00681,2025-05-17,2025-06-21,147,35390.69
OC01329,Proveedor H,SKU00017,2022-07-27,2022-08-05,36,37633.05
OC01330,Proveedor E,SKU00477,2022-08-14,2022-09-22,386,8094.84
OC01331,Proveedor B,SKU00119,2024-01-30,2024-03-16,192,51628.98
OC01332,Proveedor B,SKU00714,2025-09-26,2025-11-16,192,7251.33
OC01333,Proveedor D,SKU00501,2026-06-27,2026-07-19,153,6337.71
OC01334,Proveedor G,SKU00356,2025-01-08,2025-02-03,21,51100.2
OC01335,Proveedor E,SKU00306,2023-09-28,2023-11-01,193,12132.67
OC01336,Proveedor B,SKU00446,2025-09-08,2025-10-21,192,51814.29
OC01337,Proveedor I,SKU00791,2026-03-23,2026-04-26,182,24901.12
OC01338,Proveedor J,SKU00275,2024-01-30,2024-03-27,155,19616.72
OC01339,Proveedor D,SKU00173,2024-12-28,2025-01-21,306,37699.18
OC01340,Proveedor D,SKU00259,2023-07-20,2023-08-13,153,25169.22
OC01341,Proveedor F,SKU00590,2023-01-10,2023-03-08,52,46054.01
OC01342,Proveedor F,SKU00711,2024-03-03,2024-04-30,104,46137.76
OC01343,Proveedor B,SKU00691,2026-05-05,2026-06-24,192,30925.52
OC01344,Proveedor I,SKU00578,2025-08-06,2025-09-04,182,33607.39
OC01345,Proveedor A,SKU00405,2024-11-06,2024-12-11,147,50446.11
OC01346,Proveedor A,SKU00614,2025-12-08,2026-01-08,147,11523.44
OC01347,Proveedor B,SKU00192,2023-10-17,2023-12-01,192,19462.36
OC01348,Proveedor G,SKU00395,2026-06-02,2026-06-29,21,28366.0
OC01349,Proveedor D,SKU00492,2024-05-29,2024-06-27,153,37522.64
OC01350,Proveedor C,SKU00483,2024-12-13,2024-12-23,35,27318.41
OC01351,Proveedor F,SKU00211,2025-09-28,2025-11-25,52,25665.14
OC01352,Proveedor F,SKU00434,2026-03-27,2026-05-19,52,39723.87
OC01353,Proveedor J,SKU00206,2025-06-28,2025-08-19,155,35451.74
OC01354,Proveedor A,SKU00272,2023-09-23,2023-10-27,441,11064.7
OC01355,Proveedor G,SKU00697,2024-09-25,2024-10-28,21,5057.86
OC01356,Proveedor B,SKU00625,2026-04-05,2026-05-22,576,22731.83
OC01357,Proveedor G,SKU00043,2026-06-27,2026-07-26,63,17522.29
OC01358,Proveedor B,SKU00229,2025-10-14,2025-11-27,192,33609.77
OC01359,Proveedor B,SKU00195,2025-10-16,2025-11-29,192,42017.17
OC01360,Proveedor E,SKU00068,2023-11-20,2023-12-30,193,42787.74
OC01361,Proveedor F,SKU00117,2024-06-19,2024-08-19,52,18991.99
OC01362,Proveedor C,SKU00710,2025-06-30,2025-07-12,35,51159.8
OC01363,Proveedor H,SKU00128,2025-07-11,2025-07-24,36,2233.4
OC01364,Proveedor A,SKU00621,2024-02-16,2024-03-20,294,9216.2
OC01365,Proveedor J,SKU00267,2025-04-27,2025-06-21,155,4726.51
OC01366,Proveedor G,SKU00009,2026-06-29,2026-07-30,63,1776.96
OC01367,Proveedor D,SKU00142,2024-07-21,2024-08-18,306,13155.56
OC01368,Proveedor J,SKU00183,2026-07-08,2026-08-31,310,11287.6
OC01369,Proveedor D,SKU00290,2025-06-14,2025-07-06,153,14869.28
OC01370,Proveedor D,SKU00559,2025-08-28,2025-09-21,153,23806.51
OC01371,Proveedor H,SKU00191,2024-03-11,2024-03-22,36,38366.43
OC01372,Proveedor B,SKU00236,2026-06-04,2026-07-17,192,14065.98
OC01373,Proveedor A,SKU00147,2025-04-23,2025-05-25,294,5646.2
OC01374,Proveedor J,SKU00570,2025-05-27,2025-07-16,310,24545.89
OC01375,Proveedor D,SKU00548,2024-01-27,2024-02-26,153,13972.64
OC01376,Proveedor G,SKU00202,2025-07-26,2025-08-23,21,21253.91
OC01377,Proveedor H,SKU00171,2024-11-13,2024-11-29,36,49480.61
OC01378,Proveedor C,SKU00719,2025-11-15,2025-11-28,70,2292.84
OC01379,Proveedor F,SKU00711,2022-12-03,2023-01-31,52,43793.76
OC01380,Proveedor A,SKU00698,2022-08-01,2022-09-04,147,20809.39
OC01381,Proveedor H,SKU00001,2025-07-12,2025-07-26,36,8158.4
OC01382,Proveedor H,SKU00055,2025-07-18,2025-08-03,72,19099.15
OC01383,Proveedor B,SKU00379,2025-03-22,2025-05-10,192,34378.02
OC01384,Proveedor B,SKU00391,2025-01-15,2025-03-06,192,20386.83
OC01385,Proveedor H,SKU00216,2023-09-05,2023-09-14,72,32282.55
OC01386,Proveedor G,SKU00125,2024-05-13,2024-06-14,21,12694.89
OC01387,Proveedor B,SKU00644,2025-10-17,2025-12-04,192,18821.89
OC01388,Proveedor B,SKU00450,2024-01-12,2024-03-02,192,41742.17
OC01389,Proveedor C,SKU00247,2026-05-31,2026-06-13,35,42734.6
OC01390,Proveedor G,SKU00347,2026-06-02,2026-07-04,42,25789.09
OC01391,Proveedor D,SKU00280,2025-07-29,2025-08-24,153,22128.52
OC01392,Proveedor D,SKU00617,2024-03-12,2024-04-03,153,28554.31
OC01393,Proveedor B,SKU00598,2025-02-10,2025-04-01,192,36991.21
OC01394,Proveedor A,SKU00227,2025-04-06,2025-05-10,147,14591.13
OC01395,Proveedor H,SKU00291,2025-02-09,2025-02-19,36,29248.38
OC01396,Proveedor E,SKU00332,2025-10-03,2025-11-07,579,22420.21
OC01397,Proveedor D,SKU00651,2025-05-17,2025-06-08,153,24063.73
OC01398,Proveedor E,SKU00705,2026-06-01,2026-07-11,193,13043.42
OC01399,Proveedor E,SKU00306,2024-02-08,2024-03-18,193,12590.86
OC01400,Proveedor H,SKU00017,2022-07-31,2022-08-08,36,38391.11
OC01401,Proveedor F,SKU00464,2024-01-05,2024-03-05,52,37516.49
OC01402,Proveedor D,SKU00208,2023-06-17,2023-07-12,306,38903.8
OC01403,Proveedor G,SKU00237,2025-10-20,2025-11-18,21,12634.76
OC01404,Proveedor I,SKU00314,2025-12-04,2026-01-07,182,22593.35
OC01405,Proveedor H,SKU00333,2023-07-17,2023-07-28,72,39235.24
OC01406,Proveedor B,SKU00552,2025-05-01,2025-06-20,192,14884.64
OC01407,Proveedor H,SKU00605,2026-07-30,2026-08-07,36,23494.86
OC01408,Proveedor F,SKU00126,2024-06-09,2024-08-08,52,17415.02
OC01409,Proveedor J,SKU00545,2024-04-23,2024-06-18,155,32893.68
OC01410,Proveedor B,SKU00236,2026-05-29,2026-07-15,192,13351.94
OC01411,Proveedor G,SKU00053,2024-09-28,2024-10-27,21,17879.28
OC01412,Proveedor F,SKU00523,2024-08-05,2024-10-04,52,27667.79
OC01413,Proveedor F,SKU00581,2023-12-13,2024-02-06,52,24611.82
OC01414,Proveedor H,SKU00359,2024-02-29,2024-03-08,36,39795.54
OC01415,Proveedor B,SKU00199,2025-04-25,2025-06-11,192,34550.84
OC01416,Proveedor E,SKU00551,2026-07-03,2026-08-11,193,27263.8
OC01417,Proveedor I,SKU00139,2024-10-11,2024-11-11,182,43527.52
OC01418,Proveedor C,SKU00616,2024-01-28,2024-02-11,35,27784.28
OC01419,Proveedor B,SKU00159,2025-05-01,2025-06-13,384,38392.84
OC01420,Proveedor D,SKU00106,2025-10-25,2025-11-22,153,7302.9
OC01421,Proveedor H,SKU00532,2022-06-27,2022-07-07,36,39704.1
OC01422,Proveedor C,SKU00143,2024-04-03,2024-04-17,35,4879.91
OC01423,Proveedor E,SKU00736,2025-01-08,2025-02-17,193,2396.64
OC01424,Proveedor J,SKU00729,2024-04-10,2024-05-29,155,32146.14
OC01425,Proveedor J,SKU00154,2026-03-13,2026-05-09,155,22321.6
OC01426,Proveedor H,SKU00732,2023-07-25,2023-08-08,36,3286.8
OC01427,Proveedor H,SKU00577,2026-07-21,2026-08-03,36,6731.63
OC01428,Proveedor H,SKU00055,2024-10-16,2024-11-01,36,20004.78
OC01429,Proveedor A,SKU00781,2026-04-11,2026-05-13,294,36998.81
OC01430,Proveedor G,SKU00250,2026-01-28,2026-03-01,21,3532.83
OC01431,Proveedor E,SKU00307,2023-11-24,2024-01-01,386,40953.82
OC01432,Proveedor H,SKU00148,2025-07-15,2025-07-24,36,2273.05
OC01433,Proveedor H,SKU00668,2023-01-27,2023-02-07,36,36510.85
OC01434,Proveedor A,SKU00046,2025-06-11,2025-07-16,147,33171.67
OC01435,Proveedor C,SKU00365,2025-02-25,2025-03-08,35,14654.11
OC01436,Proveedor C,SKU00181,2025-06-15,2025-06-26,105,54651.37
OC01437,Proveedor I,SKU00619,2023-01-25,2023-02-26,182,21139.59
OC01438,Proveedor B,SKU00511,2024-03-06,2024-04-25,192,5685.41
OC01439,Proveedor B,SKU00115,2024-11-15,2025-01-03,192,19764.17
OC01440,Proveedor E,SKU00558,2025-06-01,2025-07-11,193,25741.21
OC01441,Proveedor C,SKU00480,2025-01-04,2025-01-16,35,21841.24
OC01442,Proveedor B,SKU00733,2025-03-21,2025-05-05,384,28850.44
OC01443,Proveedor G,SKU00580,2024-11-14,2024-12-15,42,29072.3
OC01444,Proveedor G,SKU00342,2025-02-11,2025-03-11,21,28014.34
OC01445,Proveedor E,SKU00334,2024-10-24,2024-11-30,193,14094.94
OC01446,Proveedor G,SKU00799,2025-06-28,2025-07-23,21,34612.95
OC01447,Proveedor F,SKU00164,2025-06-04,2025-08-02,52,37250.28
OC01448,Proveedor I,SKU00767,2026-06-26,2026-07-24,364,20791.59
OC01449,Proveedor B,SKU00052,2025-10-21,2025-12-08,192,37977.99
OC01450,Proveedor A,SKU00546,2025-06-14,2025-07-20,441,40439.12
OC01451,Proveedor G,SKU00677,2025-09-06,2025-10-03,63,19892.32
OC01452,Proveedor G,SKU00784,2023-10-26,2023-11-28,21,20300.17
OC01453,Proveedor I,SKU00294,2026-03-21,2026-04-23,182,40292.05
OC01454,Proveedor E,SKU00772,2026-04-27,2026-06-05,193,42033.54
OC01455,Proveedor A,SKU00621,2025-07-03,2025-08-09,147,9241.71
OC01456,Proveedor E,SKU00156,2026-05-14,2026-06-23,193,54709.67
OC01457,Proveedor C,SKU00421,2024-02-19,2024-03-03,35,25272.12
OC01458,Proveedor B,SKU00355,2024-12-11,2025-01-31,192,17841.54
OC01459,Proveedor I,SKU00293,2024-07-27,2024-08-29,182,41897.71
OC01460,Proveedor H,SKU00567,2024-03-11,2024-03-24,108,9609.28
OC01461,Proveedor G,SKU00053,2022-11-04,2022-12-07,21,19516.55
OC01462,Proveedor I,SKU00134,2025-03-15,2025-04-12,182,17605.58
OC01463,Proveedor B,SKU00412,2024-06-12,2024-08-01,192,33941.03
OC01464,Proveedor H,SKU00577,2026-02-23,2026-03-08,72,6670.79
OC01465,Proveedor C,SKU00719,2026-05-30,2026-06-07,70,2353.86
OC01466,Proveedor B,SKU00059,2022-08-29,2022-10-18,192,29438.92
OC01467,Proveedor J,SKU00399,2026-05-09,2026-06-29,155,45757.98
OC01468,Proveedor H,SKU00504,2024-04-08,2024-04-16,36,43515.16
OC01469,Proveedor C,SKU00743,2024-03-19,2024-03-26,35,22938.71
OC01470,Proveedor G,SKU00697,2023-06-05,2023-07-07,21,5382.09
OC01471,Proveedor D,SKU00390,2024-11-26,2024-12-24,153,27863.25
OC01472,Proveedor D,SKU00419,2026-05-08,2026-06-03,153,27168.91
OC01473,Proveedor A,SKU00444,2023-12-28,2024-01-28,147,27830.17
OC01474,Proveedor I,SKU00553,2026-05-07,2026-06-11,182,30884.46
OC01475,Proveedor B,SKU00722,2024-10-22,2024-12-06,192,36186.87
OC01476,Proveedor E,SKU00331,2024-07-25,2024-09-02,193,1347.16
OC01477,Proveedor E,SKU00026,2024-08-19,2024-09-28,386,29085.52
OC01478,Proveedor H,SKU00333,2025-01-21,2025-01-29,36,39009.38
OC01479,Proveedor F,SKU00707,2025-01-31,2025-03-25,52,36187.02
OC01480,Proveedor B,SKU00384,2026-03-25,2026-05-15,192,24591.42
OC01481,Proveedor E,SKU00175,2023-11-11,2023-12-15,579,32104.42
OC01482,Proveedor A,SKU00781,2026-07-30,2026-09-05,147,35200.65
OC01483,Proveedor G,SKU00201,2024-01-27,2024-02-28,21,19075.83
OC01484,Proveedor H,SKU00712,2024-09-11,2024-09-21,36,26277.63
OC01485,Proveedor F,SKU00491,2026-05-03,2026-06-26,156,42487.98
OC01486,Proveedor H,SKU00766,2025-05-15,2025-05-24,36,33266.61
OC01487,Proveedor D,SKU00723,2024-06-27,2024-07-27,459,43524.57
OC01488,Proveedor F,SKU00062,2025-02-25,2025-04-19,52,34709.83
OC01489,Proveedor I,SKU00065,2023-03-23,2023-04-23,182,54143.75
OC01490,Proveedor A,SKU00443,2025-04-07,2025-05-07,147,46255.16
OC01491,Proveedor G,SKU00197,2022-04-22,2022-05-19,21,47404.77
OC01492,Proveedor F,SKU00329,2024-05-18,2024-07-13,52,41106.64
OC01493,Proveedor J,SKU00700,2026-02-15,2026-04-12,155,20077.1
OC01494,Proveedor G,SKU00313,2024-04-16,2024-05-15,21,3722.55
OC01495,Proveedor C,SKU00616,2024-09-27,2024-10-09,35,26845.41
OC01496,Proveedor F,SKU00686,2024-06-21,2024-08-16,52,9977.46
OC01497,Proveedor A,SKU00305,2025-05-07,2025-06-05,147,4311.26
OC01498,Proveedor E,SKU00758,2024-09-19,2024-10-23,193,21718.85
OC01499,Proveedor D,SKU00613,2025-08-21,2025-09-20,306,34774.12
OC01500,Proveedor B,SKU00189,2025-01-10,2025-02-26,192,11523.63
OC01501,Proveedor E,SKU00075,2024-05-04,2024-06-11,193,9324.0
OC01502,Proveedor F,SKU00454,2025-04-16,2025-06-10,52,19135.88
OC01503,Proveedor G,SKU00794,2025-03-28,2025-04-29,21,18491.65
OC01504,Proveedor C,SKU00505,2023-12-16,2023-12-30,35,31590.21
OC01505,Proveedor G,SKU00410,2024-01-01,2024-01-31,21,32630.83
OC01506,Proveedor B,SKU00034,2026-02-14,2026-03-29,192,37547.96
OC01507,Proveedor B,SKU00172,2025-03-15,2025-05-04,192,29746.34
OC01508,Proveedor C,SKU00003,2025-06-02,2025-06-16,35,17786.66
OC01509,Proveedor F,SKU00440,2025-04-15,2025-06-13,52,45526.81
OC01510,Proveedor E,SKU00131,2026-06-08,2026-07-13,193,37857.65
OC01511,Proveedor B,SKU00229,2025-07-03,2025-08-17,192,33510.49
OC01512,Proveedor G,SKU00113,2024-05-31,2024-06-26,21,21869.64
OC01513,Proveedor D,SKU00492,2024-06-20,2024-07-12,459,32428.55
OC01514,Proveedor B,SKU00739,2022-12-28,2023-02-15,192,15691.53
OC01515,Proveedor J,SKU00376,2024-12-07,2025-01-31,155,5698.59
OC01516,Proveedor C,SKU00018,2024-04-12,2024-04-21,35,34656.15
OC01517,Proveedor D,SKU00027,2023-09-11,2023-10-06,153,8547.73
OC01518,Proveedor I,SKU00178,2025-02-28,2025-04-03,364,8391.25
OC01519,Proveedor B,SKU00265,2026-01-17,2026-03-06,192,41284.94
OC01520,Proveedor D,SKU00723,2024-08-14,2024-09-12,153,45303.39
OC01521,Proveedor B,SKU00479,2023-11-05,2023-12-18,384,37850.33
OC01522,Proveedor B,SKU00753,2026-05-29,2026-07-14,192,35269.91
OC01523,Proveedor H,SKU00161,2025-09-09,2025-09-20,36,28584.15
OC01524,Proveedor D,SKU00239,2024-05-31,2024-06-26,153,21190.24
OC01525,Proveedor G,SKU00093,2023-09-10,2023-10-05,21,32776.22
OC01526,Proveedor I,SKU00553,2026-07-09,2026-08-11,182,30476.2
OC01527,Proveedor A,SKU00315,2023-12-10,2024-01-08,147,2056.75
OC01528,Proveedor F,SKU00745,2025-03-13,2025-05-11,52,41111.54
OC01529,Proveedor E,SKU00780,2025-10-14,2025-11-17,193,40953.03
OC01530,Proveedor B,SKU00753,2026-04-23,2026-06-05,192,35841.04
OC01531,Proveedor C,SKU00417,2025-08-14,2025-08-22,35,42624.37
OC01532,Proveedor J,SKU00215,2023-07-28,2023-09-17,155,27745.08
OC01533,Proveedor I,SKU00176,2025-03-14,2025-04-19,182,4807.86
OC01534,Proveedor B,SKU00096,2025-03-20,2025-05-03,192,9081.6
OC01535,Proveedor C,SKU00480,2024-09-10,2024-09-18,35,20172.79
OC01536,Proveedor C,SKU00655,2025-06-06,2025-06-16,35,2840.84
OC01537,Proveedor E,SKU00127,2025-09-10,2025-10-22,193,39642.45
OC01538,Proveedor F,SKU00639,2025-07-13,2025-09-11,52,28127.07
OC01539,Proveedor A,SKU00779,2026-07-04,2026-08-05,147,38909.24
OC01540,Proveedor I,SKU00069,2025-06-25,2025-07-27,182,40053.17
OC01541,Proveedor A,SKU00443,2025-07-14,2025-08-13,294,44510.1
OC01542,Proveedor A,SKU00496,2024-09-25,2024-11-01,294,41727.33
OC01543,Proveedor I,SKU00487,2024-07-25,2024-08-25,182,11269.67
OC01544,Proveedor G,SKU00186,2025-06-09,2025-07-04,21,39497.02
OC01545,Proveedor I,SKU00626,2026-05-24,2026-06-23,182,5720.54
OC01546,Proveedor J,SKU00397,2025-04-11,2025-06-06,310,23599.7
OC01547,Proveedor G,SKU00580,2024-11-12,2024-12-13,21,27119.35
OC01548,Proveedor H,SKU00575,2023-01-13,2023-01-24,36,5336.86
OC01549,Proveedor G,SKU00309,2023-02-09,2023-03-07,21,47997.42
OC01550,Proveedor F,SKU00506,2023-08-19,2023-10-15,52,37927.93
OC01551,Proveedor D,SKU00060,2024-05-29,2024-06-28,153,17340.89
OC01552,Proveedor G,SKU00671,2024-08-25,2024-09-22,21,19326.05
OC01553,Proveedor J,SKU00545,2024-04-14,2024-06-04,310,37469.89
OC01554,Proveedor C,SKU00521,2025-03-09,2025-03-24,35,32808.47
OC01555,Proveedor A,SKU00781,2024-06-20,2024-07-24,147,37168.76
OC01556,Proveedor I,SKU00475,2024-03-07,2024-04-09,182,28561.82
OC01557,Proveedor C,SKU00168,2024-10-06,2024-10-20,105,14885.29
OC01558,Proveedor E,SKU00468,2025-06-25,2025-07-30,193,16382.52
OC01559,Proveedor F,SKU00663,2024-11-15,2025-01-08,52,1838.57
OC01560,Proveedor I,SKU00727,2024-03-15,2024-04-13,182,17056.33
OC01561,Proveedor D,SKU00649,2023-10-13,2023-11-04,306,14457.98
OC01562,Proveedor C,SKU00665,2026-01-14,2026-01-23,35,20829.9
OC01563,Proveedor A,SKU00690,2022-12-16,2023-01-16,147,37814.49
OC01564,Proveedor H,SKU00190,2025-09-18,2025-09-28,36,23984.07
OC01565,Proveedor E,SKU00761,2025-04-20,2025-05-30,193,20956.18
OC01566,Proveedor H,SKU00145,2026-06-22,2026-07-08,108,2016.51
OC01567,Proveedor F,SKU00715,2025-03-12,2025-05-08,156,15095.71
OC01568,Proveedor H,SKU00746,2026-05-28,2026-06-09,36,13439.43
OC01569,Proveedor F,SKU00576,2024-12-23,2025-02-18,104,15809.05
OC01570,Proveedor F,SKU00440,2025-05-06,2025-07-04,52,40085.99
OC01571,Proveedor B,SKU00138,2025-01-16,2025-02-28,192,18457.7
OC01572,Proveedor D,SKU00241,2025-02-20,2025-03-21,153,28455.64
OC01573,Proveedor C,SKU00018,2026-06-14,2026-06-21,35,33897.92
OC01574,Proveedor C,SKU00220,2023-08-27,2023-09-04,35,39679.32
OC01575,Proveedor F,SKU00238,2025-09-12,2025-11-05,52,40906.63
OC01576,Proveedor B,SKU00115,2023-12-06,2024-01-19,192,19875.57
OC01577,Proveedor G,SKU00595,2026-07-26,2026-08-28,42,46964.14
OC01578,Proveedor I,SKU00726,2024-08-21,2024-09-25,182,48497.9
OC01579,Proveedor E,SKU00334,2026-03-20,2026-05-01,193,14733.76
OC01580,Proveedor F,SKU00024,2024-11-10,2025-01-09,52,44591.86
OC01581,Proveedor G,SKU00088,2022-12-20,2023-01-21,21,37375.74
OC01582,Proveedor H,SKU00606,2026-06-02,2026-06-12,36,40841.57
OC01583,Proveedor A,SKU00070,2023-09-25,2023-10-29,147,22745.51
OC01584,Proveedor G,SKU00201,2025-06-03,2025-07-03,42,20500.47
OC01585,Proveedor I,SKU00727,2025-07-01,2025-07-31,182,16500.62
OC01586,Proveedor C,SKU00676,2026-04-19,2026-04-30,35,39647.26
OC01587,Proveedor G,SKU00113,2025-09-05,2025-10-03,21,20773.6
OC01588,Proveedor C,SKU00181,2024-12-12,2024-12-25,70,53775.94
OC01589,Proveedor E,SKU00213,2025-04-21,2025-05-31,193,26510.75
OC01590,Proveedor A,SKU00041,2026-01-10,2026-02-08,147,23520.67
OC01591,Proveedor D,SKU00516,2024-01-30,2024-02-23,459,23252.82
OC01592,Proveedor A,SKU00614,2024-12-25,2025-01-25,147,10879.81
OC01593,Proveedor B,SKU00172,2025-04-28,2025-06-10,192,33365.2
OC01594,Proveedor E,SKU00283,2026-05-05,2026-06-12,193,25029.39
OC01595,Proveedor H,SKU00326,2024-01-14,2024-01-24,36,9194.39
OC01596,Proveedor D,SKU00177,2026-07-06,2026-07-29,153,26945.47
OC01597,Proveedor A,SKU00787,2025-04-04,2025-05-11,147,30679.36
OC01598,Proveedor E,SKU00462,2026-07-20,2026-08-23,193,11867.34
OC01599,Proveedor F,SKU00464,2024-02-22,2024-04-17,52,31577.48
OC01600,Proveedor F,SKU00653,2026-01-16,2026-03-12,52,3624.62
OC01601,Proveedor F,SKU00510,2024-10-27,2024-12-19,156,18299.12
OC01602,Proveedor E,SKU00672,2023-10-29,2023-12-03,193,13038.32
OC01603,Proveedor E,SKU00213,2024-07-31,2024-09-06,386,26156.27
OC01604,Proveedor J,SKU00057,2023-10-31,2023-12-26,155,15579.59
OC01605,Proveedor J,SKU00486,2025-10-22,2025-12-12,310,46967.33
OC01606,Proveedor E,SKU00110,2026-04-13,2026-05-18,193,29836.76
OC01607,Proveedor G,SKU00231,2025-12-27,2026-01-26,21,21653.9
OC01608,Proveedor F,SKU00581,2025-04-24,2025-06-24,52,23642.22
OC01609,Proveedor I,SKU00080,2023-12-24,2024-01-22,182,12981.0
OC01610,Proveedor I,SKU00176,2025-06-21,2025-07-27,182,5212.97
OC01611,Proveedor G,SKU00113,2024-02-22,2024-03-21,21,20279.35
OC01612,Proveedor A,SKU00033,2024-06-24,2024-07-31,147,43939.84
OC01613,Proveedor B,SKU00753,2026-04-16,2026-06-05,384,36044.65
OC01614,Proveedor G,SKU00009,2025-10-04,2025-11-06,42,1717.12
OC01615,Proveedor C,SKU00685,2026-03-22,2026-04-02,35,34388.44
OC01616,Proveedor F,SKU00150,2024-07-02,2024-08-24,52,30180.95
OC01617,Proveedor A,SKU00738,2025-05-16,2025-06-17,147,27410.58
OC01618,Proveedor J,SKU00670,2024-02-03,2024-03-28,310,7889.24
OC01619,Proveedor F,SKU00506,2025-06-05,2025-07-30,52,40137.11
OC01620,Proveedor D,SKU00344,2025-04-27,2025-05-25,153,37963.98
OC01621,Proveedor F,SKU00573,2024-12-14,2025-02-11,104,45102.8
OC01622,Proveedor A,SKU00660,2022-12-10,2023-01-14,441,46470.17
OC01623,Proveedor I,SKU00522,2025-04-13,2025-05-14,182,42010.37
OC01624,Proveedor G,SKU00237,2025-09-26,2025-10-27,21,12474.16
OC01625,Proveedor I,SKU00449,2023-01-08,2023-02-06,182,15141.48
OC01626,Proveedor B,SKU00513,2024-01-20,2024-03-03,192,28373.47
OC01627,Proveedor F,SKU00686,2025-11-06,2026-01-06,104,10525.75
OC01628,Proveedor B,SKU00720,2026-02-05,2026-03-24,192,48339.2
OC01629,Proveedor C,SKU00162,2025-06-24,2025-07-09,35,25974.32
OC01630,Proveedor A,SKU00317,2023-06-08,2023-07-15,147,44078.5
OC01631,Proveedor J,SKU00267,2026-02-25,2026-04-23,465,4714.96
OC01632,Proveedor I,SKU00207,2024-09-24,2024-10-27,546,37621.28
OC01633,Proveedor C,SKU00518,2025-08-27,2025-09-05,70,6004.28
OC01634,Proveedor G,SKU00348,2022-12-19,2023-01-17,63,27729.82
OC01635,Proveedor D,SKU00497,2025-07-01,2025-07-28,153,2714.24
OC01636,Proveedor F,SKU00164,2024-12-14,2025-02-12,104,35206.47
OC01637,Proveedor F,SKU00369,2025-09-12,2025-11-09,52,41388.63
OC01638,Proveedor A,SKU00681,2026-02-16,2026-03-23,294,32548.16
OC01639,Proveedor G,SKU00088,2023-04-08,2023-05-10,21,43067.21
OC01640,Proveedor F,SKU00653,2026-06-16,2026-08-14,52,3520.0
OC01641,Proveedor B,SKU00387,2025-03-06,2025-04-24,576,31159.65
OC01642,Proveedor F,SKU00667,2023-08-08,2023-10-08,52,32932.8
OC01643,Proveedor F,SKU00527,2025-09-25,2025-11-23,52,33698.4
OC01644,Proveedor J,SKU00436,2024-11-05,2024-12-25,155,38841.89
OC01645,Proveedor H,SKU00128,2025-07-09,2025-07-24,36,2065.87
OC01646,Proveedor G,SKU00347,2025-08-03,2025-09-03,21,27233.43
OC01647,Proveedor B,SKU00714,2025-07-12,2025-08-26,192,8150.34
OC01648,Proveedor F,SKU00576,2024-02-13,2024-04-07,52,15104.7
OC01649,Proveedor G,SKU00340,2024-09-21,2024-10-23,21,10263.65
OC01650,Proveedor F,SKU00048,2022-09-15,2022-11-08,52,16803.27
OC01651,Proveedor D,SKU00607,2025-02-27,2025-03-25,459,49335.68
OC01652,Proveedor B,SKU00498,2025-11-24,2026-01-10,384,17016.98
OC01653,Proveedor H,SKU00066,2026-02-24,2026-03-08,36,38602.57
OC01654,Proveedor J,SKU00399,2026-04-29,2026-06-23,155,40297.93
OC01655,Proveedor D,SKU00027,2023-12-07,2023-12-29,153,8672.05
OC01656,Proveedor A,SKU00363,2026-03-07,2026-04-06,147,48245.22
OC01657,Proveedor I,SKU00740,2025-01-19,2025-02-16,364,36569.02
OC01658,Proveedor G,SKU00125,2022-08-06,2022-09-07,21,12867.5
OC01659,Proveedor I,SKU00264,2025-07-22,2025-08-24,546,27069.57
OC01660,Proveedor J,SKU00397,2024-12-30,2025-02-21,155,21835.89
OC01661,Proveedor A,SKU00690,2025-10-13,2025-11-18,147,37290.27
OC01662,Proveedor H,SKU00055,2026-05-03,2026-05-17,36,19730.98
OC01663,Proveedor C,SKU00089,2024-09-03,2024-09-11,35,18413.71
OC01664,Proveedor I,SKU00264,2025-07-20,2025-08-22,182,30540.98
OC01665,Proveedor D,SKU00388,2025-08-16,2025-09-11,153,2954.01
OC01666,Proveedor C,SKU00717,2023-12-01,2023-12-11,70,17464.97
OC01667,Proveedor D,SKU00316,2025-08-10,2025-09-09,306,16421.57
OC01668,Proveedor E,SKU00459,2025-12-05,2026-01-08,193,17503.71
OC01669,Proveedor G,SKU00544,2025-03-03,2025-04-01,21,11322.9
OC01670,Proveedor B,SKU00229,2026-05-14,2026-07-02,576,31890.44
OC01671,Proveedor D,SKU00320,2025-04-08,2025-05-06,153,11584.46
OC01672,Proveedor J,SKU00215,2023-03-27,2023-05-19,155,31782.15
OC01673,Proveedor J,SKU00597,2024-08-20,2024-10-13,465,46665.04
OC01674,Proveedor G,SKU00244,2024-11-20,2024-12-21,21,6354.31
OC01675,Proveedor C,SKU00676,2025-02-27,2025-03-07,35,42485.25
OC01676,Proveedor B,SKU00031,2023-06-21,2023-08-08,192,39899.29
OC01677,Proveedor F,SKU00495,2024-12-02,2025-01-28,52,28613.47
OC01678,Proveedor D,SKU00747,2023-09-19,2023-10-17,459,31072.09
OC01679,Proveedor H,SKU00572,2026-01-26,2026-02-04,108,3147.87
OC01680,Proveedor I,SKU00431,2025-01-05,2025-02-09,182,34245.26
OC01681,Proveedor B,SKU00141,2024-01-25,2024-03-10,384,39795.16
OC01682,Proveedor F,SKU00393,2025-09-20,2025-11-14,52,33818.91
OC01683,Proveedor F,SKU00454,2022-09-25,2022-11-17,104,19416.09
OC01684,Proveedor G,SKU00762,2025-10-27,2025-11-28,63,28609.51
OC01685,Proveedor B,SKU00646,2025-11-03,2025-12-19,192,19980.51
OC01686,Proveedor H,SKU00599,2024-07-23,2024-08-05,36,28334.69
OC01687,Proveedor B,SKU00565,2023-12-07,2024-01-22,192,8144.75
OC01688,Proveedor C,SKU00071,2024-02-02,2024-02-11,35,34178.84
OC01689,Proveedor H,SKU00179,2025-12-23,2026-01-01,72,8043.31
OC01690,Proveedor C,SKU00003,2025-07-21,2025-08-04,35,17484.35
OC01691,Proveedor B,SKU00778,2025-04-21,2025-06-10,192,6602.86
OC01692,Proveedor H,SKU00222,2026-04-20,2026-05-05,108,39296.15
OC01693,Proveedor H,SKU00411,2026-06-28,2026-07-12,72,28823.91
OC01694,Proveedor C,SKU00562,2024-01-24,2024-02-03,35,13874.49
OC01695,Proveedor I,SKU00035,2025-04-14,2025-05-15,182,37801.97
OC01696,Proveedor F,SKU00686,2025-01-15,2025-03-09,52,10447.87
OC01697,Proveedor C,SKU00181,2025-05-16,2025-05-25,105,50626.26
OC01698,Proveedor C,SKU00421,2022-08-03,2022-08-13,35,25466.46
OC01699,Proveedor C,SKU00321,2023-06-22,2023-07-01,35,28241.43
OC01700,Proveedor G,SKU00067,2025-09-15,2025-10-18,21,27111.34
OC01701,Proveedor I,SKU00044,2023-05-29,2023-07-02,182,46704.74
OC01702,Proveedor B,SKU00565,2024-01-05,2024-02-22,576,7978.46
OC01703,Proveedor B,SKU00733,2025-01-23,2025-03-15,192,28739.28
OC01704,Proveedor H,SKU00224,2024-12-22,2025-01-06,36,23464.79
OC01705,Proveedor B,SKU00199,2025-07-26,2025-09-07,576,35157.4
OC01706,Proveedor E,SKU00170,2026-03-16,2026-04-21,193,36447.61
OC01707,Proveedor B,SKU00166,2025-06-23,2025-08-13,192,31627.88
OC01708,Proveedor C,SKU00181,2025-12-04,2025-12-16,35,53882.47
OC01709,Proveedor C,SKU00174,2024-01-24,2024-02-04,35,35054.56
OC01710,Proveedor J,SKU00308,2026-07-28,2026-09-22,155,55836.73
OC01711,Proveedor A,SKU00310,2025-01-05,2025-02-10,147,32594.91
OC01712,Proveedor B,SKU00379,2024-11-01,2024-12-18,192,32692.53
OC01713,Proveedor E,SKU00428,2024-06-21,2024-08-02,193,7982.05
OC01714,Proveedor G,SKU00595,2025-06-19,2025-07-17,21,41551.83
OC01715,Proveedor C,SKU00018,2024-10-02,2024-10-11,105,33897.21
OC01716,Proveedor B,SKU00445,2025-07-25,2025-09-14,192,29662.05
OC01717,Proveedor C,SKU00394,2025-02-04,2025-02-16,35,42596.12
OC01718,Proveedor B,SKU00159,2023-05-18,2023-07-03,192,39397.79
OC01719,Proveedor A,SKU00770,2025-07-05,2025-08-03,294,25153.49
OC01720,Proveedor E,SKU00307,2024-03-13,2024-04-20,193,41085.31
OC01721,Proveedor F,SKU00101,2022-09-04,2022-11-02,52,4549.38
OC01722,Proveedor F,SKU00117,2024-10-18,2024-12-10,52,20531.46
OC01723,Proveedor H,SKU00359,2024-04-03,2024-04-17,36,33747.42
OC01724,Proveedor B,SKU00312,2026-05-20,2026-07-03,192,10966.35
OC01725,Proveedor F,SKU00573,2025-12-18,2026-02-13,52,43097.03
OC01726,Proveedor D,SKU00559,2026-02-24,2026-03-19,153,24798.59
OC01727,Proveedor D,SKU00418,2025-01-31,2025-02-28,153,32889.3
OC01728,Proveedor I,SKU00632,2023-02-03,2023-03-08,182,34656.76
OC01729,Proveedor A,SKU00263,2024-02-02,2024-03-07,147,28463.65
OC01730,Proveedor D,SKU00381,2024-09-01,2024-09-25,153,43661.22
OC01731,Proveedor I,SKU00371,2025-12-17,2026-01-16,364,39764.38
OC01732,Proveedor F,SKU00536,2025-09-04,2025-11-02,52,6693.92
OC01733,Proveedor G,SKU00343,2023-11-18,2023-12-21,42,6879.27
OC01734,Proveedor J,SKU00408,2024-11-30,2025-01-25,465,34719.18
OC01735,Proveedor F,SKU00204,2024-12-03,2025-01-27,52,34632.43
OC01736,Proveedor B,SKU00646,2025-06-11,2025-07-31,192,17428.28
OC01737,Proveedor B,SKU00081,2025-06-25,2025-08-13,192,4262.82
OC01738,Proveedor J,SKU00057,2023-11-29,2024-01-19,465,14358.72
OC01739,Proveedor G,SKU00697,2024-03-21,2024-04-17,21,5467.22
OC01740,Proveedor I,SKU00620,2026-06-06,2026-07-07,546,23702.74
OC01741,Proveedor G,SKU00595,2024-12-15,2025-01-12,21,43843.6
OC01742,Proveedor J,SKU00275,2024-03-07,2024-04-26,155,20510.51
OC01743,Proveedor I,SKU00658,2024-09-28,2024-11-01,182,11945.2
OC01744,Proveedor H,SKU00185,2025-05-15,2025-05-23,36,24644.69
OC01745,Proveedor H,SKU00292,2025-10-01,2025-10-11,72,39514.3
OC01746,Proveedor F,SKU00054,2024-07-26,2024-09-23,52,12471.38
OC01747,Proveedor A,SKU00615,2025-07-14,2025-08-14,294,14122.29
OC01748,Proveedor G,SKU00014,2025-11-02,2025-12-02,21,40660.19
OC01749,Proveedor F,SKU00112,2023-06-13,2023-08-09,52,11272.22
OC01750,Proveedor G,SKU00641,2024-04-25,2024-05-20,21,45649.24
OC01751,Proveedor B,SKU00720,2024-09-27,2024-11-17,192,46972.38
OC01752,Proveedor I,SKU00726,2025-09-18,2025-10-24,182,40665.24
OC01753,Proveedor G,SKU00764,2022-09-04,2022-10-05,42,37052.25
OC01754,Proveedor D,SKU00299,2026-06-11,2026-07-11,153,3648.62
OC01755,Proveedor A,SKU00137,2025-07-31,2025-09-05,147,23266.86
OC01756,Proveedor D,SKU00651,2024-11-29,2024-12-26,153,23321.45
OC01757,Proveedor D,SKU00501,2024-03-16,2024-04-13,153,6282.39
OC01758,Proveedor E,SKU00110,2025-06-08,2025-07-17,193,30486.27
OC01759,Proveedor I,SKU00294,2026-05-02,2026-06-02,182,40646.19
OC01760,Proveedor I,SKU00284,2024-02-03,2024-03-04,182,34015.17
OC01761,Proveedor E,SKU00194,2026-01-30,2026-03-12,193,6575.9
OC01762,Proveedor G,SKU00560,2026-05-22,2026-06-23,63,4105.81
OC01763,Proveedor G,SKU00677,2026-03-16,2026-04-14,63,20897.74
OC01764,Proveedor E,SKU00772,2025-03-05,2025-04-08,193,40463.94
OC01765,Proveedor E,SKU00428,2026-04-09,2026-05-19,579,8028.73
OC01766,Proveedor B,SKU00739,2023-02-26,2023-04-16,192,16264.94
OC01767,Proveedor B,SKU00096,2023-03-26,2023-05-14,384,8483.21
OC01768,Proveedor G,SKU00500,2022-09-03,2022-09-30,21,14262.72
OC01769,Proveedor D,SKU00268,2025-06-11,2025-07-06,153,19739.12
OC01770,Proveedor G,SKU00657,2024-03-18,2024-04-19,21,51929.46
OC01771,Proveedor H,SKU00179,2025-08-25,2025-09-07,36,7728.7
OC01772,Proveedor B,SKU00535,2026-02-24,2026-04-10,576,16833.7
OC01773,Proveedor H,SKU00504,2024-05-06,2024-05-22,72,45385.82
OC01774,Proveedor D,SKU00604,2025-11-30,2025-12-27,153,7271.34
OC01775,Proveedor J,SKU00057,2023-11-16,2024-01-09,155,14291.61
OC01776,Proveedor H,SKU00185,2025-08-11,2025-08-23,72,27443.98
OC01777,Proveedor A,SKU00566,2026-04-07,2026-05-06,441,27300.39
OC01778,Proveedor C,SKU00351,2024-05-07,2024-05-18,35,23913.78
OC01779,Proveedor H,SKU00456,2026-06-05,2026-06-19,36,7387.76
OC01780,Proveedor C,SKU00773,2023-06-30,2023-07-12,105,27122.46
OC01781,Proveedor B,SKU00362,2024-12-14,2025-01-31,192,36538.61
OC01782,Proveedor J,SKU00659,2025-02-04,2025-03-28,155,20478.65
OC01783,Proveedor H,SKU00354,2023-03-19,2023-04-02,36,44977.08
OC01784,Proveedor C,SKU00321,2023-09-12,2023-09-20,105,27995.67
OC01785,Proveedor A,SKU00615,2025-07-17,2025-08-15,147,14873.09
OC01786,Proveedor F,SKU00554,2025-04-20,2025-06-17,52,29509.66
OC01787,Proveedor I,SKU00489,2026-01-12,2026-02-13,364,11956.87
OC01788,Proveedor D,SKU00290,2025-08-16,2025-09-07,306,14897.8
OC01789,Proveedor C,SKU00676,2026-06-19,2026-07-03,105,42475.46
OC01790,Proveedor C,SKU00685,2025-08-02,2025-08-15,70,31726.24
OC01791,Proveedor C,SKU00562,2024-04-13,2024-04-21,35,13703.62
OC01792,Proveedor H,SKU00301,2023-03-01,2023-03-17,36,7721.11
OC01793,Proveedor H,SKU00129,2024-05-21,2024-06-01,36,28354.95
OC01794,Proveedor I,SKU00065,2024-11-30,2024-12-30,182,54890.76
OC01795,Proveedor E,SKU00170,2025-05-23,2025-07-01,579,44950.89
OC01796,Proveedor D,SKU00793,2025-11-05,2025-11-28,306,26758.31
OC01797,Proveedor D,SKU00492,2024-08-24,2024-09-16,153,35222.96
OC01798,Proveedor G,SKU00596,2024-09-06,2024-10-06,21,20700.57
OC01799,Proveedor H,SKU00161,2024-07-22,2024-07-30,36,23336.33
OC01800,Proveedor E,SKU00213,2025-03-14,2025-04-20,579,28676.48
OC01801,Proveedor C,SKU00016,2026-03-12,2026-03-23,35,24564.87
OC01802,Proveedor I,SKU00116,2025-08-26,2025-09-23,182,19659.55
OC01803,Proveedor F,SKU00715,2023-07-12,2023-09-08,52,15805.58
OC01804,Proveedor C,SKU00699,2023-11-20,2023-11-30,35,40309.03
OC01805,Proveedor A,SKU00628,2023-08-28,2023-09-29,441,24445.02
OC01806,Proveedor D,SKU00492,2024-08-23,2024-09-16,153,36785.94
OC01807,Proveedor H,SKU00374,2026-02-10,2026-02-26,72,30391.27
OC01808,Proveedor G,SKU00244,2023-07-10,2023-08-07,63,6590.23
OC01809,Proveedor E,SKU00245,2025-07-17,2025-08-24,579,27454.98
OC01810,Proveedor H,SKU00599,2024-12-01,2024-12-13,36,28821.88
OC01811,Proveedor C,SKU00483,2026-04-12,2026-04-21,35,30480.28
OC01812,Proveedor I,SKU00727,2025-06-25,2025-07-24,182,16280.65
OC01813,Proveedor C,SKU00417,2025-08-26,2025-09-06,70,46437.33
OC01814,Proveedor D,SKU00344,2025-06-26,2025-07-25,153,37496.17
OC01815,Proveedor B,SKU00115,2026-04-23,2026-06-07,192,21382.61
OC01816,Proveedor F,SKU00112,2023-04-25,2023-06-21,52,12050.79
OC01817,Proveedor J,SKU00366,2022-12-05,2023-01-28,155,44228.95
OC01818,Proveedor J,SKU00775,2025-08-05,2025-09-26,155,37068.24
OC01819,Proveedor I,SKU00424,2022-11-05,2022-12-09,364,32064.05
OC01820,Proveedor B,SKU00384,2024-07-20,2024-09-02,384,22751.68
OC01821,Proveedor D,SKU00474,2025-05-27,2025-06-25,153,45767.72
OC01822,Proveedor J,SKU00679,2023-09-05,2023-10-31,310,17774.9
OC01823,Proveedor F,SKU00653,2026-01-28,2026-03-26,52,3414.9
OC01824,Proveedor G,SKU00233,2026-04-26,2026-05-27,21,34563.61
OC01825,Proveedor C,SKU00341,2025-11-19,2025-12-03,35,38087.44
OC01826,Proveedor A,SKU00608,2024-01-16,2024-02-19,147,39065.45
OC01827,Proveedor I,SKU00489,2025-06-20,2025-07-22,546,11971.95
OC01828,Proveedor I,SKU00136,2024-06-17,2024-07-23,182,39901.06
OC01829,Proveedor C,SKU00538,2023-09-21,2023-10-03,35,31131.43
OC01830,Proveedor J,SKU00774,2025-06-27,2025-08-23,310,34859.09
OC01831,Proveedor C,SKU00665,2025-11-06,2025-11-15,35,22576.82
OC01832,Proveedor I,SKU00620,2025-05-28,2025-07-02,182,23120.95
OC01833,Proveedor B,SKU00229,2025-05-10,2025-06-28,192,32211.95
OC01834,Proveedor J,SKU00774,2025-09-06,2025-10-27,155,34875.3
OC01835,Proveedor E,SKU00484,2025-02-14,2025-03-25,193,33745.38
OC01836,Proveedor I,SKU00431,2025-12-11,2026-01-10,182,31627.71
OC01837,Proveedor B,SKU00691,2025-06-29,2025-08-16,192,30618.86
OC01838,Proveedor G,SKU00113,2024-08-21,2024-09-23,21,21270.98
OC01839,Proveedor A,SKU00401,2026-04-22,2026-05-25,147,33280.63
OC01840,Proveedor B,SKU00386,2025-04-10,2025-05-26,192,14766.23
OC01841,Proveedor H,SKU00420,2024-12-05,2024-12-19,36,17145.93
OC01842,Proveedor B,SKU00579,2024-06-17,2024-08-06,192,19999.64
OC01843,Proveedor G,SKU00356,2026-01-12,2026-02-09,21,58405.2
OC01844,Proveedor B,SKU00513,2024-10-04,2024-11-16,576,27662.12
OC01845,Proveedor H,SKU00689,2026-05-05,2026-05-19,36,14912.79
OC01846,Proveedor E,SKU00477,2023-09-18,2023-10-26,193,7634.56
OC01847,Proveedor G,SKU00019,2026-01-20,2026-02-22,21,44684.39
OC01848,Proveedor C,SKU00755,2025-10-12,2025-10-21,35,2894.76
OC01849,Proveedor G,SKU00671,2025-08-24,2025-09-25,21,20022.29
OC01850,Proveedor D,SKU00559,2026-02-14,2026-03-14,459,24974.58
OC01851,Proveedor F,SKU00694,2024-01-24,2024-03-19,52,21346.06
OC01852,Proveedor H,SKU00222,2025-07-05,2025-07-21,36,40363.87
OC01853,Proveedor H,SKU00567,2024-08-21,2024-08-31,36,9408.83
OC01854,Proveedor D,SKU00027,2024-03-16,2024-04-07,459,8771.65
OC01855,Proveedor H,SKU00456,2025-05-17,2025-05-27,36,6995.31
OC01856,Proveedor D,SKU00251,2024-11-13,2024-12-09,153,8180.47
OC01857,Proveedor E,SKU00169,2023-11-19,2023-12-26,386,5969.41
OC01858,Proveedor J,SKU00399,2025-05-10,2025-07-03,310,44559.09
OC01859,Proveedor C,SKU00505,2023-11-25,2023-12-07,35,37736.34
OC01860,Proveedor D,SKU00290,2025-05-21,2025-06-14,153,16361.44
OC01861,Proveedor B,SKU00038,2026-02-10,2026-03-29,192,29131.72
OC01862,Proveedor G,SKU00771,2024-01-27,2024-02-23,21,36449.76
OC01863,Proveedor B,SKU00163,2026-07-02,2026-08-14,192,41213.62
OC01864,Proveedor G,SKU00641,2025-08-20,2025-09-18,21,44405.93
OC01865,Proveedor C,SKU00099,2025-01-25,2025-02-09,35,14714.37
OC01866,Proveedor I,SKU00314,2024-09-28,2024-10-28,364,22912.79
OC01867,Proveedor J,SKU00408,2023-12-31,2024-02-18,155,32879.7
OC01868,Proveedor D,SKU00800,2025-01-30,2025-02-24,153,7016.49
OC01869,Proveedor B,SKU00163,2025-11-21,2026-01-06,192,40329.71
OC01870,Proveedor H,SKU00605,2026-02-24,2026-03-04,36,23404.81
OC01871,Proveedor B,SKU00646,2025-09-22,2025-11-10,576,19576.14
OC01872,Proveedor G,SKU00328,2025-09-10,2025-10-06,21,45489.85
OC01873,Proveedor G,SKU00560,2025-08-10,2025-09-05,21,3813.29
OC01874,Proveedor A,SKU00227,2025-08-08,2025-09-14,441,14915.3
OC01875,Proveedor D,SKU00631,2023-11-27,2023-12-19,153,23925.33
OC01876,Proveedor J,SKU00737,2023-01-13,2023-03-03,155,17908.96
OC01877,Proveedor C,SKU00538,2023-09-04,2023-09-16,35,28218.35
OC01878,Proveedor F,SKU00438,2026-06-25,2026-08-19,52,1331.23
OC01879,Proveedor E,SKU00213,2025-01-25,2025-03-08,193,27262.17
OC01880,Proveedor I,SKU00759,2026-07-13,2026-08-14,364,46911.13
OC01881,Proveedor C,SKU00174,2026-06-30,2026-07-15,35,36105.47
OC01882,Proveedor F,SKU00211,2023-10-14,2023-12-07,52,24619.49
OC01883,Proveedor A,SKU00541,2024-01-08,2024-02-09,147,4627.81
OC01884,Proveedor F,SKU00396,2024-11-16,2025-01-11,52,2239.29
OC01885,Proveedor I,SKU00471,2024-12-22,2025-01-21,182,16017.88
OC01886,Proveedor A,SKU00042,2025-02-09,2025-03-13,147,34280.09
OC01887,Proveedor C,SKU00676,2026-03-31,2026-04-08,35,43439.51
OC01888,Proveedor F,SKU00188,2024-03-11,2024-05-10,52,15299.25
OC01889,Proveedor E,SKU00757,2024-08-07,2024-09-13,386,41688.95
OC01890,Proveedor J,SKU00057,2023-12-19,2024-02-06,465,14692.43
OC01891,Proveedor J,SKU00057,2023-12-19,2024-02-09,310,15598.52
OC01892,Proveedor D,SKU00302,2023-09-12,2023-10-04,153,43402.85
OC01893,Proveedor J,SKU00215,2024-06-02,2024-07-25,155,32695.57
OC01894,Proveedor F,SKU00639,2026-01-09,2026-03-09,52,25348.63
OC01895,Proveedor B,SKU00412,2024-11-19,2025-01-04,192,32859.23
OC01896,Proveedor A,SKU00270,2022-09-05,2022-10-12,147,23662.59
OC01897,Proveedor C,SKU00018,2024-02-02,2024-02-13,35,33192.54
OC01898,Proveedor D,SKU00259,2025-04-07,2025-05-01,153,24223.39
OC01899,Proveedor E,SKU00283,2026-02-07,2026-03-15,193,24226.46
OC01900,Proveedor I,SKU00176,2026-05-08,2026-06-06,182,5030.15
OC01901,Proveedor F,SKU00211,2025-01-16,2025-03-11,52,25865.57
OC01902,Proveedor I,SKU00134,2025-05-14,2025-06-18,182,18168.1
OC01903,Proveedor C,SKU00181,2025-11-29,2025-12-06,105,54744.68
OC01904,Proveedor H,SKU00571,2024-11-26,2024-12-12,36,21440.07
OC01905,Proveedor H,SKU00123,2025-10-13,2025-10-23,36,22294.44
OC01906,Proveedor I,SKU00352,2025-05-23,2025-06-27,182,9694.03
OC01907,Proveedor G,SKU00347,2025-04-05,2025-05-01,63,24726.18
OC01908,Proveedor G,SKU00461,2026-06-14,2026-07-15,21,36090.36
OC01909,Proveedor E,SKU00672,2023-02-13,2023-03-26,193,13651.17
OC01910,Proveedor G,SKU00300,2025-06-29,2025-07-26,21,18046.0
OC01911,Proveedor A,SKU00270,2022-09-12,2022-10-12,147,23566.58
OC01912,Proveedor H,SKU00577,2025-06-03,2025-06-16,72,6209.37
OC01913,Proveedor C,SKU00099,2025-03-28,2025-04-10,35,15248.7
OC01914,Proveedor F,SKU00478,2023-11-30,2024-01-29,52,55819.6
OC01915,Proveedor F,SKU00748,2024-03-30,2024-05-22,52,5239.87
OC01916,Proveedor G,SKU00343,2025-12-22,2026-01-21,21,6749.06
OC01917,Proveedor H,SKU00482,2024-03-26,2024-04-06,36,6519.39
OC01918,Proveedor H,SKU00148,2026-05-02,2026-05-16,36,2494.25
OC01919,Proveedor H,SKU00572,2024-12-14,2024-12-27,36,3230.14
OC01920,Proveedor E,SKU00741,2023-07-13,2023-08-19,193,11461.48
OC01921,Proveedor I,SKU00187,2025-07-05,2025-08-04,182,5544.03
OC01922,Proveedor A,SKU00370,2022-05-06,2022-06-11,147,20656.11
OC01923,Proveedor G,SKU00186,2025-06-14,2025-07-10,21,40448.72
OC01924,Proveedor B,SKU00735,2026-06-15,2026-08-05,384,40409.59
OC01925,Proveedor E,SKU00158,2024-02-13,2024-03-20,193,37095.48
OC01926,Proveedor E,SKU00075,2023-04-14,2023-05-19,193,9789.21
OC01927,Proveedor F,SKU00402,2025-02-23,2025-04-25,52,27893.9
OC01928,Proveedor G,SKU00457,2026-07-16,2026-08-11,21,40282.01
OC01929,Proveedor F,SKU00707,2025-04-02,2025-05-31,104,35275.77
OC01930,Proveedor H,SKU00007,2024-05-05,2024-05-13,36,52350.0
OC01931,Proveedor H,SKU00668,2023-08-06,2023-08-21,36,37165.81
OC01932,Proveedor G,SKU00202,2026-07-08,2026-08-04,21,24181.7
OC01933,Proveedor H,SKU00185,2025-02-19,2025-03-04,36,23344.85
OC01934,Proveedor E,SKU00469,2024-06-02,2024-07-06,193,24143.68
OC01935,Proveedor F,SKU00715,2024-10-27,2024-12-20,52,16634.35
OC01936,Proveedor I,SKU00371,2026-04-30,2026-05-28,182,37985.88
OC01937,Proveedor F,SKU00667,2026-02-28,2026-04-27,156,33221.49
OC01938,Proveedor C,SKU00696,2024-05-03,2024-05-18,35,7670.15
OC01939,Proveedor J,SKU00568,2026-01-26,2026-03-17,310,22049.86
OC01940,Proveedor G,SKU00225,2025-05-25,2025-06-23,21,1385.3
OC01941,Proveedor G,SKU00347,2026-02-04,2026-03-06,21,25188.74
OC01942,Proveedor F,SKU00601,2026-04-06,2026-06-01,52,19415.83
OC01943,Proveedor H,SKU00398,2025-07-01,2025-07-15,72,35510.29
OC01944,Proveedor I,SKU00721,2025-02-20,2025-03-22,364,11653.39
OC01945,Proveedor F,SKU00091,2025-11-05,2026-01-05,52,5390.88
OC01946,Proveedor J,SKU00399,2025-08-12,2025-10-02,465,43832.93
OC01947,Proveedor I,SKU00499,2025-07-14,2025-08-15,364,6041.91
OC01948,Proveedor E,SKU00558,2025-07-30,2025-09-08,193,22240.39
OC01949,Proveedor H,SKU00689,2025-07-16,2025-07-25,108,14842.39
OC01950,Proveedor B,SKU00092,2025-06-22,2025-08-12,192,41315.77
OC01951,Proveedor B,SKU00692,2025-06-04,2025-07-22,192,8925.05
OC01952,Proveedor G,SKU00160,2025-03-05,2025-04-01,21,24862.35
OC01953,Proveedor J,SKU00569,2025-08-01,2025-09-26,310,14673.54
OC01954,Proveedor A,SKU00444,2024-04-14,2024-05-20,147,26850.25
OC01955,Proveedor D,SKU00320,2024-10-09,2024-10-31,306,12872.34
OC01956,Proveedor G,SKU00762,2025-04-23,2025-05-19,63,30665.69
OC01957,Proveedor G,SKU00197,2022-04-28,2022-05-31,42,47827.31
OC01958,Proveedor E,SKU00763,2026-07-10,2026-08-20,193,10011.88
OC01959,Proveedor B,SKU00100,2024-03-19,2024-05-04,192,2382.26
OC01960,Proveedor I,SKU00157,2024-04-06,2024-05-05,182,2323.62
OC01961,Proveedor G,SKU00596,2026-06-04,2026-07-03,21,22395.3
OC01962,Proveedor J,SKU00228,2022-10-16,2022-12-10,155,24410.71
OC01963,Proveedor B,SKU00598,2025-12-30,2026-02-12,384,41404.97
OC01964,Proveedor D,SKU00339,2025-07-30,2025-08-21,306,3883.06
OC01965,Proveedor F,SKU00602,2024-10-24,2024-12-19,52,45741.06
OC01966,Proveedor I,SKU00626,2023-03-23,2023-04-26,182,5648.22
OC01967,Proveedor F,SKU00582,2025-02-27,2025-04-24,52,33976.93
OC01968,Proveedor F,SKU00707,2025-06-19,2025-08-16,52,34818.92
OC01969,Proveedor D,SKU00782,2025-04-29,2025-05-28,153,11993.64
OC01970,Proveedor A,SKU00660,2022-03-22,2022-04-20,147,44356.5
OC01971,Proveedor J,SKU00700,2026-03-06,2026-04-25,155,19573.34
OC01972,Proveedor A,SKU00704,2024-05-03,2024-06-08,147,10909.25
OC01973,Proveedor J,SKU00408,2024-02-14,2024-04-08,155,31686.87
OC01974,Proveedor F,SKU00750,2023-05-26,2023-07-22,52,19907.8
OC01975,Proveedor B,SKU00448,2024-01-27,2024-03-18,192,30346.23
OC01976,Proveedor D,SKU00631,2025-09-17,2025-10-15,153,25151.88
OC01977,Proveedor E,SKU00349,2024-07-01,2024-08-06,386,27178.63
OC01978,Proveedor H,SKU00190,2024-10-14,2024-10-30,36,26553.83
OC01979,Proveedor J,SKU00408,2024-02-28,2024-04-20,155,34439.24
OC01980,Proveedor D,SKU00607,2025-10-25,2025-11-24,153,42857.78
OC01981,Proveedor H,SKU00161,2024-06-19,2024-06-28,36,24998.85
OC01982,Proveedor G,SKU00343,2024-02-25,2024-03-24,63,6409.98
OC01983,Proveedor E,SKU00469,2025-06-04,2025-07-11,193,23256.18
OC01984,Proveedor H,SKU00304,2025-03-01,2025-03-17,36,49356.11
OC01985,Proveedor B,SKU00192,2026-01-23,2026-03-13,192,21279.69
OC01986,Proveedor C,SKU00769,2023-03-16,2023-03-24,35,34685.09
OC01987,Proveedor G,SKU00451,2024-10-16,2024-11-10,63,28989.16
OC01988,Proveedor D,SKU00032,2023-10-10,2023-11-02,306,20352.44
OC01989,Proveedor B,SKU00273,2025-03-16,2025-05-06,192,16676.61
OC01990,Proveedor H,SKU00606,2026-03-04,2026-03-16,108,45272.05
OC01991,Proveedor D,SKU00299,2026-05-06,2026-05-28,459,3953.62
OC01992,Proveedor B,SKU00159,2024-12-16,2025-02-03,192,39289.97
OC01993,Proveedor C,SKU00719,2024-01-30,2024-02-06,35,2444.88
OC01994,Proveedor A,SKU00642,2024-04-25,2024-05-29,294,26659.24
OC01995,Proveedor A,SKU00085,2022-12-21,2023-01-26,147,29203.29
OC01996,Proveedor J,SKU00570,2025-08-18,2025-10-06,155,23505.44
OC01997,Proveedor G,SKU00347,2026-07-03,2026-08-02,21,26723.16
OC01998,Proveedor F,SKU00112,2023-06-18,2023-08-12,52,13719.46
OC01999,Proveedor C,SKU00094,2022-05-30,2022-06-06,35,11000.72
OC02000,Proveedor H,SKU00668,2025-07-29,2025-08-10,36,38300.64
OC02001,Proveedor B,SKU00391,2024-03-07,2024-04-26,192,22680.68
OC02002,Proveedor B,SKU00722,2025-04-21,2025-06-05,192,33766.31
OC02003,Proveedor H,SKU00165,2022-07-03,2022-07-16,36,16403.52
OC02004,Proveedor B,SKU00172,2025-04-21,2025-06-11,384,33858.85
OC02005,Proveedor D,SKU00029,2025-05-26,2025-06-25,153,2149.76
OC02006,Proveedor B,SKU00236,2025-10-25,2025-12-15,192,12778.9
OC02007,Proveedor H,SKU00292,2025-02-07,2025-02-20,72,43497.91
OC02008,Proveedor D,SKU00747,2025-03-22,2025-04-17,306,27418.28
OC02009,Proveedor A,SKU00796,2025-12-18,2026-01-23,147,31683.34
OC02010,Proveedor F,SKU00703,2026-04-23,2026-06-17,104,20487.26
OC02011,Proveedor G,SKU00425,2025-04-13,2025-05-08,63,21179.47
OC02012,Proveedor G,SKU00201,2023-12-27,2024-01-26,63,20821.67
OC02013,Proveedor E,SKU00285,2024-02-01,2024-03-11,193,26251.32
OC02014,Proveedor F,SKU00467,2024-04-10,2024-06-09,52,12235.57
OC02015,Proveedor A,SKU00305,2025-05-31,2025-07-02,147,4005.37
OC02016,Proveedor I,SKU00121,2024-06-30,2024-07-31,182,44937.42
OC02017,Proveedor F,SKU00493,2025-05-30,2025-07-23,52,16277.6
OC02018,Proveedor E,SKU00110,2026-05-16,2026-06-20,193,30749.18
OC02019,Proveedor F,SKU00150,2024-12-13,2025-02-06,104,26563.75
OC02020,Proveedor E,SKU00716,2025-03-13,2025-04-21,193,8138.59
OC02021,Proveedor B,SKU00509,2026-06-17,2026-08-02,192,47085.53
OC02022,Proveedor C,SKU00143,2023-08-24,2023-09-07,105,4514.17
OC02023,Proveedor A,SKU00430,2025-04-17,2025-05-21,441,37263.88
OC02024,Proveedor B,SKU00598,2025-04-05,2025-05-21,192,39183.93
OC02025,Proveedor J,SKU00486,2026-05-31,2026-07-20,155,49966.24
OC02026,Proveedor J,SKU00155,2022-04-23,2022-06-13,155,4243.16
OC02027,Proveedor B,SKU00753,2026-06-22,2026-08-04,384,33519.29
OC02028,Proveedor I,SKU00139,2025-11-22,2025-12-28,182,45828.58
OC02029,Proveedor F,SKU00047,2023-04-26,2023-06-20,52,11506.09
OC02030,Proveedor G,SKU00762,2025-02-09,2025-03-13,21,30400.42
OC02031,Proveedor C,SKU00717,2025-04-01,2025-04-16,35,16457.5
OC02032,Proveedor B,SKU00031,2023-04-09,2023-05-24,192,44426.13
OC02033,Proveedor I,SKU00742,2025-10-17,2025-11-17,546,37747.79
OC02034,Proveedor B,SKU00138,2024-04-27,2024-06-17,192,18636.29
OC02035,Proveedor D,SKU00604,2026-01-26,2026-02-25,153,7687.97
OC02036,Proveedor A,SKU00263,2024-05-04,2024-06-08,147,25450.11
OC02037,Proveedor B,SKU00236,2026-06-16,2026-08-03,192,15339.0
OC02038,Proveedor E,SKU00194,2025-01-01,2025-02-04,386,6264.31
OC02039,Proveedor I,SKU00090,2025-05-05,2025-06-09,182,4146.32
OC02040,Proveedor I,SKU00514,2024-08-09,2024-09-07,182,11751.57
OC02041,Proveedor I,SKU00449,2024-01-21,2024-02-21,546,13628.28
OC02042,Proveedor F,SKU00602,2024-11-16,2025-01-12,52,51740.43
OC02043,Proveedor B,SKU00031,2023-02-22,2023-04-07,192,41818.83
OC02044,Proveedor I,SKU00226,2026-07-19,2026-08-20,182,16790.43
OC02045,Proveedor B,SKU00249,2026-01-28,2026-03-15,192,25459.27
OC02046,Proveedor A,SKU00781,2023-08-14,2023-09-16,147,34430.81
OC02047,Proveedor B,SKU00432,2026-05-10,2026-06-22,192,19889.53
OC02048,Proveedor D,SKU00239,2024-10-07,2024-10-31,153,20697.11
OC02049,Proveedor D,SKU00209,2025-08-30,2025-09-25,306,10002.63
OC02050,Proveedor F,SKU00402,2024-11-29,2025-01-27,52,31928.99
OC02051,Proveedor B,SKU00378,2024-03-29,2024-05-11,384,4017.65
OC02052,Proveedor B,SKU00404,2024-12-03,2025-01-21,384,19271.78
OC02053,Proveedor H,SKU00668,2023-10-13,2023-10-29,36,34314.43
OC02054,Proveedor J,SKU00397,2025-02-18,2025-04-15,310,19963.49
OC02055,Proveedor C,SKU00143,2023-06-16,2023-07-01,35,4687.95
OC02056,Proveedor D,SKU00290,2025-08-11,2025-09-04,306,14682.67
OC02057,Proveedor B,SKU00706,2026-04-10,2026-05-25,192,44483.18
OC02058,Proveedor D,SKU00258,2025-10-11,2025-11-03,153,14719.04
OC02059,Proveedor I,SKU00626,2025-05-10,2025-06-10,182,5407.19
OC02060,Proveedor C,SKU00505,2023-12-12,2023-12-26,35,34972.39
OC02061,Proveedor J,SKU00524,2023-11-22,2024-01-10,465,7323.84
OC02062,Proveedor D,SKU00525,2024-03-05,2024-03-27,153,54382.56
OC02063,Proveedor H,SKU00017,2022-07-31,2022-08-09,72,35960.15
OC02064,Proveedor B,SKU00416,2024-04-24,2024-06-13,192,8113.16
OC02065,Proveedor H,SKU00224,2025-01-04,2025-01-17,36,22861.14
OC02066,Proveedor A,SKU00070,2025-10-13,2025-11-17,147,25698.61
OC02067,Proveedor G,SKU00237,2025-06-20,2025-07-23,21,13778.06
OC02068,Proveedor G,SKU00205,2023-08-06,2023-09-02,21,39271.28
OC02069,Proveedor I,SKU00767,2024-02-27,2024-03-29,182,19625.57
OC02070,Proveedor C,SKU00773,2023-04-13,2023-04-26,35,28483.63
OC02071,Proveedor I,SKU00424,2023-06-04,2023-07-07,182,29914.15
OC02072,Proveedor B,SKU00040,2023-12-22,2024-02-04,192,2230.46
OC02073,Proveedor F,SKU00506,2024-10-08,2024-12-07,52,38742.15
OC02074,Proveedor H,SKU00374,2024-09-18,2024-10-02,36,31382.55
OC02075,Proveedor B,SKU00720,2024-09-06,2024-10-24,576,49813.01
OC02076,Proveedor B,SKU00119,2024-07-05,2024-08-21,192,50932.5
OC02077,Proveedor H,SKU00575,2023-01-10,2023-01-21,36,5110.91
OC02078,Proveedor D,SKU00339,2025-07-28,2025-08-27,459,3999.79
OC02079,Proveedor H,SKU00599,2024-07-28,2024-08-07,36,32880.63
OC02080,Proveedor E,SKU00716,2026-04-19,2026-05-24,193,8034.95
OC02081,Proveedor E,SKU00403,2024-12-14,2025-01-19,579,2874.73
OC02082,Proveedor G,SKU00104,2026-03-19,2026-04-21,21,45653.16
OC02083,Proveedor B,SKU00324,2025-01-02,2025-02-14,192,44877.34
OC02084,Proveedor F,SKU00188,2023-09-02,2023-10-26,104,15150.54
OC02085,Proveedor F,SKU00602,2025-05-15,2025-07-15,52,50954.03
OC02086,Proveedor C,SKU00701,2026-07-22,2026-07-31,35,39480.23
OC02087,Proveedor H,SKU00529,2025-04-17,2025-04-29,36,13363.18
OC02088,Proveedor G,SKU00108,2025-04-13,2025-05-14,21,38206.32
OC02089,Proveedor E,SKU00334,2025-08-30,2025-10-08,386,13176.31
OC02090,Proveedor C,SKU00394,2024-04-25,2024-05-02,35,41614.51
OC02091,Proveedor H,SKU00248,2026-04-14,2026-04-23,36,8014.74
OC02092,Proveedor I,SKU00526,2026-03-19,2026-04-20,182,24805.55
OC02093,Proveedor I,SKU00132,2026-03-31,2026-04-29,182,13840.09
OC02094,Proveedor E,SKU00322,2024-11-05,2024-12-09,193,25461.29
OC02095,Proveedor E,SKU00761,2026-03-09,2026-04-12,193,22097.97
OC02096,Proveedor E,SKU00245,2025-08-01,2025-09-04,193,24707.52
OC02097,Proveedor B,SKU00629,2026-01-25,2026-03-13,192,14140.76
OC02098,Proveedor C,SKU00754,2025-02-11,2025-02-25,35,9844.36
OC02099,Proveedor E,SKU00285,2024-03-08,2024-04-19,193,25464.25
OC02100,Proveedor E,SKU00170,2025-05-04,2025-06-12,193,42682.19
OC02101,Proveedor A,SKU00628,2026-06-16,2026-07-19,441,26796.55
OC02102,Proveedor D,SKU00465,2025-06-20,2025-07-14,153,13636.6
OC02103,Proveedor G,SKU00764,2024-09-13,2024-10-16,21,32754.16
OC02104,Proveedor J,SKU00737,2022-06-07,2022-07-29,155,19127.18
OC02105,Proveedor J,SKU00253,2024-07-04,2024-08-22,155,32060.4
OC02106,Proveedor E,SKU00127,2025-06-11,2025-07-19,386,41193.25
OC02107,Proveedor J,SKU00366,2025-11-20,2026-01-12,155,48832.04
OC02108,Proveedor G,SKU00452,2023-12-30,2024-02-01,42,18426.61
OC02109,Proveedor B,SKU00383,2025-10-07,2025-11-21,384,25596.02
OC02110,Proveedor F,SKU00369,2025-09-22,2025-11-18,52,41054.36
OC02111,Proveedor B,SKU00509,2024-04-20,2024-06-10,192,46433.69
OC02112,Proveedor B,SKU00481,2024-03-30,2024-05-12,384,29509.57
OC02113,Proveedor F,SKU00745,2025-06-02,2025-07-27,52,45042.54
OC02114,Proveedor D,SKU00497,2024-03-24,2024-04-17,153,2640.14
OC02115,Proveedor A,SKU00660,2022-11-01,2022-12-02,147,51879.0
OC02116,Proveedor G,SKU00425,2024-12-26,2025-01-25,21,19544.03
OC02117,Proveedor B,SKU00412,2024-07-24,2024-09-13,192,34570.67
OC02118,Proveedor I,SKU00627,2023-06-05,2023-07-10,182,36569.02
OC02119,Proveedor J,SKU00146,2023-12-16,2024-02-06,155,32387.57
OC02120,Proveedor C,SKU00193,2023-12-28,2024-01-10,70,9886.25
OC02121,Proveedor E,SKU00640,2025-06-26,2025-08-01,193,43343.4
OC02122,Proveedor A,SKU00690,2024-12-12,2025-01-14,441,37182.48
OC02123,Proveedor F,SKU00380,2024-02-15,2024-04-10,104,34996.92
OC02124,Proveedor F,SKU00287,2024-12-09,2025-02-06,52,16825.8
OC02125,Proveedor C,SKU00616,2025-10-11,2025-10-18,35,28765.74
OC02126,Proveedor H,SKU00073,2025-11-17,2025-12-03,36,35950.1
OC02127,Proveedor D,SKU00786,2025-06-21,2025-07-19,153,10195.59
OC02128,Proveedor A,SKU00787,2025-07-18,2025-08-19,147,31517.26
OC02129,Proveedor I,SKU00121,2024-09-05,2024-10-08,546,42568.89
OC02130,Proveedor I,SKU00721,2023-03-26,2023-04-27,364,11672.12
OC02131,Proveedor A,SKU00004,2025-09-30,2025-11-06,147,1739.59
OC02132,Proveedor D,SKU00651,2022-06-06,2022-06-29,153,23236.3
OC02133,Proveedor E,SKU00107,2024-10-11,2024-11-22,386,33542.64
OC02134,Proveedor F,SKU00048,2022-11-07,2022-12-31,52,16403.28
OC02135,Proveedor B,SKU00450,2024-02-02,2024-03-17,192,45969.01
OC02136,Proveedor J,SKU00215,2024-01-08,2024-03-03,310,28702.29
OC02137,Proveedor G,SKU00342,2025-02-08,2025-03-11,63,30624.92
OC02138,Proveedor A,SKU00622,2026-06-30,2026-07-29,147,32615.68
OC02139,Proveedor I,SKU00303,2023-05-06,2023-06-11,182,43239.71
OC02140,Proveedor A,SKU00317,2026-05-10,2026-06-13,294,42499.04
OC02141,Proveedor F,SKU00588,2025-11-16,2026-01-12,52,43114.09
OC02142,Proveedor A,SKU00796,2025-05-09,2025-06-10,147,34123.67
OC02143,Proveedor I,SKU00069,2025-06-10,2025-07-08,182,41321.97
OC02144,Proveedor J,SKU00028,2025-07-15,2025-09-07,155,29852.57
OC02145,Proveedor D,SKU00106,2025-07-08,2025-08-02,153,7688.84
OC02146,Proveedor G,SKU00574,2025-11-22,2025-12-22,21,3623.98
OC02147,Proveedor J,SKU00734,2024-10-08,2024-11-29,155,51179.87
OC02148,Proveedor E,SKU00502,2023-02-16,2023-03-25,193,20435.36
OC02149,Proveedor E,SKU00107,2023-10-12,2023-11-21,193,39400.24
OC02150,Proveedor E,SKU00331,2025-08-18,2025-09-28,193,1407.5
OC02151,Proveedor E,SKU00468,2025-08-08,2025-09-12,193,16243.37
OC02152,Proveedor G,SKU00342,2025-02-06,2025-03-10,21,29981.19
OC02153,Proveedor H,SKU00732,2025-08-06,2025-08-15,36,2676.61
OC02154,Proveedor G,SKU00198,2025-01-30,2025-02-27,21,37398.87
OC02155,Proveedor E,SKU00468,2025-05-30,2025-07-05,193,14099.7
OC02156,Proveedor B,SKU00391,2025-06-09,2025-07-23,192,20720.1
OC02157,Proveedor B,SKU00324,2025-01-28,2025-03-16,192,44620.61
OC02158,Proveedor J,SKU00228,2023-01-29,2023-03-21,465,26234.1
OC02159,Proveedor F,SKU00295,2025-08-15,2025-10-12,52,9057.95
OC02160,Proveedor D,SKU00149,2026-07-04,2026-07-31,306,13624.62
OC02161,Proveedor C,SKU00421,2024-04-21,2024-05-06,35,26565.2
OC02162,Proveedor F,SKU00645,2026-07-29,2026-09-27,52,24392.01
OC02163,Proveedor E,SKU00334,2025-09-10,2025-10-22,193,14126.51
OC02164,Proveedor H,SKU00766,2025-03-07,2025-03-16,36,34669.74
OC02165,Proveedor E,SKU00245,2025-07-12,2025-08-16,193,24200.04
OC02166,Proveedor B,SKU00199,2025-05-17,2025-07-04,384,38705.8
OC02167,Proveedor D,SKU00613,2024-03-26,2024-04-18,153,34894.4
OC02168,Proveedor J,SKU00056,2022-10-03,2022-11-23,465,47417.02
OC02169,Proveedor F,SKU00458,2026-05-09,2026-07-06,52,19527.8
OC02170,Proveedor H,SKU00269,2025-05-12,2025-05-23,36,13813.32
OC02171,Proveedor D,SKU00167,2024-09-18,2024-10-14,153,13405.57
OC02172,Proveedor D,SKU00497,2025-08-06,2025-09-03,153,2945.88
OC02173,Proveedor I,SKU00593,2026-04-04,2026-05-04,182,41066.29
OC02174,Proveedor F,SKU00240,2025-05-22,2025-07-15,52,7115.27
OC02175,Proveedor G,SKU00799,2026-07-10,2026-08-06,42,39775.67
OC02176,Proveedor D,SKU00418,2025-10-28,2025-11-25,153,37029.88
OC02177,Proveedor A,SKU00541,2025-07-13,2025-08-16,441,4562.05
OC02178,Proveedor A,SKU00566,2022-12-17,2023-01-15,441,24550.76
OC02179,Proveedor J,SKU00182,2024-09-19,2024-11-11,155,38630.98
OC02180,Proveedor E,SKU00688,2025-10-02,2025-11-06,193,48626.77
OC02181,Proveedor I,SKU00084,2025-08-21,2025-09-22,546,39156.29
OC02182,Proveedor E,SKU00170,2025-06-28,2025-08-08,193,40929.2
OC02183,Proveedor D,SKU00142,2024-11-09,2024-12-01,153,14314.84
OC02184,Proveedor J,SKU00777,2024-07-07,2024-08-30,155,25347.48
OC02185,Proveedor E,SKU00591,2025-03-15,2025-04-20,193,36686.03
OC02186,Proveedor E,SKU00110,2025-05-08,2025-06-19,193,29452.74
OC02187,Proveedor H,SKU00269,2025-09-08,2025-09-22,36,15331.37
OC02188,Proveedor H,SKU00567,2025-08-27,2025-09-05,36,10455.57
OC02189,Proveedor E,SKU00082,2026-01-01,2026-02-11,386,42824.33
OC02190,Proveedor J,SKU00679,2023-10-10,2023-12-02,155,17494.89
OC02191,Proveedor E,SKU00213,2024-10-16,2024-11-27,193,26220.94
OC02192,Proveedor E,SKU00757,2023-04-05,2023-05-10,579,38626.8
OC02193,Proveedor F,SKU00221,2023-05-10,2023-07-10,104,40919.51
OC02194,Proveedor E,SKU00736,2025-05-24,2025-06-30,193,2204.93
OC02195,Proveedor E,SKU00151,2025-12-20,2026-01-30,193,23425.18
OC02196,Proveedor D,SKU00583,2024-10-06,2024-10-28,153,28089.34
OC02197,Proveedor C,SKU00754,2025-02-07,2025-02-19,70,9047.91
OC02198,Proveedor J,SKU00570,2024-12-20,2025-02-09,155,23803.67
OC02199,Proveedor G,SKU00584,2022-09-01,2022-09-28,21,5146.32
OC02200,Proveedor A,SKU00227,2025-09-09,2025-10-14,441,14583.92
OC02201,Proveedor H,SKU00420,2025-09-09,2025-09-23,36,18580.64
OC02202,Proveedor G,SKU00373,2025-01-22,2025-02-23,21,38522.45
OC02203,Proveedor F,SKU00062,2024-04-01,2024-05-26,52,37856.5
OC02204,Proveedor J,SKU00399,2025-04-17,2025-06-13,155,44623.56
OC02205,Proveedor J,SKU00030,2026-01-08,2026-03-03,155,17200.64
OC02206,Proveedor D,SKU00032,2024-08-20,2024-09-13,153,18457.62
OC02207,Proveedor C,SKU00538,2024-05-12,2024-05-23,70,32320.25
OC02208,Proveedor F,SKU00491,2025-12-22,2026-02-17,104,40595.34
OC02209,Proveedor F,SKU00711,2023-10-16,2023-12-16,52,46969.28
OC02210,Proveedor D,SKU00466,2026-06-26,2026-07-26,153,29990.32
OC02211,Proveedor E,SKU00289,2023-01-11,2023-02-14,386,48168.55
OC02212,Proveedor I,SKU00455,2025-03-06,2025-04-03,182,35949.5
OC02213,Proveedor F,SKU00242,2025-11-30,2026-01-23,52,36451.8
OC02214,Proveedor B,SKU00643,2025-04-28,2025-06-11,192,48382.22
OC02215,Proveedor H,SKU00248,2026-06-14,2026-06-24,36,9416.49
OC02216,Proveedor G,SKU00657,2024-01-02,2024-01-29,21,49845.94
OC02217,Proveedor A,SKU00533,2024-02-25,2024-03-29,147,21247.91
OC02218,Proveedor A,SKU00310,2026-03-03,2026-04-08,147,31565.25
OC02219,Proveedor A,SKU00496,2024-09-22,2024-10-24,147,40034.72
OC02220,Proveedor J,SKU00670,2025-11-28,2026-01-22,155,8868.41
OC02221,Proveedor D,SKU00390,2023-08-23,2023-09-19,459,30441.85
OC02222,Proveedor C,SKU00321,2025-12-19,2025-12-29,35,29083.58
OC02223,Proveedor B,SKU00337,2023-07-01,2023-08-20,192,10642.0
OC02224,Proveedor G,SKU00201,2023-10-02,2023-10-28,42,20238.68
OC02225,Proveedor H,SKU00078,2024-04-22,2024-05-08,108,29982.4
OC02226,Proveedor J,SKU00775,2025-05-07,2025-07-02,155,35174.51
OC02227,Proveedor J,SKU00360,2022-05-09,2022-06-28,155,25319.04
OC02228,Proveedor B,SKU00778,2023-06-11,2023-07-26,192,7255.57
OC02229,Proveedor B,SKU00092,2025-06-24,2025-08-11,576,38427.73
OC02230,Proveedor A,SKU00227,2025-06-30,2025-08-05,441,15151.86
OC02231,Proveedor E,SKU00082,2026-02-02,2026-03-14,193,45209.11
OC02232,Proveedor I,SKU00619,2025-10-21,2025-11-25,182,20159.19
OC02233,Proveedor E,SKU00283,2026-06-23,2026-07-29,193,23980.66
OC02234,Proveedor F,SKU00298,2025-05-20,2025-07-18,52,21583.15
OC02235,Proveedor F,SKU00715,2023-12-19,2024-02-14,104,15611.0
OC02236,Proveedor I,SKU00352,2025-02-08,2025-03-12,182,10664.42
OC02237,Proveedor D,SKU00241,2025-07-04,2025-08-01,153,30542.58
OC02238,Proveedor D,SKU00516,2024-12-04,2024-12-27,153,25668.56
OC02239,Proveedor J,SKU00214,2025-10-05,2025-12-01,155,8316.74
OC02240,Proveedor B,SKU00368,2026-05-08,2026-06-24,192,55682.77
OC02241,Proveedor C,SKU00120,2024-10-28,2024-11-12,35,34014.2
OC02242,Proveedor B,SKU00528,2025-08-19,2025-10-09,192,39428.22
OC02243,Proveedor A,SKU00684,2026-06-03,2026-07-02,441,12390.67
OC02244,Proveedor E,SKU00763,2025-09-10,2025-10-16,193,9336.0
OC02245,Proveedor C,SKU00365,2024-09-22,2024-10-02,35,17981.81
OC02246,Proveedor F,SKU00112,2023-06-22,2023-08-20,52,12617.65
OC02247,Proveedor A,SKU00675,2024-07-26,2024-08-25,147,43667.85
OC02248,Proveedor G,SKU00473,2024-08-06,2024-09-02,63,25107.38
OC02249,Proveedor A,SKU00566,2025-09-21,2025-10-26,147,24235.11
OC02250,Proveedor G,SKU00426,2025-08-04,2025-09-05,21,39683.23
OC02251,Proveedor F,SKU00393,2024-10-25,2024-12-19,52,33947.66
OC02252,Proveedor B,SKU00730,2023-10-29,2023-12-16,192,19272.65
OC02253,Proveedor G,SKU00079,2024-10-15,2024-11-16,42,29799.88
OC02254,Proveedor B,SKU00386,2025-09-24,2025-11-12,192,16607.92
OC02255,Proveedor B,SKU00059,2024-08-12,2024-09-27,192,30301.8
OC02256,Proveedor I,SKU00234,2026-01-06,2026-02-05,182,36720.67
OC02257,Proveedor F,SKU00464,2025-09-18,2025-11-18,156,32497.54
OC02258,Proveedor J,SKU00569,2025-02-06,2025-03-29,465,15179.21
OC02259,Proveedor C,SKU00181,2024-06-30,2024-07-09,35,55429.74
OC02260,Proveedor B,SKU00382,2024-08-01,2024-09-19,192,45579.55
OC02261,Proveedor J,SKU00021,2023-04-21,2023-06-09,155,4165.21
OC02262,Proveedor G,SKU00544,2025-07-12,2025-08-12,21,11815.85
OC02263,Proveedor B,SKU00325,2025-08-04,2025-09-21,192,7965.83
OC02264,Proveedor D,SKU00302,2026-02-21,2026-03-17,153,48877.62
OC02265,Proveedor B,SKU00415,2024-05-08,2024-06-20,192,15184.93
OC02266,Proveedor D,SKU00032,2026-01-10,2026-02-06,153,19672.27
OC02267,Proveedor H,SKU00123,2025-11-12,2025-11-26,36,20569.37
OC02268,Proveedor G,SKU00422,2025-08-01,2025-08-26,21,16891.37
OC02269,Proveedor H,SKU00789,2024-04-06,2024-04-18,36,14637.36
OC02270,Proveedor H,SKU00304,2026-01-21,2026-02-06,108,53232.0
OC02271,Proveedor A,SKU00628,2026-04-28,2026-05-31,147,27028.63
OC02272,Proveedor G,SKU00784,2024-05-21,2024-06-23,21,22912.07
OC02273,Proveedor B,SKU00249,2026-06-23,2026-08-09,576,26074.16
OC02274,Proveedor E,SKU00319,2024-01-26,2024-03-08,193,24606.89
OC02275,Proveedor E,SKU00170,2025-08-24,2025-09-28,386,44974.67
OC02276,Proveedor C,SKU00219,2024-09-05,2024-09-20,70,19833.1
OC02277,Proveedor F,SKU00745,2024-10-19,2024-12-19,52,41626.92
OC02278,Proveedor D,SKU00788,2025-01-05,2025-02-01,459,44291.01
OC02279,Proveedor H,SKU00398,2025-12-10,2025-12-25,36,40005.94
OC02280,Proveedor I,SKU00226,2025-12-06,2026-01-09,364,16419.63
OC02281,Proveedor A,SKU00361,2025-01-14,2025-02-18,441,29570.49
OC02282,Proveedor G,SKU00108,2025-05-09,2025-06-09,42,43349.32
OC02283,Proveedor D,SKU00316,2025-11-11,2025-12-06,153,18689.98
OC02284,Proveedor H,SKU00171,2024-05-16,2024-05-31,36,47322.1
OC02285,Proveedor F,SKU00581,2024-03-09,2024-05-04,52,24238.96
OC02286,Proveedor I,SKU00352,2026-04-18,2026-05-20,182,10078.73
OC02287,Proveedor C,SKU00494,2024-06-15,2024-06-27,35,42816.12
OC02288,Proveedor D,SKU00251,2026-04-20,2026-05-18,153,7894.35
OC02289,Proveedor D,SKU00239,2024-08-18,2024-09-16,306,22186.31
OC02290,Proveedor D,SKU00149,2025-05-05,2025-06-04,459,14362.89
OC02291,Proveedor G,SKU00697,2025-03-27,2025-04-27,63,5049.8
OC02292,Proveedor I,SKU00084,2025-09-05,2025-10-06,546,35245.87
OC02293,Proveedor I,SKU00318,2024-09-08,2024-10-10,182,37744.89
OC02294,Proveedor H,SKU00482,2024-06-12,2024-06-21,36,6411.87
OC02295,Proveedor J,SKU00182,2025-03-28,2025-05-24,155,38001.53
OC02296,Proveedor E,SKU00334,2025-04-22,2025-06-02,193,15110.51
OC02297,Proveedor I,SKU00433,2025-05-22,2025-06-25,182,23514.89
OC02298,Proveedor G,SKU00356,2025-06-15,2025-07-12,21,51375.88
OC02299,Proveedor A,SKU00779,2025-05-22,2025-06-21,441,35038.12
OC02300,Proveedor B,SKU00795,2025-06-27,2025-08-09,192,24864.52
OC02301,Proveedor D,SKU00516,2022-08-02,2022-08-26,153,24465.7
OC02302,Proveedor H,SKU00145,2024-12-20,2025-01-02,36,2159.03
OC02303,Proveedor A,SKU00698,2024-04-13,2024-05-17,294,20230.7
OC02304,Proveedor D,SKU00604,2025-11-02,2025-11-28,306,7395.02
OC02305,Proveedor G,SKU00102,2024-07-17,2024-08-14,21,36080.99
OC02306,Proveedor G,SKU00693,2025-05-10,2025-06-07,21,5902.22
OC02307,Proveedor B,SKU00236,2025-10-15,2025-12-03,192,13798.72
OC02308,Proveedor J,SKU00734,2025-05-12,2025-06-30,155,48683.9
OC02309,Proveedor H,SKU00744,2025-01-09,2025-01-19,108,38769.52
OC02310,Proveedor D,SKU00548,2025-12-16,2026-01-13,153,14875.11
OC02311,Proveedor I,SKU00620,2026-03-22,2026-04-25,182,22408.11
OC02312,Proveedor C,SKU00773,2023-01-21,2023-02-01,105,27821.46
OC02313,Proveedor C,SKU00219,2024-08-11,2024-08-26,35,20324.28
OC02314,Proveedor I,SKU00264,2024-12-03,2025-01-03,182,27420.99
OC02315,Proveedor D,SKU00656,2025-06-24,2025-07-24,153,32262.35
OC02316,Proveedor B,SKU00450,2023-12-31,2024-02-13,192,35906.92
OC02317,Proveedor B,SKU00378,2024-12-20,2025-02-01,192,4193.85
OC02318,Proveedor B,SKU00115,2026-05-30,2026-07-17,192,21883.0
OC02319,Proveedor I,SKU00303,2022-11-24,2022-12-23,182,46128.34
OC02320,Proveedor C,SKU00702,2025-06-04,2025-06-12,35,39372.23
OC02321,Proveedor B,SKU00720,2025-04-19,2025-06-02,192,46818.5
OC02322,Proveedor G,SKU00009,2025-07-24,2025-08-21,63,1691.06
OC02323,Proveedor H,SKU00678,2024-01-22,2024-02-05,36,46553.39
OC02324,Proveedor A,SKU00633,2024-01-27,2024-02-29,147,5730.27
OC02325,Proveedor I,SKU00246,2026-07-06,2026-08-07,546,3441.92
OC02326,Proveedor H,SKU00185,2025-06-16,2025-06-24,36,25581.45
OC02327,Proveedor B,SKU00379,2025-09-19,2025-11-09,192,36365.75
OC02328,Proveedor D,SKU00548,2024-04-21,2024-05-21,153,15002.86
OC02329,Proveedor I,SKU00742,2025-04-21,2025-05-20,182,36408.34
OC02330,Proveedor C,SKU00785,2024-12-28,2025-01-08,70,38024.54
OC02331,Proveedor B,SKU00337,2024-01-13,2024-02-28,192,10425.82
OC02332,Proveedor E,SKU00539,2026-05-06,2026-06-10,193,30528.22
OC02333,Proveedor B,SKU00382,2025-02-11,2025-04-01,384,46396.88
OC02334,Proveedor C,SKU00521,2026-01-21,2026-01-30,35,34182.68
OC02335,Proveedor A,SKU00621,2023-10-01,2023-10-30,147,9144.93
OC02336,Proveedor C,SKU00717,2024-08-31,2024-09-12,35,16220.41
OC02337,Proveedor A,SKU00546,2026-04-15,2026-05-15,147,41581.68
OC02338,Proveedor A,SKU00098,2024-05-01,2024-06-04,441,45359.19
OC02339,Proveedor C,SKU00421,2023-07-23,2023-07-31,35,22673.01
OC02340,Proveedor H,SKU00512,2026-03-29,2026-04-13,36,26704.08
OC02341,Proveedor B,SKU00114,2025-07-29,2025-09-14,384,19338.2
OC02342,Proveedor A,SKU00496,2024-09-20,2024-10-22,147,42599.91
OC02343,Proveedor G,SKU00584,2023-11-23,2023-12-24,21,5563.55
OC02344,Proveedor I,SKU00294,2025-11-14,2025-12-16,182,43943.68
OC02345,Proveedor E,SKU00131,2026-02-20,2026-03-30,193,36351.95
OC02346,Proveedor D,SKU00497,2024-05-11,2024-06-07,153,2695.6
OC02347,Proveedor I,SKU00708,2024-09-01,2024-10-02,546,41391.04
OC02348,Proveedor E,SKU00761,2025-12-31,2026-02-10,386,23344.74
OC02349,Proveedor I,SKU00727,2024-12-09,2025-01-07,182,16547.22
OC02350,Proveedor A,SKU00406,2025-11-05,2025-12-09,147,27819.79
OC02351,Proveedor H,SKU00145,2024-07-05,2024-07-19,36,2358.62
OC02352,Proveedor H,SKU00668,2026-07-05,2026-07-18,36,36262.39
OC02353,Proveedor C,SKU00695,2026-07-22,2026-08-03,35,47848.78
OC02354,Proveedor G,SKU00102,2024-07-24,2024-08-21,21,32473.83
OC02355,Proveedor E,SKU00664,2024-11-12,2024-12-23,193,47490.03
OC02356,Proveedor J,SKU00111,2023-08-29,2023-10-25,155,41504.46
OC02357,Proveedor I,SKU00489,2025-04-23,2025-05-23,182,11837.72
OC02358,Proveedor C,SKU00717,2023-01-12,2023-01-24,105,16035.38
OC02359,Proveedor C,SKU00071,2025-06-30,2025-07-08,35,32123.51
OC02360,Proveedor B,SKU00432,2025-08-05,2025-09-20,192,21689.04
OC02361,Proveedor H,SKU00482,2024-06-03,2024-06-18,36,6795.52
OC02362,Proveedor I,SKU00612,2024-10-10,2024-11-13,364,34183.85
OC02363,Proveedor D,SKU00604,2025-03-07,2025-04-03,153,7891.51
OC02364,Proveedor H,SKU00413,2026-02-26,2026-03-08,36,49289.34
OC02365,Proveedor C,SKU00538,2024-11-02,2024-11-14,35,27919.29
OC02366,Proveedor D,SKU00419,2025-07-07,2025-08-06,459,25866.91
OC02367,Proveedor D,SKU00465,2026-07-05,2026-08-02,153,14655.03
OC02368,Proveedor C,SKU00338,2025-06-29,2025-07-11,35,37729.5
OC02369,Proveedor E,SKU00213,2024-08-30,2024-10-07,193,26291.44
OC02370,Proveedor G,SKU00451,2024-10-31,2024-11-28,21,28914.62
OC02371,Proveedor A,SKU00633,2026-07-31,2026-09-06,147,5701.98
OC02372,Proveedor I,SKU00632,2023-09-15,2023-10-13,182,35706.5
OC02373,Proveedor C,SKU00144,2025-04-18,2025-05-02,35,33527.06
OC02374,Proveedor A,SKU00363,2025-01-16,2025-02-20,147,51457.04
OC02375,Proveedor J,SKU00586,2024-09-15,2024-11-11,155,19509.32
OC02376,Proveedor B,SKU00152,2024-02-13,2024-03-27,192,4821.52
OC02377,Proveedor F,SKU00389,2024-04-09,2024-06-08,52,12184.72
OC02378,Proveedor B,SKU00152,2026-04-05,2026-05-25,576,4677.39
OC02379,Proveedor I,SKU00475,2025-03-18,2025-04-15,364,26529.06
OC02380,Proveedor G,SKU00425,2023-10-27,2023-11-27,42,19632.09
OC02381,Proveedor D,SKU00656,2024-12-02,2024-12-26,153,31074.21
OC02382,Proveedor F,SKU00164,2024-01-20,2024-03-17,156,36580.65
OC02383,Proveedor B,SKU00100,2024-09-02,2024-10-16,192,2215.31
OC02384,Proveedor B,SKU00795,2026-02-13,2026-03-29,192,25242.39
OC02385,Proveedor G,SKU00064,2025-10-19,2025-11-17,63,23913.29
OC02386,Proveedor I,SKU00433,2025-03-07,2025-04-04,182,23489.45
OC02387,Proveedor A,SKU00022,2024-11-21,2024-12-21,147,4286.68
OC02388,Proveedor F,SKU00694,2023-11-16,2024-01-13,52,22598.98
OC02389,Proveedor H,SKU00281,2025-06-12,2025-06-28,36,48983.32
OC02390,Proveedor J,SKU00030,2024-08-08,2024-09-27,310,15310.03
OC02391,Proveedor A,SKU00633,2024-06-18,2024-07-17,294,6093.5
OC02392,Proveedor A,SKU00566,2022-11-23,2022-12-28,441,23828.9
OC02393,Proveedor I,SKU00742,2026-06-08,2026-07-08,182,36512.77
OC02394,Proveedor B,SKU00735,2024-11-26,2025-01-10,192,40220.84
OC02395,Proveedor D,SKU00559,2025-12-02,2025-12-24,306,26936.85
OC02396,Proveedor C,SKU00193,2025-11-26,2025-12-06,35,10318.47
OC02397,Proveedor H,SKU00606,2026-05-31,2026-06-10,36,44955.19
OC02398,Proveedor F,SKU00638,2025-12-30,2026-03-01,52,28563.13
OC02399,Proveedor A,SKU00633,2022-11-09,2022-12-12,441,5902.22
OC02400,Proveedor C,SKU00257,2024-11-10,2024-11-24,70,25443.5
OC02401,Proveedor I,SKU00632,2023-12-07,2024-01-04,546,37779.58
OC02402,Proveedor B,SKU00432,2025-06-22,2025-08-05,192,20945.96
OC02403,Proveedor F,SKU00240,2023-01-03,2023-03-05,156,7037.34
OC02404,Proveedor A,SKU00566,2025-12-15,2026-01-16,147,24103.4
OC02405,Proveedor E,SKU00266,2024-12-01,2025-01-06,193,37553.32
OC02406,Proveedor A,SKU00541,2024-03-27,2024-04-25,147,4358.91
OC02407,Proveedor F,SKU00238,2025-10-22,2025-12-16,156,41930.16
OC02408,Proveedor B,SKU00115,2024-02-01,2024-03-20,192,19531.54
OC02409,Proveedor C,SKU00453,2025-11-19,2025-11-28,105,40575.05
OC02410,Proveedor A,SKU00797,2025-11-20,2025-12-26,147,4776.48
OC02411,Proveedor H,SKU00456,2025-01-31,2025-02-15,36,7324.38
OC02412,Proveedor J,SKU00021,2022-07-10,2022-08-30,465,4205.02
OC02413,Proveedor H,SKU00374,2023-04-06,2023-04-20,36,31382.27
OC02414,Proveedor C,SKU00754,2025-01-30,2025-02-12,35,10299.52
OC02415,Proveedor C,SKU00144,2026-04-01,2026-04-14,70,30541.48
OC02416,Proveedor H,SKU00171,2024-08-31,2024-09-09,36,41381.29
OC02417,Proveedor F,SKU00495,2024-02-29,2024-04-30,104,29140.11
OC02418,Proveedor D,SKU00788,2024-04-12,2024-05-06,306,45602.68
OC02419,Proveedor F,SKU00389,2024-03-24,2024-05-24,52,12167.6
OC02420,Proveedor H,SKU00255,2024-02-15,2024-02-25,72,12597.77
OC02421,Proveedor B,SKU00692,2023-03-13,2023-04-27,384,9269.94
OC02422,Proveedor H,SKU00577,2026-07-05,2026-07-14,36,6773.25
OC02423,Proveedor A,SKU00725,2023-03-28,2023-05-03,147,43438.36
OC02424,Proveedor B,SKU00379,2025-04-30,2025-06-18,192,32245.5
OC02425,Proveedor C,SKU00321,2024-08-02,2024-08-09,35,27407.01
OC02426,Proveedor D,SKU00409,2024-08-11,2024-09-06,306,25624.5
OC02427,Proveedor B,SKU00324,2025-09-20,2025-11-10,192,43982.43
OC02428,Proveedor B,SKU00087,2025-01-25,2025-03-16,192,29799.63
OC02429,Proveedor A,SKU00042,2025-11-27,2025-12-31,147,35002.65
OC02430,Proveedor I,SKU00727,2025-01-11,2025-02-16,182,18546.43
OC02431,Proveedor A,SKU00704,2025-09-27,2025-11-01,147,11730.02
OC02432,Proveedor E,SKU00589,2025-07-10,2025-08-16,193,27708.41
OC02433,Proveedor G,SKU00425,2023-08-24,2023-09-20,21,21122.47
OC02434,Proveedor C,SKU00549,2026-04-28,2026-05-06,105,4791.28
OC02435,Proveedor F,SKU00674,2026-04-15,2026-06-07,104,40341.64
OC02436,Proveedor J,SKU00550,2025-10-02,2025-11-25,155,18380.54
OC02437,Proveedor B,SKU00184,2026-03-29,2026-05-12,192,25992.64
OC02438,Proveedor B,SKU00739,2024-01-26,2024-03-16,192,14783.99
OC02439,Proveedor E,SKU00285,2024-01-29,2024-03-07,386,26354.97
OC02440,Proveedor I,SKU00121,2022-07-29,2022-08-27,546,46226.53
OC02441,Proveedor I,SKU00364,2023-11-22,2023-12-23,182,33149.62
OC02442,Proveedor G,SKU00473,2026-03-30,2026-04-26,63,26792.46
OC02443,Proveedor H,SKU00291,2023-08-26,2023-09-10,36,30465.43
OC02444,Proveedor E,SKU00400,2025-06-21,2025-07-31,579,4774.25
OC02445,Proveedor E,SKU00245,2025-07-25,2025-08-29,193,26829.63
OC02446,Proveedor F,SKU00438,2025-11-02,2025-12-30,52,1399.47
OC02447,Proveedor G,SKU00584,2023-09-24,2023-10-20,21,5211.03
OC02448,Proveedor F,SKU00507,2025-07-03,2025-08-29,52,39107.8
OC02449,Proveedor D,SKU00142,2025-07-05,2025-07-30,153,14684.86
OC02450,Proveedor B,SKU00166,2024-04-04,2024-05-19,192,36449.93
OC02451,Proveedor E,SKU00502,2023-01-27,2023-03-02,193,20459.02
OC02452,Proveedor J,SKU00463,2022-05-05,2022-06-27,310,39896.2
OC02453,Proveedor I,SKU00673,2025-10-11,2025-11-08,182,34501.89
OC02454,Proveedor C,SKU00168,2023-03-08,2023-03-16,105,13473.9
OC02455,Proveedor D,SKU00559,2025-10-31,2025-11-30,153,27488.11
OC02456,Proveedor D,SKU00466,2025-06-19,2025-07-13,459,34378.55
OC02457,Proveedor H,SKU00712,2024-03-21,2024-04-04,36,23953.38
OC02458,Proveedor D,SKU00390,2024-01-25,2024-02-20,153,30779.96
OC02459,Proveedor D,SKU00344,2025-10-08,2025-11-02,153,33664.1
OC02460,Proveedor B,SKU00650,2024-05-16,2024-07-03,192,10000.1
OC02461,Proveedor A,SKU00546,2025-04-25,2025-05-25,147,41145.5
OC02462,Proveedor H,SKU00161,2026-04-13,2026-04-21,36,22307.29
OC02463,Proveedor J,SKU00679,2024-09-02,2024-10-23,155,16296.47
OC02464,Proveedor E,SKU00563,2024-09-03,2024-10-08,193,4088.07
OC02465,Proveedor F,SKU00527,2025-10-12,2025-12-07,52,33650.68
OC02466,Proveedor G,SKU00784,2024-04-22,2024-05-19,42,20104.66
OC02467,Proveedor G,SKU00561,2025-10-17,2025-11-18,63,36065.86
OC02468,Proveedor B,SKU00119,2026-03-23,2026-05-06,192,55748.44
OC02469,Proveedor I,SKU00035,2025-09-29,2025-10-29,546,36940.55
OC02470,Proveedor B,SKU00040,2023-06-10,2023-07-24,192,2193.62
OC02471,Proveedor E,SKU00716,2026-04-03,2026-05-11,386,8209.88
OC02472,Proveedor D,SKU00649,2026-02-14,2026-03-12,459,14336.74
OC02473,Proveedor D,SKU00418,2026-05-18,2026-06-15,153,33425.89
OC02474,Proveedor I,SKU00122,2022-06-04,2022-07-02,182,33193.17
OC02475,Proveedor A,SKU00085,2022-11-27,2023-01-02,147,25860.97
OC02476,Proveedor F,SKU00369,2025-04-22,2025-06-21,104,37651.01
OC02477,Proveedor G,SKU00584,2024-07-30,2024-08-27,21,5072.29
OC02478,Proveedor B,SKU00038,2025-05-23,2025-07-13,576,27041.18
OC02479,Proveedor I,SKU00178,2025-05-06,2025-06-11,182,8469.66
OC02480,Proveedor D,SKU00492,2023-09-16,2023-10-09,459,34245.72
OC02481,Proveedor C,SKU00549,2025-05-06,2025-05-18,105,4987.86
OC02482,Proveedor D,SKU00049,2024-03-16,2024-04-09,153,17454.31
OC02483,Proveedor E,SKU00158,2024-09-28,2024-11-09,193,40041.81
OC02484,Proveedor G,SKU00697,2024-02-23,2024-03-24,21,5552.75
OC02485,Proveedor A,SKU00541,2024-12-01,2025-01-02,294,3900.48
OC02486,Proveedor G,SKU00343,2025-12-05,2025-12-31,42,6329.63
OC02487,Proveedor F,SKU00694,2023-12-22,2024-02-13,52,21555.27
OC02488,Proveedor J,SKU00182,2023-04-06,2023-06-01,155,39034.27
OC02489,Proveedor C,SKU00494,2024-05-25,2024-06-04,35,44297.03
OC02490,Proveedor F,SKU00715,2023-10-20,2023-12-19,52,15759.68
OC02491,Proveedor C,SKU00696,2023-03-20,2023-03-31,35,7275.63
OC02492,Proveedor D,SKU00149,2025-12-27,2026-01-22,153,13904.99
OC02493,Proveedor I,SKU00740,2024-07-19,2024-08-17,182,40453.34
OC02494,Proveedor B,SKU00611,2025-09-07,2025-10-22,192,40745.43
OC02495,Proveedor J,SKU00206,2026-01-12,2026-03-06,155,38162.29
OC02496,Proveedor E,SKU00672,2023-12-23,2024-01-29,193,13270.1
OC02497,Proveedor J,SKU00652,2025-12-16,2026-02-06,310,38393.11
OC02498,Proveedor I,SKU00499,2026-07-05,2026-08-05,182,6006.7
OC02499,Proveedor D,SKU00508,2024-04-08,2024-05-04,153,44778.15
OC02500,Proveedor G,SKU00693,2023-12-22,2024-01-22,21,5757.54
OC02501,Proveedor B,SKU00384,2026-03-01,2026-04-18,192,25841.1
OC02502,Proveedor F,SKU00638,2023-07-13,2023-09-10,52,25345.79
OC02503,Proveedor I,SKU00157,2022-02-20,2022-03-20,182,2400.79
OC02504,Proveedor D,SKU00508,2025-03-13,2025-04-07,306,43721.41
OC02505,Proveedor B,SKU00476,2025-04-09,2025-05-24,192,9586.09
OC02506,Proveedor J,SKU00366,2023-07-25,2023-09-15,155,46679.77
OC02507,Proveedor C,SKU00220,2022-12-27,2023-01-10,70,34455.55
OC02508,Proveedor I,SKU00044,2023-07-17,2023-08-17,182,42144.64
OC02509,Proveedor B,SKU00052,2026-01-06,2026-02-20,384,38623.1
OC02510,Proveedor I,SKU00264,2026-06-29,2026-07-30,182,29095.47
OC02511,Proveedor F,SKU00188,2024-03-20,2024-05-16,52,15976.26
OC02512,Proveedor F,SKU00703,2022-09-30,2022-11-22,52,18985.0
OC02513,Proveedor J,SKU00568,2026-04-07,2026-06-03,155,20865.82
OC02514,Proveedor I,SKU00090,2025-04-28,2025-05-31,182,4352.56
OC02515,Proveedor E,SKU00196,2025-01-03,2025-02-08,386,40320.94
OC02516,Proveedor G,SKU00233,2025-07-15,2025-08-12,21,34512.44
OC02517,Proveedor C,SKU00365,2024-06-10,2024-06-23,70,17358.95
OC02518,Proveedor C,SKU00143,2026-04-07,2026-04-14,105,4413.04
OC02519,Proveedor F,SKU00434,2025-09-13,2025-11-08,52,35671.14
OC02520,Proveedor A,SKU00004,2025-10-05,2025-11-04,147,1569.56
OC02521,Proveedor A,SKU00622,2026-05-22,2026-06-22,147,37664.34
OC02522,Proveedor B,SKU00753,2026-05-21,2026-07-07,192,35709.03
OC02523,Proveedor G,SKU00102,2024-07-10,2024-08-12,42,34303.71
OC02524,Proveedor C,SKU00193,2026-07-21,2026-07-28,35,9820.04
OC02525,Proveedor C,SKU00210,2025-08-10,2025-08-19,35,27591.29
OC02526,Proveedor B,SKU00059,2024-06-11,2024-07-30,192,31606.63
OC02527,Proveedor G,SKU00340,2022-10-23,2022-11-23,42,10426.5
OC02528,Proveedor B,SKU00115,2025-09-07,2025-10-25,192,21055.56
OC02529,Proveedor F,SKU00435,2026-02-08,2026-04-02,52,3232.61
OC02530,Proveedor A,SKU00098,2023-08-30,2023-09-28,294,43843.33
OC02531,Proveedor F,SKU00557,2025-12-09,2026-02-07,52,27637.39
OC02532,Proveedor J,SKU00021,2022-09-05,2022-10-25,155,4093.5
OC02533,Proveedor J,SKU00734,2023-08-14,2023-10-02,310,47339.53
OC02534,Proveedor B,SKU00412,2024-08-30,2024-10-13,192,36991.53
OC02535,Proveedor D,SKU00604,2026-03-31,2026-04-26,306,7575.22
OC02536,Proveedor D,SKU00525,2026-04-19,2026-05-17,153,53783.69
OC02537,Proveedor F,SKU00748,2023-04-15,2023-06-09,156,5613.13
OC02538,Proveedor H,SKU00148,2025-05-13,2025-05-28,108,2456.76
OC02539,Proveedor D,SKU00149,2025-03-25,2025-04-19,153,13124.39
OC02540,Proveedor A,SKU00317,2025-11-03,2025-12-08,147,43322.73
OC02541,Proveedor H,SKU00599,2024-12-19,2025-01-04,72,32533.64
OC02542,Proveedor C,SKU00505,2024-01-13,2024-01-26,35,35848.34
OC02543,Proveedor C,SKU00676,2025-05-18,2025-05-28,35,42145.72
OC02544,Proveedor I,SKU00044,2023-06-09,2023-07-07,182,44919.34
OC02545,Proveedor B,SKU00481,2023-03-04,2023-04-22,192,27400.33
OC02546,Proveedor B,SKU00038,2025-08-03,2025-09-20,192,27225.23
OC02547,Proveedor G,SKU00053,2024-06-20,2024-07-22,21,16928.43
OC02548,Proveedor D,SKU00501,2024-12-05,2024-12-28,153,6586.08
OC02549,Proveedor A,SKU00361,2024-04-14,2024-05-16,147,28288.87
OC02550,Proveedor B,SKU00735,2025-11-05,2025-12-24,192,38878.56
OC02551,Proveedor B,SKU00166,2023-12-28,2024-02-15,192,33301.67
OC02552,Proveedor J,SKU00030,2026-04-06,2026-06-01,155,16919.59
OC02553,Proveedor D,SKU00607,2026-05-05,2026-06-04,306,51110.75
OC02554,Proveedor G,SKU00108,2025-04-03,2025-05-04,21,46304.29
OC02555,Proveedor A,SKU00310,2025-08-03,2025-09-06,147,32182.87
OC02556,Proveedor J,SKU00021,2022-04-16,2022-06-04,465,4315.66
OC02557,Proveedor D,SKU00548,2024-03-28,2024-04-19,153,14503.54
OC02558,Proveedor A,SKU00254,2024-06-01,2024-07-08,147,2018.79
OC02559,Proveedor D,SKU00060,2024-06-09,2024-07-06,153,19337.33
OC02560,Proveedor D,SKU00508,2025-07-15,2025-08-12,153,39135.11
OC02561,Proveedor C,SKU00792,2025-06-19,2025-07-04,35,3065.48
OC02562,Proveedor I,SKU00294,2026-07-07,2026-08-05,364,43832.67
OC02563,Proveedor J,SKU00056,2023-04-12,2023-06-01,465,46382.18
OC02564,Proveedor D,SKU00299,2025-08-16,2025-09-08,153,3454.42
OC02565,Proveedor I,SKU00364,2025-03-01,2025-03-31,364,30831.22
OC02566,Proveedor I,SKU00455,2023-12-02,2024-01-01,182,33326.45
OC02567,Proveedor I,SKU00116,2025-08-17,2025-09-18,182,21222.47
OC02568,Proveedor F,SKU00050,2025-10-22,2025-12-19,52,35547.53
OC02569,Proveedor G,SKU00422,2024-12-04,2025-01-04,21,14561.07
OC02570,Proveedor B,SKU00166,2024-08-16,2024-10-02,192,34663.92
OC02571,Proveedor G,SKU00093,2025-07-27,2025-08-21,42,36516.89
OC02572,Proveedor A,SKU00046,2025-11-08,2025-12-13,147,37024.45
OC02573,Proveedor I,SKU00683,2026-01-12,2026-02-15,546,3677.56
OC02574,Proveedor B,SKU00119,2026-03-06,2026-04-25,192,51890.45
OC02575,Proveedor D,SKU00548,2025-12-24,2026-01-22,306,13814.26
OC02576,Proveedor C,SKU00162,2025-01-01,2025-01-14,35,29856.39
OC02577,Proveedor D,SKU00095,2025-09-10,2025-10-08,153,16457.32
OC02578,Proveedor C,SKU00792,2024-11-21,2024-12-02,35,2785.72
OC02579,Proveedor F,SKU00557,2023-06-14,2023-08-14,52,30190.5
OC02580,Proveedor B,SKU00446,2025-07-23,2025-09-07,192,53592.05
OC02581,Proveedor J,SKU00030,2024-07-03,2024-08-28,155,15635.76
OC02582,Proveedor F,SKU00440,2025-04-08,2025-06-05,52,39114.58
OC02583,Proveedor H,SKU00123,2026-04-15,2026-05-01,36,19364.71
OC02584,Proveedor E,SKU00477,2024-03-09,2024-04-19,193,7223.62
OC02585,Proveedor E,SKU00731,2025-04-25,2025-05-31,193,30983.19
OC02586,Proveedor E,SKU00194,2025-05-20,2025-06-26,193,6340.77
OC02587,Proveedor I,SKU00673,2024-10-25,2024-11-27,364,38402.7
OC02588,Proveedor C,SKU00094,2022-07-02,2022-07-10,35,11162.74
OC02589,Proveedor B,SKU00037,2025-05-17,2025-07-01,192,43096.53
OC02590,Proveedor G,SKU00641,2026-04-06,2026-05-07,21,45003.49
OC02591,Proveedor B,SKU00325,2023-08-10,2023-09-29,192,7610.12
OC02592,Proveedor G,SKU00079,2024-04-23,2024-05-25,63,29892.94
OC02593,Proveedor E,SKU00669,2025-03-16,2025-04-24,193,4099.36
OC02594,Proveedor E,SKU00008,2025-07-21,2025-08-28,193,9605.88
OC02595,Proveedor B,SKU00540,2023-03-23,2023-05-08,576,16908.82
OC02596,Proveedor B,SKU00249,2026-06-11,2026-07-26,576,26171.44
OC02597,Proveedor E,SKU00156,2025-12-27,2026-01-31,193,51569.48
OC02598,Proveedor B,SKU00445,2025-05-26,2025-07-15,192,31115.54
OC02599,Proveedor F,SKU00554,2025-05-29,2025-07-26,52,29443.43
OC02600,Proveedor G,SKU00771,2024-12-24,2025-01-22,21,38687.64
OC02601,Proveedor A,SKU00444,2025-11-16,2025-12-16,294,26486.41
OC02602,Proveedor G,SKU00356,2026-04-04,2026-04-29,21,47331.5
OC02603,Proveedor B,SKU00714,2025-10-16,2025-12-05,576,7224.37
OC02604,Proveedor H,SKU00269,2026-03-07,2026-03-20,36,15115.7
OC02605,Proveedor B,SKU00543,2024-12-22,2025-02-04,384,28077.33
OC02606,Proveedor J,SKU00545,2023-08-03,2023-09-23,155,34894.7
OC02607,Proveedor F,SKU00749,2026-01-08,2026-03-09,104,46060.85
OC02608,Proveedor A,SKU00718,2024-04-17,2024-05-18,147,33586.81
OC02609,Proveedor D,SKU00760,2024-11-18,2024-12-11,153,29632.13
OC02610,Proveedor D,SKU00299,2025-05-24,2025-06-19,459,3596.02
OC02611,Proveedor I,SKU00726,2023-09-25,2023-10-24,182,44659.53
OC02612,Proveedor H,SKU00292,2025-03-09,2025-03-22,36,46780.63
OC02613,Proveedor H,SKU00504,2024-04-04,2024-04-19,36,48282.88
OC02614,Proveedor H,SKU00148,2026-05-11,2026-05-23,36,2736.65
OC02615,Proveedor H,SKU00292,2024-12-13,2024-12-22,36,42457.12
OC02616,Proveedor E,SKU00468,2025-10-14,2025-11-18,193,15201.24
OC02617,Proveedor F,SKU00588,2025-09-26,2025-11-25,52,40120.05
OC02618,Proveedor B,SKU00579,2026-02-05,2026-03-21,192,19862.85
OC02619,Proveedor D,SKU00631,2022-03-16,2022-04-15,153,22439.5
OC02620,Proveedor B,SKU00199,2025-08-08,2025-09-22,192,34706.55
OC02621,Proveedor C,SKU00702,2024-11-24,2024-12-06,35,38322.21
OC02622,Proveedor J,SKU00586,2024-10-07,2024-12-02,155,19273.39
OC02623,Proveedor B,SKU00447,2024-10-05,2024-11-18,384,22070.81
OC02624,Proveedor J,SKU00729,2025-05-02,2025-06-26,155,38526.7
OC02625,Proveedor E,SKU00400,2025-12-01,2026-01-08,386,4885.36
OC02626,Proveedor A,SKU00296,2022-05-17,2022-06-15,147,34025.66
OC02627,Proveedor B,SKU00448,2023-04-20,2023-06-07,192,28961.23
OC02628,Proveedor F,SKU00573,2026-04-29,2026-06-21,52,44092.49
OC02629,Proveedor C,SKU00710,2024-10-08,2024-10-19,35,49093.36
OC02630,Proveedor F,SKU00707,2025-05-02,2025-06-28,52,36407.9
OC02631,Proveedor C,SKU00212,2026-05-10,2026-05-21,35,21194.87
OC02632,Proveedor E,SKU00283,2025-11-17,2025-12-29,193,22050.67
OC02633,Proveedor H,SKU00129,2024-04-24,2024-05-07,36,29056.78
OC02634,Proveedor G,SKU00423,2023-06-27,2023-07-30,21,43503.15
OC02635,Proveedor B,SKU00535,2023-03-22,2023-05-12,384,15928.84
OC02636,Proveedor C,SKU00279,2025-07-29,2025-08-07,35,42655.03
OC02637,Proveedor G,SKU00764,2022-10-06,2022-11-06,21,35114.71
OC02638,Proveedor D,SKU00290,2025-08-07,2025-08-29,153,15131.85
OC02639,Proveedor I,SKU00683,2026-03-24,2026-04-27,182,3786.39
OC02640,Proveedor G,SKU00461,2026-07-28,2026-08-24,63,35960.44
OC02641,Proveedor J,SKU00056,2022-12-15,2023-02-05,155,52477.61
OC02642,Proveedor G,SKU00794,2026-04-08,2026-05-04,21,18549.2
OC02643,Proveedor G,SKU00451,2024-08-29,2024-09-23,21,28468.45
OC02644,Proveedor D,SKU00418,2026-05-24,2026-06-22,153,34346.56
OC02645,Proveedor G,SKU00784,2025-09-06,2025-10-07,63,20860.33
OC02646,Proveedor A,SKU00681,2026-03-26,2026-04-27,147,37789.09
OC02647,Proveedor E,SKU00266,2025-05-09,2025-06-13,386,31429.73
OC02648,Proveedor A,SKU00272,2023-06-22,2023-07-26,294,12273.16
OC02649,Proveedor E,SKU00285,2024-04-18,2024-05-29,193,25570.47
OC02650,Proveedor D,SKU00344,2026-07-19,2026-08-15,153,35215.51
OC02651,Proveedor H,SKU00304,2025-08-30,2025-09-11,36,49884.67
OC02652,Proveedor C,SKU00701,2026-03-01,2026-03-14,35,37695.87
OC02653,Proveedor H,SKU00073,2025-12-25,2026-01-06,36,36438.39
OC02654,Proveedor J,SKU00670,2025-04-26,2025-06-18,465,8051.03
OC02655,Proveedor C,SKU00701,2026-01-11,2026-01-24,105,43189.86
OC02656,Proveedor A,SKU00046,2024-09-24,2024-10-27,147,33596.62
OC02657,Proveedor F,SKU00112,2023-01-16,2023-03-11,52,12379.21
OC02658,Proveedor E,SKU00194,2025-07-30,2025-09-08,193,6518.24
OC02659,Proveedor F,SKU00242,2024-07-27,2024-09-23,104,37043.99
OC02660,Proveedor A,SKU00070,2024-12-02,2024-12-31,441,25018.35
OC02661,Proveedor E,SKU00763,2024-10-16,2024-11-22,193,9439.72
OC02662,Proveedor J,SKU00155,2026-06-15,2026-08-08,155,4433.3
OC02663,Proveedor E,SKU00151,2025-06-13,2025-07-18,193,23145.14
OC02664,Proveedor B,SKU00195,2026-06-17,2026-08-06,192,40306.41
OC02665,Proveedor C,SKU00168,2023-01-27,2023-02-06,35,14137.75
OC02666,Proveedor D,SKU00649,2026-03-07,2026-04-02,153,15612.4
OC02667,Proveedor I,SKU00791,2026-03-08,2026-04-11,182,24567.74
OC02668,Proveedor H,SKU00036,2023-08-16,2023-09-01,36,16362.98
OC02669,Proveedor B,SKU00520,2026-07-14,2026-09-03,192,34016.17
OC02670,Proveedor E,SKU00213,2025-06-27,2025-07-31,193,23719.65
OC02671,Proveedor J,SKU00182,2024-03-23,2024-05-12,155,39220.96
OC02672,Proveedor H,SKU00572,2024-03-01,2024-03-10,36,3293.96
OC02673,Proveedor H,SKU00766,2025-04-11,2025-04-24,72,36707.87
OC02674,Proveedor F,SKU00392,2025-06-08,2025-08-02,52,28363.74
OC02675,Proveedor B,SKU00184,2025-04-09,2025-05-24,384,28605.29
OC02676,Proveedor H,SKU00224,2024-11-22,2024-12-02,36,22512.04
OC02677,Proveedor D,SKU00723,2024-06-30,2024-07-25,306,43225.98
OC02678,Proveedor G,SKU00023,2025-03-23,2025-04-20,21,4222.85
OC02679,Proveedor A,SKU00675,2022-02-16,2022-03-18,294,44923.82
OC02680,Proveedor F,SKU00653,2025-05-13,2025-07-11,156,3557.61
OC02681,Proveedor A,SKU00725,2023-03-16,2023-04-22,147,44494.41
OC02682,Proveedor J,SKU00203,2022-06-18,2022-08-14,465,15396.56
OC02683,Proveedor E,SKU00010,2024-06-13,2024-07-21,193,13890.28
OC02684,Proveedor F,SKU00495,2024-06-16,2024-08-09,52,28638.0
OC02685,Proveedor J,SKU00155,2026-03-04,2026-04-22,155,4533.0
OC02686,Proveedor F,SKU00467,2023-11-17,2024-01-09,52,10895.95
OC02687,Proveedor G,SKU00244,2025-07-10,2025-08-09,63,6788.33
OC02688,Proveedor B,SKU00236,2025-07-28,2025-09-11,192,13281.26
OC02689,Proveedor A,SKU00305,2025-05-15,2025-06-15,294,4141.06
OC02690,Proveedor F,SKU00582,2025-02-27,2025-04-23,52,33249.12
OC02691,Proveedor B,SKU00100,2025-08-10,2025-09-25,192,2426.99
OC02692,Proveedor C,SKU00699,2023-10-15,2023-10-26,105,40293.91
OC02693,Proveedor D,SKU00466,2026-03-26,2026-04-24,153,30803.67
OC02694,Proveedor B,SKU00087,2025-12-21,2026-02-05,192,29244.68
OC02695,Proveedor B,SKU00692,2023-11-27,2024-01-15,192,9117.09
OC02696,Proveedor J,SKU00472,2026-05-05,2026-06-23,155,37436.43
OC02697,Proveedor E,SKU00502,2026-02-14,2026-03-27,193,19739.52
OC02698,Proveedor D,SKU00656,2026-05-27,2026-06-22,153,32186.88
OC02699,Proveedor D,SKU00631,2025-08-20,2025-09-18,459,23422.2
OC02700,Proveedor G,SKU00088,2023-05-05,2023-06-05,21,38249.79
OC02701,Proveedor C,SKU00773,2024-03-01,2024-03-11,35,26631.29
OC02702,Proveedor H,SKU00503,2024-06-12,2024-06-21,36,4084.77
OC02703,Proveedor A,SKU00227,2025-07-29,2025-09-03,147,15148.54
OC02704,Proveedor G,SKU00713,2025-05-23,2025-06-17,42,24608.72
OC02705,Proveedor J,SKU00463,2025-03-16,2025-05-10,155,36435.75
OC02706,Proveedor D,SKU00548,2025-12-03,2025-12-29,306,14851.37
OC02707,Proveedor C,SKU00279,2025-07-18,2025-08-02,105,38028.51
OC02708,Proveedor B,SKU00229,2025-08-28,2025-10-16,192,32829.5
OC02709,Proveedor G,SKU00713,2023-01-20,2023-02-18,21,26649.13
OC02710,Proveedor C,SKU00260,2026-01-10,2026-01-23,35,24664.82
OC02711,Proveedor J,SKU00056,2023-12-29,2024-02-21,155,50909.2
OC02712,Proveedor H,SKU00377,2024-11-03,2024-11-12,72,32349.72
OC02713,Proveedor A,SKU00704,2025-06-03,2025-07-07,147,12182.49
OC02714,Proveedor H,SKU00512,2023-01-27,2023-02-12,36,30393.64
OC02715,Proveedor B,SKU00404,2024-06-16,2024-08-02,384,19395.76
OC02716,Proveedor E,SKU00135,2024-09-20,2024-10-31,193,29953.7
OC02717,Proveedor J,SKU00276,2024-12-19,2025-02-10,155,27327.02
OC02718,Proveedor J,SKU00597,2026-07-14,2026-09-05,155,45242.37
OC02719,Proveedor D,SKU00177,2025-09-01,2025-09-30,153,25100.74
OC02720,Proveedor D,SKU00388,2025-08-17,2025-09-13,153,2707.0
OC02721,Proveedor J,SKU00397,2025-03-01,2025-04-23,155,22772.81
OC02722,Proveedor F,SKU00527,2026-04-05,2026-05-28,52,34463.03
OC02723,Proveedor C,SKU00144,2024-08-29,2024-09-08,35,29545.17
OC02724,Proveedor D,SKU00651,2025-01-04,2025-01-30,153,25458.03
OC02725,Proveedor B,SKU00355,2025-06-25,2025-08-09,192,17932.2
OC02726,Proveedor B,SKU00432,2025-10-15,2025-11-28,192,22105.35
OC02727,Proveedor H,SKU00732,2024-03-24,2024-04-05,36,3161.78
OC02728,Proveedor H,SKU00532,2022-06-25,2022-07-07,72,36877.12
OC02729,Proveedor D,SKU00786,2025-06-16,2025-07-11,306,9632.24
OC02730,Proveedor I,SKU00522,2025-08-30,2025-09-30,182,43290.57
OC02731,Proveedor G,SKU00713,2023-10-11,2023-11-07,21,25304.83
OC02732,Proveedor I,SKU00069,2025-08-05,2025-09-06,364,40840.44
OC02733,Proveedor E,SKU00484,2026-03-21,2026-04-26,579,35158.83
OC02734,Proveedor B,SKU00100,2023-08-31,2023-10-16,576,2335.17
OC02735,Proveedor J,SKU00360,2022-04-05,2022-05-26,155,24714.17
OC02736,Proveedor H,SKU00161,2023-11-08,2023-11-17,72,27610.81
OC02737,Proveedor H,SKU00291,2025-05-28,2025-06-13,36,29827.41
OC02738,Proveedor B,SKU00138,2023-11-19,2024-01-09,192,19563.52
OC02739,Proveedor I,SKU00116,2025-06-14,2025-07-20,182,20561.59
OC02740,Proveedor B,SKU00355,2024-11-07,2024-12-21,192,18798.16
OC02741,Proveedor J,SKU00729,2023-03-08,2023-04-30,465,34947.93
OC02742,Proveedor H,SKU00682,2025-12-27,2026-01-11,108,17007.21
OC02743,Proveedor F,SKU00240,2026-03-22,2026-05-16,52,7147.09
OC02744,Proveedor C,SKU00338,2024-09-15,2024-09-28,35,36274.93
OC02745,Proveedor J,SKU00350,2024-02-21,2024-04-18,155,21395.64
OC02746,Proveedor H,SKU00148,2026-04-02,2026-04-11,108,2684.27
OC02747,Proveedor D,SKU00302,2026-04-30,2026-05-24,153,43344.47
OC02748,Proveedor G,SKU00671,2024-08-23,2024-09-20,21,18373.88
OC02749,Proveedor B,SKU00163,2025-06-11,2025-07-27,576,41338.68
OC02750,Proveedor B,SKU00325,2024-10-06,2024-11-21,192,7447.73
OC02751,Proveedor G,SKU00451,2024-09-12,2024-10-13,63,30275.34
OC02752,Proveedor J,SKU00183,2025-11-20,2026-01-08,155,10789.02
OC02753,Proveedor G,SKU00713,2025-02-02,2025-03-04,21,24052.78
OC02754,Proveedor E,SKU00716,2025-12-01,2026-01-04,386,8184.7
OC02755,Proveedor E,SKU00662,2023-06-12,2023-07-24,579,10469.63
OC02756,Proveedor G,SKU00153,2024-07-16,2024-08-12,21,40447.27
OC02757,Proveedor F,SKU00389,2025-09-29,2025-11-25,104,12008.14
OC02758,Proveedor F,SKU00385,2023-10-18,2023-12-13,52,49420.35
OC02759,Proveedor I,SKU00578,2025-08-20,2025-09-22,364,28966.81
OC02760,Proveedor C,SKU00341,2025-12-24,2026-01-01,35,35757.83
OC02761,Proveedor C,SKU00193,2024-10-01,2024-10-16,70,11084.7
OC02762,Proveedor G,SKU00019,2026-01-28,2026-02-23,21,49974.5
OC02763,Proveedor E,SKU00170,2026-03-15,2026-04-24,193,38745.71
OC02764,Proveedor A,SKU00013,2023-03-03,2023-04-02,147,5563.39
OC02765,Proveedor A,SKU00004,2026-07-22,2026-08-28,147,1631.9
OC02766,Proveedor J,SKU00774,2026-07-13,2026-09-06,155,31411.73
OC02767,Proveedor E,SKU00156,2025-01-06,2025-02-09,193,51027.54
OC02768,Proveedor D,SKU00390,2024-02-19,2024-03-13,153,28658.87
OC02769,Proveedor F,SKU00523,2025-08-11,2025-10-03,52,27253.84
OC02770,Proveedor B,SKU00195,2026-01-06,2026-02-25,192,40349.36
OC02771,Proveedor D,SKU00651,2022-12-09,2023-01-08,459,21637.82
OC02772,Proveedor B,SKU00249,2026-01-23,2026-03-13,384,25275.27
OC02773,Proveedor H,SKU00605,2025-06-14,2025-06-23,36,21250.16
OC02774,Proveedor I,SKU00726,2024-04-26,2024-06-01,182,41034.65
OC02775,Proveedor B,SKU00714,2025-09-15,2025-10-30,192,8231.37
OC02776,Proveedor A,SKU00621,2025-07-21,2025-08-26,147,9221.9
OC02777,Proveedor B,SKU00159,2023-04-24,2023-06-06,192,40564.3
OC02778,Proveedor B,SKU00189,2023-01-21,2023-03-07,192,10887.93
OC02779,Proveedor C,SKU00143,2025-12-06,2025-12-18,35,4592.07
OC02780,Proveedor B,SKU00415,2024-02-21,2024-04-10,192,17841.82
OC02781,Proveedor C,SKU00143,2023-07-26,2023-08-10,35,4474.83
OC02782,Proveedor A,SKU00020,2022-09-01,2022-10-07,147,12740.67
OC02783,Proveedor A,SKU00070,2023-01-27,2023-03-04,147,26467.69
OC02784,Proveedor E,SKU00068,2025-07-18,2025-08-28,193,40243.48
OC02785,Proveedor E,SKU00334,2024-10-25,2024-11-28,579,15119.82
OC02786,Proveedor G,SKU00088,2022-12-04,2022-12-30,21,40668.55
OC02787,Proveedor A,SKU00654,2026-04-07,2026-05-07,294,6820.99
OC02788,Proveedor B,SKU00579,2025-05-07,2025-06-27,384,19423.73
OC02789,Proveedor F,SKU00478,2025-11-07,2026-01-03,52,53676.08
OC02790,Proveedor C,SKU00394,2024-10-12,2024-10-24,105,40438.55
OC02791,Proveedor B,SKU00481,2023-07-30,2023-09-16,192,28033.87
OC02792,Proveedor C,SKU00785,2023-12-10,2023-12-18,35,38854.3
OC02793,Proveedor C,SKU00365,2024-11-14,2024-11-29,35,16470.92
OC02794,Proveedor E,SKU00306,2023-09-28,2023-11-02,386,10182.53
OC02795,Proveedor H,SKU00017,2022-07-26,2022-08-09,36,41857.08
OC02796,Proveedor J,SKU00670,2024-12-01,2025-01-26,155,9126.27
OC02797,Proveedor A,SKU00622,2026-04-16,2026-05-16,147,34334.04
OC02798,Proveedor F,SKU00117,2025-08-03,2025-09-25,52,19382.5
OC02799,Proveedor F,SKU00707,2025-04-13,2025-06-09,52,38258.24
OC02800,Proveedor I,SKU00487,2024-08-22,2024-09-20,364,12044.83
OC02801,Proveedor J,SKU00463,2023-12-20,2024-02-09,310,38473.35
OC02802,Proveedor A,SKU00738,2024-09-20,2024-10-19,147,31553.01
OC02803,Proveedor A,SKU00042,2025-05-17,2025-06-19,147,35300.2
OC02804,Proveedor F,SKU00396,2024-10-03,2024-11-26,52,2647.27
OC02805,Proveedor D,SKU00290,2025-09-02,2025-09-24,153,15184.46
OC02806,Proveedor B,SKU00565,2024-05-27,2024-07-17,192,8101.47
OC02807,Proveedor B,SKU00481,2024-03-02,2024-04-19,192,27634.6
OC02808,Proveedor E,SKU00289,2023-04-12,2023-05-22,193,45952.39
OC02809,Proveedor J,SKU00215,2026-04-26,2026-06-21,155,25659.26
OC02810,Proveedor F,SKU00086,2025-08-01,2025-09-25,104,15183.63
OC02811,Proveedor A,SKU00608,2025-12-09,2026-01-08,294,42595.7
OC02812,Proveedor F,SKU00211,2025-07-30,2025-09-25,52,26066.25
OC02813,Proveedor C,SKU00109,2025-06-11,2025-06-24,70,23311.56
OC02814,Proveedor I,SKU00132,2024-11-17,2024-12-23,182,14968.02
OC02815,Proveedor H,SKU00007,2025-10-23,2025-11-05,36,48805.8
OC02816,Proveedor D,SKU00798,2022-11-18,2022-12-14,459,44200.6
OC02817,Proveedor A,SKU00704,2023-11-10,2023-12-11,147,10501.86
OC02818,Proveedor F,SKU00715,2025-06-01,2025-07-27,52,14745.99
OC02819,Proveedor I,SKU00084,2025-08-30,2025-10-02,182,37984.87
OC02820,Proveedor I,SKU00116,2025-05-07,2025-06-11,182,20414.26
OC02821,Proveedor F,SKU00050,2025-08-27,2025-10-24,104,31727.82
OC02822,Proveedor E,SKU00669,2025-03-29,2025-05-09,386,4400.32
OC02823,Proveedor J,SKU00376,2024-02-16,2024-04-06,465,5147.52
OC02824,Proveedor I,SKU00080,2025-08-03,2025-09-03,182,12208.25
OC02825,Proveedor G,SKU00083,2025-08-04,2025-08-30,21,4580.77
OC02826,Proveedor D,SKU00323,2023-09-18,2023-10-18,459,3314.93
OC02827,Proveedor G,SKU00186,2025-05-06,2025-06-03,21,39675.54
OC02828,Proveedor E,SKU00107,2025-10-15,2025-11-24,193,36199.27
OC02829,Proveedor D,SKU00167,2025-11-15,2025-12-10,153,14747.95
OC02830,Proveedor F,SKU00221,2023-09-08,2023-11-06,52,40424.35
OC02831,Proveedor G,SKU00186,2025-06-01,2025-06-30,21,41071.96
OC02832,Proveedor G,SKU00500,2025-04-14,2025-05-12,21,11221.88
OC02833,Proveedor G,SKU00271,2024-07-13,2024-08-12,21,23201.02
OC02834,Proveedor B,SKU00753,2025-06-08,2025-07-27,192,38734.47
OC02835,Proveedor A,SKU00547,2024-08-01,2024-08-30,294,48905.6
OC02836,Proveedor I,SKU00767,2023-06-04,2023-07-08,182,21618.59
OC02837,Proveedor D,SKU00556,2025-09-22,2025-10-21,459,19649.26
OC02838,Proveedor B,SKU00552,2025-04-24,2025-06-06,192,15331.84
OC02839,Proveedor A,SKU00227,2026-03-21,2026-04-23,147,14962.88
OC02840,Proveedor J,SKU00777,2022-09-04,2022-10-31,155,25983.01
OC02841,Proveedor H,SKU00789,2024-12-22,2025-01-03,36,13308.42
OC02842,Proveedor B,SKU00450,2024-01-15,2024-03-04,192,39118.47
OC02843,Proveedor G,SKU00019,2024-07-09,2024-08-07,21,45305.38
OC02844,Proveedor J,SKU00154,2025-02-22,2025-04-12,155,22819.02
OC02845,Proveedor E,SKU00283,2026-05-31,2026-07-10,386,24575.18
OC02846,Proveedor F,SKU00358,2025-09-13,2025-11-13,104,25519.06
OC02847,Proveedor A,SKU00444,2026-03-26,2026-04-29,147,26585.64
OC02848,Proveedor B,SKU00087,2025-02-07,2025-03-24,576,28249.56
OC02849,Proveedor A,SKU00346,2025-04-16,2025-05-23,147,28504.5
OC02850,Proveedor J,SKU00182,2025-12-14,2026-02-09,155,36832.12
OC02851,Proveedor F,SKU00711,2023-10-06,2023-12-05,52,43389.62
OC02852,Proveedor D,SKU00209,2022-10-26,2022-11-18,306,10292.23
OC02853,Proveedor B,SKU00096,2023-12-06,2024-01-23,192,8905.16
OC02854,Proveedor F,SKU00623,2026-03-08,2026-05-08,52,11420.66
OC02855,Proveedor I,SKU00526,2025-06-25,2025-07-31,364,25434.71
OC02856,Proveedor J,SKU00687,2025-12-06,2026-01-24,155,12220.28
OC02857,Proveedor I,SKU00207,2024-11-01,2024-12-07,182,40010.09
OC02858,Proveedor G,SKU00762,2026-01-11,2026-02-11,63,28929.22
OC02859,Proveedor J,SKU00777,2025-12-25,2026-02-20,155,28442.14
OC02860,Proveedor B,SKU00691,2025-12-14,2026-02-02,192,29277.06
OC02861,Proveedor H,SKU00571,2026-02-03,2026-02-14,36,21680.77
OC02862,Proveedor H,SKU00610,2026-07-28,2026-08-13,36,37359.1
OC02863,Proveedor G,SKU00250,2025-07-09,2025-08-11,21,3425.61
OC02864,Proveedor D,SKU00060,2024-06-08,2024-07-06,153,19080.16
OC02865,Proveedor G,SKU00500,2022-11-30,2022-12-28,21,13564.79
OC02866,Proveedor J,SKU00308,2026-02-15,2026-04-11,155,59720.24
OC02867,Proveedor C,SKU00421,2022-06-06,2022-06-20,35,24800.64
OC02868,Proveedor J,SKU00570,2025-06-11,2025-08-03,155,24728.59
OC02869,Proveedor I,SKU00680,2023-02-10,2023-03-14,182,12315.27
OC02870,Proveedor J,SKU00442,2023-12-02,2024-01-23,155,23903.65
OC02871,Proveedor B,SKU00383,2022-11-17,2023-01-02,192,27272.94
OC02872,Proveedor I,SKU00673,2024-11-09,2024-12-12,182,39704.81
OC02873,Proveedor G,SKU00560,2024-06-03,2024-06-28,21,3929.91
OC02874,Proveedor C,SKU00260,2026-01-07,2026-01-18,105,26632.9
OC02875,Proveedor A,SKU00547,2025-08-03,2025-09-01,147,47409.58
OC02876,Proveedor G,SKU00300,2025-08-23,2025-09-25,21,15766.15
OC02877,Proveedor H,SKU00766,2025-04-23,2025-05-08,72,34716.33
OC02878,Proveedor E,SKU00462,2026-04-04,2026-05-15,193,12048.8
OC02879,Proveedor H,SKU00269,2026-02-23,2026-03-08,36,13977.52
OC02880,Proveedor E,SKU00758,2022-06-02,2022-07-10,386,21980.85
OC02881,Proveedor F,SKU00581,2025-02-01,2025-03-31,156,23392.4
OC02882,Proveedor A,SKU00787,2025-03-02,2025-04-01,147,27458.8
OC02883,Proveedor G,SKU00423,2023-01-19,2023-02-14,21,40786.42
OC02884,Proveedor D,SKU00316,2025-03-17,2025-04-16,153,17016.62
OC02885,Proveedor J,SKU00734,2023-10-03,2023-11-25,155,49422.47
OC02886,Proveedor F,SKU00601,2025-02-05,2025-04-04,52,18505.11
OC02887,Proveedor F,SKU00295,2024-12-31,2025-03-01,52,10165.91
OC02888,Proveedor I,SKU00726,2023-11-08,2023-12-07,364,46175.0
OC02889,Proveedor C,SKU00394,2023-01-24,2023-02-07,35,43043.63
OC02890,Proveedor F,SKU00112,2022-11-03,2022-12-31,156,12128.43
OC02891,Proveedor D,SKU00149,2025-06-14,2025-07-11,153,12222.55
OC02892,Proveedor B,SKU00739,2023-09-11,2023-10-27,192,15589.74
OC02893,Proveedor J,SKU00028,2025-12-20,2026-02-12,465,29906.65
OC02894,Proveedor B,SKU00479,2022-11-09,2022-12-23,384,40192.33
OC02895,Proveedor G,SKU00113,2024-09-28,2024-10-27,21,23311.45
OC02896,Proveedor B,SKU00552,2026-07-16,2026-09-05,384,14887.97
OC02897,Proveedor H,SKU00161,2025-09-15,2025-09-26,36,22330.74
OC02898,Proveedor B,SKU00195,2025-12-20,2026-02-04,192,40799.84
OC02899,Proveedor I,SKU00035,2025-02-21,2025-03-27,182,36410.83
OC02900,Proveedor I,SKU00226,2024-12-18,2025-01-18,182,15275.58
OC02901,Proveedor J,SKU00057,2023-08-03,2023-09-24,155,14749.86
OC02902,Proveedor F,SKU00523,2024-05-24,2024-07-17,52,26816.16
OC02903,Proveedor F,SKU00663,2026-04-25,2026-06-21,104,1757.42
OC02904,Proveedor E,SKU00110,2025-10-19,2025-11-26,193,29925.12
OC02905,Proveedor H,SKU00073,2025-02-10,2025-02-23,36,36480.63
OC02906,Proveedor B,SKU00706,2026-01-27,2026-03-14,192,38205.14
OC02907,Proveedor B,SKU00236,2025-07-28,2025-09-11,384,13625.67
OC02908,Proveedor B,SKU00416,2024-12-29,2025-02-14,192,8088.84
OC02909,Proveedor D,SKU00251,2023-03-28,2023-04-20,153,8157.62
OC02910,Proveedor C,SKU00016,2026-03-26,2026-04-10,35,25093.57
OC02911,Proveedor G,SKU00799,2025-03-13,2025-04-14,21,37853.88
OC02912,Proveedor D,SKU00133,2025-12-22,2026-01-17,153,38943.83
OC02913,Proveedor G,SKU00517,2025-06-01,2025-07-04,21,32584.59
OC02914,Proveedor J,SKU00734,2025-07-16,2025-09-09,310,47372.24
OC02915,Proveedor A,SKU00546,2023-07-06,2023-08-08,147,42042.13
OC02916,Proveedor G,SKU00180,2024-11-27,2024-12-26,21,15800.36
OC02917,Proveedor B,SKU00386,2025-11-19,2026-01-09,576,14394.48
OC02918,Proveedor B,SKU00592,2026-05-06,2026-06-23,192,33322.93
OC02919,Proveedor D,SKU00419,2024-07-05,2024-07-28,153,26903.35
OC02920,Proveedor C,SKU00695,2025-04-06,2025-04-21,35,46524.68
OC02921,Proveedor B,SKU00415,2024-09-14,2024-11-03,192,17637.45
OC02922,Proveedor B,SKU00432,2025-09-25,2025-11-09,192,20897.64
OC02923,Proveedor F,SKU00440,2025-04-18,2025-06-11,52,41864.22
OC02924,Proveedor B,SKU00722,2024-06-30,2024-08-13,192,33568.32
OC02925,Proveedor B,SKU00092,2025-02-08,2025-03-30,192,40404.83
OC02926,Proveedor A,SKU00046,2024-12-25,2025-01-26,147,36365.4
OC02927,Proveedor J,SKU00056,2024-01-07,2024-02-27,155,47749.61
OC02928,Proveedor E,SKU00285,2024-03-04,2024-04-14,193,24700.41
OC02929,Proveedor B,SKU00074,2023-08-30,2023-10-16,192,23549.22
OC02930,Proveedor B,SKU00130,2026-07-20,2026-09-01,192,19743.72
OC02931,Proveedor I,SKU00709,2023-05-15,2023-06-13,182,14678.17
OC02932,Proveedor F,SKU00112,2022-09-24,2022-11-19,52,11738.46
OC02933,Proveedor H,SKU00359,2025-04-24,2025-05-09,36,35627.3
OC02934,Proveedor C,SKU00695,2026-04-27,2026-05-10,70,43032.61
OC02935,Proveedor G,SKU00596,2024-06-08,2024-07-10,21,20945.58
OC02936,Proveedor C,SKU00719,2025-10-23,2025-11-04,35,2399.69
OC02937,Proveedor E,SKU00758,2023-11-18,2023-12-29,193,23064.34
OC02938,Proveedor F,SKU00554,2025-03-22,2025-05-14,104,29893.03
OC02939,Proveedor B,SKU00412,2024-05-09,2024-06-25,384,35210.62
OC02940,Proveedor I,SKU00632,2024-10-16,2024-11-14,182,34917.13
OC02941,Proveedor G,SKU00641,2026-04-07,2026-05-02,21,40411.59
OC02942,Proveedor H,SKU00255,2025-06-24,2025-07-07,36,13323.32
OC02943,Proveedor A,SKU00779,2026-06-11,2026-07-11,147,38818.4
OC02944,Proveedor F,SKU00288,2025-03-29,2025-05-26,52,13498.43
OC02945,Proveedor C,SKU00077,2025-10-06,2025-10-21,35,16468.16
OC02946,Proveedor I,SKU00294,2025-02-05,2025-03-05,182,49785.54
OC02947,Proveedor D,SKU00548,2025-09-30,2025-10-22,153,15064.54
OC02948,Proveedor G,SKU00328,2024-09-03,2024-10-06,21,46607.61
OC02949,Proveedor H,SKU00129,2024-06-21,2024-07-02,108,29405.48
OC02950,Proveedor A,SKU00105,2025-01-04,2025-02-08,147,39821.01
OC02951,Proveedor D,SKU00390,2024-11-05,2024-11-27,153,29422.51
OC02952,Proveedor D,SKU00604,2026-06-09,2026-07-09,153,7895.23
OC02953,Proveedor C,SKU00685,2026-05-31,2026-06-12,70,32225.69
OC02954,Proveedor E,SKU00477,2022-11-15,2022-12-25,193,7645.66
OC02955,Proveedor B,SKU00479,2023-08-27,2023-10-17,192,40284.37
OC02956,Proveedor J,SKU00366,2023-08-27,2023-10-19,155,48300.94
OC02957,Proveedor J,SKU00408,2024-02-17,2024-04-06,155,30830.07
OC02958,Proveedor E,SKU00322,2025-11-23,2025-12-31,193,26755.0
OC02959,Proveedor J,SKU00777,2022-07-25,2022-09-12,155,27360.18
OC02960,Proveedor F,SKU00024,2025-09-10,2025-11-08,156,46646.67
OC02961,Proveedor B,SKU00416,2025-07-18,2025-08-31,192,8175.32
OC02962,Proveedor A,SKU00357,2024-12-28,2025-01-31,294,24302.87
OC02963,Proveedor H,SKU00624,2025-03-12,2025-03-23,36,2158.97
OC02964,Proveedor B,SKU00262,2022-10-23,2022-12-05,192,9222.98
OC02965,Proveedor D,SKU00613,2026-05-31,2026-06-22,153,34449.51
OC02966,Proveedor D,SKU00583,2023-05-07,2023-06-01,153,29149.58
OC02967,Proveedor B,SKU00192,2024-11-09,2024-12-29,192,22905.54
OC02968,Proveedor C,SKU00168,2023-02-26,2023-03-06,35,15263.22
OC02969,Proveedor I,SKU00791,2025-12-07,2026-01-04,364,27080.47
OC02970,Proveedor E,SKU00459,2026-05-15,2026-06-21,193,18232.79
OC02971,Proveedor G,SKU00647,2024-05-21,2024-06-21,42,35306.26
OC02972,Proveedor J,SKU00330,2025-11-27,2026-01-23,155,9402.92
OC02973,Proveedor A,SKU00020,2023-03-08,2023-04-10,147,15284.39
OC02974,Proveedor J,SKU00436,2024-11-05,2024-12-26,155,44910.62
OC02975,Proveedor F,SKU00573,2026-04-16,2026-06-08,52,43317.03
OC02976,Proveedor C,SKU00719,2025-10-21,2025-10-28,105,2115.13
OC02977,Proveedor B,SKU00383,2022-12-29,2023-02-15,192,24299.32
OC02978,Proveedor B,SKU00646,2025-06-17,2025-08-04,192,16504.61
OC02979,Proveedor H,SKU00304,2026-04-16,2026-04-30,72,51354.61
OC02980,Proveedor C,SKU00144,2026-03-12,2026-03-22,105,30142.82
OC02981,Proveedor C,SKU00071,2023-10-26,2023-11-03,35,36332.42
OC02982,Proveedor B,SKU00362,2024-08-01,2024-09-15,192,39622.06
OC02983,Proveedor B,SKU00236,2026-01-29,2026-03-18,192,14437.31
OC02984,Proveedor E,SKU00428,2025-02-19,2025-04-02,193,7888.35
OC02985,Proveedor F,SKU00238,2025-12-01,2026-01-26,52,41960.25
OC02986,Proveedor D,SKU00798,2024-05-08,2024-06-02,153,41368.35
OC02987,Proveedor D,SKU00353,2025-08-01,2025-08-24,153,31041.27
OC02988,Proveedor H,SKU00768,2024-11-22,2024-11-30,36,21020.47
OC02989,Proveedor B,SKU00336,2025-11-18,2026-01-03,576,15709.21
OC02990,Proveedor G,SKU00657,2025-03-02,2025-04-03,42,49970.81
OC02991,Proveedor F,SKU00653,2025-12-15,2026-02-11,156,3981.29
OC02992,Proveedor D,SKU00027,2024-03-08,2024-04-02,306,8740.52
OC02993,Proveedor E,SKU00591,2025-12-16,2026-01-23,193,34829.3
OC02994,Proveedor G,SKU00693,2026-07-01,2026-08-03,63,5688.3
OC02995,Proveedor G,SKU00561,2025-02-15,2025-03-13,21,36786.74
OC02996,Proveedor H,SKU00372,2023-08-23,2023-09-01,36,40787.56
OC02997,Proveedor B,SKU00528,2023-12-11,2024-01-29,384,35679.59
OC02998,Proveedor H,SKU00140,2025-12-26,2026-01-07,108,11612.97
OC02999,Proveedor I,SKU00742,2026-03-27,2026-04-28,364,35099.98
OC03000,Proveedor E,SKU00470,2026-05-08,2026-06-15,386,18898.14
