id_transferencia,id_producto,origen,destino,fecha_envio,fecha_recepcion,unidades
TRF00001,SKU00291,DEP-CENTRAL,T18,2024-07-18,2024-07-27,7
TRF00002,SKU00136,T08,T11,2025-09-22,2025-10-07,42
TRF00003,SKU00476,T16,T19,2024-08-15,2024-08-22,6
TRF00004,SKU00126,T09,T03,2024-10-25,2024-11-11,48
TRF00005,SKU00062,DEP-CENTRAL,T18,2025-10-07,2025-10-22,20
TRF00006,SKU00359,DEP-CENTRAL,T20,2025-02-18,2025-02-24,49
TRF00007,SKU00073,DEP-CENTRAL,T06,2025-08-15,2025-08-30,55
TRF00008,SKU00019,T16,DEP-CENTRAL,2023-05-13,2023-06-02,37
TRF00009,SKU00032,DEP-CENTRAL,T05,2025-10-13,2025-10-24,16
TRF00010,SKU00190,T08,T19,2024-05-12,2024-05-30,43
TRF00011,SKU00530,DEP-CENTRAL,T03,2026-02-10,2026-02-17,39
TRF00012,SKU00044,T18,T16,2023-06-17,2023-06-23,5
TRF00013,SKU00141,T27,T08,2025-12-25,2026-01-05,20
TRF00014,SKU00105,T02,DEP-CENTRAL,2026-07-05,2026-07-11,49
TRF00015,SKU00673,T06,T19,2025-04-26,2025-05-05,46
TRF00016,SKU00363,T03,T13,2025-03-10,2025-03-17,26
TRF00017,SKU00313,T15,T01,2024-03-17,2024-03-23,15
TRF00018,SKU00530,DEP-CENTRAL,T04,2024-01-21,2024-01-30,22
TRF00019,SKU00718,T09,DEP-CENTRAL,2024-05-27,2024-06-04,19
TRF00020,SKU00471,DEP-CENTRAL,T22,2026-01-20,2026-01-24,14
TRF00021,SKU00255,DEP-CENTRAL,T01,2024-01-23,2024-01-26,5
TRF00022,SKU00501,T17,T21,2024-03-24,2024-04-11,58
TRF00023,SKU00217,T14,T02,2023-05-12,2023-05-23,10
TRF00024,SKU00526,DEP-CENTRAL,T01,2025-05-07,2025-05-16,22
TRF00025,SKU00047,T27,T09,2023-01-19,2023-01-30,41
TRF00026,SKU00069,DEP-CENTRAL,T17,2025-05-15,2025-05-22,15
TRF00027,SKU00594,DEP-CENTRAL,T22,2024-08-08,2024-08-25,58
TRF00028,SKU00530,T10,T15,2024-01-05,2024-01-25,26
TRF00029,SKU00697,DEP-CENTRAL,T04,2026-07-02,2026-07-07,22
TRF00030,SKU00047,T22,T21,2024-04-10,2024-04-15,6
TRF00031,SKU00068,DEP-CENTRAL,T11,2023-09-09,2023-09-12,10
TRF00032,SKU00297,T22,T05,2025-02-14,2025-02-18,49
TRF00033,SKU00129,T23,T16,2024-10-26,2024-11-06,29
TRF00034,SKU00603,T27,T08,2026-02-24,2026-03-09,50
TRF00035,SKU00500,T05,T04,2024-07-21,2024-07-29,40
TRF00036,SKU00404,DEP-CENTRAL,T04,2023-01-16,2023-01-23,8
TRF00037,SKU00228,T15,T07,2026-08-03,2026-08-13,28
TRF00038,SKU00659,T03,T15,2025-04-10,2025-04-23,53
TRF00039,SKU00509,T15,T19,2026-08-25,2026-09-13,34
TRF00040,SKU00638,T08,T25,2025-06-07,2025-06-20,24
TRF00041,SKU00009,DEP-CENTRAL,T18,2025-02-03,2025-02-07,9
TRF00042,SKU00757,T09,DEP-CENTRAL,2024-05-20,2024-06-06,55
TRF00043,SKU00430,DEP-CENTRAL,T10,2025-05-13,2025-05-27,59
TRF00044,SKU00183,DEP-CENTRAL,T16,2024-11-11,2024-11-22,15
TRF00045,SKU00270,T10,T07,2022-05-02,2022-05-23,11
TRF00046,SKU00328,DEP-CENTRAL,T12,2025-09-11,2025-09-25,11
TRF00047,SKU00121,DEP-CENTRAL,T10,2026-06-17,2026-07-04,53
TRF00048,SKU00206,DEP-CENTRAL,T10,2026-01-10,2026-01-30,23
TRF00049,SKU00595,DEP-CENTRAL,T13,2025-11-06,2025-11-22,10
TRF00050,SKU00340,DEP-CENTRAL,T27,2024-10-13,2024-11-01,48
TRF00051,SKU00107,DEP-CENTRAL,T27,2025-02-25,2025-03-07,32
TRF00052,SKU00343,T25,T19,2024-12-09,2024-12-23,27
TRF00053,SKU00122,DEP-CENTRAL,T11,2023-09-03,2023-09-21,59
TRF00054,SKU00070,T04,T24,2024-07-12,2024-07-27,57
TRF00055,SKU00256,T18,DEP-CENTRAL,2025-06-08,2025-06-26,45
TRF00056,SKU00333,DEP-CENTRAL,T12,2026-01-04,2026-01-09,55
TRF00057,SKU00718,DEP-CENTRAL,T04,2024-07-03,2024-07-12,26
TRF00058,SKU00577,T11,T10,2025-08-05,2025-08-20,25
TRF00059,SKU00145,DEP-CENTRAL,T28,2026-08-23,2026-09-03,32
TRF00060,SKU00082,DEP-CENTRAL,T17,2024-09-25,2024-10-04,52
TRF00061,SKU00289,T05,T20,2026-01-22,2026-02-01,4
TRF00062,SKU00632,DEP-CENTRAL,T03,2025-09-27,2025-09-30,38
TRF00063,SKU00441,DEP-CENTRAL,T21,2024-07-10,2024-07-28,29
TRF00064,SKU00535,T09,T25,2025-04-06,2025-04-27,40
TRF00065,SKU00588,T24,T22,2025-05-07,2025-05-21,6
TRF00066,SKU00311,DEP-CENTRAL,T25,2023-05-08,2023-05-19,50
TRF00067,SKU00228,DEP-CENTRAL,T26,2023-09-17,2023-09-26,35
TRF00068,SKU00750,DEP-CENTRAL,T12,2024-01-20,2024-02-10,42
TRF00069,SKU00696,DEP-CENTRAL,T21,2023-10-08,2023-10-26,12
TRF00070,SKU00716,T01,T28,2026-02-02,2026-02-16,7
TRF00071,SKU00716,T05,T02,2025-09-14,2025-10-05,46
TRF00072,SKU00753,DEP-CENTRAL,T18,2025-09-12,2025-10-02,22
TRF00073,SKU00122,DEP-CENTRAL,T12,2024-11-06,2024-11-10,46
TRF00074,SKU00295,T21,T20,2024-11-27,2024-12-12,47
TRF00075,SKU00107,DEP-CENTRAL,T16,2024-09-07,2024-09-26,20
TRF00076,SKU00327,DEP-CENTRAL,T23,2023-06-09,2023-06-30,12
TRF00077,SKU00277,DEP-CENTRAL,T25,2024-06-22,2024-07-12,34
TRF00078,SKU00677,T07,T22,2026-02-03,2026-02-19,37
TRF00079,SKU00690,T19,T20,2026-03-19,2026-04-04,30
TRF00080,SKU00670,DEP-CENTRAL,T13,2023-12-17,2023-12-25,32
TRF00081,SKU00054,T27,DEP-CENTRAL,2023-04-03,2023-04-22,24
TRF00082,SKU00790,DEP-CENTRAL,T21,2025-05-02,2025-05-17,6
TRF00083,SKU00510,DEP-CENTRAL,T04,2024-12-04,2024-12-21,42
TRF00084,SKU00387,T16,T06,2025-05-20,2025-06-06,59
TRF00085,SKU00162,T26,T27,2026-06-24,2026-07-06,5
TRF00086,SKU00008,DEP-CENTRAL,T21,2026-03-11,2026-03-27,19
TRF00087,SKU00594,DEP-CENTRAL,T05,2024-12-08,2024-12-17,36
TRF00088,SKU00518,DEP-CENTRAL,T13,2026-01-06,2026-01-15,15
TRF00089,SKU00506,DEP-CENTRAL,T08,2023-11-06,2023-11-17,31
TRF00090,SKU00325,DEP-CENTRAL,T25,2024-11-27,2024-12-15,3
TRF00091,SKU00312,DEP-CENTRAL,T09,2023-10-03,2023-10-12,16
TRF00092,SKU00221,T14,DEP-CENTRAL,2024-02-12,2024-02-25,26
TRF00093,SKU00232,T27,T03,2023-10-20,2023-11-09,26
TRF00094,SKU00259,DEP-CENTRAL,T26,2025-08-10,2025-08-24,50
TRF00095,SKU00220,T20,T19,2023-05-16,2023-05-19,57
TRF00096,SKU00286,DEP-CENTRAL,T18,2024-06-19,2024-06-27,14
TRF00097,SKU00617,DEP-CENTRAL,T05,2024-08-23,2024-08-31,27
TRF00098,SKU00114,DEP-CENTRAL,T09,2024-06-22,2024-07-10,51
TRF00099,SKU00164,DEP-CENTRAL,T05,2025-07-09,2025-07-27,33
TRF00100,SKU00109,DEP-CENTRAL,T11,2026-07-17,2026-07-26,52
TRF00101,SKU00639,T22,T28,2025-12-08,2025-12-29,47
TRF00102,SKU00484,DEP-CENTRAL,T28,2025-12-09,2025-12-15,20
TRF00103,SKU00687,T24,T10,2026-07-22,2026-08-03,45
TRF00104,SKU00383,T22,DEP-CENTRAL,2025-05-17,2025-06-02,18
TRF00105,SKU00574,DEP-CENTRAL,T08,2025-07-13,2025-08-01,13
TRF00106,SKU00061,DEP-CENTRAL,T19,2026-05-15,2026-05-23,38
TRF00107,SKU00077,DEP-CENTRAL,T22,2026-07-11,2026-07-14,13
TRF00108,SKU00609,T25,T28,2025-03-15,2025-03-24,6
TRF00109,SKU00143,T10,T16,2023-08-09,2023-08-30,4
TRF00110,SKU00544,DEP-CENTRAL,T01,2025-06-14,2025-06-20,54
TRF00111,SKU00248,T21,T02,2026-05-27,2026-06-05,22
TRF00112,SKU00704,DEP-CENTRAL,T21,2025-04-21,2025-05-02,51
TRF00113,SKU00127,DEP-CENTRAL,T02,2025-03-02,2025-03-17,40
TRF00114,SKU00689,DEP-CENTRAL,T21,2026-04-13,2026-04-21,36
TRF00115,SKU00320,T04,T06,2023-01-10,2023-01-17,50
TRF00116,SKU00100,DEP-CENTRAL,T13,2025-08-22,2025-09-06,35
TRF00117,SKU00365,DEP-CENTRAL,T01,2026-02-19,2026-02-23,53
TRF00118,SKU00574,T21,T13,2025-10-25,2025-11-04,44
TRF00119,SKU00737,T10,DEP-CENTRAL,2025-01-16,2025-01-31,20
TRF00120,SKU00311,DEP-CENTRAL,T03,2023-08-16,2023-08-23,20
TRF00121,SKU00677,T14,T16,2025-06-05,2025-06-25,14
TRF00122,SKU00192,T07,T06,2026-06-07,2026-06-22,32
TRF00123,SKU00707,DEP-CENTRAL,T18,2025-08-13,2025-08-30,55
TRF00124,SKU00143,DEP-CENTRAL,T24,2025-09-13,2025-09-25,18
TRF00125,SKU00038,T12,T03,2025-10-06,2025-10-20,54
TRF00126,SKU00209,T28,DEP-CENTRAL,2023-07-18,2023-07-27,52
TRF00127,SKU00432,T18,T20,2025-07-21,2025-07-30,19
TRF00128,SKU00600,DEP-CENTRAL,T08,2026-06-23,2026-07-13,22
TRF00129,SKU00192,DEP-CENTRAL,T11,2023-12-15,2023-12-29,30
TRF00130,SKU00316,DEP-CENTRAL,T10,2026-08-06,2026-08-24,37
TRF00131,SKU00234,T11,T24,2025-11-22,2025-12-12,41
TRF00132,SKU00503,DEP-CENTRAL,T11,2025-05-18,2025-06-04,20
TRF00133,SKU00778,DEP-CENTRAL,T04,2024-02-18,2024-03-05,33
TRF00134,SKU00301,DEP-CENTRAL,T22,2024-12-04,2024-12-19,57
TRF00135,SKU00662,T08,T15,2025-09-16,2025-09-20,7
TRF00136,SKU00190,DEP-CENTRAL,T11,2026-04-07,2026-04-12,17
TRF00137,SKU00004,DEP-CENTRAL,T20,2025-12-09,2025-12-22,59
TRF00138,SKU00644,DEP-CENTRAL,T22,2026-06-04,2026-06-19,53
TRF00139,SKU00623,T01,T28,2024-09-03,2024-09-14,43
TRF00140,SKU00039,T05,T04,2026-04-26,2026-05-09,26
TRF00141,SKU00771,T26,T14,2025-02-02,2025-02-21,10
TRF00142,SKU00251,DEP-CENTRAL,T19,2024-08-18,2024-09-01,28
TRF00143,SKU00411,T21,DEP-CENTRAL,2025-08-09,2025-08-14,45
TRF00144,SKU00488,T25,T16,2023-06-25,2023-07-11,57
TRF00145,SKU00271,DEP-CENTRAL,T19,2025-02-14,2025-02-18,58
TRF00146,SKU00453,T06,T19,2025-10-12,2025-10-24,35
TRF00147,SKU00404,DEP-CENTRAL,T22,2024-08-04,2024-08-23,43
TRF00148,SKU00779,DEP-CENTRAL,T23,2025-04-05,2025-04-12,38
TRF00149,SKU00609,DEP-CENTRAL,T28,2025-09-09,2025-09-28,39
TRF00150,SKU00076,T13,T08,2024-11-08,2024-11-16,23
TRF00151,SKU00348,DEP-CENTRAL,T15,2023-05-25,2023-06-10,50
TRF00152,SKU00250,DEP-CENTRAL,T02,2025-03-08,2025-03-18,14
TRF00153,SKU00449,DEP-CENTRAL,T08,2023-11-15,2023-12-05,22
TRF00154,SKU00566,DEP-CENTRAL,T12,2025-07-12,2025-07-21,6
TRF00155,SKU00619,T14,T13,2024-03-11,2024-03-24,28
TRF00156,SKU00725,T25,T06,2023-10-24,2023-10-29,7
TRF00157,SKU00026,T06,T24,2024-09-24,2024-10-15,44
TRF00158,SKU00571,T22,T20,2025-06-16,2025-07-03,37
TRF00159,SKU00407,T06,T22,2022-03-18,2022-03-23,11
TRF00160,SKU00208,T20,DEP-CENTRAL,2024-09-15,2024-09-28,14
TRF00161,SKU00685,DEP-CENTRAL,T19,2026-07-03,2026-07-14,38
TRF00162,SKU00004,DEP-CENTRAL,T28,2025-07-25,2025-08-14,24
TRF00163,SKU00521,T22,T02,2025-03-02,2025-03-05,21
TRF00164,SKU00587,DEP-CENTRAL,T23,2023-02-26,2023-03-18,46
TRF00165,SKU00723,T13,T19,2026-04-06,2026-04-18,45
TRF00166,SKU00631,T22,T20,2025-02-10,2025-02-18,8
TRF00167,SKU00506,DEP-CENTRAL,T12,2022-12-09,2022-12-14,51
TRF00168,SKU00122,DEP-CENTRAL,T11,2022-11-02,2022-11-13,28
TRF00169,SKU00112,T20,DEP-CENTRAL,2022-10-08,2022-10-29,2
TRF00170,SKU00164,DEP-CENTRAL,T12,2025-04-19,2025-04-25,51
TRF00171,SKU00143,DEP-CENTRAL,T23,2025-02-22,2025-03-09,17
TRF00172,SKU00319,T21,T08,2024-03-22,2024-04-10,28
TRF00173,SKU00039,DEP-CENTRAL,T21,2022-07-21,2022-07-28,19
TRF00174,SKU00020,DEP-CENTRAL,T13,2022-09-23,2022-09-29,31
TRF00175,SKU00071,DEP-CENTRAL,T20,2026-05-26,2026-06-10,56
TRF00176,SKU00220,T13,DEP-CENTRAL,2025-04-19,2025-05-01,10
TRF00177,SKU00557,DEP-CENTRAL,T06,2024-11-06,2024-11-24,42
TRF00178,SKU00306,DEP-CENTRAL,T08,2024-03-17,2024-04-03,47
TRF00179,SKU00415,DEP-CENTRAL,T21,2024-04-02,2024-04-13,8
TRF00180,SKU00595,DEP-CENTRAL,T02,2025-04-04,2025-04-17,16
TRF00181,SKU00533,DEP-CENTRAL,T25,2024-01-12,2024-01-16,41
TRF00182,SKU00639,DEP-CENTRAL,T07,2025-06-24,2025-07-01,38
TRF00183,SKU00673,DEP-CENTRAL,T12,2025-07-27,2025-08-01,24
TRF00184,SKU00521,T06,T07,2025-11-11,2025-11-28,57
TRF00185,SKU00510,DEP-CENTRAL,T26,2023-05-10,2023-05-13,22
TRF00186,SKU00565,T06,DEP-CENTRAL,2025-11-18,2025-11-30,21
TRF00187,SKU00537,T01,T19,2024-08-09,2024-08-19,8
TRF00188,SKU00723,DEP-CENTRAL,T27,2025-03-02,2025-03-19,38
TRF00189,SKU00572,T06,T11,2023-04-17,2023-05-01,28
TRF00190,SKU00460,DEP-CENTRAL,T12,2023-02-02,2023-02-18,13
TRF00191,SKU00282,T23,T09,2025-11-16,2025-11-29,35
TRF00192,SKU00530,DEP-CENTRAL,T23,2024-12-06,2024-12-16,29
TRF00193,SKU00653,DEP-CENTRAL,T19,2025-11-23,2025-12-11,5
TRF00194,SKU00077,T10,T27,2023-05-20,2023-05-30,3
TRF00195,SKU00792,T26,T11,2025-05-14,2025-05-22,8
TRF00196,SKU00008,DEP-CENTRAL,T12,2025-05-03,2025-05-09,2
TRF00197,SKU00748,T07,DEP-CENTRAL,2024-05-05,2024-05-09,23
TRF00198,SKU00577,DEP-CENTRAL,T11,2025-10-24,2025-11-11,56
TRF00199,SKU00195,T18,T11,2026-07-13,2026-07-29,29
TRF00200,SKU00528,DEP-CENTRAL,T20,2026-07-14,2026-08-02,11
TRF00201,SKU00651,DEP-CENTRAL,T23,2026-06-18,2026-07-03,26
TRF00202,SKU00690,T14,T11,2026-05-07,2026-05-28,3
TRF00203,SKU00287,T03,T15,2025-07-21,2025-07-28,39
TRF00204,SKU00673,DEP-CENTRAL,T24,2024-09-07,2024-09-20,28
TRF00205,SKU00081,DEP-CENTRAL,T04,2025-09-20,2025-10-06,23
TRF00206,SKU00768,DEP-CENTRAL,T18,2025-02-12,2025-02-26,8
TRF00207,SKU00610,DEP-CENTRAL,T28,2025-03-10,2025-03-23,15
TRF00208,SKU00593,DEP-CENTRAL,T12,2024-01-08,2024-01-15,45
TRF00209,SKU00757,DEP-CENTRAL,T02,2024-01-02,2024-01-11,53
TRF00210,SKU00503,T14,DEP-CENTRAL,2026-01-25,2026-02-09,18
TRF00211,SKU00307,T23,T17,2023-02-06,2023-02-26,49
TRF00212,SKU00761,T26,T14,2026-06-11,2026-06-28,56
TRF00213,SKU00045,DEP-CENTRAL,T23,2024-09-07,2024-09-25,25
TRF00214,SKU00611,DEP-CENTRAL,T11,2025-07-17,2025-07-25,5
TRF00215,SKU00433,DEP-CENTRAL,T17,2025-07-12,2025-07-31,50
TRF00216,SKU00331,T19,T21,2026-03-09,2026-03-18,12
TRF00217,SKU00433,T14,DEP-CENTRAL,2026-04-25,2026-05-14,57
TRF00218,SKU00317,T06,T07,2025-09-02,2025-09-21,22
TRF00219,SKU00001,DEP-CENTRAL,T18,2024-02-02,2024-02-15,30
TRF00220,SKU00240,DEP-CENTRAL,T20,2022-10-15,2022-10-31,40
TRF00221,SKU00398,DEP-CENTRAL,T01,2026-06-08,2026-06-12,24
TRF00222,SKU00331,DEP-CENTRAL,T19,2025-12-06,2025-12-27,2
TRF00223,SKU00758,DEP-CENTRAL,T04,2022-10-27,2022-11-04,14
TRF00224,SKU00439,T04,DEP-CENTRAL,2022-12-20,2023-01-02,28
TRF00225,SKU00793,DEP-CENTRAL,T16,2026-02-05,2026-02-20,13
TRF00226,SKU00547,T21,T06,2026-04-23,2026-05-02,6
TRF00227,SKU00437,DEP-CENTRAL,T27,2025-11-27,2025-12-11,42
TRF00228,SKU00447,T09,DEP-CENTRAL,2024-08-08,2024-08-13,38
TRF00229,SKU00660,T10,T23,2022-12-27,2023-01-10,12
TRF00230,SKU00625,DEP-CENTRAL,T02,2026-08-16,2026-09-05,49
TRF00231,SKU00662,T23,T06,2025-08-23,2025-09-12,39
TRF00232,SKU00637,T13,T07,2025-04-09,2025-04-15,43
TRF00233,SKU00662,T07,DEP-CENTRAL,2024-08-06,2024-08-18,43
TRF00234,SKU00260,DEP-CENTRAL,T22,2023-11-26,2023-12-08,45
TRF00235,SKU00701,T23,T01,2026-07-15,2026-07-28,39
TRF00236,SKU00220,T09,T12,2024-02-20,2024-03-08,16
TRF00237,SKU00657,DEP-CENTRAL,T25,2025-12-07,2025-12-15,36
TRF00238,SKU00006,DEP-CENTRAL,T05,2023-09-24,2023-10-09,21
TRF00239,SKU00276,T01,T28,2026-07-13,2026-07-17,21
TRF00240,SKU00447,DEP-CENTRAL,T13,2025-03-15,2025-03-18,11
TRF00241,SKU00026,DEP-CENTRAL,T17,2024-07-26,2024-08-11,5
TRF00242,SKU00109,T17,T13,2026-03-20,2026-04-03,7
TRF00243,SKU00377,T18,DEP-CENTRAL,2024-09-13,2024-09-24,25
TRF00244,SKU00295,DEP-CENTRAL,T23,2024-12-04,2024-12-23,53
TRF00245,SKU00295,DEP-CENTRAL,T22,2026-03-05,2026-03-22,7
TRF00246,SKU00130,DEP-CENTRAL,T27,2025-06-23,2025-06-28,37
TRF00247,SKU00650,DEP-CENTRAL,T19,2024-06-27,2024-07-13,52
TRF00248,SKU00549,DEP-CENTRAL,T13,2024-05-18,2024-06-06,31
TRF00249,SKU00378,T28,DEP-CENTRAL,2024-09-04,2024-09-10,36
TRF00250,SKU00777,DEP-CENTRAL,T18,2022-05-18,2022-05-22,48
TRF00251,SKU00477,DEP-CENTRAL,T14,2025-02-15,2025-02-20,41
TRF00252,SKU00236,DEP-CENTRAL,T18,2025-04-27,2025-05-06,33
TRF00253,SKU00593,DEP-CENTRAL,T15,2025-05-21,2025-06-02,28
TRF00254,SKU00201,DEP-CENTRAL,T10,2023-04-22,2023-05-01,18
TRF00255,SKU00204,DEP-CENTRAL,T24,2024-08-19,2024-08-28,19
TRF00256,SKU00668,DEP-CENTRAL,T10,2023-12-22,2024-01-06,12
TRF00257,SKU00768,DEP-CENTRAL,T27,2024-06-19,2024-06-25,40
TRF00258,SKU00591,T01,DEP-CENTRAL,2026-07-22,2026-08-05,45
TRF00259,SKU00021,DEP-CENTRAL,T23,2022-04-17,2022-05-02,35
TRF00260,SKU00058,DEP-CENTRAL,T05,2025-05-12,2025-05-27,56
TRF00261,SKU00413,DEP-CENTRAL,T22,2026-02-15,2026-02-23,13
TRF00262,SKU00124,T18,T09,2024-12-24,2024-12-27,49
TRF00263,SKU00015,T02,T08,2024-05-07,2024-05-23,3
TRF00264,SKU00629,DEP-CENTRAL,T25,2026-07-12,2026-07-30,12
TRF00265,SKU00416,T24,T09,2024-01-16,2024-01-20,57
TRF00266,SKU00055,T19,T09,2026-04-17,2026-05-07,48
TRF00267,SKU00383,DEP-CENTRAL,T16,2025-03-19,2025-04-06,57
TRF00268,SKU00132,T05,T19,2024-08-18,2024-09-07,12
TRF00269,SKU00524,T19,T16,2024-10-06,2024-10-15,14
TRF00270,SKU00259,DEP-CENTRAL,T23,2024-06-21,2024-06-27,45
TRF00271,SKU00058,T01,DEP-CENTRAL,2024-09-03,2024-09-15,14
TRF00272,SKU00587,T27,T18,2023-06-26,2023-07-12,18
TRF00273,SKU00312,T01,DEP-CENTRAL,2023-02-02,2023-02-06,11
TRF00274,SKU00732,T28,T01,2025-08-12,2025-08-22,19
TRF00275,SKU00794,T14,T27,2024-02-20,2024-02-28,59
TRF00276,SKU00008,DEP-CENTRAL,T16,2026-04-21,2026-05-05,5
TRF00277,SKU00463,T07,T10,2024-11-11,2024-11-26,14
TRF00278,SKU00415,T20,T08,2024-10-25,2024-11-07,41
TRF00279,SKU00651,T21,T11,2025-10-20,2025-10-24,48
TRF00280,SKU00690,DEP-CENTRAL,T08,2026-04-13,2026-04-16,34
TRF00281,SKU00146,T08,DEP-CENTRAL,2023-10-18,2023-11-01,11
TRF00282,SKU00346,DEP-CENTRAL,T12,2025-05-16,2025-06-02,36
TRF00283,SKU00227,T26,T12,2025-09-23,2025-10-08,36
TRF00284,SKU00577,DEP-CENTRAL,T24,2024-05-04,2024-05-07,36
TRF00285,SKU00582,DEP-CENTRAL,T11,2024-12-10,2024-12-13,25
TRF00286,SKU00138,DEP-CENTRAL,T02,2025-10-13,2025-10-27,53
TRF00287,SKU00222,DEP-CENTRAL,T03,2026-03-11,2026-03-21,45
TRF00288,SKU00618,DEP-CENTRAL,T17,2025-01-27,2025-02-02,33
TRF00289,SKU00557,DEP-CENTRAL,T01,2025-09-08,2025-09-23,22
TRF00290,SKU00103,DEP-CENTRAL,T22,2023-03-13,2023-03-29,50
TRF00291,SKU00182,DEP-CENTRAL,T22,2023-03-11,2023-03-25,7
TRF00292,SKU00426,T25,T05,2024-02-12,2024-02-21,16
TRF00293,SKU00196,DEP-CENTRAL,T04,2025-06-06,2025-06-14,44
TRF00294,SKU00683,T17,DEP-CENTRAL,2025-07-09,2025-07-23,11
TRF00295,SKU00703,DEP-CENTRAL,T27,2023-05-23,2023-05-29,17
TRF00296,SKU00330,T13,T05,2026-04-22,2026-05-06,24
TRF00297,SKU00196,DEP-CENTRAL,T02,2024-05-25,2024-06-09,30
TRF00298,SKU00661,DEP-CENTRAL,T20,2024-06-14,2024-07-02,51
TRF00299,SKU00019,T07,T19,2024-01-24,2024-02-03,12
TRF00300,SKU00764,DEP-CENTRAL,T14,2025-01-27,2025-02-02,57
TRF00301,SKU00697,T07,T20,2025-10-04,2025-10-17,53
TRF00302,SKU00296,DEP-CENTRAL,T04,2023-10-08,2023-10-15,27
TRF00303,SKU00752,T26,T25,2024-10-18,2024-11-07,38
TRF00304,SKU00493,T12,T25,2025-07-14,2025-07-19,10
TRF00305,SKU00628,T18,T08,2023-12-21,2024-01-04,18
TRF00306,SKU00678,DEP-CENTRAL,T15,2024-11-07,2024-11-28,27
TRF00307,SKU00460,DEP-CENTRAL,T24,2022-11-09,2022-11-23,36
TRF00308,SKU00565,T07,DEP-CENTRAL,2026-06-12,2026-06-29,13
TRF00309,SKU00607,DEP-CENTRAL,T10,2025-02-10,2025-03-01,25
TRF00310,SKU00730,DEP-CENTRAL,T14,2023-05-25,2023-05-28,50
TRF00311,SKU00601,T15,T08,2026-04-27,2026-05-05,42
TRF00312,SKU00025,DEP-CENTRAL,T13,2025-03-04,2025-03-16,53
TRF00313,SKU00222,DEP-CENTRAL,T20,2023-11-09,2023-11-24,28
TRF00314,SKU00789,DEP-CENTRAL,T22,2023-02-07,2023-02-19,13
TRF00315,SKU00122,T28,DEP-CENTRAL,2025-11-14,2025-11-17,35
TRF00316,SKU00061,DEP-CENTRAL,T17,2025-10-02,2025-10-15,44
TRF00317,SKU00690,T05,T06,2024-09-16,2024-10-01,4
TRF00318,SKU00569,DEP-CENTRAL,T01,2025-12-25,2026-01-01,47
TRF00319,SKU00751,T26,T16,2024-03-06,2024-03-19,8
TRF00320,SKU00447,DEP-CENTRAL,T07,2025-07-25,2025-08-15,17
TRF00321,SKU00013,DEP-CENTRAL,T08,2023-06-03,2023-06-11,56
TRF00322,SKU00644,DEP-CENTRAL,T12,2026-02-18,2026-02-25,49
TRF00323,SKU00646,T18,T07,2025-12-20,2025-12-23,28
TRF00324,SKU00155,T01,T27,2023-03-22,2023-04-05,28
TRF00325,SKU00394,T22,DEP-CENTRAL,2025-02-12,2025-03-05,24
TRF00326,SKU00734,T01,DEP-CENTRAL,2023-02-26,2023-03-05,46
TRF00327,SKU00735,DEP-CENTRAL,T19,2023-12-20,2024-01-08,12
TRF00328,SKU00703,DEP-CENTRAL,T27,2026-06-11,2026-06-26,38
TRF00329,SKU00384,DEP-CENTRAL,T12,2026-05-12,2026-05-26,19
TRF00330,SKU00320,T13,T14,2025-07-17,2025-07-31,20
TRF00331,SKU00664,DEP-CENTRAL,T07,2025-07-03,2025-07-15,55
TRF00332,SKU00548,DEP-CENTRAL,T02,2024-04-23,2024-05-09,9
TRF00333,SKU00793,DEP-CENTRAL,T05,2026-05-26,2026-06-10,40
TRF00334,SKU00785,T04,T27,2025-07-27,2025-08-03,7
TRF00335,SKU00354,T02,T23,2025-12-15,2025-12-24,22
TRF00336,SKU00393,DEP-CENTRAL,T19,2026-07-07,2026-07-11,30
TRF00337,SKU00122,T11,T08,2024-06-24,2024-06-27,24
TRF00338,SKU00051,DEP-CENTRAL,T09,2025-12-02,2025-12-20,44
TRF00339,SKU00475,T19,T10,2024-02-11,2024-02-23,47
TRF00340,SKU00481,T20,T13,2025-01-15,2025-02-05,57
TRF00341,SKU00365,DEP-CENTRAL,T13,2024-06-21,2024-07-12,36
TRF00342,SKU00162,T20,T17,2024-04-03,2024-04-15,2
TRF00343,SKU00577,T04,T24,2024-06-19,2024-06-30,5
TRF00344,SKU00680,DEP-CENTRAL,T03,2023-11-19,2023-11-25,56
TRF00345,SKU00162,T04,T11,2024-12-21,2024-12-31,18
TRF00346,SKU00061,DEP-CENTRAL,T15,2024-09-02,2024-09-21,38
TRF00347,SKU00259,T18,DEP-CENTRAL,2025-07-04,2025-07-08,9
TRF00348,SKU00019,T08,T28,2023-06-23,2023-06-27,17
TRF00349,SKU00204,DEP-CENTRAL,T25,2026-07-04,2026-07-24,39
TRF00350,SKU00347,T07,T13,2026-07-07,2026-07-12,24
TRF00351,SKU00417,T12,T08,2026-08-27,2026-08-30,47
TRF00352,SKU00768,T04,T18,2024-07-26,2024-08-08,59
TRF00353,SKU00518,DEP-CENTRAL,T22,2026-05-14,2026-06-04,26
TRF00354,SKU00513,DEP-CENTRAL,T27,2024-08-21,2024-09-05,43
TRF00355,SKU00520,DEP-CENTRAL,T09,2022-12-04,2022-12-12,3
TRF00356,SKU00141,T18,DEP-CENTRAL,2024-03-22,2024-04-04,49
TRF00357,SKU00296,T24,DEP-CENTRAL,2023-10-04,2023-10-23,38
TRF00358,SKU00603,T26,T21,2025-08-27,2025-09-04,8
TRF00359,SKU00632,DEP-CENTRAL,T05,2024-05-02,2024-05-22,39
TRF00360,SKU00629,DEP-CENTRAL,T28,2025-08-18,2025-08-30,59
TRF00361,SKU00618,DEP-CENTRAL,T13,2023-10-04,2023-10-20,10
TRF00362,SKU00228,DEP-CENTRAL,T25,2023-02-24,2023-03-04,7
TRF00363,SKU00004,T26,T16,2024-12-03,2024-12-10,43
TRF00364,SKU00697,T24,T04,2025-10-05,2025-10-22,8
TRF00365,SKU00150,T08,T03,2026-02-06,2026-02-24,51
TRF00366,SKU00581,T04,DEP-CENTRAL,2025-01-20,2025-02-06,29
TRF00367,SKU00656,DEP-CENTRAL,T28,2025-03-13,2025-03-22,14
TRF00368,SKU00034,DEP-CENTRAL,T13,2025-02-14,2025-02-27,33
TRF00369,SKU00657,DEP-CENTRAL,T07,2025-09-23,2025-10-04,45
TRF00370,SKU00016,T09,T02,2024-11-19,2024-11-30,18
TRF00371,SKU00768,T23,DEP-CENTRAL,2024-04-13,2024-04-25,2
TRF00372,SKU00790,DEP-CENTRAL,T04,2025-10-22,2025-10-26,52
TRF00373,SKU00511,DEP-CENTRAL,T23,2025-01-04,2025-01-10,37
TRF00374,SKU00541,DEP-CENTRAL,T15,2025-08-26,2025-09-03,37
TRF00375,SKU00076,DEP-CENTRAL,T07,2026-01-15,2026-01-22,32
TRF00376,SKU00477,DEP-CENTRAL,T13,2023-03-25,2023-04-14,53
TRF00377,SKU00098,T19,T26,2026-02-10,2026-02-19,42
TRF00378,SKU00616,DEP-CENTRAL,T28,2026-03-15,2026-03-30,46
TRF00379,SKU00343,T25,T10,2026-08-24,2026-09-04,24
TRF00380,SKU00647,DEP-CENTRAL,T14,2024-03-14,2024-03-19,43
TRF00381,SKU00015,DEP-CENTRAL,T04,2026-01-25,2026-02-05,6
TRF00382,SKU00035,DEP-CENTRAL,T04,2026-06-16,2026-07-07,55
TRF00383,SKU00698,T12,T26,2024-11-26,2024-12-10,55
TRF00384,SKU00743,T02,DEP-CENTRAL,2025-08-26,2025-09-10,12
TRF00385,SKU00063,DEP-CENTRAL,T26,2024-04-19,2024-05-06,3
TRF00386,SKU00697,T04,T25,2025-08-24,2025-09-01,38
TRF00387,SKU00574,DEP-CENTRAL,T01,2025-10-04,2025-10-25,5
TRF00388,SKU00776,DEP-CENTRAL,T13,2023-03-14,2023-04-04,46
TRF00389,SKU00173,DEP-CENTRAL,T11,2026-02-21,2026-03-03,8
TRF00390,SKU00566,DEP-CENTRAL,T22,2023-10-07,2023-10-23,32
TRF00391,SKU00799,DEP-CENTRAL,T24,2026-04-06,2026-04-11,59
TRF00392,SKU00365,T17,T26,2023-01-10,2023-01-30,44
TRF00393,SKU00455,T08,T10,2024-02-14,2024-02-20,52
TRF00394,SKU00061,T03,T18,2023-10-10,2023-10-26,42
TRF00395,SKU00206,T20,T18,2025-04-13,2025-04-28,10
TRF00396,SKU00392,DEP-CENTRAL,T25,2025-12-17,2026-01-05,30
TRF00397,SKU00054,T15,T25,2022-09-17,2022-09-26,16
TRF00398,SKU00645,T21,T05,2025-11-08,2025-11-18,2
TRF00399,SKU00586,DEP-CENTRAL,T25,2024-11-03,2024-11-21,53
TRF00400,SKU00260,DEP-CENTRAL,T17,2026-02-22,2026-03-15,4
TRF00401,SKU00528,T16,T06,2024-04-12,2024-04-24,46
TRF00402,SKU00191,DEP-CENTRAL,T24,2023-07-12,2023-08-01,46
TRF00403,SKU00070,DEP-CENTRAL,T18,2025-07-25,2025-07-31,3
TRF00404,SKU00703,DEP-CENTRAL,T02,2025-09-10,2025-09-19,38
TRF00405,SKU00683,T14,T10,2026-05-16,2026-06-02,39
TRF00406,SKU00637,T21,T26,2025-01-21,2025-01-27,46
TRF00407,SKU00207,T15,T07,2022-12-04,2022-12-10,11
TRF00408,SKU00511,DEP-CENTRAL,T16,2024-11-03,2024-11-06,17
TRF00409,SKU00114,T10,T01,2023-03-13,2023-03-17,19
TRF00410,SKU00026,DEP-CENTRAL,T11,2024-11-16,2024-12-05,43
TRF00411,SKU00298,T03,T18,2024-03-18,2024-03-23,14
TRF00412,SKU00144,DEP-CENTRAL,T15,2025-04-12,2025-04-20,5
TRF00413,SKU00093,T24,T12,2023-11-11,2023-12-02,56
TRF00414,SKU00289,DEP-CENTRAL,T01,2022-05-11,2022-05-21,18
TRF00415,SKU00407,DEP-CENTRAL,T16,2022-05-16,2022-05-21,9
TRF00416,SKU00074,DEP-CENTRAL,T12,2023-09-26,2023-09-30,17
TRF00417,SKU00013,DEP-CENTRAL,T08,2023-08-11,2023-08-19,12
TRF00418,SKU00322,T21,T24,2026-08-13,2026-09-02,24
TRF00419,SKU00700,T01,T27,2025-09-24,2025-10-05,9
TRF00420,SKU00649,T24,T23,2023-12-10,2023-12-25,6
TRF00421,SKU00199,DEP-CENTRAL,T20,2026-07-16,2026-07-25,41
TRF00422,SKU00417,T22,T06,2026-03-02,2026-03-20,17
TRF00423,SKU00372,DEP-CENTRAL,T16,2026-01-02,2026-01-22,51
TRF00424,SKU00336,T25,T19,2025-08-03,2025-08-15,54
TRF00425,SKU00626,DEP-CENTRAL,T12,2025-01-27,2025-02-10,43
TRF00426,SKU00702,T07,DEP-CENTRAL,2025-12-18,2026-01-01,26
TRF00427,SKU00354,T11,DEP-CENTRAL,2024-09-12,2024-09-24,34
TRF00428,SKU00204,DEP-CENTRAL,T24,2023-08-25,2023-09-04,35
TRF00429,SKU00155,DEP-CENTRAL,T05,2025-12-07,2025-12-22,10
TRF00430,SKU00114,T04,T07,2023-02-11,2023-03-01,3
TRF00431,SKU00422,T20,T28,2024-08-05,2024-08-24,22
TRF00432,SKU00367,T07,T19,2025-01-26,2025-02-08,48
TRF00433,SKU00251,DEP-CENTRAL,T02,2024-05-06,2024-05-09,20
TRF00434,SKU00683,DEP-CENTRAL,T19,2026-01-06,2026-01-20,15
TRF00435,SKU00065,T03,T28,2026-06-05,2026-06-13,42
TRF00436,SKU00722,DEP-CENTRAL,T19,2023-10-16,2023-11-01,55
TRF00437,SKU00422,T27,T08,2026-02-20,2026-03-05,24
TRF00438,SKU00635,T24,T23,2023-12-27,2024-01-14,26
TRF00439,SKU00743,T17,T23,2023-08-23,2023-09-06,43
TRF00440,SKU00220,T01,DEP-CENTRAL,2023-01-06,2023-01-16,22
TRF00441,SKU00039,DEP-CENTRAL,T17,2022-12-08,2022-12-18,17
TRF00442,SKU00410,DEP-CENTRAL,T14,2024-01-05,2024-01-15,13
TRF00443,SKU00697,DEP-CENTRAL,T26,2025-03-26,2025-04-08,4
TRF00444,SKU00040,T05,T28,2022-10-09,2022-10-16,32
TRF00445,SKU00703,DEP-CENTRAL,T15,2023-09-27,2023-10-05,35
TRF00446,SKU00136,DEP-CENTRAL,T11,2024-06-26,2024-07-13,34
TRF00447,SKU00077,DEP-CENTRAL,T22,2025-07-17,2025-07-24,45
TRF00448,SKU00749,DEP-CENTRAL,T06,2025-10-06,2025-10-14,57
TRF00449,SKU00759,DEP-CENTRAL,T02,2023-08-24,2023-08-28,20
TRF00450,SKU00076,DEP-CENTRAL,T02,2023-07-11,2023-07-21,22
TRF00451,SKU00716,T05,DEP-CENTRAL,2024-10-03,2024-10-13,58
TRF00452,SKU00331,DEP-CENTRAL,T14,2024-06-22,2024-07-03,32
TRF00453,SKU00061,DEP-CENTRAL,T23,2024-08-09,2024-08-19,46
TRF00454,SKU00256,T12,T01,2026-08-16,2026-09-04,26
TRF00455,SKU00143,DEP-CENTRAL,T19,2025-03-22,2025-04-10,36
TRF00456,SKU00110,T28,T24,2023-06-14,2023-06-18,29
TRF00457,SKU00674,DEP-CENTRAL,T19,2026-04-26,2026-05-16,35
TRF00458,SKU00619,DEP-CENTRAL,T19,2023-08-16,2023-08-30,33
TRF00459,SKU00146,DEP-CENTRAL,T27,2022-11-08,2022-11-14,41
TRF00460,SKU00043,DEP-CENTRAL,T10,2025-11-09,2025-11-22,41
TRF00461,SKU00444,DEP-CENTRAL,T08,2024-10-13,2024-10-17,21
TRF00462,SKU00363,T17,T22,2024-11-06,2024-11-19,3
TRF00463,SKU00034,T07,T26,2025-06-26,2025-07-06,30
TRF00464,SKU00746,DEP-CENTRAL,T24,2026-02-18,2026-03-06,50
TRF00465,SKU00053,T23,T07,2023-03-13,2023-03-17,41
TRF00466,SKU00230,T02,DEP-CENTRAL,2025-02-23,2025-03-14,13
TRF00467,SKU00364,DEP-CENTRAL,T03,2022-12-26,2023-01-01,53
TRF00468,SKU00656,DEP-CENTRAL,T15,2024-01-23,2024-01-29,46
TRF00469,SKU00714,T23,T01,2025-08-14,2025-08-23,18
TRF00470,SKU00473,T20,T06,2026-03-16,2026-04-03,23
TRF00471,SKU00104,DEP-CENTRAL,T14,2026-02-05,2026-02-19,56
TRF00472,SKU00449,DEP-CENTRAL,T08,2023-11-06,2023-11-26,31
TRF00473,SKU00104,DEP-CENTRAL,T24,2026-01-12,2026-01-23,24
TRF00474,SKU00249,DEP-CENTRAL,T08,2025-06-04,2025-06-24,40
TRF00475,SKU00737,DEP-CENTRAL,T25,2025-12-18,2026-01-01,51
TRF00476,SKU00004,DEP-CENTRAL,T13,2024-09-05,2024-09-12,40
TRF00477,SKU00046,DEP-CENTRAL,T04,2025-08-10,2025-08-26,47
TRF00478,SKU00639,T10,T19,2025-08-18,2025-09-07,50
TRF00479,SKU00449,DEP-CENTRAL,T13,2023-08-07,2023-08-28,54
TRF00480,SKU00761,T17,T27,2026-02-17,2026-03-02,25
TRF00481,SKU00455,T23,T27,2024-07-22,2024-07-25,17
TRF00482,SKU00008,T09,T28,2025-05-25,2025-05-28,30
TRF00483,SKU00008,T17,T15,2026-02-24,2026-03-12,30
TRF00484,SKU00376,DEP-CENTRAL,T06,2026-05-23,2026-06-09,41
TRF00485,SKU00179,DEP-CENTRAL,T09,2025-10-09,2025-10-30,12
TRF00486,SKU00327,T12,T18,2025-02-10,2025-03-02,27
TRF00487,SKU00764,DEP-CENTRAL,T20,2025-07-03,2025-07-23,28
TRF00488,SKU00574,DEP-CENTRAL,T26,2026-08-18,2026-09-02,23
TRF00489,SKU00589,T08,T22,2025-06-04,2025-06-12,58
TRF00490,SKU00750,DEP-CENTRAL,T22,2025-05-26,2025-06-11,46
TRF00491,SKU00433,DEP-CENTRAL,T02,2025-08-22,2025-09-12,23
TRF00492,SKU00109,DEP-CENTRAL,T14,2022-02-27,2022-03-17,55
TRF00493,SKU00718,T03,T15,2023-09-04,2023-09-08,27
TRF00494,SKU00646,DEP-CENTRAL,T10,2025-11-10,2025-11-28,44
TRF00495,SKU00359,DEP-CENTRAL,T16,2023-07-17,2023-08-02,7
TRF00496,SKU00054,DEP-CENTRAL,T26,2025-09-20,2025-10-05,24
TRF00497,SKU00679,T28,T25,2024-05-19,2024-06-09,17
TRF00498,SKU00250,T06,T05,2025-12-17,2025-12-28,53
TRF00499,SKU00750,DEP-CENTRAL,T26,2022-02-26,2022-03-08,45
TRF00500,SKU00354,DEP-CENTRAL,T13,2025-07-15,2025-07-26,58
TRF00501,SKU00655,DEP-CENTRAL,T22,2025-08-19,2025-08-27,34
TRF00502,SKU00002,DEP-CENTRAL,T09,2026-07-16,2026-07-22,26
TRF00503,SKU00537,DEP-CENTRAL,T15,2025-09-17,2025-10-02,53
TRF00504,SKU00773,T24,T19,2022-10-08,2022-10-28,35
TRF00505,SKU00780,DEP-CENTRAL,T17,2026-03-24,2026-04-05,49
TRF00506,SKU00361,DEP-CENTRAL,T06,2023-09-13,2023-09-24,42
TRF00507,SKU00159,DEP-CENTRAL,T04,2024-03-09,2024-03-14,19
TRF00508,SKU00710,T21,T06,2026-01-25,2026-02-15,40
TRF00509,SKU00201,T11,DEP-CENTRAL,2024-03-24,2024-04-02,21
TRF00510,SKU00340,T15,DEP-CENTRAL,2025-10-07,2025-10-25,59
TRF00511,SKU00434,T20,T23,2025-12-18,2025-12-29,3
TRF00512,SKU00540,DEP-CENTRAL,T28,2026-04-25,2026-05-03,47
TRF00513,SKU00777,DEP-CENTRAL,T19,2024-03-19,2024-03-29,55
TRF00514,SKU00335,DEP-CENTRAL,T05,2025-10-24,2025-11-02,44
TRF00515,SKU00125,T13,DEP-CENTRAL,2022-03-17,2022-03-28,34
TRF00516,SKU00437,DEP-CENTRAL,T24,2026-08-21,2026-09-04,12
TRF00517,SKU00732,DEP-CENTRAL,T14,2022-11-15,2022-11-29,21
TRF00518,SKU00220,DEP-CENTRAL,T26,2025-06-07,2025-06-16,35
TRF00519,SKU00052,T20,DEP-CENTRAL,2025-03-21,2025-04-09,53
TRF00520,SKU00747,T04,T27,2024-06-25,2024-07-02,33
TRF00521,SKU00722,T19,T11,2025-06-17,2025-06-23,15
TRF00522,SKU00703,DEP-CENTRAL,T10,2023-06-23,2023-06-28,29
TRF00523,SKU00313,T10,DEP-CENTRAL,2026-04-12,2026-04-30,5
TRF00524,SKU00509,T05,T28,2025-02-02,2025-02-16,3
TRF00525,SKU00015,DEP-CENTRAL,T10,2024-05-27,2024-06-10,35
TRF00526,SKU00516,DEP-CENTRAL,T02,2024-08-03,2024-08-24,19
TRF00527,SKU00722,T11,DEP-CENTRAL,2023-08-13,2023-08-28,17
TRF00528,SKU00572,T28,DEP-CENTRAL,2024-12-11,2024-12-28,6
TRF00529,SKU00351,DEP-CENTRAL,T06,2025-05-13,2025-05-16,5
TRF00530,SKU00538,T18,DEP-CENTRAL,2024-12-19,2024-12-27,45
TRF00531,SKU00413,T27,DEP-CENTRAL,2024-05-10,2024-05-24,17
TRF00532,SKU00388,DEP-CENTRAL,T02,2026-07-16,2026-07-25,45
TRF00533,SKU00047,T04,T12,2025-04-04,2025-04-10,15
TRF00534,SKU00688,DEP-CENTRAL,T16,2026-05-21,2026-05-30,32
TRF00535,SKU00546,T11,T07,2025-11-12,2025-11-21,31
TRF00536,SKU00240,DEP-CENTRAL,T20,2025-07-21,2025-07-25,11
TRF00537,SKU00454,T08,DEP-CENTRAL,2025-03-16,2025-03-24,53
TRF00538,SKU00215,T15,DEP-CENTRAL,2025-07-26,2025-08-13,3
TRF00539,SKU00192,T26,DEP-CENTRAL,2023-10-03,2023-10-24,19
TRF00540,SKU00725,T25,T03,2022-11-19,2022-12-10,45
TRF00541,SKU00383,DEP-CENTRAL,T22,2026-07-03,2026-07-13,13
TRF00542,SKU00463,DEP-CENTRAL,T03,2024-10-08,2024-10-14,33
TRF00543,SKU00281,DEP-CENTRAL,T26,2023-03-12,2023-03-27,4
TRF00544,SKU00356,T14,DEP-CENTRAL,2026-01-14,2026-01-28,44
TRF00545,SKU00243,DEP-CENTRAL,T13,2026-03-21,2026-04-01,5
TRF00546,SKU00753,DEP-CENTRAL,T19,2026-08-21,2026-08-27,50
TRF00547,SKU00162,DEP-CENTRAL,T01,2025-11-14,2025-11-17,3
TRF00548,SKU00159,DEP-CENTRAL,T24,2024-06-27,2024-07-13,42
TRF00549,SKU00157,T15,DEP-CENTRAL,2022-10-15,2022-10-24,4
TRF00550,SKU00473,T07,T23,2026-03-09,2026-03-14,11
TRF00551,SKU00541,DEP-CENTRAL,T18,2023-05-04,2023-05-16,38
TRF00552,SKU00617,DEP-CENTRAL,T09,2023-08-02,2023-08-07,21
TRF00553,SKU00337,T18,T06,2025-04-23,2025-05-14,53
TRF00554,SKU00625,DEP-CENTRAL,T22,2024-11-14,2024-11-26,22
TRF00555,SKU00546,T08,DEP-CENTRAL,2025-11-18,2025-12-07,36
TRF00556,SKU00109,T15,DEP-CENTRAL,2024-02-07,2024-02-14,19
TRF00557,SKU00276,DEP-CENTRAL,T15,2026-03-07,2026-03-15,36
TRF00558,SKU00078,T07,DEP-CENTRAL,2024-03-13,2024-04-03,42
TRF00559,SKU00780,DEP-CENTRAL,T28,2025-08-11,2025-08-23,24
TRF00560,SKU00732,DEP-CENTRAL,T05,2023-05-08,2023-05-20,33
TRF00561,SKU00241,T21,T17,2025-02-12,2025-03-01,18
TRF00562,SKU00724,T12,DEP-CENTRAL,2026-06-16,2026-07-01,54
TRF00563,SKU00339,T02,T05,2026-01-04,2026-01-10,32
TRF00564,SKU00726,T15,T28,2024-02-14,2024-02-21,47
TRF00565,SKU00252,T28,DEP-CENTRAL,2023-06-21,2023-07-10,34
TRF00566,SKU00789,T05,T28,2023-07-25,2023-08-08,52
TRF00567,SKU00693,T07,T14,2025-09-02,2025-09-14,35
TRF00568,SKU00718,T05,T01,2025-10-15,2025-10-23,18
TRF00569,SKU00414,DEP-CENTRAL,T09,2025-06-16,2025-07-07,44
TRF00570,SKU00781,DEP-CENTRAL,T10,2025-04-11,2025-04-15,45
TRF00571,SKU00025,DEP-CENTRAL,T27,2026-05-09,2026-05-14,8
TRF00572,SKU00523,T27,T04,2025-05-07,2025-05-12,11
TRF00573,SKU00452,T08,DEP-CENTRAL,2023-05-02,2023-05-22,55
TRF00574,SKU00366,DEP-CENTRAL,T13,2023-09-16,2023-09-24,23
TRF00575,SKU00524,DEP-CENTRAL,T27,2023-09-02,2023-09-16,32
TRF00576,SKU00502,T21,T10,2023-11-03,2023-11-21,43
TRF00577,SKU00101,T23,T16,2026-05-04,2026-05-21,29
TRF00578,SKU00760,DEP-CENTRAL,T10,2026-04-15,2026-05-04,29
TRF00579,SKU00187,T12,T03,2026-01-07,2026-01-21,14
TRF00580,SKU00259,DEP-CENTRAL,T25,2023-11-20,2023-12-03,28
TRF00581,SKU00093,DEP-CENTRAL,T17,2024-12-17,2024-12-20,18
TRF00582,SKU00077,DEP-CENTRAL,T20,2023-08-11,2023-08-17,42
TRF00583,SKU00132,DEP-CENTRAL,T15,2025-09-24,2025-10-13,13
TRF00584,SKU00768,T24,T12,2025-05-08,2025-05-23,56
TRF00585,SKU00289,T17,T27,2026-02-15,2026-02-23,5
TRF00586,SKU00349,DEP-CENTRAL,T19,2023-10-20,2023-11-03,17
TRF00587,SKU00075,T20,T06,2024-07-21,2024-08-06,45
TRF00588,SKU00166,DEP-CENTRAL,T24,2024-09-02,2024-09-12,45
TRF00589,SKU00478,DEP-CENTRAL,T27,2024-03-23,2024-03-31,35
TRF00590,SKU00063,DEP-CENTRAL,T25,2026-04-08,2026-04-12,47
TRF00591,SKU00208,DEP-CENTRAL,T25,2025-02-04,2025-02-09,30
TRF00592,SKU00796,DEP-CENTRAL,T22,2026-07-24,2026-08-05,55
TRF00593,SKU00251,DEP-CENTRAL,T18,2024-01-11,2024-01-27,58
TRF00594,SKU00213,DEP-CENTRAL,T18,2024-09-18,2024-10-08,27
TRF00595,SKU00732,DEP-CENTRAL,T24,2024-12-25,2025-01-10,22
TRF00596,SKU00121,T23,T01,2023-07-13,2023-07-18,58
TRF00597,SKU00642,T21,T16,2024-05-08,2024-05-26,54
TRF00598,SKU00460,DEP-CENTRAL,T20,2026-03-10,2026-03-15,30
TRF00599,SKU00253,DEP-CENTRAL,T24,2025-04-12,2025-04-24,29
TRF00600,SKU00314,DEP-CENTRAL,T24,2025-02-07,2025-02-17,15
TRF00601,SKU00193,T04,T02,2026-01-02,2026-01-08,32
TRF00602,SKU00560,DEP-CENTRAL,T23,2025-05-14,2025-05-25,46
TRF00603,SKU00034,DEP-CENTRAL,T07,2026-07-21,2026-07-24,49
TRF00604,SKU00775,T11,DEP-CENTRAL,2026-02-17,2026-02-27,11
TRF00605,SKU00721,DEP-CENTRAL,T10,2025-03-19,2025-04-07,19
TRF00606,SKU00626,DEP-CENTRAL,T05,2022-12-14,2022-12-18,22
TRF00607,SKU00212,DEP-CENTRAL,T14,2024-04-27,2024-05-18,21
TRF00608,SKU00680,T26,T10,2024-03-17,2024-04-02,43
TRF00609,SKU00311,DEP-CENTRAL,T27,2026-03-24,2026-04-09,6
TRF00610,SKU00507,DEP-CENTRAL,T11,2025-02-05,2025-02-22,18
TRF00611,SKU00190,DEP-CENTRAL,T03,2026-03-23,2026-03-27,13
TRF00612,SKU00335,DEP-CENTRAL,T28,2025-04-24,2025-05-08,47
TRF00613,SKU00559,T03,T09,2026-03-23,2026-03-28,26
TRF00614,SKU00010,DEP-CENTRAL,T04,2025-05-12,2025-05-27,15
TRF00615,SKU00462,T23,T09,2025-05-25,2025-05-28,55
TRF00616,SKU00502,DEP-CENTRAL,T12,2025-02-11,2025-02-26,9
TRF00617,SKU00396,DEP-CENTRAL,T13,2026-06-16,2026-07-01,14
TRF00618,SKU00760,DEP-CENTRAL,T05,2024-11-24,2024-12-01,51
TRF00619,SKU00703,T07,T22,2025-08-06,2025-08-16,56
TRF00620,SKU00316,DEP-CENTRAL,T21,2026-04-24,2026-05-08,25
TRF00621,SKU00310,T04,T25,2025-06-27,2025-07-15,27
TRF00622,SKU00665,T11,T12,2024-11-16,2024-11-20,48
TRF00623,SKU00398,DEP-CENTRAL,T24,2026-05-10,2026-05-21,48
TRF00624,SKU00514,T13,T03,2025-01-04,2025-01-15,37
TRF00625,SKU00449,DEP-CENTRAL,T09,2024-08-16,2024-08-27,27
TRF00626,SKU00778,T27,T07,2024-04-20,2024-05-04,28
TRF00627,SKU00511,T25,T04,2025-01-05,2025-01-21,46
TRF00628,SKU00340,DEP-CENTRAL,T19,2024-09-13,2024-09-28,58
TRF00629,SKU00767,T05,DEP-CENTRAL,2025-02-25,2025-03-13,13
TRF00630,SKU00744,T14,T22,2023-12-07,2023-12-10,54
TRF00631,SKU00595,DEP-CENTRAL,T05,2025-09-18,2025-09-29,10
TRF00632,SKU00725,DEP-CENTRAL,T13,2024-08-19,2024-08-28,50
TRF00633,SKU00182,DEP-CENTRAL,T28,2024-04-27,2024-05-09,50
TRF00634,SKU00004,T17,T12,2023-12-13,2023-12-19,12
TRF00635,SKU00323,T28,T08,2024-06-23,2024-06-28,32
TRF00636,SKU00687,DEP-CENTRAL,T21,2026-08-03,2026-08-21,47
TRF00637,SKU00651,T23,T11,2023-08-25,2023-09-08,32
TRF00638,SKU00576,T26,T13,2024-12-21,2025-01-11,45
TRF00639,SKU00343,DEP-CENTRAL,T13,2024-04-13,2024-04-25,33
TRF00640,SKU00659,T14,T27,2025-10-12,2025-10-29,21
TRF00641,SKU00408,DEP-CENTRAL,T24,2024-04-20,2024-04-27,41
TRF00642,SKU00472,DEP-CENTRAL,T27,2024-05-22,2024-06-03,27
TRF00643,SKU00480,T03,DEP-CENTRAL,2024-10-26,2024-11-06,9
TRF00644,SKU00701,T24,DEP-CENTRAL,2025-02-18,2025-02-26,2
TRF00645,SKU00561,DEP-CENTRAL,T15,2024-07-22,2024-07-29,29
TRF00646,SKU00535,DEP-CENTRAL,T16,2025-08-22,2025-09-05,15
TRF00647,SKU00722,T12,T07,2024-10-13,2024-10-31,32
TRF00648,SKU00735,T06,T20,2023-12-23,2024-01-04,43
TRF00649,SKU00795,T05,T18,2025-05-05,2025-05-20,23
TRF00650,SKU00243,T26,T13,2026-01-16,2026-02-02,53
TRF00651,SKU00192,DEP-CENTRAL,T26,2026-06-22,2026-07-07,22
TRF00652,SKU00251,DEP-CENTRAL,T22,2025-07-21,2025-07-24,57
TRF00653,SKU00309,T12,T15,2022-09-21,2022-10-01,32
TRF00654,SKU00294,DEP-CENTRAL,T21,2025-01-18,2025-02-08,25
TRF00655,SKU00536,T28,T16,2026-06-17,2026-06-25,58
TRF00656,SKU00164,T17,T27,2026-04-25,2026-05-14,25
TRF00657,SKU00584,DEP-CENTRAL,T07,2023-03-19,2023-04-02,29
TRF00658,SKU00750,T12,DEP-CENTRAL,2024-11-27,2024-12-14,18
TRF00659,SKU00280,DEP-CENTRAL,T17,2025-12-07,2025-12-15,55
TRF00660,SKU00125,DEP-CENTRAL,T15,2023-06-06,2023-06-15,12
TRF00661,SKU00176,T17,T28,2025-11-25,2025-12-05,37
TRF00662,SKU00113,T20,T08,2024-02-26,2024-03-03,25
TRF00663,SKU00500,DEP-CENTRAL,T21,2025-02-11,2025-02-15,47
TRF00664,SKU00619,T10,T14,2023-09-08,2023-09-29,53
TRF00665,SKU00419,T17,T03,2025-11-20,2025-12-07,21
TRF00666,SKU00453,DEP-CENTRAL,T22,2024-06-15,2024-07-02,19
TRF00667,SKU00365,T04,DEP-CENTRAL,2025-11-19,2025-11-23,52
TRF00668,SKU00599,DEP-CENTRAL,T11,2025-06-25,2025-06-28,54
TRF00669,SKU00596,DEP-CENTRAL,T11,2025-05-03,2025-05-15,35
TRF00670,SKU00067,T12,T27,2022-11-16,2022-12-02,7
TRF00671,SKU00103,DEP-CENTRAL,T24,2025-11-05,2025-11-23,56
TRF00672,SKU00075,T07,DEP-CENTRAL,2024-12-21,2024-12-29,47
TRF00673,SKU00721,DEP-CENTRAL,T21,2026-03-22,2026-04-02,59
TRF00674,SKU00136,DEP-CENTRAL,T11,2024-11-16,2024-12-04,9
TRF00675,SKU00206,T17,T11,2026-02-22,2026-03-10,43
TRF00676,SKU00454,T06,DEP-CENTRAL,2024-10-23,2024-10-31,22
TRF00677,SKU00061,T21,T22,2024-04-12,2024-04-17,29
TRF00678,SKU00632,DEP-CENTRAL,T16,2024-04-19,2024-05-07,40
TRF00679,SKU00008,DEP-CENTRAL,T26,2025-02-15,2025-02-25,27
TRF00680,SKU00355,DEP-CENTRAL,T04,2024-12-02,2024-12-20,26
TRF00681,SKU00054,T09,T07,2024-10-14,2024-10-28,19
TRF00682,SKU00343,DEP-CENTRAL,T05,2025-07-02,2025-07-06,48
TRF00683,SKU00194,T28,T11,2026-06-16,2026-06-21,28
TRF00684,SKU00572,DEP-CENTRAL,T11,2022-09-03,2022-09-17,49
TRF00685,SKU00341,T26,T10,2025-09-11,2025-09-23,3
TRF00686,SKU00794,T23,T28,2023-12-16,2023-12-19,52
TRF00687,SKU00145,DEP-CENTRAL,T08,2026-06-04,2026-06-23,42
TRF00688,SKU00732,T04,T06,2025-04-21,2025-05-12,55
TRF00689,SKU00296,T05,T12,2026-03-07,2026-03-27,28
TRF00690,SKU00742,DEP-CENTRAL,T09,2025-10-02,2025-10-12,15
TRF00691,SKU00354,DEP-CENTRAL,T27,2023-08-05,2023-08-19,56
TRF00692,SKU00333,T15,T22,2024-03-16,2024-03-31,59
TRF00693,SKU00662,T04,T08,2025-10-23,2025-11-12,49
TRF00694,SKU00517,DEP-CENTRAL,T07,2024-09-08,2024-09-13,7
TRF00695,SKU00376,T19,DEP-CENTRAL,2026-04-15,2026-04-22,28
TRF00696,SKU00722,T19,T09,2025-11-03,2025-11-24,5
TRF00697,SKU00425,T05,T02,2024-06-15,2024-06-22,41
TRF00698,SKU00160,DEP-CENTRAL,T04,2026-05-13,2026-05-18,20
TRF00699,SKU00068,DEP-CENTRAL,T18,2025-02-26,2025-03-13,22
TRF00700,SKU00212,T20,T27,2026-02-22,2026-03-08,9
TRF00701,SKU00609,DEP-CENTRAL,T19,2026-05-08,2026-05-13,6
TRF00702,SKU00348,T25,T19,2026-02-10,2026-02-17,15
TRF00703,SKU00668,T01,DEP-CENTRAL,2025-09-22,2025-10-06,13
TRF00704,SKU00063,DEP-CENTRAL,T06,2024-02-16,2024-03-06,26
TRF00705,SKU00218,T25,T16,2025-05-10,2025-05-20,32
TRF00706,SKU00207,T18,T20,2023-07-10,2023-07-28,3
TRF00707,SKU00150,T16,T11,2024-03-13,2024-03-26,46
TRF00708,SKU00484,DEP-CENTRAL,T24,2024-02-15,2024-02-25,59
TRF00709,SKU00207,DEP-CENTRAL,T19,2023-12-05,2023-12-11,9
TRF00710,SKU00460,T10,T09,2026-03-26,2026-04-02,47
TRF00711,SKU00444,DEP-CENTRAL,T12,2024-10-23,2024-11-01,50
TRF00712,SKU00276,T11,T14,2026-02-21,2026-03-03,30
TRF00713,SKU00541,T03,T19,2023-06-21,2023-06-24,42
TRF00714,SKU00690,T12,T02,2023-03-03,2023-03-18,17
TRF00715,SKU00650,DEP-CENTRAL,T08,2025-10-18,2025-10-27,26
TRF00716,SKU00688,DEP-CENTRAL,T17,2025-01-09,2025-01-30,28
TRF00717,SKU00143,T27,T22,2025-09-02,2025-09-20,46
TRF00718,SKU00200,DEP-CENTRAL,T11,2024-01-02,2024-01-15,26
TRF00719,SKU00632,T09,T24,2024-08-04,2024-08-21,10
TRF00720,SKU00011,DEP-CENTRAL,T02,2023-04-10,2023-04-15,53
TRF00721,SKU00295,DEP-CENTRAL,T02,2025-02-25,2025-03-16,20
TRF00722,SKU00507,DEP-CENTRAL,T24,2026-04-16,2026-04-28,57
TRF00723,SKU00726,DEP-CENTRAL,T11,2023-03-15,2023-03-24,54
TRF00724,SKU00223,T14,T19,2024-06-16,2024-07-03,23
TRF00725,SKU00082,DEP-CENTRAL,T03,2025-06-26,2025-07-10,59
TRF00726,SKU00281,DEP-CENTRAL,T14,2024-01-07,2024-01-18,44
TRF00727,SKU00001,DEP-CENTRAL,T22,2023-11-05,2023-11-23,20
TRF00728,SKU00043,DEP-CENTRAL,T05,2025-10-07,2025-10-27,6
TRF00729,SKU00647,DEP-CENTRAL,T11,2023-06-11,2023-06-22,5
TRF00730,SKU00183,DEP-CENTRAL,T05,2026-05-13,2026-05-21,36
TRF00731,SKU00316,T07,T12,2024-06-13,2024-06-27,31
TRF00732,SKU00500,DEP-CENTRAL,T07,2022-09-09,2022-09-30,33
TRF00733,SKU00625,DEP-CENTRAL,T18,2024-10-21,2024-11-01,12
TRF00734,SKU00405,DEP-CENTRAL,T21,2024-01-10,2024-01-31,16
TRF00735,SKU00570,T12,DEP-CENTRAL,2025-04-03,2025-04-21,35
TRF00736,SKU00341,T04,DEP-CENTRAL,2025-11-08,2025-11-11,50
TRF00737,SKU00182,T12,T02,2023-03-23,2023-04-03,17
TRF00738,SKU00034,DEP-CENTRAL,T07,2025-10-15,2025-10-26,51
TRF00739,SKU00718,T18,DEP-CENTRAL,2025-10-27,2025-11-03,59
TRF00740,SKU00351,T22,T16,2022-11-18,2022-11-21,52
TRF00741,SKU00053,T07,T01,2025-07-08,2025-07-22,41
TRF00742,SKU00204,DEP-CENTRAL,T02,2022-12-27,2023-01-16,20
TRF00743,SKU00421,DEP-CENTRAL,T11,2022-07-04,2022-07-07,9
TRF00744,SKU00337,DEP-CENTRAL,T18,2024-01-08,2024-01-14,20
TRF00745,SKU00464,DEP-CENTRAL,T17,2025-06-05,2025-06-09,5
TRF00746,SKU00157,DEP-CENTRAL,T09,2023-12-07,2023-12-19,36
TRF00747,SKU00274,DEP-CENTRAL,T14,2024-08-17,2024-09-02,33
TRF00748,SKU00244,DEP-CENTRAL,T04,2023-02-03,2023-02-06,54
TRF00749,SKU00739,DEP-CENTRAL,T06,2023-01-26,2023-02-16,23
TRF00750,SKU00039,T11,T09,2022-04-12,2022-04-29,15
TRF00751,SKU00258,DEP-CENTRAL,T09,2024-12-17,2025-01-03,47
TRF00752,SKU00372,T16,DEP-CENTRAL,2025-03-17,2025-04-06,29
TRF00753,SKU00457,DEP-CENTRAL,T09,2024-01-22,2024-02-12,26
TRF00754,SKU00016,T06,T10,2026-07-17,2026-07-22,26
TRF00755,SKU00534,DEP-CENTRAL,T09,2024-11-11,2024-11-24,4
TRF00756,SKU00278,T03,T04,2024-12-09,2024-12-20,18
TRF00757,SKU00725,T05,T28,2022-11-24,2022-12-03,10
TRF00758,SKU00430,DEP-CENTRAL,T25,2025-06-14,2025-06-19,26
TRF00759,SKU00727,DEP-CENTRAL,T08,2025-10-15,2025-10-25,25
TRF00760,SKU00100,T05,DEP-CENTRAL,2024-06-23,2024-07-11,12
TRF00761,SKU00758,DEP-CENTRAL,T18,2026-02-23,2026-03-16,49
TRF00762,SKU00398,DEP-CENTRAL,T20,2025-12-05,2025-12-11,51
TRF00763,SKU00065,DEP-CENTRAL,T25,2023-08-03,2023-08-07,57
TRF00764,SKU00459,DEP-CENTRAL,T02,2026-04-19,2026-05-07,34
TRF00765,SKU00319,DEP-CENTRAL,T24,2024-01-24,2024-02-09,51
TRF00766,SKU00547,DEP-CENTRAL,T15,2025-03-03,2025-03-14,22
TRF00767,SKU00660,DEP-CENTRAL,T22,2024-12-05,2024-12-10,36
TRF00768,SKU00155,DEP-CENTRAL,T22,2025-11-05,2025-11-26,8
TRF00769,SKU00371,T02,T15,2025-05-23,2025-06-04,57
TRF00770,SKU00545,T11,DEP-CENTRAL,2022-08-27,2022-08-30,29
TRF00771,SKU00780,DEP-CENTRAL,T16,2025-07-07,2025-07-26,24
TRF00772,SKU00272,T05,T04,2025-08-11,2025-08-18,48
TRF00773,SKU00041,T08,T02,2025-07-25,2025-08-10,5
TRF00774,SKU00381,DEP-CENTRAL,T06,2024-12-26,2025-01-01,22
TRF00775,SKU00785,DEP-CENTRAL,T10,2023-05-26,2023-06-14,49
TRF00776,SKU00664,DEP-CENTRAL,T10,2026-07-04,2026-07-21,19
TRF00777,SKU00641,DEP-CENTRAL,T09,2024-10-15,2024-11-01,5
TRF00778,SKU00146,T23,T28,2022-07-22,2022-07-27,47
TRF00779,SKU00359,DEP-CENTRAL,T18,2023-03-07,2023-03-10,48
TRF00780,SKU00489,DEP-CENTRAL,T09,2025-07-03,2025-07-20,10
TRF00781,SKU00077,T27,DEP-CENTRAL,2023-12-19,2024-01-02,40
TRF00782,SKU00619,DEP-CENTRAL,T19,2024-11-02,2024-11-14,21
TRF00783,SKU00762,T02,T18,2026-05-13,2026-05-23,41
TRF00784,SKU00577,DEP-CENTRAL,T24,2026-06-17,2026-07-07,34
TRF00785,SKU00254,T18,T02,2025-03-23,2025-03-29,55
TRF00786,SKU00568,T05,T14,2025-05-19,2025-05-30,16
TRF00787,SKU00555,DEP-CENTRAL,T17,2025-02-14,2025-02-21,32
TRF00788,SKU00748,DEP-CENTRAL,T23,2024-01-12,2024-01-18,15
TRF00789,SKU00340,T24,T27,2026-05-27,2026-06-17,12
TRF00790,SKU00687,T20,DEP-CENTRAL,2025-10-16,2025-11-05,56
TRF00791,SKU00706,DEP-CENTRAL,T10,2026-04-24,2026-05-07,52
TRF00792,SKU00657,DEP-CENTRAL,T22,2023-08-14,2023-08-27,31
TRF00793,SKU00509,T06,T16,2024-04-04,2024-04-13,31
TRF00794,SKU00773,DEP-CENTRAL,T01,2023-10-08,2023-10-19,12
TRF00795,SKU00200,DEP-CENTRAL,T04,2026-07-19,2026-08-08,29
TRF00796,SKU00718,T04,T16,2025-09-19,2025-09-24,19
TRF00797,SKU00378,T24,T25,2025-04-04,2025-04-10,52
TRF00798,SKU00506,T08,T12,2022-10-02,2022-10-18,19
TRF00799,SKU00679,DEP-CENTRAL,T28,2025-02-21,2025-03-09,9
TRF00800,SKU00509,DEP-CENTRAL,T21,2024-09-18,2024-10-02,22
TRF00801,SKU00014,T22,T26,2025-10-25,2025-10-29,21
TRF00802,SKU00680,T06,DEP-CENTRAL,2026-07-14,2026-07-17,41
TRF00803,SKU00416,DEP-CENTRAL,T24,2024-10-06,2024-10-09,28
TRF00804,SKU00764,T18,T26,2024-09-13,2024-10-04,47
TRF00805,SKU00653,T01,DEP-CENTRAL,2025-03-13,2025-03-24,28
TRF00806,SKU00187,DEP-CENTRAL,T04,2024-04-05,2024-04-16,58
TRF00807,SKU00564,T09,T17,2023-09-23,2023-10-09,25
TRF00808,SKU00730,DEP-CENTRAL,T25,2026-08-13,2026-08-30,34
TRF00809,SKU00529,T15,DEP-CENTRAL,2025-01-26,2025-02-08,43
TRF00810,SKU00159,T24,T02,2024-12-13,2024-12-17,28
TRF00811,SKU00608,T16,T01,2025-01-02,2025-01-05,59
TRF00812,SKU00540,T26,T23,2023-06-08,2023-06-17,37
TRF00813,SKU00262,DEP-CENTRAL,T13,2022-12-07,2022-12-18,13
TRF00814,SKU00125,DEP-CENTRAL,T23,2023-04-24,2023-05-12,39
TRF00815,SKU00785,DEP-CENTRAL,T05,2023-06-03,2023-06-07,31
TRF00816,SKU00251,DEP-CENTRAL,T22,2025-06-17,2025-07-01,46
TRF00817,SKU00185,DEP-CENTRAL,T02,2025-03-16,2025-03-26,52
TRF00818,SKU00777,T21,T22,2025-09-20,2025-10-01,38
TRF00819,SKU00063,DEP-CENTRAL,T24,2025-09-15,2025-09-18,38
TRF00820,SKU00218,T09,T11,2024-12-22,2024-12-26,36
TRF00821,SKU00566,DEP-CENTRAL,T19,2026-03-17,2026-03-21,9
TRF00822,SKU00524,DEP-CENTRAL,T28,2025-05-20,2025-05-27,41
TRF00823,SKU00351,T10,T22,2022-11-19,2022-12-04,49
TRF00824,SKU00502,T02,DEP-CENTRAL,2024-04-24,2024-04-27,55
TRF00825,SKU00674,T19,DEP-CENTRAL,2026-03-26,2026-04-09,24
TRF00826,SKU00701,DEP-CENTRAL,T19,2024-11-19,2024-11-28,36
TRF00827,SKU00101,T02,T17,2022-09-17,2022-09-29,5
TRF00828,SKU00215,DEP-CENTRAL,T15,2023-07-09,2023-07-24,28
TRF00829,SKU00120,T17,T09,2023-12-24,2023-12-27,4
TRF00830,SKU00500,DEP-CENTRAL,T10,2022-08-02,2022-08-09,43
TRF00831,SKU00725,T04,T21,2025-01-23,2025-02-02,49
TRF00832,SKU00431,T15,T16,2026-04-16,2026-04-25,18
TRF00833,SKU00351,DEP-CENTRAL,T04,2024-06-14,2024-06-28,30
TRF00834,SKU00363,DEP-CENTRAL,T16,2024-04-18,2024-04-21,50
TRF00835,SKU00065,DEP-CENTRAL,T20,2026-04-24,2026-05-04,48
TRF00836,SKU00698,T12,T09,2025-01-14,2025-02-01,43
TRF00837,SKU00293,DEP-CENTRAL,T01,2025-02-19,2025-03-07,58
TRF00838,SKU00371,T25,DEP-CENTRAL,2026-04-19,2026-04-27,5
TRF00839,SKU00271,T28,DEP-CENTRAL,2025-01-11,2025-01-22,41
TRF00840,SKU00013,DEP-CENTRAL,T18,2025-06-18,2025-06-29,27
TRF00841,SKU00451,DEP-CENTRAL,T02,2024-09-04,2024-09-14,44
TRF00842,SKU00256,DEP-CENTRAL,T02,2025-03-12,2025-04-02,24
TRF00843,SKU00493,DEP-CENTRAL,T13,2023-03-26,2023-04-02,22
TRF00844,SKU00789,DEP-CENTRAL,T01,2023-05-07,2023-05-23,9
TRF00845,SKU00568,DEP-CENTRAL,T20,2025-10-02,2025-10-22,47
TRF00846,SKU00071,DEP-CENTRAL,T20,2024-08-07,2024-08-12,3
TRF00847,SKU00106,T01,T27,2024-05-22,2024-05-25,27
TRF00848,SKU00010,T07,T04,2026-05-10,2026-05-13,41
TRF00849,SKU00312,T25,T14,2024-06-20,2024-06-30,14
TRF00850,SKU00288,DEP-CENTRAL,T21,2026-05-02,2026-05-22,18
TRF00851,SKU00617,DEP-CENTRAL,T11,2022-12-12,2022-12-20,41
TRF00852,SKU00498,DEP-CENTRAL,T16,2025-09-14,2025-09-18,40
TRF00853,SKU00010,DEP-CENTRAL,T22,2023-10-08,2023-10-25,12
TRF00854,SKU00340,T24,T16,2026-07-09,2026-07-20,57
TRF00855,SKU00074,T20,T26,2023-04-23,2023-05-06,29
TRF00856,SKU00109,DEP-CENTRAL,T26,2024-06-25,2024-06-29,8
TRF00857,SKU00630,T26,T06,2025-09-08,2025-09-28,55
TRF00858,SKU00629,T04,DEP-CENTRAL,2024-04-07,2024-04-25,28
TRF00859,SKU00258,DEP-CENTRAL,T28,2026-06-18,2026-06-26,26
TRF00860,SKU00339,DEP-CENTRAL,T14,2025-09-24,2025-10-07,54
TRF00861,SKU00512,T09,T20,2024-07-22,2024-07-27,35
TRF00862,SKU00145,DEP-CENTRAL,T25,2026-06-21,2026-07-08,40
TRF00863,SKU00560,DEP-CENTRAL,T01,2023-03-26,2023-04-14,30
TRF00864,SKU00121,DEP-CENTRAL,T03,2026-03-24,2026-03-27,56
TRF00865,SKU00644,DEP-CENTRAL,T17,2025-03-02,2025-03-15,13
TRF00866,SKU00251,T04,DEP-CENTRAL,2023-05-15,2023-05-28,15
TRF00867,SKU00522,T13,T19,2024-12-18,2024-12-25,28
TRF00868,SKU00320,T21,T04,2024-02-05,2024-02-14,24
TRF00869,SKU00315,T18,T09,2023-08-10,2023-08-27,11
TRF00870,SKU00565,DEP-CENTRAL,T25,2023-07-11,2023-07-24,42
TRF00871,SKU00457,DEP-CENTRAL,T14,2026-02-08,2026-02-19,29
TRF00872,SKU00789,DEP-CENTRAL,T07,2023-03-08,2023-03-17,34
TRF00873,SKU00083,T23,T09,2026-02-09,2026-02-12,10
TRF00874,SKU00209,T10,DEP-CENTRAL,2023-04-26,2023-05-07,24
TRF00875,SKU00410,T11,DEP-CENTRAL,2026-01-19,2026-02-02,8
TRF00876,SKU00196,T01,DEP-CENTRAL,2024-10-09,2024-10-13,21
TRF00877,SKU00768,T27,T15,2026-04-16,2026-04-29,5
TRF00878,SKU00796,T22,DEP-CENTRAL,2023-09-13,2023-09-18,7
TRF00879,SKU00770,T01,DEP-CENTRAL,2026-07-16,2026-07-24,11
TRF00880,SKU00058,DEP-CENTRAL,T16,2024-11-19,2024-11-25,31
TRF00881,SKU00455,DEP-CENTRAL,T21,2024-11-09,2024-11-13,28
TRF00882,SKU00651,DEP-CENTRAL,T23,2025-01-23,2025-01-27,41
TRF00883,SKU00586,DEP-CENTRAL,T26,2025-12-16,2026-01-06,38
TRF00884,SKU00701,DEP-CENTRAL,T25,2025-02-08,2025-02-18,3
TRF00885,SKU00609,DEP-CENTRAL,T07,2024-07-26,2024-08-01,2
TRF00886,SKU00118,T21,T04,2026-08-02,2026-08-11,33
TRF00887,SKU00619,DEP-CENTRAL,T07,2024-01-07,2024-01-20,35
TRF00888,SKU00790,T21,T25,2026-08-05,2026-08-24,40
TRF00889,SKU00381,DEP-CENTRAL,T09,2025-04-25,2025-05-15,40
TRF00890,SKU00483,T24,T22,2025-03-23,2025-04-12,18
TRF00891,SKU00587,DEP-CENTRAL,T27,2023-10-19,2023-11-02,50
TRF00892,SKU00053,DEP-CENTRAL,T25,2022-12-26,2023-01-14,4
TRF00893,SKU00454,DEP-CENTRAL,T07,2024-01-22,2024-02-10,32
TRF00894,SKU00642,DEP-CENTRAL,T15,2026-08-15,2026-09-03,41
TRF00895,SKU00512,DEP-CENTRAL,T02,2026-03-14,2026-03-29,10
TRF00896,SKU00215,T21,T06,2025-03-20,2025-03-26,40
TRF00897,SKU00531,T27,T16,2025-11-16,2025-12-02,13
TRF00898,SKU00181,DEP-CENTRAL,T06,2024-04-13,2024-04-23,31
TRF00899,SKU00731,DEP-CENTRAL,T01,2025-07-21,2025-08-06,29
TRF00900,SKU00790,DEP-CENTRAL,T08,2025-05-03,2025-05-19,5
TRF00901,SKU00015,DEP-CENTRAL,T07,2025-04-03,2025-04-11,44
TRF00902,SKU00557,DEP-CENTRAL,T05,2025-01-18,2025-02-05,52
TRF00903,SKU00173,T16,T25,2025-07-07,2025-07-18,35
TRF00904,SKU00361,DEP-CENTRAL,T11,2024-12-16,2024-12-20,31
TRF00905,SKU00098,DEP-CENTRAL,T25,2025-01-02,2025-01-08,11
TRF00906,SKU00655,DEP-CENTRAL,T24,2025-09-09,2025-09-21,26
TRF00907,SKU00307,DEP-CENTRAL,T01,2024-04-09,2024-04-12,30
TRF00908,SKU00243,DEP-CENTRAL,T12,2024-12-05,2024-12-20,20
TRF00909,SKU00634,T19,T17,2023-02-25,2023-03-03,27
TRF00910,SKU00519,DEP-CENTRAL,T20,2024-01-07,2024-01-21,51
TRF00911,SKU00374,DEP-CENTRAL,T17,2025-10-14,2025-10-20,29
TRF00912,SKU00189,DEP-CENTRAL,T10,2025-09-07,2025-09-20,59
TRF00913,SKU00410,T20,T28,2024-08-10,2024-08-18,49
TRF00914,SKU00390,T14,DEP-CENTRAL,2023-10-14,2023-10-28,56
TRF00915,SKU00190,DEP-CENTRAL,T20,2026-04-15,2026-04-21,54
TRF00916,SKU00362,T24,DEP-CENTRAL,2024-03-12,2024-03-19,11
TRF00917,SKU00635,T13,DEP-CENTRAL,2024-03-16,2024-03-19,50
TRF00918,SKU00013,T08,T09,2023-06-27,2023-07-08,30
TRF00919,SKU00750,DEP-CENTRAL,T13,2022-02-10,2022-02-23,19
TRF00920,SKU00378,DEP-CENTRAL,T11,2024-07-10,2024-07-27,53
TRF00921,SKU00117,DEP-CENTRAL,T21,2026-06-25,2026-07-12,3
TRF00922,SKU00093,DEP-CENTRAL,T04,2025-02-18,2025-02-22,25
TRF00923,SKU00093,DEP-CENTRAL,T10,2025-01-04,2025-01-11,7
TRF00924,SKU00295,DEP-CENTRAL,T18,2026-07-16,2026-07-22,14
TRF00925,SKU00764,T04,T17,2025-06-16,2025-06-29,41
TRF00926,SKU00673,DEP-CENTRAL,T12,2025-11-17,2025-11-26,33
TRF00927,SKU00610,T24,T06,2025-08-08,2025-08-18,27
TRF00928,SKU00076,T27,DEP-CENTRAL,2025-09-19,2025-10-10,31
TRF00929,SKU00650,DEP-CENTRAL,T15,2026-06-17,2026-06-28,21
TRF00930,SKU00455,DEP-CENTRAL,T11,2022-10-15,2022-10-23,57
TRF00931,SKU00773,DEP-CENTRAL,T08,2026-05-11,2026-05-14,12
TRF00932,SKU00281,DEP-CENTRAL,T22,2023-02-18,2023-03-05,50
TRF00933,SKU00065,DEP-CENTRAL,T18,2023-07-27,2023-08-06,29
TRF00934,SKU00506,T20,T18,2023-07-08,2023-07-24,38
TRF00935,SKU00024,T27,DEP-CENTRAL,2026-07-16,2026-07-30,38
TRF00936,SKU00075,T27,T10,2023-02-06,2023-02-13,34
TRF00937,SKU00378,T15,T09,2025-04-13,2025-05-01,24
TRF00938,SKU00545,DEP-CENTRAL,T11,2023-02-08,2023-02-20,56
TRF00939,SKU00335,T09,T01,2024-11-06,2024-11-17,21
TRF00940,SKU00765,DEP-CENTRAL,T08,2026-06-21,2026-07-05,36
TRF00941,SKU00366,DEP-CENTRAL,T19,2025-08-02,2025-08-15,31
TRF00942,SKU00083,DEP-CENTRAL,T27,2025-07-25,2025-08-09,12
TRF00943,SKU00623,T20,T14,2023-09-24,2023-10-06,17
TRF00944,SKU00039,T21,DEP-CENTRAL,2024-09-16,2024-09-20,18
TRF00945,SKU00120,DEP-CENTRAL,T23,2026-03-11,2026-03-16,7
TRF00946,SKU00206,T23,T27,2026-05-21,2026-06-08,43
TRF00947,SKU00142,DEP-CENTRAL,T18,2025-05-23,2025-06-08,31
TRF00948,SKU00076,DEP-CENTRAL,T12,2025-09-19,2025-09-24,47
TRF00949,SKU00138,T09,T08,2025-08-26,2025-08-29,4
TRF00950,SKU00721,T01,T28,2023-07-02,2023-07-16,36
TRF00951,SKU00684,DEP-CENTRAL,T17,2024-10-06,2024-10-21,3
TRF00952,SKU00331,T13,T17,2024-05-06,2024-05-09,38
TRF00953,SKU00749,DEP-CENTRAL,T25,2025-04-23,2025-05-01,24
TRF00954,SKU00704,DEP-CENTRAL,T12,2025-09-21,2025-09-25,9
TRF00955,SKU00667,T20,T16,2025-04-04,2025-04-22,58
TRF00956,SKU00393,DEP-CENTRAL,T06,2026-05-02,2026-05-17,47
TRF00957,SKU00459,T04,T17,2025-09-24,2025-10-06,41
TRF00958,SKU00659,DEP-CENTRAL,T21,2024-11-22,2024-12-11,49
TRF00959,SKU00672,T17,DEP-CENTRAL,2024-03-03,2024-03-10,13
TRF00960,SKU00785,T08,T07,2023-09-11,2023-09-20,49
TRF00961,SKU00747,DEP-CENTRAL,T02,2025-02-06,2025-02-10,12
TRF00962,SKU00354,DEP-CENTRAL,T20,2025-05-16,2025-05-30,8
TRF00963,SKU00015,T07,T09,2026-05-18,2026-05-23,10
TRF00964,SKU00206,DEP-CENTRAL,T11,2024-12-18,2024-12-27,13
TRF00965,SKU00352,T28,T13,2026-06-07,2026-06-13,33
TRF00966,SKU00265,DEP-CENTRAL,T06,2025-07-15,2025-08-05,6
TRF00967,SKU00193,DEP-CENTRAL,T26,2024-09-23,2024-09-27,7
TRF00968,SKU00371,T25,T16,2025-06-23,2025-07-14,3
TRF00969,SKU00384,T05,T04,2026-01-12,2026-01-16,28
TRF00970,SKU00081,DEP-CENTRAL,T21,2025-11-16,2025-11-21,11
TRF00971,SKU00726,DEP-CENTRAL,T15,2024-06-08,2024-06-28,20
TRF00972,SKU00688,T18,DEP-CENTRAL,2024-12-10,2024-12-31,25
TRF00973,SKU00062,DEP-CENTRAL,T03,2025-10-10,2025-10-17,58
TRF00974,SKU00354,DEP-CENTRAL,T20,2025-12-21,2025-12-28,47
TRF00975,SKU00722,DEP-CENTRAL,T02,2024-12-13,2024-12-28,8
TRF00976,SKU00624,T27,DEP-CENTRAL,2026-04-27,2026-05-07,37
TRF00977,SKU00791,T23,T26,2025-07-10,2025-07-30,45
TRF00978,SKU00054,T15,T27,2025-11-16,2025-12-06,59
TRF00979,SKU00651,T16,T27,2023-02-22,2023-02-27,6
TRF00980,SKU00750,DEP-CENTRAL,T25,2025-11-07,2025-11-28,28
TRF00981,SKU00242,DEP-CENTRAL,T22,2026-07-08,2026-07-28,25
TRF00982,SKU00673,DEP-CENTRAL,T06,2024-02-09,2024-03-01,58
TRF00983,SKU00359,DEP-CENTRAL,T02,2023-09-13,2023-10-03,5
TRF00984,SKU00538,DEP-CENTRAL,T19,2025-08-14,2025-08-23,13
TRF00985,SKU00537,DEP-CENTRAL,T24,2026-04-03,2026-04-17,17
TRF00986,SKU00105,T18,T08,2025-03-12,2025-03-30,32
TRF00987,SKU00072,T13,DEP-CENTRAL,2024-07-02,2024-07-22,28
TRF00988,SKU00710,DEP-CENTRAL,T22,2025-12-25,2025-12-29,55
TRF00989,SKU00152,DEP-CENTRAL,T20,2025-02-03,2025-02-06,9
TRF00990,SKU00549,DEP-CENTRAL,T02,2025-03-17,2025-04-03,27
TRF00991,SKU00417,DEP-CENTRAL,T24,2026-06-15,2026-06-25,56
TRF00992,SKU00552,T12,T26,2025-04-04,2025-04-23,5
TRF00993,SKU00619,DEP-CENTRAL,T02,2025-12-06,2025-12-18,16
TRF00994,SKU00138,T14,T04,2025-03-02,2025-03-08,40
TRF00995,SKU00235,T07,T13,2024-01-25,2024-02-10,19
TRF00996,SKU00560,DEP-CENTRAL,T14,2023-03-18,2023-03-28,53
TRF00997,SKU00381,DEP-CENTRAL,T15,2026-04-26,2026-05-16,22
TRF00998,SKU00271,DEP-CENTRAL,T04,2023-12-27,2024-01-15,42
TRF00999,SKU00530,T20,T10,2024-02-11,2024-02-28,13
TRF01000,SKU00482,T14,T12,2024-09-15,2024-10-04,41
TRF01001,SKU00187,DEP-CENTRAL,T14,2022-09-22,2022-09-30,42
TRF01002,SKU00335,DEP-CENTRAL,T28,2025-06-15,2025-06-19,18
TRF01003,SKU00366,T22,T25,2024-01-25,2024-01-31,13
TRF01004,SKU00529,DEP-CENTRAL,T25,2023-10-16,2023-10-23,29
TRF01005,SKU00444,DEP-CENTRAL,T24,2026-05-13,2026-05-27,28
TRF01006,SKU00080,T04,T01,2026-07-25,2026-08-14,50
TRF01007,SKU00463,T19,DEP-CENTRAL,2022-10-09,2022-10-24,15
TRF01008,SKU00569,T26,T12,2025-11-10,2025-11-27,38
TRF01009,SKU00736,T11,T07,2025-02-17,2025-03-10,10
TRF01010,SKU00310,DEP-CENTRAL,T04,2025-11-06,2025-11-16,2
TRF01011,SKU00695,DEP-CENTRAL,T03,2025-04-21,2025-05-03,51
TRF01012,SKU00632,T22,T16,2026-04-27,2026-05-13,15
TRF01013,SKU00013,DEP-CENTRAL,T15,2022-08-26,2022-09-07,11
TRF01014,SKU00104,T24,DEP-CENTRAL,2025-12-09,2025-12-24,54
TRF01015,SKU00343,T24,DEP-CENTRAL,2024-11-10,2024-11-29,42
TRF01016,SKU00789,DEP-CENTRAL,T15,2023-11-14,2023-11-28,58
TRF01017,SKU00721,T06,T10,2024-08-23,2024-08-31,38
TRF01018,SKU00742,T06,T28,2025-11-20,2025-12-03,43
TRF01019,SKU00679,T12,T25,2024-01-20,2024-02-03,37
TRF01020,SKU00039,T10,DEP-CENTRAL,2024-06-06,2024-06-21,26
TRF01021,SKU00145,DEP-CENTRAL,T05,2025-02-14,2025-03-06,42
TRF01022,SKU00324,T08,T07,2025-03-24,2025-03-29,38
TRF01023,SKU00525,DEP-CENTRAL,T04,2026-03-08,2026-03-23,15
TRF01024,SKU00158,DEP-CENTRAL,T22,2023-11-20,2023-12-01,41
TRF01025,SKU00309,DEP-CENTRAL,T11,2026-04-07,2026-04-13,27
TRF01026,SKU00737,T09,T17,2022-10-20,2022-10-30,35
TRF01027,SKU00327,T23,T03,2025-08-24,2025-08-30,5
TRF01028,SKU00148,DEP-CENTRAL,T21,2025-12-06,2025-12-22,10
TRF01029,SKU00165,T20,T12,2025-01-08,2025-01-21,57
TRF01030,SKU00593,DEP-CENTRAL,T26,2023-07-05,2023-07-23,32
TRF01031,SKU00348,DEP-CENTRAL,T19,2023-08-16,2023-09-04,3
TRF01032,SKU00240,T11,T07,2025-11-14,2025-11-23,50
TRF01033,SKU00479,DEP-CENTRAL,T02,2023-07-26,2023-08-07,42
TRF01034,SKU00431,DEP-CENTRAL,T16,2025-06-07,2025-06-10,28
TRF01035,SKU00164,DEP-CENTRAL,T05,2024-04-08,2024-04-27,15
TRF01036,SKU00404,DEP-CENTRAL,T04,2024-08-04,2024-08-14,45
TRF01037,SKU00437,T08,DEP-CENTRAL,2026-02-17,2026-03-09,12
TRF01038,SKU00081,DEP-CENTRAL,T05,2026-02-07,2026-02-28,32
TRF01039,SKU00463,DEP-CENTRAL,T07,2023-09-27,2023-10-10,58
TRF01040,SKU00737,DEP-CENTRAL,T03,2025-09-04,2025-09-16,24
TRF01041,SKU00699,T11,T27,2023-10-25,2023-11-07,33
TRF01042,SKU00696,DEP-CENTRAL,T18,2023-09-03,2023-09-12,59
TRF01043,SKU00515,T11,T26,2023-11-21,2023-12-06,53
TRF01044,SKU00642,DEP-CENTRAL,T28,2024-01-04,2024-01-07,43
TRF01045,SKU00071,DEP-CENTRAL,T02,2023-05-17,2023-06-04,57
TRF01046,SKU00394,DEP-CENTRAL,T27,2025-06-17,2025-07-08,17
TRF01047,SKU00384,T28,T21,2026-01-06,2026-01-25,2
TRF01048,SKU00180,T14,T19,2024-06-15,2024-07-06,25
TRF01049,SKU00396,DEP-CENTRAL,T10,2025-02-21,2025-03-12,56
TRF01050,SKU00121,DEP-CENTRAL,T01,2022-05-06,2022-05-15,8
TRF01051,SKU00189,T20,T13,2025-08-24,2025-09-12,57
TRF01052,SKU00371,DEP-CENTRAL,T23,2025-12-24,2026-01-14,3
TRF01053,SKU00569,T15,T21,2025-01-02,2025-01-10,51
TRF01054,SKU00452,DEP-CENTRAL,T17,2025-08-07,2025-08-26,41
TRF01055,SKU00420,DEP-CENTRAL,T02,2024-09-03,2024-09-11,8
TRF01056,SKU00288,DEP-CENTRAL,T11,2024-07-21,2024-08-03,25
TRF01057,SKU00477,DEP-CENTRAL,T25,2024-02-16,2024-03-08,31
TRF01058,SKU00485,DEP-CENTRAL,T11,2025-08-26,2025-09-04,41
TRF01059,SKU00579,T05,T28,2024-10-11,2024-10-28,52
TRF01060,SKU00361,DEP-CENTRAL,T18,2025-07-06,2025-07-24,47
TRF01061,SKU00665,T03,T24,2024-11-11,2024-11-15,28
TRF01062,SKU00697,T04,T16,2026-06-23,2026-06-29,55
TRF01063,SKU00675,DEP-CENTRAL,T19,2022-05-06,2022-05-12,57
TRF01064,SKU00376,T03,T12,2024-10-09,2024-10-19,56
TRF01065,SKU00464,T24,T25,2023-09-23,2023-09-30,44
TRF01066,SKU00096,DEP-CENTRAL,T08,2022-11-26,2022-12-01,17
TRF01067,SKU00184,T24,T18,2025-07-20,2025-07-28,7
TRF01068,SKU00740,DEP-CENTRAL,T18,2024-09-07,2024-09-11,19
TRF01069,SKU00572,T13,T23,2024-05-02,2024-05-14,58
TRF01070,SKU00110,DEP-CENTRAL,T28,2023-04-21,2023-05-04,10
TRF01071,SKU00462,DEP-CENTRAL,T14,2025-12-02,2025-12-09,57
TRF01072,SKU00583,DEP-CENTRAL,T03,2024-02-05,2024-02-16,15
TRF01073,SKU00644,DEP-CENTRAL,T24,2024-09-20,2024-10-02,29
TRF01074,SKU00136,DEP-CENTRAL,T26,2025-09-20,2025-10-08,10
TRF01075,SKU00348,T26,DEP-CENTRAL,2025-01-25,2025-02-07,55
TRF01076,SKU00087,DEP-CENTRAL,T09,2026-04-23,2026-04-26,21
TRF01077,SKU00690,T08,DEP-CENTRAL,2025-10-03,2025-10-06,2
TRF01078,SKU00737,DEP-CENTRAL,T03,2025-10-23,2025-11-08,31
TRF01079,SKU00316,DEP-CENTRAL,T14,2025-10-13,2025-10-18,36
TRF01080,SKU00325,DEP-CENTRAL,T26,2026-02-04,2026-02-17,45
TRF01081,SKU00736,T07,DEP-CENTRAL,2025-04-07,2025-04-24,22
TRF01082,SKU00776,DEP-CENTRAL,T06,2025-08-08,2025-08-28,42
TRF01083,SKU00709,DEP-CENTRAL,T22,2024-07-16,2024-07-25,29
TRF01084,SKU00207,DEP-CENTRAL,T22,2026-06-27,2026-07-10,4
TRF01085,SKU00605,T23,T12,2026-08-21,2026-08-31,39
TRF01086,SKU00734,DEP-CENTRAL,T13,2023-06-16,2023-06-22,30
TRF01087,SKU00774,DEP-CENTRAL,T21,2026-01-25,2026-02-09,32
TRF01088,SKU00639,DEP-CENTRAL,T03,2024-01-06,2024-01-26,53
TRF01089,SKU00100,DEP-CENTRAL,T08,2023-04-23,2023-05-13,12
TRF01090,SKU00591,T17,T15,2024-05-04,2024-05-08,40
TRF01091,SKU00437,DEP-CENTRAL,T21,2024-08-19,2024-08-31,53
TRF01092,SKU00299,T05,T17,2025-08-07,2025-08-22,12
TRF01093,SKU00723,T21,T19,2024-10-26,2024-11-14,55
TRF01094,SKU00750,T18,DEP-CENTRAL,2022-10-12,2022-11-01,31
TRF01095,SKU00740,DEP-CENTRAL,T12,2023-09-17,2023-10-06,18
TRF01096,SKU00617,T23,T17,2024-08-19,2024-09-03,57
TRF01097,SKU00513,DEP-CENTRAL,T21,2023-11-27,2023-12-15,48
TRF01098,SKU00617,T28,DEP-CENTRAL,2024-10-04,2024-10-24,30
TRF01099,SKU00302,T09,T01,2025-11-26,2025-12-13,24
TRF01100,SKU00677,DEP-CENTRAL,T06,2025-05-27,2025-06-04,9
TRF01101,SKU00118,DEP-CENTRAL,T25,2025-02-17,2025-03-01,30
TRF01102,SKU00660,DEP-CENTRAL,T25,2024-12-18,2025-01-07,30
TRF01103,SKU00390,T26,T19,2024-08-07,2024-08-12,38
TRF01104,SKU00002,DEP-CENTRAL,T25,2026-08-20,2026-09-06,47
TRF01105,SKU00247,DEP-CENTRAL,T21,2026-01-17,2026-01-23,47
TRF01106,SKU00447,T23,DEP-CENTRAL,2024-12-25,2025-01-13,28
TRF01107,SKU00062,DEP-CENTRAL,T27,2025-04-12,2025-05-01,52
TRF01108,SKU00635,T05,T17,2023-01-05,2023-01-12,21
TRF01109,SKU00722,DEP-CENTRAL,T05,2026-04-24,2026-05-02,56
TRF01110,SKU00373,T21,T05,2025-05-02,2025-05-08,58
TRF01111,SKU00357,DEP-CENTRAL,T14,2025-05-02,2025-05-07,56
TRF01112,SKU00109,T17,T14,2024-11-10,2024-12-01,21
TRF01113,SKU00146,DEP-CENTRAL,T04,2026-01-12,2026-02-01,5
TRF01114,SKU00404,DEP-CENTRAL,T19,2025-06-22,2025-07-07,48
TRF01115,SKU00732,DEP-CENTRAL,T27,2025-04-27,2025-05-04,17
TRF01116,SKU00383,DEP-CENTRAL,T01,2024-04-22,2024-05-09,20
TRF01117,SKU00115,T07,DEP-CENTRAL,2026-04-11,2026-04-14,2
TRF01118,SKU00632,DEP-CENTRAL,T06,2026-04-22,2026-05-12,41
TRF01119,SKU00551,DEP-CENTRAL,T15,2026-07-16,2026-07-24,4
TRF01120,SKU00695,T21,T19,2026-08-16,2026-08-28,6
TRF01121,SKU00737,DEP-CENTRAL,T28,2025-05-13,2025-06-02,44
TRF01122,SKU00271,DEP-CENTRAL,T08,2026-01-24,2026-02-12,26
TRF01123,SKU00506,DEP-CENTRAL,T05,2024-02-18,2024-03-01,23
TRF01124,SKU00271,T25,T23,2026-07-12,2026-07-20,50
TRF01125,SKU00678,DEP-CENTRAL,T09,2024-02-25,2024-03-09,15
TRF01126,SKU00364,DEP-CENTRAL,T18,2024-06-06,2024-06-15,21
TRF01127,SKU00274,DEP-CENTRAL,T24,2024-09-06,2024-09-15,22
TRF01128,SKU00040,DEP-CENTRAL,T15,2022-10-13,2022-10-30,34
TRF01129,SKU00371,DEP-CENTRAL,T25,2025-10-09,2025-10-18,55
TRF01130,SKU00119,T24,T11,2026-02-11,2026-03-02,47
TRF01131,SKU00734,DEP-CENTRAL,T27,2025-12-08,2025-12-21,46
TRF01132,SKU00251,DEP-CENTRAL,T22,2025-06-14,2025-06-17,37
TRF01133,SKU00049,T21,T22,2024-05-11,2024-05-23,55
TRF01134,SKU00252,T18,T16,2025-01-27,2025-02-13,57
TRF01135,SKU00381,DEP-CENTRAL,T04,2024-12-20,2025-01-06,28
TRF01136,SKU00364,DEP-CENTRAL,T28,2022-11-12,2022-11-21,12
TRF01137,SKU00157,T21,T13,2024-04-25,2024-04-30,32
TRF01138,SKU00177,DEP-CENTRAL,T22,2026-03-14,2026-03-20,44
TRF01139,SKU00118,DEP-CENTRAL,T06,2026-04-11,2026-04-19,59
TRF01140,SKU00425,DEP-CENTRAL,T01,2024-02-04,2024-02-22,40
TRF01141,SKU00731,T14,T19,2025-12-21,2026-01-05,27
TRF01142,SKU00127,DEP-CENTRAL,T24,2026-05-13,2026-05-19,14
TRF01143,SKU00231,DEP-CENTRAL,T21,2024-08-17,2024-08-22,50
TRF01144,SKU00087,DEP-CENTRAL,T20,2025-04-22,2025-04-30,3
TRF01145,SKU00091,DEP-CENTRAL,T01,2026-03-27,2026-04-06,24
TRF01146,SKU00359,DEP-CENTRAL,T28,2023-12-02,2023-12-23,33
TRF01147,SKU00059,T27,T21,2024-04-13,2024-04-21,25
TRF01148,SKU00224,T10,DEP-CENTRAL,2025-11-16,2025-11-21,56
TRF01149,SKU00606,DEP-CENTRAL,T13,2026-04-04,2026-04-21,56
TRF01150,SKU00533,T20,DEP-CENTRAL,2025-06-09,2025-06-22,37
TRF01151,SKU00687,DEP-CENTRAL,T22,2025-11-20,2025-12-01,33
TRF01152,SKU00522,T05,T19,2025-02-12,2025-02-18,19
TRF01153,SKU00690,T08,T21,2026-03-09,2026-03-18,48
TRF01154,SKU00545,T11,DEP-CENTRAL,2025-11-10,2025-11-29,7
TRF01155,SKU00588,T21,T23,2026-04-23,2026-05-09,30
TRF01156,SKU00735,DEP-CENTRAL,T07,2023-11-14,2023-11-23,15
TRF01157,SKU00192,T28,DEP-CENTRAL,2023-11-16,2023-11-23,50
TRF01158,SKU00395,T04,T16,2025-10-25,2025-11-09,32
TRF01159,SKU00070,DEP-CENTRAL,T03,2022-12-14,2022-12-30,46
TRF01160,SKU00544,T09,T01,2023-12-27,2024-01-07,36
TRF01161,SKU00512,T24,T20,2026-05-07,2026-05-28,12
TRF01162,SKU00740,T27,T18,2026-02-26,2026-03-01,59
TRF01163,SKU00146,DEP-CENTRAL,T28,2023-12-03,2023-12-16,30
TRF01164,SKU00287,T13,T19,2024-05-27,2024-06-03,36
TRF01165,SKU00182,T02,DEP-CENTRAL,2025-11-07,2025-11-16,18
TRF01166,SKU00475,DEP-CENTRAL,T28,2024-12-09,2024-12-29,56
TRF01167,SKU00344,T10,T01,2025-10-21,2025-10-27,17
TRF01168,SKU00539,T27,T14,2024-07-13,2024-07-17,41
TRF01169,SKU00083,DEP-CENTRAL,T22,2026-01-17,2026-01-28,37
TRF01170,SKU00337,T12,T03,2025-05-15,2025-06-05,12
TRF01171,SKU00008,DEP-CENTRAL,T16,2024-10-18,2024-11-01,40
TRF01172,SKU00200,DEP-CENTRAL,T08,2025-06-16,2025-06-23,3
TRF01173,SKU00071,DEP-CENTRAL,T04,2025-11-03,2025-11-08,42
TRF01174,SKU00662,T18,DEP-CENTRAL,2023-11-08,2023-11-19,52
TRF01175,SKU00516,T10,DEP-CENTRAL,2023-11-24,2023-12-15,3
TRF01176,SKU00601,DEP-CENTRAL,T07,2026-02-06,2026-02-09,35
TRF01177,SKU00611,T25,DEP-CENTRAL,2026-02-15,2026-02-23,20
TRF01178,SKU00287,DEP-CENTRAL,T09,2023-12-16,2024-01-06,17
TRF01179,SKU00711,DEP-CENTRAL,T27,2026-04-03,2026-04-14,21
TRF01180,SKU00417,T08,T05,2025-09-25,2025-09-28,34
TRF01181,SKU00404,T06,T13,2025-05-15,2025-06-03,25
TRF01182,SKU00650,T15,DEP-CENTRAL,2023-05-07,2023-05-26,56
TRF01183,SKU00668,DEP-CENTRAL,T04,2023-06-20,2023-06-24,55
TRF01184,SKU00463,DEP-CENTRAL,T08,2022-06-20,2022-07-01,8
TRF01185,SKU00675,DEP-CENTRAL,T12,2024-08-03,2024-08-11,54
TRF01186,SKU00711,T04,T02,2026-03-06,2026-03-09,46
TRF01187,SKU00693,DEP-CENTRAL,T23,2025-05-27,2025-05-31,11
TRF01188,SKU00479,T27,T17,2022-12-25,2022-12-30,8
TRF01189,SKU00482,DEP-CENTRAL,T20,2024-05-27,2024-06-17,28
TRF01190,SKU00540,DEP-CENTRAL,T12,2024-11-17,2024-11-21,29
TRF01191,SKU00155,DEP-CENTRAL,T10,2025-02-16,2025-03-09,13
TRF01192,SKU00104,T17,T28,2024-10-11,2024-10-30,40
TRF01193,SKU00716,DEP-CENTRAL,T10,2025-08-10,2025-08-21,7
TRF01194,SKU00768,T22,T08,2026-04-17,2026-04-28,38
TRF01195,SKU00624,T02,T09,2025-05-13,2025-05-25,56
TRF01196,SKU00618,T13,T17,2025-03-19,2025-03-28,7
TRF01197,SKU00488,DEP-CENTRAL,T04,2025-10-11,2025-10-31,20
TRF01198,SKU00026,DEP-CENTRAL,T09,2026-08-27,2026-09-01,52
TRF01199,SKU00209,T09,T22,2023-12-19,2023-12-23,3
TRF01200,SKU00421,DEP-CENTRAL,T22,2022-11-24,2022-12-10,35
TRF01201,SKU00492,DEP-CENTRAL,T25,2024-06-10,2024-06-28,16
TRF01202,SKU00475,DEP-CENTRAL,T20,2025-05-05,2025-05-25,16
TRF01203,SKU00345,T11,T04,2023-02-09,2023-02-17,7
TRF01204,SKU00025,DEP-CENTRAL,T08,2024-12-12,2024-12-25,53
TRF01205,SKU00144,T06,T21,2024-02-17,2024-03-07,10
TRF01206,SKU00013,T25,T18,2023-12-20,2023-12-26,56
TRF01207,SKU00751,T10,T11,2023-06-15,2023-07-04,53
TRF01208,SKU00715,T11,T08,2023-09-02,2023-09-08,30
TRF01209,SKU00173,T08,T06,2025-05-12,2025-05-28,17
TRF01210,SKU00659,T28,T10,2024-05-07,2024-05-18,47
TRF01211,SKU00577,T17,T28,2024-06-06,2024-06-22,13
TRF01212,SKU00629,DEP-CENTRAL,T13,2026-02-12,2026-03-04,38
TRF01213,SKU00564,DEP-CENTRAL,T03,2026-02-16,2026-03-04,36
TRF01214,SKU00272,T02,T01,2024-03-25,2024-04-01,59
TRF01215,SKU00366,T04,T06,2026-04-07,2026-04-26,5
TRF01216,SKU00030,T03,T15,2024-12-23,2025-01-02,18
TRF01217,SKU00665,DEP-CENTRAL,T05,2024-08-16,2024-08-31,53
TRF01218,SKU00633,DEP-CENTRAL,T12,2024-10-25,2024-11-05,2
TRF01219,SKU00224,DEP-CENTRAL,T04,2026-02-22,2026-03-09,51
TRF01220,SKU00149,DEP-CENTRAL,T17,2026-01-19,2026-01-27,8
TRF01221,SKU00497,T09,DEP-CENTRAL,2025-04-12,2025-04-19,51
TRF01222,SKU00312,T12,DEP-CENTRAL,2024-01-13,2024-01-21,16
TRF01223,SKU00518,T09,T25,2024-10-03,2024-10-22,56
TRF01224,SKU00404,DEP-CENTRAL,T26,2024-11-14,2024-11-19,9
TRF01225,SKU00182,T23,T05,2026-04-09,2026-04-14,58
TRF01226,SKU00465,DEP-CENTRAL,T28,2026-03-03,2026-03-07,48
TRF01227,SKU00350,T18,DEP-CENTRAL,2023-12-25,2024-01-03,21
TRF01228,SKU00464,DEP-CENTRAL,T28,2025-02-25,2025-03-01,47
TRF01229,SKU00657,DEP-CENTRAL,T12,2024-07-04,2024-07-09,27
TRF01230,SKU00346,T24,T03,2025-03-07,2025-03-13,12
TRF01231,SKU00557,DEP-CENTRAL,T19,2024-01-24,2024-02-14,16
TRF01232,SKU00192,T23,T05,2025-06-23,2025-07-03,18
TRF01233,SKU00351,T11,T05,2022-11-02,2022-11-19,16
TRF01234,SKU00607,DEP-CENTRAL,T18,2024-11-25,2024-12-11,17
TRF01235,SKU00421,T20,DEP-CENTRAL,2024-05-16,2024-05-30,24
TRF01236,SKU00688,DEP-CENTRAL,T05,2023-07-27,2023-08-04,8
TRF01237,SKU00549,T14,T26,2024-11-21,2024-12-08,23
TRF01238,SKU00432,T08,T19,2026-01-08,2026-01-12,43
TRF01239,SKU00165,DEP-CENTRAL,T08,2023-02-22,2023-03-06,57
TRF01240,SKU00021,T21,T28,2023-04-13,2023-04-28,51
TRF01241,SKU00072,DEP-CENTRAL,T17,2026-01-17,2026-02-02,26
TRF01242,SKU00555,DEP-CENTRAL,T15,2025-01-25,2025-02-14,49
TRF01243,SKU00563,DEP-CENTRAL,T17,2025-03-17,2025-03-20,8
TRF01244,SKU00288,T24,DEP-CENTRAL,2024-04-16,2024-04-24,34
TRF01245,SKU00340,DEP-CENTRAL,T07,2022-11-16,2022-12-02,13
TRF01246,SKU00651,T01,T22,2022-08-26,2022-09-08,37
TRF01247,SKU00274,DEP-CENTRAL,T16,2026-02-14,2026-02-26,6
TRF01248,SKU00671,DEP-CENTRAL,T23,2025-12-26,2026-01-06,22
TRF01249,SKU00788,T14,T25,2024-08-20,2024-08-27,17
TRF01250,SKU00664,T13,T02,2025-04-13,2025-04-29,57
TRF01251,SKU00490,T26,T22,2026-04-05,2026-04-20,27
TRF01252,SKU00115,DEP-CENTRAL,T10,2026-01-22,2026-01-25,31
TRF01253,SKU00037,T28,T21,2026-07-03,2026-07-06,35
TRF01254,SKU00281,DEP-CENTRAL,T09,2024-05-20,2024-06-04,27
TRF01255,SKU00433,T25,T13,2025-02-25,2025-03-08,44
TRF01256,SKU00053,DEP-CENTRAL,T06,2024-08-11,2024-08-17,25
TRF01257,SKU00289,DEP-CENTRAL,T20,2024-01-12,2024-01-27,16
TRF01258,SKU00151,DEP-CENTRAL,T14,2025-10-09,2025-10-13,5
TRF01259,SKU00558,T21,T12,2025-07-25,2025-07-29,35
TRF01260,SKU00001,T18,T16,2024-03-21,2024-04-03,23
TRF01261,SKU00680,DEP-CENTRAL,T17,2024-05-24,2024-05-31,37
TRF01262,SKU00194,T06,T12,2025-12-10,2025-12-20,39
TRF01263,SKU00680,T08,T14,2023-07-06,2023-07-12,13
TRF01264,SKU00779,DEP-CENTRAL,T23,2025-11-11,2025-11-16,58
TRF01265,SKU00650,DEP-CENTRAL,T11,2026-01-20,2026-02-10,25
TRF01266,SKU00708,DEP-CENTRAL,T09,2022-12-14,2022-12-30,10
TRF01267,SKU00207,DEP-CENTRAL,T16,2025-08-20,2025-08-28,56
TRF01268,SKU00203,T15,T20,2025-09-19,2025-09-27,9
TRF01269,SKU00121,T10,T06,2024-01-15,2024-02-03,47
TRF01270,SKU00773,T26,T01,2026-05-27,2026-05-31,49
TRF01271,SKU00655,DEP-CENTRAL,T18,2023-12-04,2023-12-22,54
TRF01272,SKU00681,T28,DEP-CENTRAL,2024-02-05,2024-02-12,23
TRF01273,SKU00195,DEP-CENTRAL,T06,2026-02-05,2026-02-09,39
TRF01274,SKU00022,T07,T08,2025-03-07,2025-03-16,9
TRF01275,SKU00582,DEP-CENTRAL,T26,2026-02-20,2026-03-04,2
TRF01276,SKU00308,T06,T22,2025-08-27,2025-08-30,38
TRF01277,SKU00255,T26,T20,2023-10-10,2023-10-27,37
TRF01278,SKU00472,T24,DEP-CENTRAL,2025-03-20,2025-04-08,7
TRF01279,SKU00651,DEP-CENTRAL,T24,2024-09-07,2024-09-28,21
TRF01280,SKU00252,T15,T03,2023-12-22,2023-12-26,53
TRF01281,SKU00731,T02,T08,2022-09-05,2022-09-13,20
TRF01282,SKU00706,DEP-CENTRAL,T25,2026-05-04,2026-05-19,27
TRF01283,SKU00640,DEP-CENTRAL,T08,2024-11-24,2024-11-30,13
TRF01284,SKU00434,T19,T25,2025-12-11,2025-12-22,37
TRF01285,SKU00256,T07,T28,2023-10-16,2023-10-21,43
TRF01286,SKU00169,T08,DEP-CENTRAL,2026-04-10,2026-04-19,20
TRF01287,SKU00773,DEP-CENTRAL,T12,2022-10-25,2022-10-28,44
TRF01288,SKU00243,T12,T05,2025-08-24,2025-09-10,15
TRF01289,SKU00231,DEP-CENTRAL,T02,2026-05-19,2026-06-04,27
TRF01290,SKU00115,T07,T15,2024-10-22,2024-11-02,36
TRF01291,SKU00599,DEP-CENTRAL,T06,2024-07-17,2024-07-29,18
TRF01292,SKU00775,DEP-CENTRAL,T05,2024-05-02,2024-05-19,57
TRF01293,SKU00552,DEP-CENTRAL,T03,2025-05-08,2025-05-19,39
TRF01294,SKU00623,DEP-CENTRAL,T21,2024-01-18,2024-01-31,39
TRF01295,SKU00255,DEP-CENTRAL,T19,2024-01-27,2024-02-04,19
TRF01296,SKU00316,DEP-CENTRAL,T06,2025-10-27,2025-11-17,19
TRF01297,SKU00077,T03,T13,2025-03-13,2025-03-30,56
TRF01298,SKU00253,DEP-CENTRAL,T03,2023-11-04,2023-11-18,57
TRF01299,SKU00279,T23,T27,2026-04-10,2026-04-19,24
TRF01300,SKU00619,DEP-CENTRAL,T19,2024-01-04,2024-01-16,45
TRF01301,SKU00122,T25,T08,2026-02-15,2026-02-23,19
TRF01302,SKU00483,T27,T14,2026-01-04,2026-01-15,16
TRF01303,SKU00733,DEP-CENTRAL,T03,2025-03-07,2025-03-12,38
TRF01304,SKU00026,DEP-CENTRAL,T14,2026-07-09,2026-07-18,9
TRF01305,SKU00201,T17,T07,2025-11-15,2025-11-27,54
TRF01306,SKU00617,T25,T16,2023-02-03,2023-02-12,4
TRF01307,SKU00320,T21,T22,2025-12-24,2025-12-28,41
TRF01308,SKU00560,DEP-CENTRAL,T26,2025-02-08,2025-02-20,41
TRF01309,SKU00087,T05,T01,2026-08-02,2026-08-05,46
TRF01310,SKU00711,T04,T12,2023-07-10,2023-07-17,5
TRF01311,SKU00030,T28,T23,2024-11-05,2024-11-13,10
TRF01312,SKU00571,T13,T25,2025-07-19,2025-08-02,13
TRF01313,SKU00209,DEP-CENTRAL,T01,2022-06-07,2022-06-21,23
TRF01314,SKU00002,DEP-CENTRAL,T06,2025-12-25,2026-01-06,52
TRF01315,SKU00118,T10,T11,2026-01-24,2026-02-13,32
TRF01316,SKU00696,T07,DEP-CENTRAL,2024-01-25,2024-01-30,2
TRF01317,SKU00524,DEP-CENTRAL,T28,2023-05-12,2023-05-26,13
TRF01318,SKU00587,T05,T23,2024-10-13,2024-10-28,19
TRF01319,SKU00701,T23,T14,2023-06-12,2023-06-18,27
TRF01320,SKU00378,T26,T14,2024-03-13,2024-04-03,45
TRF01321,SKU00444,DEP-CENTRAL,T12,2022-11-11,2022-11-27,24
TRF01322,SKU00619,DEP-CENTRAL,T02,2026-07-05,2026-07-14,28
TRF01323,SKU00737,DEP-CENTRAL,T01,2025-11-09,2025-11-25,54
TRF01324,SKU00745,T07,T11,2025-05-03,2025-05-16,2
TRF01325,SKU00190,DEP-CENTRAL,T09,2024-03-04,2024-03-15,10
TRF01326,SKU00798,T07,T22,2023-02-07,2023-02-17,26
TRF01327,SKU00492,T15,T13,2025-12-27,2026-01-08,34
TRF01328,SKU00107,DEP-CENTRAL,T07,2023-02-16,2023-03-05,9
TRF01329,SKU00528,T11,T08,2025-09-25,2025-10-02,4
TRF01330,SKU00053,DEP-CENTRAL,T28,2025-09-04,2025-09-19,50
TRF01331,SKU00089,DEP-CENTRAL,T06,2024-11-16,2024-11-22,45
TRF01332,SKU00781,DEP-CENTRAL,T18,2024-06-10,2024-06-14,4
TRF01333,SKU00339,T28,T14,2026-01-03,2026-01-23,17
TRF01334,SKU00327,DEP-CENTRAL,T02,2024-01-20,2024-01-26,35
TRF01335,SKU00655,T24,T03,2025-09-21,2025-09-28,28
TRF01336,SKU00506,T21,T26,2024-03-12,2024-04-01,44
TRF01337,SKU00308,DEP-CENTRAL,T13,2026-04-14,2026-05-03,47
TRF01338,SKU00016,T14,T12,2025-03-06,2025-03-23,21
TRF01339,SKU00404,T22,T23,2022-07-03,2022-07-08,37
TRF01340,SKU00652,DEP-CENTRAL,T08,2025-10-09,2025-10-25,18
TRF01341,SKU00077,DEP-CENTRAL,T27,2024-03-19,2024-03-29,38
TRF01342,SKU00597,T19,T03,2025-09-17,2025-10-06,48
TRF01343,SKU00236,T20,DEP-CENTRAL,2026-03-26,2026-04-16,28
TRF01344,SKU00426,T04,DEP-CENTRAL,2024-10-14,2024-10-27,47
TRF01345,SKU00249,DEP-CENTRAL,T23,2025-12-12,2025-12-18,25
TRF01346,SKU00343,DEP-CENTRAL,T09,2024-09-11,2024-09-15,57
TRF01347,SKU00720,DEP-CENTRAL,T09,2024-04-23,2024-05-04,57
TRF01348,SKU00463,DEP-CENTRAL,T27,2022-06-14,2022-06-19,18
TRF01349,SKU00607,DEP-CENTRAL,T26,2024-12-08,2024-12-29,51
TRF01350,SKU00096,DEP-CENTRAL,T06,2026-06-12,2026-06-25,40
TRF01351,SKU00586,DEP-CENTRAL,T21,2025-05-23,2025-05-27,24
TRF01352,SKU00563,T13,T03,2024-09-23,2024-10-09,58
TRF01353,SKU00190,DEP-CENTRAL,T02,2024-04-03,2024-04-17,15
TRF01354,SKU00154,T17,T25,2026-05-04,2026-05-10,39
TRF01355,SKU00372,DEP-CENTRAL,T25,2024-05-18,2024-06-05,27
TRF01356,SKU00625,DEP-CENTRAL,T27,2026-01-05,2026-01-20,8
TRF01357,SKU00794,DEP-CENTRAL,T19,2024-10-08,2024-10-22,43
TRF01358,SKU00700,T11,T04,2025-03-14,2025-03-19,18
TRF01359,SKU00627,T11,T26,2022-05-24,2022-05-31,17
TRF01360,SKU00059,DEP-CENTRAL,T20,2024-01-07,2024-01-27,38
TRF01361,SKU00150,T04,T06,2025-04-16,2025-04-30,31
TRF01362,SKU00156,DEP-CENTRAL,T24,2024-12-21,2025-01-03,17
TRF01363,SKU00348,DEP-CENTRAL,T26,2025-06-14,2025-07-02,25
TRF01364,SKU00577,DEP-CENTRAL,T22,2024-12-13,2024-12-17,3
TRF01365,SKU00045,DEP-CENTRAL,T11,2025-02-16,2025-02-27,14
TRF01366,SKU00396,T28,T26,2025-06-14,2025-06-23,53
TRF01367,SKU00360,DEP-CENTRAL,T09,2022-07-25,2022-07-29,4
TRF01368,SKU00193,DEP-CENTRAL,T09,2025-12-05,2025-12-18,19
TRF01369,SKU00206,DEP-CENTRAL,T16,2026-06-13,2026-06-29,52
TRF01370,SKU00662,DEP-CENTRAL,T16,2026-01-06,2026-01-22,2
TRF01371,SKU00546,T22,T16,2024-05-27,2024-06-13,9
TRF01372,SKU00114,DEP-CENTRAL,T27,2023-02-14,2023-02-17,34
TRF01373,SKU00145,DEP-CENTRAL,T09,2025-07-09,2025-07-12,13
TRF01374,SKU00001,T21,T07,2025-02-24,2025-03-02,59
TRF01375,SKU00354,DEP-CENTRAL,T05,2024-01-10,2024-01-25,44
TRF01376,SKU00039,T15,T28,2025-03-14,2025-03-31,39
TRF01377,SKU00562,DEP-CENTRAL,T17,2024-04-06,2024-04-17,20
TRF01378,SKU00542,DEP-CENTRAL,T25,2025-05-09,2025-05-18,7
TRF01379,SKU00681,T20,T01,2024-06-08,2024-06-11,36
TRF01380,SKU00404,DEP-CENTRAL,T06,2024-06-13,2024-06-30,11
TRF01381,SKU00655,T18,T07,2025-03-03,2025-03-12,36
TRF01382,SKU00062,DEP-CENTRAL,T27,2024-04-08,2024-04-11,18
TRF01383,SKU00629,T13,T12,2024-10-05,2024-10-11,22
TRF01384,SKU00609,T09,T19,2025-08-26,2025-08-31,12
TRF01385,SKU00194,T03,T20,2025-03-11,2025-03-24,54
TRF01386,SKU00425,DEP-CENTRAL,T23,2025-01-23,2025-02-02,41
TRF01387,SKU00679,DEP-CENTRAL,T11,2023-12-19,2024-01-02,54
TRF01388,SKU00255,DEP-CENTRAL,T19,2025-06-11,2025-06-20,20
TRF01389,SKU00540,T10,T16,2025-12-12,2025-12-26,53
TRF01390,SKU00182,T17,DEP-CENTRAL,2023-03-14,2023-03-20,23
TRF01391,SKU00711,DEP-CENTRAL,T28,2023-08-16,2023-08-20,13
TRF01392,SKU00513,DEP-CENTRAL,T21,2023-09-15,2023-09-21,22
TRF01393,SKU00056,DEP-CENTRAL,T08,2023-12-22,2024-01-11,51
TRF01394,SKU00183,DEP-CENTRAL,T09,2025-11-09,2025-11-24,43
TRF01395,SKU00683,DEP-CENTRAL,T08,2026-08-26,2026-09-08,28
TRF01396,SKU00039,T27,T14,2022-02-07,2022-02-22,55
TRF01397,SKU00682,T28,T05,2024-02-22,2024-03-12,29
TRF01398,SKU00739,DEP-CENTRAL,T12,2023-04-10,2023-04-14,20
TRF01399,SKU00473,T11,T26,2024-03-27,2024-04-07,38
TRF01400,SKU00721,T09,T25,2023-04-20,2023-05-02,24
TRF01401,SKU00771,DEP-CENTRAL,T27,2024-03-07,2024-03-17,37
TRF01402,SKU00257,DEP-CENTRAL,T14,2024-11-18,2024-11-23,17
TRF01403,SKU00639,DEP-CENTRAL,T22,2025-05-12,2025-05-20,59
TRF01404,SKU00739,T04,T19,2025-11-26,2025-12-06,26
TRF01405,SKU00722,T17,DEP-CENTRAL,2025-06-07,2025-06-11,38
TRF01406,SKU00021,T04,T17,2023-06-14,2023-06-23,42
TRF01407,SKU00577,T03,DEP-CENTRAL,2025-07-09,2025-07-22,51
TRF01408,SKU00546,T07,DEP-CENTRAL,2025-04-24,2025-05-14,29
TRF01409,SKU00347,DEP-CENTRAL,T13,2026-07-12,2026-07-24,17
TRF01410,SKU00146,T10,T11,2025-03-25,2025-04-15,51
TRF01411,SKU00369,DEP-CENTRAL,T12,2026-01-07,2026-01-17,58
TRF01412,SKU00525,T15,T28,2025-07-19,2025-07-27,47
TRF01413,SKU00625,T07,T25,2026-08-25,2026-09-01,42
TRF01414,SKU00708,DEP-CENTRAL,T03,2025-01-13,2025-01-22,29
TRF01415,SKU00524,DEP-CENTRAL,T07,2024-03-20,2024-04-09,50
TRF01416,SKU00718,DEP-CENTRAL,T20,2025-08-06,2025-08-23,19
TRF01417,SKU00050,T06,DEP-CENTRAL,2025-07-04,2025-07-15,58
TRF01418,SKU00100,DEP-CENTRAL,T20,2025-03-16,2025-04-01,26
TRF01419,SKU00632,T05,DEP-CENTRAL,2022-08-19,2022-09-03,28
TRF01420,SKU00375,T28,T27,2025-11-12,2025-11-28,38
TRF01421,SKU00726,T18,DEP-CENTRAL,2024-02-12,2024-03-01,3
TRF01422,SKU00284,T03,DEP-CENTRAL,2025-03-09,2025-03-26,42
TRF01423,SKU00040,T03,DEP-CENTRAL,2022-11-22,2022-12-05,42
TRF01424,SKU00051,DEP-CENTRAL,T01,2023-01-24,2023-02-09,10
TRF01425,SKU00157,DEP-CENTRAL,T21,2022-08-14,2022-09-02,8
TRF01426,SKU00295,T22,T27,2025-09-06,2025-09-19,8
TRF01427,SKU00583,DEP-CENTRAL,T28,2026-07-21,2026-08-04,34
TRF01428,SKU00166,DEP-CENTRAL,T17,2023-11-04,2023-11-19,46
TRF01429,SKU00222,T03,T09,2026-05-09,2026-05-24,42
TRF01430,SKU00191,DEP-CENTRAL,T10,2024-09-26,2024-10-12,25
TRF01431,SKU00093,T16,T14,2024-01-14,2024-02-01,56
TRF01432,SKU00706,T10,T05,2026-06-12,2026-07-03,20
TRF01433,SKU00166,DEP-CENTRAL,T02,2024-02-06,2024-02-12,33
TRF01434,SKU00682,DEP-CENTRAL,T12,2024-02-23,2024-03-06,22
TRF01435,SKU00466,DEP-CENTRAL,T24,2025-10-18,2025-10-26,11
TRF01436,SKU00072,T08,T11,2024-12-05,2024-12-12,59
TRF01437,SKU00313,DEP-CENTRAL,T07,2023-02-26,2023-03-04,4
TRF01438,SKU00180,T15,T23,2025-02-14,2025-03-03,57
TRF01439,SKU00743,DEP-CENTRAL,T22,2023-12-12,2023-12-19,20
TRF01440,SKU00325,T13,T02,2024-05-26,2024-06-10,7
TRF01441,SKU00032,DEP-CENTRAL,T23,2025-06-04,2025-06-08,19
TRF01442,SKU00430,DEP-CENTRAL,T07,2024-08-10,2024-08-15,55
TRF01443,SKU00328,DEP-CENTRAL,T14,2025-03-21,2025-04-05,23
TRF01444,SKU00298,DEP-CENTRAL,T20,2024-03-26,2024-04-01,26
TRF01445,SKU00571,DEP-CENTRAL,T21,2024-07-24,2024-08-06,24
TRF01446,SKU00583,DEP-CENTRAL,T18,2022-08-20,2022-09-09,18
TRF01447,SKU00771,DEP-CENTRAL,T26,2024-02-25,2024-03-08,56
TRF01448,SKU00473,T26,DEP-CENTRAL,2024-02-06,2024-02-21,52
TRF01449,SKU00109,DEP-CENTRAL,T13,2023-11-11,2023-11-24,41
TRF01450,SKU00150,T12,DEP-CENTRAL,2025-06-08,2025-06-24,11
TRF01451,SKU00535,DEP-CENTRAL,T24,2023-02-18,2023-02-25,10
TRF01452,SKU00391,DEP-CENTRAL,T22,2025-06-08,2025-06-19,40
TRF01453,SKU00335,DEP-CENTRAL,T25,2026-03-07,2026-03-23,20
TRF01454,SKU00240,DEP-CENTRAL,T19,2023-12-24,2024-01-13,16
TRF01455,SKU00035,T11,T28,2026-01-17,2026-02-02,23
TRF01456,SKU00609,DEP-CENTRAL,T10,2024-11-22,2024-11-30,37
TRF01457,SKU00063,T15,T01,2026-05-06,2026-05-14,39
TRF01458,SKU00501,DEP-CENTRAL,T13,2023-02-21,2023-03-02,34
TRF01459,SKU00535,DEP-CENTRAL,T19,2024-10-21,2024-10-24,9
TRF01460,SKU00639,T22,T18,2025-02-11,2025-02-22,16
TRF01461,SKU00378,T05,T25,2024-03-03,2024-03-23,25
TRF01462,SKU00220,DEP-CENTRAL,T10,2025-02-19,2025-02-27,26
TRF01463,SKU00279,DEP-CENTRAL,T23,2026-01-10,2026-01-19,56
TRF01464,SKU00521,T07,DEP-CENTRAL,2025-12-03,2025-12-20,46
TRF01465,SKU00072,DEP-CENTRAL,T24,2025-07-26,2025-08-16,35
TRF01466,SKU00441,DEP-CENTRAL,T12,2025-02-07,2025-02-17,59
TRF01467,SKU00770,T26,T13,2025-12-06,2025-12-14,5
TRF01468,SKU00330,DEP-CENTRAL,T16,2025-08-14,2025-08-21,32
TRF01469,SKU00064,DEP-CENTRAL,T17,2025-11-18,2025-11-24,5
TRF01470,SKU00633,T25,DEP-CENTRAL,2023-08-13,2023-08-28,42
TRF01471,SKU00246,DEP-CENTRAL,T13,2024-06-22,2024-07-05,57
TRF01472,SKU00003,DEP-CENTRAL,T17,2025-07-11,2025-07-18,57
TRF01473,SKU00284,DEP-CENTRAL,T16,2025-02-16,2025-02-27,46
TRF01474,SKU00730,DEP-CENTRAL,T04,2025-09-13,2025-09-23,24
TRF01475,SKU00718,T10,T28,2026-03-10,2026-03-16,29
TRF01476,SKU00240,T11,T04,2025-10-20,2025-11-04,26
TRF01477,SKU00711,DEP-CENTRAL,T26,2024-08-07,2024-08-17,55
TRF01478,SKU00059,DEP-CENTRAL,T08,2023-01-23,2023-02-04,44
TRF01479,SKU00289,T23,T13,2022-10-09,2022-10-17,4
TRF01480,SKU00206,DEP-CENTRAL,T22,2026-01-12,2026-01-21,29
TRF01481,SKU00337,T19,T12,2025-11-15,2025-11-30,10
TRF01482,SKU00656,T25,T21,2026-08-12,2026-08-20,32
TRF01483,SKU00494,T09,T26,2025-02-08,2025-02-14,50
TRF01484,SKU00302,DEP-CENTRAL,T19,2024-05-16,2024-05-31,31
TRF01485,SKU00036,DEP-CENTRAL,T18,2025-11-24,2025-12-13,2
TRF01486,SKU00184,DEP-CENTRAL,T28,2026-06-13,2026-06-30,46
TRF01487,SKU00593,T08,T11,2026-06-06,2026-06-26,41
TRF01488,SKU00668,DEP-CENTRAL,T27,2026-05-21,2026-05-30,2
TRF01489,SKU00277,T13,T15,2023-08-11,2023-08-28,30
TRF01490,SKU00687,T06,T24,2024-11-11,2024-12-02,32
TRF01491,SKU00601,DEP-CENTRAL,T14,2025-03-06,2025-03-21,53
TRF01492,SKU00287,T05,T01,2026-07-11,2026-07-24,6
TRF01493,SKU00752,T09,T18,2026-01-03,2026-01-22,21
TRF01494,SKU00776,DEP-CENTRAL,T06,2024-11-21,2024-12-01,8
TRF01495,SKU00407,T21,T09,2023-10-19,2023-10-23,42
TRF01496,SKU00658,T16,T11,2025-08-25,2025-09-13,9
TRF01497,SKU00165,DEP-CENTRAL,T22,2023-02-02,2023-02-10,2
TRF01498,SKU00501,T14,T11,2024-09-12,2024-09-22,50
TRF01499,SKU00003,DEP-CENTRAL,T15,2025-07-26,2025-08-01,52
TRF01500,SKU00288,T09,DEP-CENTRAL,2024-07-21,2024-07-31,59
TRF01501,SKU00352,DEP-CENTRAL,T05,2025-07-05,2025-07-09,20
TRF01502,SKU00389,DEP-CENTRAL,T14,2024-05-07,2024-05-12,36
TRF01503,SKU00671,T24,T04,2024-06-02,2024-06-06,52
TRF01504,SKU00001,T16,T23,2025-08-11,2025-08-27,31
TRF01505,SKU00196,DEP-CENTRAL,T28,2026-07-18,2026-08-07,3
TRF01506,SKU00319,T14,T24,2025-02-16,2025-02-22,23
TRF01507,SKU00508,T10,T09,2026-02-08,2026-02-26,5
TRF01508,SKU00193,T21,DEP-CENTRAL,2025-02-26,2025-03-05,14
TRF01509,SKU00562,DEP-CENTRAL,T14,2024-06-11,2024-06-23,46
TRF01510,SKU00348,DEP-CENTRAL,T15,2024-09-18,2024-10-05,41
TRF01511,SKU00629,DEP-CENTRAL,T16,2024-03-25,2024-03-31,19
TRF01512,SKU00008,T14,T21,2026-05-04,2026-05-11,57
TRF01513,SKU00272,DEP-CENTRAL,T05,2025-11-25,2025-11-29,49
TRF01514,SKU00466,DEP-CENTRAL,T08,2025-11-12,2025-11-20,4
TRF01515,SKU00222,T09,DEP-CENTRAL,2024-09-21,2024-10-12,10
TRF01516,SKU00159,T01,T15,2022-11-03,2022-11-17,54
TRF01517,SKU00115,T24,T20,2025-06-10,2025-06-26,51
TRF01518,SKU00721,DEP-CENTRAL,T12,2023-11-21,2023-11-25,19
TRF01519,SKU00624,DEP-CENTRAL,T21,2025-10-19,2025-11-04,35
TRF01520,SKU00251,DEP-CENTRAL,T05,2026-01-11,2026-01-20,54
TRF01521,SKU00652,DEP-CENTRAL,T09,2025-11-14,2025-11-18,46
TRF01522,SKU00442,DEP-CENTRAL,T27,2023-09-15,2023-09-29,10
TRF01523,SKU00603,DEP-CENTRAL,T20,2025-05-03,2025-05-06,2
TRF01524,SKU00609,DEP-CENTRAL,T25,2025-11-21,2025-12-07,26
TRF01525,SKU00424,DEP-CENTRAL,T23,2024-09-15,2024-09-26,44
TRF01526,SKU00519,DEP-CENTRAL,T02,2022-11-24,2022-11-30,19
TRF01527,SKU00337,T19,T16,2024-10-14,2024-10-29,23
TRF01528,SKU00696,T02,T21,2024-07-18,2024-07-23,5
TRF01529,SKU00410,T16,T05,2025-03-08,2025-03-24,3
TRF01530,SKU00004,DEP-CENTRAL,T28,2024-11-06,2024-11-21,52
TRF01531,SKU00330,DEP-CENTRAL,T28,2025-12-14,2026-01-03,50
TRF01532,SKU00243,T26,DEP-CENTRAL,2024-10-16,2024-11-03,30
TRF01533,SKU00710,DEP-CENTRAL,T22,2026-03-25,2026-04-13,25
TRF01534,SKU00146,DEP-CENTRAL,T05,2023-01-15,2023-01-24,36
TRF01535,SKU00166,T23,T09,2025-10-17,2025-10-25,41
TRF01536,SKU00613,DEP-CENTRAL,T11,2025-07-07,2025-07-16,22
TRF01537,SKU00759,T06,T02,2025-10-22,2025-10-25,7
TRF01538,SKU00562,DEP-CENTRAL,T26,2025-03-05,2025-03-24,47
TRF01539,SKU00552,DEP-CENTRAL,T09,2025-09-23,2025-10-03,18
TRF01540,SKU00307,T08,T25,2023-10-02,2023-10-17,34
TRF01541,SKU00210,DEP-CENTRAL,T10,2024-04-20,2024-04-28,52
TRF01542,SKU00635,DEP-CENTRAL,T23,2023-07-10,2023-07-14,33
TRF01543,SKU00399,DEP-CENTRAL,T11,2026-06-02,2026-06-10,9
TRF01544,SKU00178,T01,T07,2025-10-10,2025-10-19,46
TRF01545,SKU00605,T26,DEP-CENTRAL,2025-05-03,2025-05-21,35
TRF01546,SKU00232,DEP-CENTRAL,T13,2025-04-13,2025-05-02,3
TRF01547,SKU00721,DEP-CENTRAL,T10,2026-05-24,2026-06-06,52
TRF01548,SKU00220,DEP-CENTRAL,T12,2024-08-06,2024-08-18,15
TRF01549,SKU00735,T17,T09,2023-07-05,2023-07-22,12
TRF01550,SKU00658,T22,T23,2025-10-04,2025-10-20,48
TRF01551,SKU00264,T25,T10,2024-11-19,2024-11-26,5
TRF01552,SKU00711,T14,T28,2023-09-04,2023-09-20,42
TRF01553,SKU00122,DEP-CENTRAL,T02,2024-09-02,2024-09-12,41
TRF01554,SKU00543,DEP-CENTRAL,T08,2025-12-12,2025-12-23,17
TRF01555,SKU00010,DEP-CENTRAL,T17,2022-08-27,2022-09-16,14
TRF01556,SKU00034,DEP-CENTRAL,T27,2023-07-08,2023-07-21,47
TRF01557,SKU00798,T24,T23,2023-10-06,2023-10-17,44
TRF01558,SKU00110,T22,T25,2024-11-05,2024-11-25,52
TRF01559,SKU00773,DEP-CENTRAL,T08,2025-09-16,2025-09-29,10
TRF01560,SKU00793,T05,T09,2025-11-03,2025-11-20,12
TRF01561,SKU00211,T09,DEP-CENTRAL,2025-07-22,2025-08-09,6
TRF01562,SKU00524,T28,T21,2026-04-26,2026-05-12,20
TRF01563,SKU00455,DEP-CENTRAL,T12,2023-08-06,2023-08-26,34
TRF01564,SKU00783,DEP-CENTRAL,T19,2026-05-23,2026-06-04,21
TRF01565,SKU00781,DEP-CENTRAL,T10,2023-04-19,2023-05-10,10
TRF01566,SKU00112,DEP-CENTRAL,T28,2023-04-17,2023-04-20,15
TRF01567,SKU00054,T16,DEP-CENTRAL,2024-09-20,2024-09-29,9
TRF01568,SKU00048,DEP-CENTRAL,T20,2025-12-15,2026-01-05,10
TRF01569,SKU00047,DEP-CENTRAL,T18,2025-12-05,2025-12-26,43
TRF01570,SKU00242,DEP-CENTRAL,T28,2026-02-07,2026-02-24,11
TRF01571,SKU00188,DEP-CENTRAL,T11,2024-03-23,2024-04-07,23
TRF01572,SKU00685,DEP-CENTRAL,T03,2026-03-03,2026-03-21,44
TRF01573,SKU00226,DEP-CENTRAL,T20,2026-05-18,2026-05-31,20
TRF01574,SKU00698,DEP-CENTRAL,T25,2024-05-23,2024-06-02,23
TRF01575,SKU00590,T02,DEP-CENTRAL,2023-11-18,2023-11-24,29
TRF01576,SKU00010,T08,T16,2023-10-13,2023-11-03,28
TRF01577,SKU00359,T26,T18,2023-11-24,2023-12-03,27
TRF01578,SKU00332,DEP-CENTRAL,T26,2025-08-23,2025-09-09,13
TRF01579,SKU00693,T12,T23,2024-08-23,2024-09-13,15
TRF01580,SKU00240,DEP-CENTRAL,T13,2024-01-27,2024-02-08,59
TRF01581,SKU00217,T06,T22,2024-09-10,2024-09-22,35
TRF01582,SKU00709,T08,T15,2023-07-18,2023-07-24,49
TRF01583,SKU00668,DEP-CENTRAL,T06,2024-03-24,2024-04-09,17
TRF01584,SKU00760,DEP-CENTRAL,T01,2026-03-12,2026-03-22,38
TRF01585,SKU00761,DEP-CENTRAL,T20,2025-09-23,2025-10-07,24
TRF01586,SKU00233,DEP-CENTRAL,T03,2025-12-10,2025-12-15,34
TRF01587,SKU00026,DEP-CENTRAL,T21,2026-03-13,2026-03-30,37
TRF01588,SKU00174,DEP-CENTRAL,T16,2024-10-14,2024-10-17,8
TRF01589,SKU00529,DEP-CENTRAL,T23,2024-03-04,2024-03-14,30
TRF01590,SKU00359,DEP-CENTRAL,T16,2025-05-10,2025-05-15,13
TRF01591,SKU00574,DEP-CENTRAL,T10,2026-01-12,2026-02-01,10
TRF01592,SKU00506,T26,T27,2022-05-13,2022-05-19,58
TRF01593,SKU00190,T05,T07,2023-11-27,2023-12-05,32
TRF01594,SKU00379,T21,DEP-CENTRAL,2025-10-14,2025-10-28,11
TRF01595,SKU00074,T15,T14,2025-02-07,2025-02-25,21
TRF01596,SKU00564,T10,T24,2025-07-05,2025-07-22,42
TRF01597,SKU00780,DEP-CENTRAL,T23,2026-06-10,2026-06-16,3
TRF01598,SKU00535,DEP-CENTRAL,T24,2024-04-08,2024-04-25,36
TRF01599,SKU00651,DEP-CENTRAL,T21,2025-10-08,2025-10-20,15
TRF01600,SKU00358,T19,T04,2025-06-18,2025-07-01,26
TRF01601,SKU00759,DEP-CENTRAL,T20,2023-08-25,2023-09-02,19
TRF01602,SKU00338,DEP-CENTRAL,T20,2025-07-15,2025-07-27,5
TRF01603,SKU00181,T09,T05,2025-02-16,2025-03-02,41
TRF01604,SKU00428,T19,DEP-CENTRAL,2024-10-14,2024-10-29,38
TRF01605,SKU00651,T19,DEP-CENTRAL,2023-05-17,2023-06-04,52
TRF01606,SKU00042,DEP-CENTRAL,T21,2026-04-08,2026-04-27,33
TRF01607,SKU00099,DEP-CENTRAL,T05,2024-12-17,2024-12-21,24
TRF01608,SKU00190,DEP-CENTRAL,T18,2026-07-23,2026-07-31,59
TRF01609,SKU00727,T19,T10,2026-06-07,2026-06-19,17
TRF01610,SKU00518,T17,T26,2025-01-19,2025-02-01,50
TRF01611,SKU00146,T06,T22,2023-02-25,2023-03-13,28
TRF01612,SKU00259,DEP-CENTRAL,T15,2024-02-06,2024-02-18,7
TRF01613,SKU00472,DEP-CENTRAL,T24,2025-05-04,2025-05-23,15
TRF01614,SKU00034,T04,DEP-CENTRAL,2024-11-04,2024-11-11,42
TRF01615,SKU00375,T08,T02,2026-02-03,2026-02-21,7
TRF01616,SKU00691,T03,T21,2026-06-10,2026-06-26,46
TRF01617,SKU00404,DEP-CENTRAL,T13,2022-07-03,2022-07-18,27
TRF01618,SKU00190,T20,DEP-CENTRAL,2023-06-19,2023-07-09,23
TRF01619,SKU00722,DEP-CENTRAL,T05,2024-11-23,2024-11-26,7
TRF01620,SKU00785,DEP-CENTRAL,T16,2026-03-10,2026-03-26,13
TRF01621,SKU00502,T13,T04,2023-03-18,2023-03-23,12
TRF01622,SKU00571,DEP-CENTRAL,T07,2026-04-26,2026-05-12,42
TRF01623,SKU00313,T24,T17,2023-02-18,2023-02-23,47
TRF01624,SKU00548,T01,T15,2025-01-24,2025-02-13,9
TRF01625,SKU00566,DEP-CENTRAL,T22,2026-03-17,2026-04-02,58
TRF01626,SKU00596,DEP-CENTRAL,T22,2025-10-03,2025-10-21,50
TRF01627,SKU00651,T19,T23,2024-02-03,2024-02-06,30
TRF01628,SKU00307,T26,T05,2023-11-09,2023-11-24,41
TRF01629,SKU00241,DEP-CENTRAL,T23,2025-03-13,2025-03-17,22
TRF01630,SKU00124,DEP-CENTRAL,T20,2024-12-10,2024-12-20,32
TRF01631,SKU00733,T27,T19,2024-11-15,2024-11-18,6
TRF01632,SKU00605,DEP-CENTRAL,T15,2026-04-15,2026-04-30,30
TRF01633,SKU00302,T23,DEP-CENTRAL,2024-03-09,2024-03-22,9
TRF01634,SKU00254,DEP-CENTRAL,T02,2025-07-19,2025-07-27,45
TRF01635,SKU00039,DEP-CENTRAL,T21,2025-02-22,2025-03-05,33
TRF01636,SKU00067,T21,T23,2024-06-10,2024-06-15,31
TRF01637,SKU00724,T12,T23,2025-04-16,2025-05-06,31
TRF01638,SKU00651,T05,DEP-CENTRAL,2022-07-27,2022-08-09,20
TRF01639,SKU00761,T15,DEP-CENTRAL,2026-01-16,2026-02-04,53
TRF01640,SKU00686,T23,T14,2023-04-23,2023-04-26,54
TRF01641,SKU00109,DEP-CENTRAL,T14,2022-11-17,2022-11-24,26
TRF01642,SKU00723,DEP-CENTRAL,T05,2026-04-15,2026-04-19,32
TRF01643,SKU00203,T26,T04,2022-02-26,2022-03-15,46
TRF01644,SKU00013,T27,T20,2025-10-04,2025-10-24,10
TRF01645,SKU00037,DEP-CENTRAL,T10,2025-07-09,2025-07-19,3
TRF01646,SKU00572,DEP-CENTRAL,T01,2024-01-08,2024-01-16,4
TRF01647,SKU00551,DEP-CENTRAL,T22,2025-02-07,2025-02-21,46
TRF01648,SKU00068,DEP-CENTRAL,T12,2025-02-07,2025-02-18,20
TRF01649,SKU00673,T20,T01,2025-08-11,2025-08-23,14
TRF01650,SKU00797,DEP-CENTRAL,T03,2025-05-14,2025-06-04,21
TRF01651,SKU00708,T15,DEP-CENTRAL,2025-05-18,2025-06-07,14
TRF01652,SKU00510,DEP-CENTRAL,T07,2025-05-11,2025-05-19,56
TRF01653,SKU00304,DEP-CENTRAL,T09,2025-10-26,2025-11-12,15
TRF01654,SKU00423,T25,DEP-CENTRAL,2023-05-14,2023-05-22,47
TRF01655,SKU00781,T22,T14,2023-08-14,2023-08-17,8
TRF01656,SKU00704,DEP-CENTRAL,T22,2025-01-23,2025-02-09,4
TRF01657,SKU00101,T19,DEP-CENTRAL,2026-05-11,2026-05-20,31
TRF01658,SKU00534,DEP-CENTRAL,T10,2024-12-22,2025-01-09,22
TRF01659,SKU00241,T14,T10,2025-01-26,2025-02-02,46
TRF01660,SKU00734,DEP-CENTRAL,T07,2026-04-10,2026-05-01,53
TRF01661,SKU00381,DEP-CENTRAL,T05,2024-05-06,2024-05-25,8
TRF01662,SKU00500,T21,T02,2024-03-27,2024-04-05,49
TRF01663,SKU00207,DEP-CENTRAL,T22,2023-05-15,2023-05-22,29
TRF01664,SKU00097,T21,T02,2026-02-18,2026-03-04,4
TRF01665,SKU00720,DEP-CENTRAL,T03,2023-11-08,2023-11-23,4
TRF01666,SKU00324,T09,T03,2024-06-08,2024-06-18,24
TRF01667,SKU00330,T06,T12,2025-12-14,2025-12-28,56
TRF01668,SKU00687,DEP-CENTRAL,T06,2025-05-23,2025-05-30,41
TRF01669,SKU00757,DEP-CENTRAL,T22,2023-08-24,2023-09-14,26
TRF01670,SKU00626,T05,T11,2024-11-08,2024-11-11,16
TRF01671,SKU00621,T07,T02,2024-02-25,2024-03-10,59
TRF01672,SKU00593,T20,T18,2023-11-21,2023-11-27,40
TRF01673,SKU00277,T10,T09,2026-08-17,2026-08-23,19
TRF01674,SKU00231,T01,T23,2024-08-03,2024-08-19,4
TRF01675,SKU00668,DEP-CENTRAL,T10,2024-11-04,2024-11-12,45
TRF01676,SKU00228,T15,DEP-CENTRAL,2025-07-14,2025-08-04,21
TRF01677,SKU00039,T15,DEP-CENTRAL,2022-04-06,2022-04-27,38
TRF01678,SKU00506,T24,T20,2024-04-22,2024-05-11,47
TRF01679,SKU00323,DEP-CENTRAL,T19,2023-11-13,2023-11-20,55
TRF01680,SKU00783,T09,T06,2023-05-15,2023-05-26,33
TRF01681,SKU00252,T12,DEP-CENTRAL,2024-04-06,2024-04-20,30
TRF01682,SKU00540,T22,T16,2025-02-19,2025-03-07,31
TRF01683,SKU00188,DEP-CENTRAL,T03,2026-02-08,2026-02-21,45
TRF01684,SKU00462,DEP-CENTRAL,T28,2026-02-13,2026-03-06,30
TRF01685,SKU00123,DEP-CENTRAL,T21,2025-06-02,2025-06-08,37
TRF01686,SKU00048,DEP-CENTRAL,T12,2023-12-17,2023-12-20,47
TRF01687,SKU00720,DEP-CENTRAL,T22,2023-05-16,2023-05-22,52
TRF01688,SKU00143,DEP-CENTRAL,T23,2025-07-06,2025-07-12,4
TRF01689,SKU00426,T18,T19,2024-02-05,2024-02-08,37
TRF01690,SKU00372,T25,T15,2024-04-09,2024-04-22,2
TRF01691,SKU00492,DEP-CENTRAL,T13,2026-06-20,2026-06-30,12
TRF01692,SKU00426,T14,DEP-CENTRAL,2026-05-02,2026-05-15,55
TRF01693,SKU00059,DEP-CENTRAL,T23,2023-07-06,2023-07-15,7
TRF01694,SKU00025,DEP-CENTRAL,T28,2025-01-09,2025-01-12,16
TRF01695,SKU00204,T09,T28,2025-07-12,2025-07-31,42
TRF01696,SKU00698,T25,DEP-CENTRAL,2025-03-24,2025-04-09,23
TRF01697,SKU00512,DEP-CENTRAL,T02,2024-09-20,2024-10-08,44
TRF01698,SKU00601,DEP-CENTRAL,T04,2025-09-17,2025-09-20,16
TRF01699,SKU00413,DEP-CENTRAL,T20,2024-07-12,2024-07-24,12
TRF01700,SKU00528,DEP-CENTRAL,T27,2023-11-20,2023-12-01,21
TRF01701,SKU00583,T05,T09,2025-04-25,2025-05-13,40
TRF01702,SKU00313,T28,T21,2024-06-20,2024-07-08,46
TRF01703,SKU00780,DEP-CENTRAL,T25,2026-01-02,2026-01-06,52
TRF01704,SKU00650,DEP-CENTRAL,T15,2023-06-03,2023-06-16,51
TRF01705,SKU00065,DEP-CENTRAL,T01,2026-05-17,2026-06-05,19
TRF01706,SKU00032,DEP-CENTRAL,T27,2023-06-10,2023-06-14,34
TRF01707,SKU00510,DEP-CENTRAL,T02,2024-09-14,2024-09-21,32
TRF01708,SKU00416,DEP-CENTRAL,T16,2025-07-12,2025-07-25,57
TRF01709,SKU00697,T09,T22,2023-07-05,2023-07-11,48
TRF01710,SKU00018,T18,DEP-CENTRAL,2025-02-04,2025-02-17,55
TRF01711,SKU00271,DEP-CENTRAL,T21,2025-07-02,2025-07-20,18
TRF01712,SKU00750,DEP-CENTRAL,T28,2026-03-13,2026-03-17,22
TRF01713,SKU00714,DEP-CENTRAL,T28,2025-07-21,2025-08-04,15
TRF01714,SKU00528,DEP-CENTRAL,T25,2024-06-16,2024-07-03,32
TRF01715,SKU00513,DEP-CENTRAL,T02,2024-01-13,2024-02-03,38
TRF01716,SKU00718,T02,DEP-CENTRAL,2023-09-23,2023-09-30,32
TRF01717,SKU00244,DEP-CENTRAL,T04,2025-05-16,2025-05-29,49
TRF01718,SKU00435,DEP-CENTRAL,T15,2024-10-14,2024-11-01,8
TRF01719,SKU00481,T21,T16,2023-07-07,2023-07-23,12
TRF01720,SKU00232,T08,DEP-CENTRAL,2026-06-14,2026-06-27,57
TRF01721,SKU00587,DEP-CENTRAL,T18,2024-06-27,2024-07-15,37
TRF01722,SKU00138,T03,T01,2023-10-07,2023-10-11,14
TRF01723,SKU00275,DEP-CENTRAL,T02,2025-05-15,2025-05-27,48
TRF01724,SKU00556,DEP-CENTRAL,T19,2023-07-05,2023-07-10,51
TRF01725,SKU00651,DEP-CENTRAL,T28,2025-10-20,2025-11-03,49
TRF01726,SKU00416,T16,DEP-CENTRAL,2024-02-22,2024-03-12,5
TRF01727,SKU00760,DEP-CENTRAL,T20,2023-11-19,2023-12-06,29
TRF01728,SKU00683,T06,T23,2026-01-22,2026-01-31,56
TRF01729,SKU00708,T09,DEP-CENTRAL,2024-02-18,2024-02-29,11
TRF01730,SKU00255,DEP-CENTRAL,T18,2025-09-18,2025-09-23,27
TRF01731,SKU00467,T22,T11,2024-02-07,2024-02-14,29
TRF01732,SKU00706,DEP-CENTRAL,T26,2026-01-26,2026-02-04,42
TRF01733,SKU00183,T17,T21,2024-08-11,2024-08-15,37
TRF01734,SKU00619,DEP-CENTRAL,T10,2025-09-20,2025-10-01,45
TRF01735,SKU00528,T14,T27,2026-08-14,2026-08-26,44
TRF01736,SKU00085,DEP-CENTRAL,T22,2022-10-03,2022-10-16,2
TRF01737,SKU00423,DEP-CENTRAL,T03,2023-01-02,2023-01-15,16
TRF01738,SKU00573,T22,DEP-CENTRAL,2026-04-10,2026-04-24,14
TRF01739,SKU00034,DEP-CENTRAL,T12,2024-08-11,2024-08-19,16
TRF01740,SKU00695,T09,DEP-CENTRAL,2025-06-13,2025-06-30,53
TRF01741,SKU00642,T28,T11,2026-02-26,2026-03-01,14
TRF01742,SKU00340,DEP-CENTRAL,T11,2023-03-27,2023-04-05,50
TRF01743,SKU00696,DEP-CENTRAL,T14,2024-02-24,2024-03-07,4
TRF01744,SKU00193,DEP-CENTRAL,T21,2024-06-23,2024-06-28,4
TRF01745,SKU00373,DEP-CENTRAL,T21,2024-10-10,2024-10-14,39
TRF01746,SKU00571,DEP-CENTRAL,T21,2024-12-06,2024-12-24,27
TRF01747,SKU00168,DEP-CENTRAL,T21,2025-05-24,2025-06-13,2
TRF01748,SKU00311,T09,T23,2025-04-18,2025-04-25,21
TRF01749,SKU00164,T20,T12,2025-05-04,2025-05-08,30
TRF01750,SKU00109,DEP-CENTRAL,T26,2026-01-15,2026-01-27,53
TRF01751,SKU00628,T26,T13,2023-09-16,2023-10-02,37
TRF01752,SKU00764,T05,T20,2026-07-26,2026-08-13,11
TRF01753,SKU00228,DEP-CENTRAL,T24,2023-01-04,2023-01-12,32
TRF01754,SKU00453,T25,T24,2025-02-15,2025-02-22,51
TRF01755,SKU00333,DEP-CENTRAL,T08,2023-09-05,2023-09-22,52
TRF01756,SKU00220,T24,T25,2025-11-17,2025-12-06,44
TRF01757,SKU00061,T23,DEP-CENTRAL,2025-09-14,2025-09-30,45
TRF01758,SKU00135,DEP-CENTRAL,T12,2025-02-02,2025-02-07,32
TRF01759,SKU00256,DEP-CENTRAL,T05,2023-08-13,2023-08-26,23
TRF01760,SKU00629,DEP-CENTRAL,T13,2025-10-02,2025-10-05,18
TRF01761,SKU00787,T16,DEP-CENTRAL,2025-04-06,2025-04-16,34
TRF01762,SKU00173,DEP-CENTRAL,T24,2025-04-08,2025-04-21,56
TRF01763,SKU00531,T04,T09,2026-01-18,2026-02-03,21
TRF01764,SKU00540,T17,T12,2026-07-17,2026-07-27,2
TRF01765,SKU00118,DEP-CENTRAL,T03,2025-12-22,2026-01-04,50
TRF01766,SKU00306,T19,T06,2023-10-10,2023-10-22,45
TRF01767,SKU00300,T01,T17,2026-04-25,2026-05-06,42
TRF01768,SKU00589,DEP-CENTRAL,T15,2025-11-02,2025-11-15,40
TRF01769,SKU00182,T09,T16,2024-06-13,2024-07-03,32
TRF01770,SKU00209,DEP-CENTRAL,T25,2026-04-16,2026-05-06,8
TRF01771,SKU00025,T06,DEP-CENTRAL,2026-07-24,2026-08-14,38
TRF01772,SKU00339,DEP-CENTRAL,T02,2025-04-03,2025-04-19,37
TRF01773,SKU00416,T08,T25,2025-09-03,2025-09-10,26
TRF01774,SKU00099,T03,T02,2025-03-21,2025-03-24,23
TRF01775,SKU00692,T09,DEP-CENTRAL,2023-02-23,2023-03-12,53
TRF01776,SKU00540,DEP-CENTRAL,T02,2022-05-06,2022-05-26,45
TRF01777,SKU00464,DEP-CENTRAL,T23,2023-09-17,2023-10-02,47
TRF01778,SKU00633,T06,T12,2026-04-19,2026-05-05,13
TRF01779,SKU00511,T13,T06,2026-04-21,2026-04-24,28
TRF01780,SKU00354,DEP-CENTRAL,T26,2024-06-02,2024-06-22,55
TRF01781,SKU00399,T21,T12,2025-05-27,2025-06-09,34
TRF01782,SKU00403,DEP-CENTRAL,T06,2025-02-27,2025-03-04,37
TRF01783,SKU00422,DEP-CENTRAL,T07,2024-08-09,2024-08-16,52
TRF01784,SKU00700,T10,T08,2025-10-22,2025-11-03,28
TRF01785,SKU00305,DEP-CENTRAL,T04,2026-05-14,2026-05-27,27
TRF01786,SKU00251,T13,DEP-CENTRAL,2026-07-08,2026-07-21,38
TRF01787,SKU00273,DEP-CENTRAL,T25,2024-10-26,2024-11-09,30
TRF01788,SKU00795,T15,T04,2024-12-24,2025-01-12,15
TRF01789,SKU00630,T24,T06,2025-04-13,2025-04-16,3
TRF01790,SKU00721,DEP-CENTRAL,T06,2026-05-16,2026-06-02,9
TRF01791,SKU00650,T25,T26,2025-11-19,2025-11-30,25
TRF01792,SKU00011,DEP-CENTRAL,T19,2023-03-13,2023-03-20,10
TRF01793,SKU00190,T03,T13,2026-03-21,2026-03-25,45
TRF01794,SKU00739,DEP-CENTRAL,T06,2023-02-22,2023-03-13,52
TRF01795,SKU00076,DEP-CENTRAL,T26,2025-06-16,2025-07-05,4
TRF01796,SKU00506,DEP-CENTRAL,T08,2024-11-04,2024-11-20,59
TRF01797,SKU00530,T03,DEP-CENTRAL,2024-02-09,2024-02-24,49
TRF01798,SKU00475,DEP-CENTRAL,T15,2024-12-24,2025-01-09,4
TRF01799,SKU00661,DEP-CENTRAL,T12,2025-11-12,2025-11-15,23
TRF01800,SKU00421,T02,DEP-CENTRAL,2022-07-11,2022-07-15,46
TRF01801,SKU00669,T22,T03,2025-11-27,2025-12-16,23
TRF01802,SKU00796,DEP-CENTRAL,T03,2026-06-02,2026-06-19,22
TRF01803,SKU00251,DEP-CENTRAL,T18,2026-08-27,2026-09-08,21
TRF01804,SKU00697,T26,T25,2024-06-10,2024-06-21,26
TRF01805,SKU00376,T05,T10,2025-07-04,2025-07-15,53
TRF01806,SKU00678,DEP-CENTRAL,T25,2024-01-15,2024-01-30,44
TRF01807,SKU00644,DEP-CENTRAL,T28,2024-07-06,2024-07-19,37
TRF01808,SKU00539,T05,T21,2025-11-22,2025-12-09,22
TRF01809,SKU00146,T05,T17,2025-04-26,2025-05-07,13
TRF01810,SKU00405,T04,DEP-CENTRAL,2025-08-25,2025-09-07,18
TRF01811,SKU00383,T14,T27,2026-01-06,2026-01-18,33
TRF01812,SKU00549,DEP-CENTRAL,T22,2025-04-04,2025-04-10,44
TRF01813,SKU00115,DEP-CENTRAL,T07,2024-04-11,2024-04-23,30
TRF01814,SKU00058,T15,DEP-CENTRAL,2024-09-10,2024-09-13,34
TRF01815,SKU00561,DEP-CENTRAL,T27,2025-04-14,2025-04-25,37
TRF01816,SKU00716,T04,T14,2026-07-05,2026-07-09,51
TRF01817,SKU00402,DEP-CENTRAL,T28,2024-10-17,2024-11-05,54
TRF01818,SKU00179,T06,DEP-CENTRAL,2025-09-06,2025-09-11,21
TRF01819,SKU00341,DEP-CENTRAL,T22,2025-07-09,2025-07-20,20
TRF01820,SKU00637,T08,T14,2026-05-03,2026-05-16,24
TRF01821,SKU00333,DEP-CENTRAL,T20,2025-04-20,2025-04-23,45
TRF01822,SKU00518,DEP-CENTRAL,T19,2024-12-21,2025-01-02,13
TRF01823,SKU00680,DEP-CENTRAL,T20,2024-01-13,2024-01-29,42
TRF01824,SKU00207,T16,T03,2023-01-12,2023-01-23,47
TRF01825,SKU00618,DEP-CENTRAL,T02,2024-09-16,2024-10-06,23
TRF01826,SKU00243,T28,T15,2025-02-05,2025-02-26,42
TRF01827,SKU00380,DEP-CENTRAL,T21,2025-04-23,2025-04-26,38
TRF01828,SKU00034,T19,T27,2023-11-02,2023-11-09,55
TRF01829,SKU00442,T23,DEP-CENTRAL,2023-04-16,2023-04-24,12
TRF01830,SKU00473,T05,T04,2025-11-12,2025-11-15,9
TRF01831,SKU00528,DEP-CENTRAL,T12,2025-11-02,2025-11-23,16
TRF01832,SKU00660,T05,T20,2022-11-15,2022-11-21,31
TRF01833,SKU00783,T07,T23,2025-03-08,2025-03-27,58
TRF01834,SKU00747,DEP-CENTRAL,T01,2024-08-22,2024-09-11,38
TRF01835,SKU00671,DEP-CENTRAL,T03,2025-12-25,2026-01-15,17
TRF01836,SKU00405,T02,T12,2024-06-09,2024-06-24,15
TRF01837,SKU00192,DEP-CENTRAL,T28,2026-08-27,2026-08-30,38
TRF01838,SKU00115,T12,DEP-CENTRAL,2026-01-06,2026-01-24,14
TRF01839,SKU00036,T05,DEP-CENTRAL,2024-11-17,2024-11-27,7
TRF01840,SKU00268,DEP-CENTRAL,T08,2026-06-26,2026-07-11,14
TRF01841,SKU00779,T16,T28,2024-12-23,2025-01-03,5
TRF01842,SKU00518,T09,DEP-CENTRAL,2025-11-15,2025-11-27,42
TRF01843,SKU00515,T17,DEP-CENTRAL,2023-02-12,2023-02-17,37
TRF01844,SKU00203,DEP-CENTRAL,T09,2026-08-03,2026-08-12,45
TRF01845,SKU00182,T27,T03,2023-03-24,2023-03-27,14
TRF01846,SKU00415,T10,T18,2024-07-11,2024-07-18,47
TRF01847,SKU00373,DEP-CENTRAL,T27,2026-02-24,2026-03-13,3
TRF01848,SKU00120,T19,DEP-CENTRAL,2025-07-21,2025-08-08,30
TRF01849,SKU00723,T02,T15,2024-12-19,2024-12-23,20
TRF01850,SKU00101,DEP-CENTRAL,T23,2023-04-27,2023-05-14,37
TRF01851,SKU00442,T13,DEP-CENTRAL,2023-11-09,2023-11-30,9
TRF01852,SKU00708,DEP-CENTRAL,T13,2025-06-12,2025-06-29,11
TRF01853,SKU00125,DEP-CENTRAL,T14,2023-12-15,2024-01-02,42
TRF01854,SKU00726,DEP-CENTRAL,T14,2024-11-07,2024-11-13,12
TRF01855,SKU00076,T27,DEP-CENTRAL,2023-10-17,2023-10-22,30
TRF01856,SKU00146,DEP-CENTRAL,T25,2024-11-10,2024-11-27,52
TRF01857,SKU00259,DEP-CENTRAL,T07,2023-02-07,2023-02-11,26
TRF01858,SKU00365,DEP-CENTRAL,T26,2023-12-26,2024-01-14,41
TRF01859,SKU00608,T23,T19,2026-01-17,2026-02-05,55
TRF01860,SKU00204,DEP-CENTRAL,T24,2025-11-14,2025-11-21,57
TRF01861,SKU00096,DEP-CENTRAL,T06,2024-01-13,2024-01-29,21
TRF01862,SKU00577,DEP-CENTRAL,T02,2024-01-08,2024-01-15,51
TRF01863,SKU00617,T09,T23,2025-09-03,2025-09-16,51
TRF01864,SKU00489,T01,DEP-CENTRAL,2025-07-24,2025-08-04,32
TRF01865,SKU00525,DEP-CENTRAL,T27,2024-11-07,2024-11-20,5
TRF01866,SKU00114,DEP-CENTRAL,T10,2025-10-25,2025-11-08,36
TRF01867,SKU00304,DEP-CENTRAL,T22,2026-07-23,2026-08-06,8
TRF01868,SKU00191,DEP-CENTRAL,T03,2024-10-18,2024-11-04,12
TRF01869,SKU00384,T08,T26,2024-04-23,2024-05-11,6
TRF01870,SKU00483,T28,T15,2026-01-17,2026-01-27,50
TRF01871,SKU00242,DEP-CENTRAL,T05,2024-09-21,2024-10-10,35
TRF01872,SKU00030,T22,T26,2025-04-03,2025-04-11,35
TRF01873,SKU00220,T17,T28,2025-05-13,2025-05-31,59
TRF01874,SKU00348,DEP-CENTRAL,T15,2023-04-05,2023-04-23,2
TRF01875,SKU00040,DEP-CENTRAL,T16,2025-01-11,2025-01-23,26
TRF01876,SKU00068,DEP-CENTRAL,T11,2024-03-09,2024-03-20,5
TRF01877,SKU00366,DEP-CENTRAL,T04,2024-05-11,2024-05-30,36
TRF01878,SKU00794,DEP-CENTRAL,T14,2025-07-07,2025-07-12,22
TRF01879,SKU00724,T14,T26,2023-06-17,2023-06-21,51
TRF01880,SKU00492,T24,T11,2026-02-11,2026-03-02,35
TRF01881,SKU00165,DEP-CENTRAL,T18,2023-12-12,2024-01-01,30
TRF01882,SKU00228,DEP-CENTRAL,T24,2022-12-04,2022-12-19,30
TRF01883,SKU00472,T09,T19,2025-09-27,2025-10-15,55
TRF01884,SKU00421,DEP-CENTRAL,T15,2024-01-08,2024-01-16,52
TRF01885,SKU00358,DEP-CENTRAL,T16,2026-01-15,2026-01-28,53
TRF01886,SKU00691,DEP-CENTRAL,T25,2025-08-27,2025-09-02,48
TRF01887,SKU00621,T05,DEP-CENTRAL,2023-12-17,2023-12-28,34
TRF01888,SKU00361,DEP-CENTRAL,T11,2026-01-10,2026-01-24,14
TRF01889,SKU00776,T02,T22,2026-03-18,2026-03-23,56
TRF01890,SKU00559,DEP-CENTRAL,T25,2025-03-05,2025-03-11,16
TRF01891,SKU00316,T17,DEP-CENTRAL,2025-11-11,2025-11-30,30
TRF01892,SKU00734,DEP-CENTRAL,T01,2023-02-21,2023-03-14,2
TRF01893,SKU00117,T12,DEP-CENTRAL,2025-10-08,2025-10-22,24
TRF01894,SKU00117,T19,T12,2025-12-06,2025-12-14,56
TRF01895,SKU00103,T05,T19,2023-09-25,2023-10-07,14
TRF01896,SKU00587,T27,DEP-CENTRAL,2024-01-15,2024-01-27,56
TRF01897,SKU00513,T12,DEP-CENTRAL,2025-08-19,2025-08-22,11
TRF01898,SKU00797,T02,T27,2026-06-18,2026-06-21,5
TRF01899,SKU00004,T21,T07,2025-10-19,2025-11-03,29
TRF01900,SKU00167,DEP-CENTRAL,T18,2026-02-03,2026-02-06,45
TRF01901,SKU00252,T02,T26,2022-11-09,2022-11-14,20
TRF01902,SKU00481,DEP-CENTRAL,T28,2025-01-11,2025-01-17,40
TRF01903,SKU00663,DEP-CENTRAL,T24,2025-05-24,2025-06-06,41
TRF01904,SKU00785,T21,T01,2022-08-08,2022-08-12,3
TRF01905,SKU00320,DEP-CENTRAL,T23,2024-12-14,2025-01-04,38
TRF01906,SKU00546,T01,T21,2025-07-24,2025-07-30,34
TRF01907,SKU00361,DEP-CENTRAL,T08,2025-07-03,2025-07-22,40
TRF01908,SKU00479,DEP-CENTRAL,T01,2022-10-08,2022-10-18,45
TRF01909,SKU00576,DEP-CENTRAL,T18,2024-07-14,2024-07-19,32
TRF01910,SKU00596,DEP-CENTRAL,T22,2024-04-20,2024-04-25,14
TRF01911,SKU00406,T20,DEP-CENTRAL,2025-10-14,2025-10-25,27
TRF01912,SKU00561,DEP-CENTRAL,T06,2024-11-26,2024-12-06,39
TRF01913,SKU00795,DEP-CENTRAL,T20,2025-03-17,2025-03-25,47
TRF01914,SKU00054,T12,DEP-CENTRAL,2022-09-23,2022-10-10,2
TRF01915,SKU00065,DEP-CENTRAL,T25,2026-08-02,2026-08-08,47
TRF01916,SKU00746,DEP-CENTRAL,T24,2026-05-26,2026-06-15,34
TRF01917,SKU00030,T05,T14,2025-01-20,2025-02-07,30
TRF01918,SKU00668,T20,T27,2025-03-25,2025-04-07,47
TRF01919,SKU00541,DEP-CENTRAL,T04,2026-08-22,2026-09-04,26
TRF01920,SKU00527,T04,T17,2026-06-06,2026-06-19,9
TRF01921,SKU00492,DEP-CENTRAL,T08,2026-05-04,2026-05-08,22
TRF01922,SKU00036,T08,DEP-CENTRAL,2025-03-05,2025-03-26,43
TRF01923,SKU00572,T03,T17,2025-01-06,2025-01-10,50
TRF01924,SKU00146,T17,T13,2022-07-17,2022-08-05,24
TRF01925,SKU00407,DEP-CENTRAL,T14,2023-12-20,2024-01-01,24
TRF01926,SKU00396,DEP-CENTRAL,T01,2026-07-12,2026-07-29,44
TRF01927,SKU00204,T02,T05,2022-10-09,2022-10-16,34
TRF01928,SKU00425,DEP-CENTRAL,T17,2023-08-16,2023-08-24,46
TRF01929,SKU00573,T22,T04,2025-05-11,2025-05-30,6
TRF01930,SKU00586,DEP-CENTRAL,T03,2026-02-15,2026-02-18,13
TRF01931,SKU00753,T22,T21,2025-11-16,2025-12-05,32
TRF01932,SKU00256,T05,DEP-CENTRAL,2024-10-11,2024-10-29,57
TRF01933,SKU00723,DEP-CENTRAL,T27,2026-01-12,2026-01-22,46
TRF01934,SKU00050,DEP-CENTRAL,T24,2025-06-03,2025-06-18,6
TRF01935,SKU00231,DEP-CENTRAL,T21,2023-12-15,2023-12-18,5
TRF01936,SKU00650,DEP-CENTRAL,T11,2024-09-10,2024-09-19,34
TRF01937,SKU00121,DEP-CENTRAL,T09,2023-12-13,2023-12-18,15
TRF01938,SKU00587,DEP-CENTRAL,T18,2024-06-07,2024-06-23,18
TRF01939,SKU00601,DEP-CENTRAL,T28,2025-03-02,2025-03-13,32
TRF01940,SKU00489,DEP-CENTRAL,T26,2025-03-05,2025-03-10,16
TRF01941,SKU00749,DEP-CENTRAL,T02,2024-07-22,2024-08-10,20
TRF01942,SKU00322,DEP-CENTRAL,T16,2026-06-05,2026-06-10,36
TRF01943,SKU00166,DEP-CENTRAL,T04,2026-01-21,2026-01-31,56
TRF01944,SKU00696,T19,T08,2026-04-14,2026-05-03,42
TRF01945,SKU00168,DEP-CENTRAL,T10,2022-10-25,2022-11-12,27
TRF01946,SKU00279,DEP-CENTRAL,T02,2025-10-24,2025-10-27,10
TRF01947,SKU00042,DEP-CENTRAL,T14,2023-10-12,2023-10-16,11
TRF01948,SKU00277,DEP-CENTRAL,T14,2025-03-19,2025-03-26,45
TRF01949,SKU00662,DEP-CENTRAL,T10,2024-09-16,2024-10-04,2
TRF01950,SKU00322,T19,T20,2026-07-22,2026-08-09,39
TRF01951,SKU00710,DEP-CENTRAL,T15,2026-06-03,2026-06-10,53
TRF01952,SKU00542,DEP-CENTRAL,T03,2025-04-04,2025-04-20,9
TRF01953,SKU00556,DEP-CENTRAL,T26,2025-10-11,2025-10-18,36
TRF01954,SKU00721,DEP-CENTRAL,T21,2026-04-19,2026-04-23,47
TRF01955,SKU00651,T04,T20,2025-08-15,2025-08-20,5
TRF01956,SKU00582,T25,T24,2025-10-09,2025-10-24,17
TRF01957,SKU00729,T26,T23,2024-10-07,2024-10-12,57
TRF01958,SKU00607,T13,T14,2024-05-10,2024-05-29,47
TRF01959,SKU00473,DEP-CENTRAL,T25,2026-05-25,2026-06-02,49
TRF01960,SKU00361,DEP-CENTRAL,T14,2025-07-14,2025-08-04,6
TRF01961,SKU00295,DEP-CENTRAL,T08,2025-07-13,2025-07-17,54
TRF01962,SKU00097,DEP-CENTRAL,T06,2025-06-10,2025-06-17,31
TRF01963,SKU00430,T02,T18,2026-02-03,2026-02-22,39
TRF01964,SKU00708,T12,T25,2025-02-05,2025-02-26,30
TRF01965,SKU00376,T03,T12,2025-07-24,2025-08-09,20
TRF01966,SKU00668,T11,DEP-CENTRAL,2024-10-24,2024-10-27,17
TRF01967,SKU00215,DEP-CENTRAL,T21,2025-03-26,2025-04-11,43
TRF01968,SKU00550,T12,T25,2025-07-09,2025-07-14,40
TRF01969,SKU00222,T09,DEP-CENTRAL,2025-08-20,2025-09-05,49
TRF01970,SKU00750,T23,T25,2024-10-17,2024-11-05,41
TRF01971,SKU00106,DEP-CENTRAL,T01,2024-10-18,2024-11-03,13
TRF01972,SKU00463,DEP-CENTRAL,T19,2024-03-13,2024-03-26,10
TRF01973,SKU00664,DEP-CENTRAL,T13,2025-10-26,2025-11-08,54
TRF01974,SKU00221,T10,DEP-CENTRAL,2023-12-25,2024-01-03,19
TRF01975,SKU00047,DEP-CENTRAL,T13,2025-11-18,2025-11-27,11
TRF01976,SKU00459,T17,T08,2025-07-06,2025-07-13,28
TRF01977,SKU00010,DEP-CENTRAL,T17,2025-09-22,2025-10-02,7
TRF01978,SKU00501,DEP-CENTRAL,T19,2022-09-27,2022-10-02,58
TRF01979,SKU00722,DEP-CENTRAL,T11,2024-07-17,2024-08-01,59
TRF01980,SKU00100,T04,T22,2024-05-08,2024-05-19,36
TRF01981,SKU00143,DEP-CENTRAL,T03,2024-09-06,2024-09-24,58
TRF01982,SKU00260,T13,T12,2024-04-08,2024-04-26,8
TRF01983,SKU00470,T07,T20,2026-04-07,2026-04-16,54
TRF01984,SKU00528,T17,T25,2024-09-09,2024-09-21,25
TRF01985,SKU00739,T04,T27,2025-04-18,2025-04-23,20
TRF01986,SKU00711,DEP-CENTRAL,T11,2022-12-06,2022-12-13,55
TRF01987,SKU00536,T27,T14,2026-01-21,2026-02-04,44
TRF01988,SKU00200,T21,DEP-CENTRAL,2024-09-23,2024-10-08,31
TRF01989,SKU00698,DEP-CENTRAL,T27,2022-12-10,2022-12-27,45
TRF01990,SKU00523,T16,T02,2024-09-19,2024-10-03,43
TRF01991,SKU00492,T24,T21,2024-06-19,2024-07-06,44
TRF01992,SKU00463,DEP-CENTRAL,T19,2024-09-04,2024-09-17,50
TRF01993,SKU00483,T24,T22,2026-04-16,2026-04-28,30
TRF01994,SKU00609,DEP-CENTRAL,T02,2026-05-04,2026-05-15,51
TRF01995,SKU00165,T20,T05,2022-10-20,2022-10-31,52
TRF01996,SKU00321,T20,DEP-CENTRAL,2022-12-27,2023-01-01,11
TRF01997,SKU00204,DEP-CENTRAL,T17,2022-11-23,2022-12-14,13
TRF01998,SKU00207,T24,T03,2023-02-13,2023-02-20,54
TRF01999,SKU00508,T24,T26,2024-12-08,2024-12-12,31
TRF02000,SKU00422,DEP-CENTRAL,T20,2025-02-08,2025-02-19,5
TRF02001,SKU00500,DEP-CENTRAL,T17,2024-09-11,2024-09-20,8
TRF02002,SKU00659,DEP-CENTRAL,T03,2025-04-17,2025-04-25,52
TRF02003,SKU00286,T24,T04,2025-03-10,2025-03-31,50
TRF02004,SKU00367,DEP-CENTRAL,T07,2026-01-26,2026-02-14,46
TRF02005,SKU00533,DEP-CENTRAL,T06,2025-06-02,2025-06-14,43
TRF02006,SKU00374,DEP-CENTRAL,T26,2024-05-02,2024-05-19,16
TRF02007,SKU00626,T22,DEP-CENTRAL,2024-12-13,2025-01-02,26
TRF02008,SKU00399,T06,T27,2026-05-16,2026-05-19,30
TRF02009,SKU00383,DEP-CENTRAL,T10,2024-02-18,2024-03-09,34
TRF02010,SKU00138,T17,T28,2026-07-25,2026-08-06,24
TRF02011,SKU00042,T27,DEP-CENTRAL,2023-10-03,2023-10-14,26
TRF02012,SKU00752,T08,DEP-CENTRAL,2026-06-06,2026-06-21,12
TRF02013,SKU00354,DEP-CENTRAL,T23,2022-12-13,2022-12-18,40
TRF02014,SKU00208,DEP-CENTRAL,T23,2025-03-15,2025-04-03,22
TRF02015,SKU00072,T17,T04,2024-01-13,2024-01-19,37
TRF02016,SKU00250,T20,T19,2025-01-24,2025-01-28,3
TRF02017,SKU00248,T09,DEP-CENTRAL,2024-03-22,2024-04-10,19
TRF02018,SKU00063,T06,T03,2023-09-07,2023-09-20,3
TRF02019,SKU00755,T23,T22,2026-01-23,2026-02-07,45
TRF02020,SKU00606,DEP-CENTRAL,T24,2025-11-26,2025-12-03,30
TRF02021,SKU00442,DEP-CENTRAL,T06,2023-10-07,2023-10-19,40
TRF02022,SKU00383,T15,T14,2026-01-23,2026-02-13,37
TRF02023,SKU00773,DEP-CENTRAL,T27,2024-03-11,2024-03-15,3
TRF02024,SKU00146,DEP-CENTRAL,T18,2022-08-22,2022-08-26,15
TRF02025,SKU00435,T14,DEP-CENTRAL,2025-09-06,2025-09-17,17
TRF02026,SKU00724,DEP-CENTRAL,T12,2026-05-24,2026-06-12,10
TRF02027,SKU00188,T07,T28,2025-01-15,2025-02-01,57
TRF02028,SKU00608,DEP-CENTRAL,T02,2026-08-06,2026-08-16,38
TRF02029,SKU00654,T02,T11,2023-07-09,2023-07-20,19
TRF02030,SKU00231,T21,DEP-CENTRAL,2026-07-06,2026-07-14,23
TRF02031,SKU00721,DEP-CENTRAL,T07,2025-03-25,2025-04-09,15
TRF02032,SKU00775,DEP-CENTRAL,T26,2025-06-12,2025-06-20,51
TRF02033,SKU00291,T03,T25,2025-12-20,2026-01-08,43
TRF02034,SKU00054,DEP-CENTRAL,T21,2024-02-26,2024-03-16,24
TRF02035,SKU00689,DEP-CENTRAL,T26,2025-09-22,2025-10-11,55
TRF02036,SKU00465,DEP-CENTRAL,T25,2023-10-24,2023-11-05,50
TRF02037,SKU00115,DEP-CENTRAL,T07,2024-04-14,2024-04-17,18
TRF02038,SKU00730,DEP-CENTRAL,T14,2024-01-16,2024-01-27,38
TRF02039,SKU00384,DEP-CENTRAL,T16,2023-03-12,2023-04-01,24
TRF02040,SKU00701,T09,T26,2024-10-27,2024-11-03,58
TRF02041,SKU00738,DEP-CENTRAL,T21,2024-06-18,2024-06-23,6
TRF02042,SKU00457,DEP-CENTRAL,T03,2026-06-02,2026-06-07,22
TRF02043,SKU00401,T16,T26,2025-08-26,2025-09-04,47
TRF02044,SKU00315,DEP-CENTRAL,T18,2024-02-17,2024-03-06,22
TRF02045,SKU00144,DEP-CENTRAL,T13,2025-04-23,2025-05-07,58
TRF02046,SKU00516,DEP-CENTRAL,T12,2022-08-15,2022-08-24,43
TRF02047,SKU00407,DEP-CENTRAL,T27,2025-01-25,2025-02-12,6
TRF02048,SKU00077,DEP-CENTRAL,T19,2025-05-19,2025-06-09,35
TRF02049,SKU00330,DEP-CENTRAL,T22,2025-11-26,2025-12-12,48
TRF02050,SKU00138,DEP-CENTRAL,T10,2026-03-04,2026-03-09,44
TRF02051,SKU00307,T02,DEP-CENTRAL,2023-04-24,2023-04-30,21
TRF02052,SKU00354,T13,T01,2024-07-19,2024-08-09,26
TRF02053,SKU00180,DEP-CENTRAL,T28,2026-05-26,2026-06-10,47
TRF02054,SKU00564,T21,T24,2026-03-23,2026-04-09,45
TRF02055,SKU00187,T14,T05,2024-11-25,2024-12-11,44
TRF02056,SKU00121,T24,DEP-CENTRAL,2026-05-20,2026-06-04,29
TRF02057,SKU00616,T08,DEP-CENTRAL,2022-11-17,2022-12-08,52
TRF02058,SKU00278,DEP-CENTRAL,T01,2023-10-17,2023-11-07,53
TRF02059,SKU00211,T11,T25,2026-07-02,2026-07-12,5
TRF02060,SKU00791,T09,T14,2025-12-24,2025-12-29,55
TRF02061,SKU00419,T13,T09,2024-12-19,2024-12-26,54
TRF02062,SKU00168,T10,DEP-CENTRAL,2025-04-18,2025-04-22,9
TRF02063,SKU00502,DEP-CENTRAL,T01,2026-05-27,2026-06-07,5
TRF02064,SKU00435,DEP-CENTRAL,T05,2025-12-26,2026-01-03,52
TRF02065,SKU00601,DEP-CENTRAL,T16,2025-06-26,2025-07-11,40
TRF02066,SKU00474,T05,DEP-CENTRAL,2026-06-15,2026-06-21,11
TRF02067,SKU00737,T05,T03,2025-12-17,2026-01-03,19
TRF02068,SKU00733,DEP-CENTRAL,T27,2024-11-12,2024-11-19,2
TRF02069,SKU00525,T21,T14,2026-02-20,2026-03-08,11
TRF02070,SKU00034,DEP-CENTRAL,T16,2024-08-09,2024-08-25,38
TRF02071,SKU00600,T09,T10,2024-09-10,2024-09-29,50
TRF02072,SKU00228,T23,DEP-CENTRAL,2024-02-04,2024-02-11,10
TRF02073,SKU00437,DEP-CENTRAL,T21,2026-06-24,2026-07-15,13
TRF02074,SKU00287,T19,T04,2025-12-04,2025-12-13,44
TRF02075,SKU00623,DEP-CENTRAL,T11,2024-06-03,2024-06-18,42
TRF02076,SKU00294,DEP-CENTRAL,T26,2026-05-07,2026-05-12,43
TRF02077,SKU00264,T04,DEP-CENTRAL,2025-01-24,2025-01-29,17
TRF02078,SKU00006,DEP-CENTRAL,T13,2025-10-15,2025-11-03,2
TRF02079,SKU00452,DEP-CENTRAL,T27,2024-02-15,2024-03-05,57
TRF02080,SKU00297,DEP-CENTRAL,T10,2024-06-07,2024-06-22,43
TRF02081,SKU00032,T21,T06,2024-04-10,2024-04-30,38
TRF02082,SKU00125,DEP-CENTRAL,T07,2024-01-19,2024-01-27,10
TRF02083,SKU00667,DEP-CENTRAL,T14,2024-06-09,2024-06-24,30
TRF02084,SKU00426,T13,DEP-CENTRAL,2023-05-17,2023-05-27,40
TRF02085,SKU00454,DEP-CENTRAL,T13,2023-11-26,2023-12-06,45
TRF02086,SKU00572,DEP-CENTRAL,T27,2024-09-02,2024-09-15,43
TRF02087,SKU00724,T25,T04,2023-06-26,2023-07-10,55
TRF02088,SKU00121,T12,DEP-CENTRAL,2024-11-17,2024-11-21,36
TRF02089,SKU00776,DEP-CENTRAL,T07,2026-03-15,2026-03-18,39
TRF02090,SKU00049,T12,T08,2023-03-08,2023-03-23,19
TRF02091,SKU00617,T23,DEP-CENTRAL,2025-08-11,2025-08-27,53
TRF02092,SKU00704,DEP-CENTRAL,T06,2023-10-05,2023-10-16,14
TRF02093,SKU00279,T10,T04,2025-01-12,2025-01-29,56
TRF02094,SKU00668,DEP-CENTRAL,T11,2024-03-24,2024-04-11,35
TRF02095,SKU00425,DEP-CENTRAL,T17,2023-09-27,2023-10-17,53
TRF02096,SKU00157,DEP-CENTRAL,T17,2024-01-20,2024-01-29,30
TRF02097,SKU00572,T27,T28,2024-01-05,2024-01-13,56
TRF02098,SKU00274,T15,T19,2025-05-08,2025-05-25,15
TRF02099,SKU00788,DEP-CENTRAL,T24,2024-07-15,2024-07-29,19
TRF02100,SKU00330,DEP-CENTRAL,T11,2025-03-13,2025-04-03,37
TRF02101,SKU00313,DEP-CENTRAL,T05,2025-05-18,2025-06-04,52
TRF02102,SKU00310,T08,DEP-CENTRAL,2025-11-02,2025-11-12,44
TRF02103,SKU00400,DEP-CENTRAL,T28,2024-11-17,2024-12-08,22
TRF02104,SKU00311,T10,T21,2022-11-24,2022-11-27,59
TRF02105,SKU00706,DEP-CENTRAL,T10,2025-10-23,2025-11-10,27
TRF02106,SKU00153,T16,T08,2024-05-24,2024-06-05,25
TRF02107,SKU00446,DEP-CENTRAL,T18,2026-06-27,2026-07-04,14
TRF02108,SKU00040,DEP-CENTRAL,T15,2024-11-26,2024-12-13,53
TRF02109,SKU00001,DEP-CENTRAL,T03,2026-03-20,2026-04-08,52
TRF02110,SKU00037,T03,T10,2026-02-02,2026-02-10,23
TRF02111,SKU00710,T08,T28,2026-01-27,2026-02-03,25
TRF02112,SKU00324,DEP-CENTRAL,T19,2025-07-02,2025-07-18,50
TRF02113,SKU00033,T08,DEP-CENTRAL,2022-05-26,2022-05-30,20
TRF02114,SKU00029,T23,DEP-CENTRAL,2026-01-25,2026-02-15,21
TRF02115,SKU00127,T02,T20,2026-04-08,2026-04-11,14
TRF02116,SKU00200,DEP-CENTRAL,T11,2026-02-10,2026-02-18,21
TRF02117,SKU00003,DEP-CENTRAL,T09,2025-05-14,2025-05-17,10
TRF02118,SKU00725,DEP-CENTRAL,T25,2025-02-26,2025-03-02,31
TRF02119,SKU00093,T11,DEP-CENTRAL,2026-06-22,2026-07-02,4
TRF02120,SKU00323,T04,DEP-CENTRAL,2025-11-15,2025-11-27,21
TRF02121,SKU00042,T08,DEP-CENTRAL,2024-05-06,2024-05-14,5
TRF02122,SKU00551,T03,T15,2025-04-03,2025-04-21,19
TRF02123,SKU00209,T12,T27,2023-06-22,2023-06-27,5
TRF02124,SKU00453,DEP-CENTRAL,T22,2023-11-02,2023-11-06,28
TRF02125,SKU00743,DEP-CENTRAL,T22,2024-04-11,2024-04-19,46
TRF02126,SKU00335,T01,T04,2026-04-26,2026-05-14,41
TRF02127,SKU00196,DEP-CENTRAL,T05,2026-03-04,2026-03-19,7
TRF02128,SKU00710,DEP-CENTRAL,T14,2025-05-13,2025-05-25,42
TRF02129,SKU00607,T16,T12,2024-10-27,2024-11-01,56
TRF02130,SKU00681,DEP-CENTRAL,T27,2024-05-03,2024-05-16,43
TRF02131,SKU00159,DEP-CENTRAL,T03,2026-03-19,2026-03-29,18
TRF02132,SKU00739,T08,T20,2025-11-27,2025-12-10,35
TRF02133,SKU00641,T23,T28,2024-10-23,2024-10-27,44
TRF02134,SKU00495,DEP-CENTRAL,T25,2024-12-19,2024-12-31,36
TRF02135,SKU00704,DEP-CENTRAL,T15,2026-08-07,2026-08-18,40
TRF02136,SKU00350,T14,T09,2023-07-15,2023-07-28,55
TRF02137,SKU00454,T27,DEP-CENTRAL,2026-08-20,2026-09-10,47
TRF02138,SKU00471,T18,DEP-CENTRAL,2025-01-14,2025-01-20,23
TRF02139,SKU00014,T06,T05,2025-08-17,2025-08-28,18
TRF02140,SKU00334,T23,T16,2026-07-21,2026-08-03,56
TRF02141,SKU00755,T23,DEP-CENTRAL,2026-01-14,2026-01-30,32
TRF02142,SKU00019,DEP-CENTRAL,T25,2026-06-14,2026-06-23,48
TRF02143,SKU00140,T27,T15,2025-05-03,2025-05-13,49
TRF02144,SKU00500,DEP-CENTRAL,T12,2022-09-23,2022-10-08,42
TRF02145,SKU00380,T05,DEP-CENTRAL,2024-04-21,2024-04-26,25
TRF02146,SKU00035,T16,T21,2025-09-24,2025-10-14,34
TRF02147,SKU00747,DEP-CENTRAL,T23,2024-09-13,2024-09-18,30
TRF02148,SKU00612,T25,T19,2026-04-11,2026-04-27,48
TRF02149,SKU00571,DEP-CENTRAL,T16,2026-02-12,2026-02-20,5
TRF02150,SKU00286,DEP-CENTRAL,T27,2023-12-24,2024-01-11,36
TRF02151,SKU00681,T11,T14,2025-03-05,2025-03-17,6
TRF02152,SKU00337,DEP-CENTRAL,T23,2025-09-07,2025-09-20,37
TRF02153,SKU00723,T17,DEP-CENTRAL,2025-02-10,2025-02-17,57
TRF02154,SKU00681,T08,DEP-CENTRAL,2024-03-10,2024-03-13,3
TRF02155,SKU00311,DEP-CENTRAL,T23,2026-02-07,2026-02-28,24
TRF02156,SKU00477,DEP-CENTRAL,T01,2024-07-11,2024-07-30,7
TRF02157,SKU00628,T26,DEP-CENTRAL,2025-09-15,2025-09-23,59
TRF02158,SKU00734,DEP-CENTRAL,T18,2024-10-15,2024-11-04,23
TRF02159,SKU00656,DEP-CENTRAL,T19,2026-06-24,2026-06-27,19
TRF02160,SKU00529,DEP-CENTRAL,T28,2024-08-26,2024-09-14,41
TRF02161,SKU00071,DEP-CENTRAL,T11,2025-01-25,2025-02-09,49
TRF02162,SKU00650,T28,T24,2023-06-24,2023-07-13,38
TRF02163,SKU00571,DEP-CENTRAL,T16,2024-04-24,2024-05-09,15
TRF02164,SKU00562,T26,DEP-CENTRAL,2024-11-24,2024-12-04,13
TRF02165,SKU00324,T24,T11,2025-01-08,2025-01-29,54
TRF02166,SKU00708,T04,DEP-CENTRAL,2022-06-11,2022-06-24,49
TRF02167,SKU00207,T18,T21,2024-03-20,2024-03-29,12
TRF02168,SKU00597,T04,T09,2025-11-22,2025-12-02,21
TRF02169,SKU00251,T08,T20,2023-08-20,2023-09-08,59
TRF02170,SKU00691,DEP-CENTRAL,T20,2025-12-12,2025-12-25,59
TRF02171,SKU00543,DEP-CENTRAL,T12,2025-09-24,2025-10-02,54
TRF02172,SKU00347,T25,T18,2026-05-16,2026-05-25,20
TRF02173,SKU00789,T06,DEP-CENTRAL,2024-09-10,2024-09-21,3
TRF02174,SKU00716,T25,DEP-CENTRAL,2026-02-26,2026-03-07,13
TRF02175,SKU00318,T16,DEP-CENTRAL,2024-08-19,2024-08-27,50
TRF02176,SKU00076,T13,T12,2024-07-22,2024-07-25,23
TRF02177,SKU00611,T02,T08,2026-04-05,2026-04-18,13
TRF02178,SKU00646,T20,T02,2026-06-03,2026-06-15,8
TRF02179,SKU00115,DEP-CENTRAL,T25,2025-01-12,2025-01-19,47
TRF02180,SKU00142,DEP-CENTRAL,T07,2024-10-08,2024-10-29,29
TRF02181,SKU00775,DEP-CENTRAL,T08,2025-11-18,2025-12-05,26
TRF02182,SKU00310,T17,T10,2025-06-27,2025-07-06,33
TRF02183,SKU00407,DEP-CENTRAL,T14,2026-02-26,2026-03-08,36
TRF02184,SKU00455,DEP-CENTRAL,T12,2025-07-16,2025-08-04,42
TRF02185,SKU00002,DEP-CENTRAL,T06,2024-12-06,2024-12-11,28
TRF02186,SKU00260,DEP-CENTRAL,T15,2025-09-18,2025-09-30,28
TRF02187,SKU00299,T17,T20,2026-07-13,2026-07-27,52
TRF02188,SKU00001,T23,T09,2025-03-03,2025-03-23,22
TRF02189,SKU00627,T19,T01,2023-08-22,2023-08-26,59
TRF02190,SKU00732,DEP-CENTRAL,T22,2022-08-19,2022-09-02,20
TRF02191,SKU00004,T13,T12,2024-08-15,2024-09-01,53
TRF02192,SKU00155,T06,T05,2026-08-27,2026-09-02,56
TRF02193,SKU00200,DEP-CENTRAL,T21,2024-12-26,2024-12-29,24
TRF02194,SKU00497,T26,T13,2024-02-16,2024-02-25,38
TRF02195,SKU00732,T23,T02,2025-11-14,2025-12-05,10
TRF02196,SKU00523,DEP-CENTRAL,T05,2024-11-04,2024-11-09,51
TRF02197,SKU00453,T25,T11,2025-10-05,2025-10-24,16
TRF02198,SKU00573,T09,T28,2024-11-27,2024-12-11,25
TRF02199,SKU00598,T04,T28,2025-07-27,2025-08-11,29
TRF02200,SKU00776,T08,T21,2025-10-15,2025-10-25,53
TRF02201,SKU00101,T22,T27,2023-08-09,2023-08-15,4
TRF02202,SKU00352,DEP-CENTRAL,T02,2024-12-07,2024-12-28,14
TRF02203,SKU00497,T11,T09,2024-01-17,2024-01-30,19
TRF02204,SKU00098,T23,T10,2024-10-03,2024-10-18,26
TRF02205,SKU00164,DEP-CENTRAL,T04,2025-01-22,2025-02-03,14
TRF02206,SKU00193,T27,T21,2025-04-09,2025-04-15,36
TRF02207,SKU00363,DEP-CENTRAL,T17,2025-10-25,2025-10-28,54
TRF02208,SKU00497,DEP-CENTRAL,T26,2024-04-11,2024-04-27,15
TRF02209,SKU00792,DEP-CENTRAL,T16,2026-05-26,2026-06-11,7
TRF02210,SKU00745,DEP-CENTRAL,T23,2024-12-06,2024-12-12,59
TRF02211,SKU00530,T13,T07,2024-02-23,2024-03-11,36
TRF02212,SKU00721,T24,T02,2025-11-10,2025-11-19,52
TRF02213,SKU00420,T16,DEP-CENTRAL,2024-12-03,2024-12-09,16
TRF02214,SKU00635,T18,T22,2023-04-14,2023-04-28,5
TRF02215,SKU00662,T04,T25,2025-06-17,2025-06-27,14
TRF02216,SKU00489,DEP-CENTRAL,T09,2026-07-18,2026-07-21,55
TRF02217,SKU00161,DEP-CENTRAL,T10,2026-03-15,2026-03-30,11
TRF02218,SKU00059,T27,T05,2023-02-09,2023-02-28,25
TRF02219,SKU00166,DEP-CENTRAL,T10,2026-04-17,2026-04-29,12
TRF02220,SKU00320,DEP-CENTRAL,T14,2023-01-23,2023-01-29,25
TRF02221,SKU00515,DEP-CENTRAL,T09,2022-12-26,2022-12-30,24
TRF02222,SKU00778,DEP-CENTRAL,T21,2023-07-04,2023-07-20,7
TRF02223,SKU00245,DEP-CENTRAL,T01,2025-12-10,2025-12-20,18
TRF02224,SKU00706,DEP-CENTRAL,T23,2026-07-15,2026-07-23,56
TRF02225,SKU00433,T18,T04,2026-07-05,2026-07-18,35
TRF02226,SKU00510,DEP-CENTRAL,T24,2026-03-14,2026-04-01,19
TRF02227,SKU00698,T09,T28,2024-07-15,2024-07-18,10
TRF02228,SKU00147,T25,T07,2024-06-21,2024-07-12,16
TRF02229,SKU00616,DEP-CENTRAL,T03,2024-11-21,2024-11-25,24
TRF02230,SKU00364,T05,T20,2023-12-17,2023-12-28,48
TRF02231,SKU00076,DEP-CENTRAL,T25,2023-05-03,2023-05-23,47
TRF02232,SKU00437,DEP-CENTRAL,T08,2024-09-07,2024-09-17,11
TRF02233,SKU00296,T24,T11,2026-04-17,2026-05-07,28
TRF02234,SKU00583,T21,T17,2023-02-02,2023-02-17,50
TRF02235,SKU00360,DEP-CENTRAL,T04,2022-07-04,2022-07-24,4
TRF02236,SKU00389,DEP-CENTRAL,T06,2024-06-16,2024-07-06,58
TRF02237,SKU00673,T06,T16,2023-03-16,2023-03-21,21
TRF02238,SKU00313,T25,T08,2023-08-13,2023-08-19,55
TRF02239,SKU00109,T08,T14,2023-06-21,2023-07-02,18
TRF02240,SKU00711,DEP-CENTRAL,T14,2025-01-16,2025-01-31,51
TRF02241,SKU00513,T05,DEP-CENTRAL,2026-03-18,2026-03-27,57
TRF02242,SKU00695,T28,T09,2025-04-26,2025-05-15,6
TRF02243,SKU00122,T28,T14,2024-08-19,2024-08-23,44
TRF02244,SKU00577,DEP-CENTRAL,T11,2024-03-07,2024-03-18,56
TRF02245,SKU00350,DEP-CENTRAL,T09,2025-04-15,2025-04-22,18
TRF02246,SKU00767,DEP-CENTRAL,T25,2025-09-23,2025-10-04,43
TRF02247,SKU00260,DEP-CENTRAL,T14,2025-05-06,2025-05-13,15
TRF02248,SKU00410,DEP-CENTRAL,T06,2024-09-17,2024-09-20,18
TRF02249,SKU00204,DEP-CENTRAL,T25,2025-07-22,2025-08-06,25
TRF02250,SKU00339,DEP-CENTRAL,T12,2026-02-13,2026-03-05,48
TRF02251,SKU00608,DEP-CENTRAL,T04,2024-04-09,2024-04-16,24
TRF02252,SKU00288,T02,T19,2024-12-23,2025-01-12,26
TRF02253,SKU00146,T10,T08,2024-03-22,2024-04-07,27
TRF02254,SKU00103,T18,T27,2023-11-10,2023-11-16,22
TRF02255,SKU00582,T20,T26,2025-12-24,2026-01-11,45
TRF02256,SKU00135,DEP-CENTRAL,T12,2024-12-03,2024-12-13,42
TRF02257,SKU00467,DEP-CENTRAL,T21,2024-06-18,2024-06-30,20
TRF02258,SKU00686,DEP-CENTRAL,T24,2024-08-22,2024-09-09,6
TRF02259,SKU00542,DEP-CENTRAL,T27,2025-03-08,2025-03-14,44
TRF02260,SKU00365,T13,T14,2024-11-16,2024-11-28,7
TRF02261,SKU00242,DEP-CENTRAL,T20,2026-04-23,2026-05-09,10
TRF02262,SKU00717,DEP-CENTRAL,T06,2023-03-27,2023-04-05,3
TRF02263,SKU00687,DEP-CENTRAL,T22,2026-04-23,2026-05-08,20
TRF02264,SKU00660,DEP-CENTRAL,T22,2023-09-06,2023-09-16,2
TRF02265,SKU00049,DEP-CENTRAL,T09,2023-06-08,2023-06-16,20
TRF02266,SKU00750,T22,T07,2023-09-23,2023-10-10,18
TRF02267,SKU00644,DEP-CENTRAL,T09,2023-01-15,2023-01-20,27
TRF02268,SKU00322,DEP-CENTRAL,T22,2025-08-23,2025-09-07,8
TRF02269,SKU00367,DEP-CENTRAL,T02,2026-06-13,2026-06-19,9
TRF02270,SKU00194,DEP-CENTRAL,T12,2025-04-23,2025-04-29,15
TRF02271,SKU00481,T14,T28,2025-05-25,2025-05-28,12
TRF02272,SKU00354,T07,T02,2023-07-26,2023-08-10,4
TRF02273,SKU00421,DEP-CENTRAL,T27,2023-08-24,2023-09-13,21
TRF02274,SKU00266,DEP-CENTRAL,T23,2025-10-05,2025-10-16,26
TRF02275,SKU00721,DEP-CENTRAL,T09,2026-06-10,2026-06-19,34
TRF02276,SKU00153,T18,T21,2026-03-05,2026-03-24,43
TRF02277,SKU00287,DEP-CENTRAL,T08,2025-05-11,2025-05-23,35
TRF02278,SKU00444,DEP-CENTRAL,T10,2024-06-05,2024-06-13,40
TRF02279,SKU00097,DEP-CENTRAL,T26,2026-03-14,2026-03-17,24
TRF02280,SKU00323,T12,T20,2026-02-22,2026-02-28,17
TRF02281,SKU00740,DEP-CENTRAL,T06,2022-11-13,2022-11-26,27
TRF02282,SKU00386,DEP-CENTRAL,T10,2026-04-08,2026-04-16,21
TRF02283,SKU00256,T02,T06,2024-04-23,2024-05-06,41
TRF02284,SKU00632,DEP-CENTRAL,T25,2023-10-04,2023-10-17,48
TRF02285,SKU00109,DEP-CENTRAL,T13,2023-08-07,2023-08-23,29
TRF02286,SKU00797,DEP-CENTRAL,T21,2026-08-04,2026-08-21,45
TRF02287,SKU00497,DEP-CENTRAL,T26,2023-07-17,2023-07-21,39
TRF02288,SKU00755,T23,T07,2025-08-10,2025-08-29,7
TRF02289,SKU00403,DEP-CENTRAL,T07,2026-07-10,2026-07-22,54
TRF02290,SKU00347,T23,T02,2025-04-21,2025-05-04,8
TRF02291,SKU00732,T15,T24,2023-10-14,2023-10-21,40
TRF02292,SKU00530,T18,T28,2023-03-27,2023-03-30,50
TRF02293,SKU00316,DEP-CENTRAL,T14,2025-10-18,2025-10-21,21
TRF02294,SKU00700,T11,T28,2024-10-21,2024-11-10,36
TRF02295,SKU00114,DEP-CENTRAL,T25,2023-03-19,2023-04-02,14
TRF02296,SKU00664,T17,T01,2026-06-12,2026-06-21,53
TRF02297,SKU00577,DEP-CENTRAL,T11,2024-07-15,2024-07-25,5
TRF02298,SKU00046,DEP-CENTRAL,T16,2025-03-17,2025-03-31,46
TRF02299,SKU00631,DEP-CENTRAL,T10,2026-02-09,2026-02-22,44
TRF02300,SKU00644,DEP-CENTRAL,T06,2026-06-15,2026-06-21,15
TRF02301,SKU00402,T25,T08,2025-01-25,2025-01-31,44
TRF02302,SKU00484,DEP-CENTRAL,T07,2024-09-04,2024-09-24,15
TRF02303,SKU00375,DEP-CENTRAL,T06,2024-06-06,2024-06-24,14
TRF02304,SKU00725,DEP-CENTRAL,T20,2024-03-04,2024-03-20,46
TRF02305,SKU00407,T16,DEP-CENTRAL,2026-03-10,2026-03-26,44
TRF02306,SKU00680,DEP-CENTRAL,T22,2023-10-09,2023-10-18,41
TRF02307,SKU00607,DEP-CENTRAL,T04,2026-03-23,2026-04-08,46
TRF02308,SKU00400,DEP-CENTRAL,T05,2026-07-13,2026-07-16,26
TRF02309,SKU00053,DEP-CENTRAL,T15,2025-05-25,2025-05-31,21
TRF02310,SKU00169,DEP-CENTRAL,T15,2022-12-16,2022-12-24,14
TRF02311,SKU00441,T05,T28,2025-01-18,2025-02-06,48
TRF02312,SKU00726,DEP-CENTRAL,T11,2023-04-06,2023-04-17,8
TRF02313,SKU00576,DEP-CENTRAL,T26,2024-05-04,2024-05-23,32
TRF02314,SKU00702,T08,T16,2025-01-18,2025-02-05,52
TRF02315,SKU00658,DEP-CENTRAL,T22,2025-01-26,2025-02-08,22
TRF02316,SKU00136,DEP-CENTRAL,T24,2026-08-22,2026-08-31,44
TRF02317,SKU00155,T05,DEP-CENTRAL,2026-06-02,2026-06-14,36
TRF02318,SKU00032,DEP-CENTRAL,T24,2025-07-07,2025-07-17,6
TRF02319,SKU00754,T23,T24,2025-05-07,2025-05-18,22
TRF02320,SKU00311,DEP-CENTRAL,T25,2022-10-16,2022-11-01,8
TRF02321,SKU00513,T28,T08,2023-11-18,2023-11-30,58
TRF02322,SKU00251,DEP-CENTRAL,T08,2024-11-17,2024-12-07,48
TRF02323,SKU00477,DEP-CENTRAL,T11,2024-02-02,2024-02-21,59
TRF02324,SKU00591,T27,T21,2024-06-26,2024-07-17,58
TRF02325,SKU00218,DEP-CENTRAL,T25,2023-11-09,2023-11-29,24
TRF02326,SKU00363,DEP-CENTRAL,T13,2024-04-23,2024-04-30,28
TRF02327,SKU00649,DEP-CENTRAL,T04,2024-03-04,2024-03-13,23
TRF02328,SKU00350,T09,T05,2025-09-18,2025-10-02,12
TRF02329,SKU00359,DEP-CENTRAL,T22,2025-02-20,2025-02-28,46
TRF02330,SKU00530,T08,DEP-CENTRAL,2024-04-06,2024-04-10,15
TRF02331,SKU00113,T05,T25,2026-05-23,2026-06-02,23
TRF02332,SKU00743,DEP-CENTRAL,T05,2025-03-27,2025-04-06,57
TRF02333,SKU00179,DEP-CENTRAL,T04,2024-12-03,2024-12-09,49
TRF02334,SKU00261,DEP-CENTRAL,T27,2025-04-14,2025-04-27,6
TRF02335,SKU00236,T12,T06,2024-01-08,2024-01-13,6
TRF02336,SKU00608,DEP-CENTRAL,T23,2024-06-04,2024-06-12,7
TRF02337,SKU00616,DEP-CENTRAL,T19,2024-10-09,2024-10-17,29
TRF02338,SKU00395,DEP-CENTRAL,T10,2024-09-10,2024-09-23,11
TRF02339,SKU00167,T18,T28,2024-11-04,2024-11-18,6
TRF02340,SKU00448,T21,DEP-CENTRAL,2026-07-21,2026-07-26,16
TRF02341,SKU00299,DEP-CENTRAL,T01,2026-02-26,2026-03-02,17
TRF02342,SKU00664,DEP-CENTRAL,T28,2024-12-22,2024-12-31,14
TRF02343,SKU00391,T03,DEP-CENTRAL,2025-04-10,2025-04-29,50
TRF02344,SKU00166,DEP-CENTRAL,T19,2024-01-20,2024-02-03,26
TRF02345,SKU00311,DEP-CENTRAL,T18,2022-08-21,2022-09-07,56
TRF02346,SKU00260,DEP-CENTRAL,T21,2025-07-13,2025-07-30,29
TRF02347,SKU00383,DEP-CENTRAL,T09,2022-11-16,2022-11-21,15
TRF02348,SKU00635,DEP-CENTRAL,T26,2024-03-08,2024-03-14,53
TRF02349,SKU00040,T05,T16,2025-12-10,2025-12-18,9
TRF02350,SKU00267,DEP-CENTRAL,T27,2026-06-14,2026-06-21,41
TRF02351,SKU00277,T25,DEP-CENTRAL,2023-03-05,2023-03-22,33
TRF02352,SKU00634,T07,T27,2023-08-15,2023-08-27,11
TRF02353,SKU00317,T25,T05,2024-11-27,2024-12-13,15
TRF02354,SKU00312,T18,T22,2025-01-21,2025-02-10,52
TRF02355,SKU00718,T21,DEP-CENTRAL,2024-01-02,2024-01-20,40
TRF02356,SKU00322,DEP-CENTRAL,T11,2024-03-13,2024-03-17,24
TRF02357,SKU00581,DEP-CENTRAL,T23,2024-10-06,2024-10-18,22
TRF02358,SKU00381,T26,T03,2026-05-15,2026-06-02,4
TRF02359,SKU00690,T13,DEP-CENTRAL,2023-08-19,2023-09-05,3
TRF02360,SKU00492,T13,T24,2026-01-17,2026-02-01,38
TRF02361,SKU00165,T01,T18,2024-03-12,2024-03-19,45
TRF02362,SKU00183,DEP-CENTRAL,T17,2024-12-05,2024-12-14,52
TRF02363,SKU00500,DEP-CENTRAL,T01,2025-07-14,2025-07-22,21
TRF02364,SKU00413,T28,T12,2025-04-17,2025-04-24,15
TRF02365,SKU00710,DEP-CENTRAL,T08,2024-12-11,2025-01-01,9
TRF02366,SKU00722,DEP-CENTRAL,T05,2024-12-22,2025-01-12,27
TRF02367,SKU00320,T12,T13,2024-12-03,2024-12-12,3
TRF02368,SKU00157,T20,T09,2022-12-06,2022-12-18,4
TRF02369,SKU00682,DEP-CENTRAL,T13,2025-03-10,2025-03-21,11
TRF02370,SKU00698,DEP-CENTRAL,T20,2025-02-21,2025-02-24,46
TRF02371,SKU00680,DEP-CENTRAL,T08,2025-06-02,2025-06-19,50
TRF02372,SKU00072,T15,DEP-CENTRAL,2025-08-22,2025-09-05,21
TRF02373,SKU00039,T26,T14,2024-01-04,2024-01-18,19
TRF02374,SKU00317,T14,T02,2024-01-05,2024-01-17,39
TRF02375,SKU00002,T09,T20,2024-01-23,2024-01-27,9
TRF02376,SKU00378,T11,T08,2023-07-24,2023-08-06,18
TRF02377,SKU00439,DEP-CENTRAL,T23,2025-10-23,2025-11-09,34
TRF02378,SKU00227,T16,DEP-CENTRAL,2025-07-08,2025-07-18,44
TRF02379,SKU00437,DEP-CENTRAL,T25,2025-05-20,2025-06-10,26
TRF02380,SKU00083,DEP-CENTRAL,T04,2026-04-11,2026-04-25,2
TRF02381,SKU00286,T03,DEP-CENTRAL,2023-12-09,2023-12-14,2
TRF02382,SKU00143,T28,T11,2025-09-27,2025-09-30,5
TRF02383,SKU00635,T12,T02,2024-03-23,2024-03-27,9
TRF02384,SKU00343,DEP-CENTRAL,T02,2025-09-26,2025-10-03,8
TRF02385,SKU00547,DEP-CENTRAL,T01,2025-05-24,2025-06-03,42
TRF02386,SKU00706,DEP-CENTRAL,T15,2026-06-21,2026-07-04,23
TRF02387,SKU00617,T21,T18,2024-03-25,2024-04-06,42
TRF02388,SKU00442,DEP-CENTRAL,T22,2024-03-27,2024-04-07,38
TRF02389,SKU00222,T09,DEP-CENTRAL,2024-12-15,2024-12-20,19
TRF02390,SKU00491,T26,T01,2025-06-24,2025-07-06,54
TRF02391,SKU00322,DEP-CENTRAL,T28,2024-03-23,2024-04-09,3
TRF02392,SKU00501,DEP-CENTRAL,T28,2024-09-19,2024-10-03,22
TRF02393,SKU00740,T07,DEP-CENTRAL,2023-11-03,2023-11-06,50
TRF02394,SKU00681,DEP-CENTRAL,T05,2024-02-22,2024-03-09,59
TRF02395,SKU00474,DEP-CENTRAL,T05,2025-12-14,2026-01-04,41
TRF02396,SKU00252,T20,DEP-CENTRAL,2022-09-16,2022-09-27,57
TRF02397,SKU00638,T06,DEP-CENTRAL,2023-08-11,2023-08-17,9
TRF02398,SKU00283,DEP-CENTRAL,T16,2025-09-16,2025-09-21,25
TRF02399,SKU00343,DEP-CENTRAL,T06,2026-01-26,2026-01-29,13
TRF02400,SKU00491,DEP-CENTRAL,T06,2025-07-25,2025-08-08,39
TRF02401,SKU00464,DEP-CENTRAL,T06,2026-06-06,2026-06-14,21
TRF02402,SKU00711,DEP-CENTRAL,T04,2024-09-08,2024-09-22,21
TRF02403,SKU00763,T26,DEP-CENTRAL,2026-04-03,2026-04-06,27
TRF02404,SKU00431,DEP-CENTRAL,T23,2025-06-04,2025-06-21,54
TRF02405,SKU00004,DEP-CENTRAL,T04,2025-04-26,2025-05-08,54
TRF02406,SKU00625,T04,T27,2026-01-13,2026-02-01,43
TRF02407,SKU00260,DEP-CENTRAL,T09,2025-12-25,2025-12-31,55
TRF02408,SKU00177,T26,T10,2025-11-03,2025-11-18,58
TRF02409,SKU00026,T06,T28,2025-06-27,2025-07-01,11
TRF02410,SKU00435,DEP-CENTRAL,T11,2026-06-18,2026-06-26,23
TRF02411,SKU00359,T07,T13,2024-11-24,2024-12-04,42
TRF02412,SKU00243,DEP-CENTRAL,T12,2026-05-22,2026-06-07,35
TRF02413,SKU00776,T12,T16,2025-06-09,2025-06-23,45
TRF02414,SKU00759,T18,T05,2026-05-03,2026-05-20,17
TRF02415,SKU00447,DEP-CENTRAL,T14,2026-06-08,2026-06-15,5
TRF02416,SKU00288,DEP-CENTRAL,T02,2025-05-15,2025-06-01,44
TRF02417,SKU00138,DEP-CENTRAL,T17,2025-03-14,2025-03-18,19
TRF02418,SKU00697,DEP-CENTRAL,T09,2024-01-23,2024-02-13,31
TRF02419,SKU00193,DEP-CENTRAL,T22,2025-12-25,2026-01-07,38
TRF02420,SKU00778,T02,T11,2026-04-17,2026-04-28,43
TRF02421,SKU00493,DEP-CENTRAL,T08,2024-12-09,2024-12-29,3
TRF02422,SKU00668,DEP-CENTRAL,T26,2023-01-25,2023-02-05,20
TRF02423,SKU00056,T04,T27,2023-06-03,2023-06-07,45
TRF02424,SKU00098,T11,T08,2023-04-14,2023-04-21,55
TRF02425,SKU00608,DEP-CENTRAL,T14,2026-06-08,2026-06-23,40
TRF02426,SKU00260,T21,T24,2026-01-17,2026-01-22,39
TRF02427,SKU00077,T22,T02,2024-08-17,2024-08-23,53
TRF02428,SKU00777,T06,T04,2022-06-23,2022-07-05,17
TRF02429,SKU00191,T01,T22,2024-12-16,2024-12-19,43
TRF02430,SKU00718,T21,T06,2025-05-07,2025-05-19,42
TRF02431,SKU00583,DEP-CENTRAL,T20,2025-10-16,2025-10-31,30
TRF02432,SKU00059,T03,T16,2023-12-08,2023-12-27,51
TRF02433,SKU00123,DEP-CENTRAL,T03,2026-01-23,2026-02-09,16
TRF02434,SKU00541,DEP-CENTRAL,T13,2024-12-15,2024-12-28,4
TRF02435,SKU00653,DEP-CENTRAL,T12,2026-02-06,2026-02-24,32
TRF02436,SKU00502,DEP-CENTRAL,T27,2023-08-11,2023-08-18,31
TRF02437,SKU00491,T23,T26,2024-11-25,2024-11-30,27
TRF02438,SKU00253,T13,T02,2023-11-13,2023-11-30,9
TRF02439,SKU00253,DEP-CENTRAL,T03,2026-04-15,2026-05-05,32
TRF02440,SKU00258,T25,T20,2026-06-19,2026-06-25,4
TRF02441,SKU00139,DEP-CENTRAL,T07,2026-03-25,2026-03-30,19
TRF02442,SKU00525,DEP-CENTRAL,T23,2024-12-10,2024-12-14,10
TRF02443,SKU00312,DEP-CENTRAL,T02,2023-11-07,2023-11-19,56
TRF02444,SKU00029,T28,T19,2026-05-18,2026-06-02,27
TRF02445,SKU00734,DEP-CENTRAL,T20,2025-01-11,2025-01-31,49
TRF02446,SKU00307,T24,DEP-CENTRAL,2023-09-12,2023-09-18,12
TRF02447,SKU00720,T09,T24,2024-01-04,2024-01-13,57
TRF02448,SKU00302,DEP-CENTRAL,T13,2026-05-16,2026-05-28,35
TRF02449,SKU00190,DEP-CENTRAL,T10,2025-08-08,2025-08-29,16
TRF02450,SKU00762,DEP-CENTRAL,T07,2025-02-22,2025-02-25,25
TRF02451,SKU00463,T18,T10,2025-05-15,2025-05-22,53
TRF02452,SKU00132,T09,DEP-CENTRAL,2025-11-24,2025-12-09,20
TRF02453,SKU00115,T02,DEP-CENTRAL,2026-05-18,2026-05-29,29
TRF02454,SKU00665,T01,T22,2026-03-14,2026-03-18,6
TRF02455,SKU00719,DEP-CENTRAL,T22,2025-08-02,2025-08-06,45
TRF02456,SKU00022,T09,T22,2023-08-26,2023-09-11,47
TRF02457,SKU00179,DEP-CENTRAL,T22,2024-02-27,2024-03-07,55
TRF02458,SKU00076,T26,T28,2022-06-26,2022-07-13,53
TRF02459,SKU00524,DEP-CENTRAL,T17,2023-06-04,2023-06-09,53
TRF02460,SKU00493,T14,T27,2025-11-10,2025-11-29,40
TRF02461,SKU00078,DEP-CENTRAL,T11,2024-04-04,2024-04-13,52
TRF02462,SKU00052,DEP-CENTRAL,T14,2024-06-21,2024-07-04,40
TRF02463,SKU00166,T24,T11,2024-10-18,2024-10-29,17
TRF02464,SKU00508,DEP-CENTRAL,T18,2025-12-02,2025-12-20,10
TRF02465,SKU00025,T20,DEP-CENTRAL,2025-02-18,2025-02-22,4
TRF02466,SKU00192,DEP-CENTRAL,T27,2023-11-03,2023-11-15,22
TRF02467,SKU00169,DEP-CENTRAL,T10,2025-07-20,2025-08-04,46
TRF02468,SKU00761,DEP-CENTRAL,T04,2025-07-25,2025-08-15,21
TRF02469,SKU00427,T04,T25,2024-11-06,2024-11-18,49
TRF02470,SKU00686,DEP-CENTRAL,T17,2026-05-24,2026-05-27,33
TRF02471,SKU00140,DEP-CENTRAL,T23,2025-04-27,2025-04-30,50
TRF02472,SKU00441,DEP-CENTRAL,T15,2025-06-09,2025-06-28,19
TRF02473,SKU00127,T24,T14,2025-07-19,2025-07-23,23
TRF02474,SKU00641,DEP-CENTRAL,T23,2025-05-13,2025-05-26,33
TRF02475,SKU00623,T20,DEP-CENTRAL,2026-05-22,2026-06-07,27
TRF02476,SKU00513,T21,DEP-CENTRAL,2026-08-05,2026-08-20,37
TRF02477,SKU00359,T14,T17,2024-03-02,2024-03-18,53
TRF02478,SKU00315,T07,T24,2024-02-02,2024-02-17,7
TRF02479,SKU00564,T24,T12,2026-03-17,2026-03-23,36
TRF02480,SKU00146,T14,T17,2026-02-02,2026-02-21,42
TRF02481,SKU00757,DEP-CENTRAL,T24,2023-06-18,2023-06-29,3
TRF02482,SKU00511,T02,T11,2023-10-12,2023-10-23,6
TRF02483,SKU00121,DEP-CENTRAL,T20,2025-05-10,2025-05-15,25
TRF02484,SKU00196,DEP-CENTRAL,T11,2025-09-24,2025-10-03,50
TRF02485,SKU00678,DEP-CENTRAL,T25,2022-07-10,2022-07-18,56
TRF02486,SKU00247,T23,T16,2026-01-13,2026-02-02,33
TRF02487,SKU00544,DEP-CENTRAL,T01,2024-03-05,2024-03-26,35
TRF02488,SKU00117,DEP-CENTRAL,T18,2024-06-02,2024-06-15,42
TRF02489,SKU00628,T18,T23,2024-01-16,2024-01-31,5
TRF02490,SKU00538,T18,DEP-CENTRAL,2024-07-13,2024-07-27,30
TRF02491,SKU00039,T23,DEP-CENTRAL,2022-02-19,2022-03-06,24
TRF02492,SKU00252,T21,DEP-CENTRAL,2024-08-13,2024-08-16,59
TRF02493,SKU00749,DEP-CENTRAL,T12,2023-10-04,2023-10-13,18
TRF02494,SKU00634,DEP-CENTRAL,T26,2026-05-06,2026-05-22,36
TRF02495,SKU00507,DEP-CENTRAL,T09,2026-03-08,2026-03-25,58
TRF02496,SKU00209,T14,DEP-CENTRAL,2024-04-26,2024-05-01,35
TRF02497,SKU00722,DEP-CENTRAL,T11,2024-04-27,2024-05-06,35
TRF02498,SKU00664,T10,T28,2026-03-15,2026-03-27,51
TRF02499,SKU00718,DEP-CENTRAL,T11,2023-10-09,2023-10-19,47
TRF02500,SKU00039,T20,T05,2024-09-14,2024-09-21,44
TRF02501,SKU00405,T04,DEP-CENTRAL,2025-11-23,2025-12-14,6
TRF02502,SKU00209,DEP-CENTRAL,T28,2026-04-26,2026-05-06,40
TRF02503,SKU00639,T01,T22,2025-01-09,2025-01-30,49
TRF02504,SKU00743,T23,T03,2024-05-22,2024-06-07,59
TRF02505,SKU00641,DEP-CENTRAL,T23,2025-08-08,2025-08-20,33
TRF02506,SKU00411,T09,DEP-CENTRAL,2025-07-11,2025-07-15,57
TRF02507,SKU00627,DEP-CENTRAL,T21,2023-06-17,2023-06-28,11
TRF02508,SKU00731,T11,T02,2024-02-22,2024-03-01,37
TRF02509,SKU00633,T15,T27,2023-09-19,2023-09-28,43
TRF02510,SKU00799,T25,T06,2024-09-18,2024-10-03,10
TRF02511,SKU00661,T13,T28,2024-10-05,2024-10-26,50
TRF02512,SKU00222,T03,T22,2025-09-17,2025-10-03,55
TRF02513,SKU00634,T26,T09,2023-07-17,2023-07-26,56
TRF02514,SKU00727,T24,DEP-CENTRAL,2025-11-15,2025-11-19,26
TRF02515,SKU00642,DEP-CENTRAL,T21,2025-06-24,2025-07-14,33
TRF02516,SKU00203,DEP-CENTRAL,T22,2023-10-11,2023-10-16,35
TRF02517,SKU00506,T16,DEP-CENTRAL,2023-03-04,2023-03-14,19
TRF02518,SKU00384,T20,DEP-CENTRAL,2026-01-27,2026-01-30,23
TRF02519,SKU00328,T06,T05,2026-04-08,2026-04-14,25
TRF02520,SKU00734,T07,T15,2024-11-11,2024-11-19,36
TRF02521,SKU00566,T25,DEP-CENTRAL,2025-03-06,2025-03-20,30
TRF02522,SKU00524,T17,T01,2025-10-06,2025-10-22,31
TRF02523,SKU00597,DEP-CENTRAL,T12,2025-02-17,2025-03-09,16
TRF02524,SKU00228,T03,T17,2026-01-03,2026-01-16,37
TRF02525,SKU00248,T09,DEP-CENTRAL,2024-04-11,2024-04-17,8
TRF02526,SKU00244,DEP-CENTRAL,T07,2023-09-12,2023-09-26,14
TRF02527,SKU00687,T21,T22,2026-01-23,2026-02-05,33
TRF02528,SKU00145,DEP-CENTRAL,T01,2026-01-11,2026-02-01,58
TRF02529,SKU00551,DEP-CENTRAL,T18,2025-12-24,2025-12-31,39
TRF02530,SKU00174,T23,T22,2026-03-22,2026-04-10,17
TRF02531,SKU00452,DEP-CENTRAL,T22,2024-09-21,2024-10-05,43
TRF02532,SKU00289,T10,T25,2023-12-11,2023-12-28,6
TRF02533,SKU00761,DEP-CENTRAL,T04,2026-04-22,2026-05-01,48
TRF02534,SKU00447,DEP-CENTRAL,T24,2025-02-13,2025-02-22,55
TRF02535,SKU00114,T08,T15,2023-06-16,2023-06-19,52
TRF02536,SKU00258,DEP-CENTRAL,T12,2025-01-04,2025-01-10,30
TRF02537,SKU00762,DEP-CENTRAL,T26,2024-12-13,2024-12-21,2
TRF02538,SKU00419,DEP-CENTRAL,T16,2026-04-17,2026-04-28,7
TRF02539,SKU00541,DEP-CENTRAL,T01,2023-02-08,2023-02-25,5
TRF02540,SKU00462,DEP-CENTRAL,T16,2025-09-03,2025-09-22,49
TRF02541,SKU00288,DEP-CENTRAL,T13,2025-04-08,2025-04-15,58
TRF02542,SKU00359,T12,T04,2023-04-20,2023-05-08,10
TRF02543,SKU00640,T12,DEP-CENTRAL,2025-09-11,2025-09-27,8
TRF02544,SKU00279,T20,T23,2026-04-05,2026-04-12,37
TRF02545,SKU00145,T15,T25,2025-09-18,2025-09-21,32
TRF02546,SKU00604,DEP-CENTRAL,T03,2025-03-07,2025-03-17,2
TRF02547,SKU00733,T13,T06,2025-07-24,2025-08-01,7
TRF02548,SKU00414,T23,T06,2024-01-02,2024-01-15,27
TRF02549,SKU00424,DEP-CENTRAL,T27,2022-07-16,2022-07-31,43
TRF02550,SKU00530,DEP-CENTRAL,T18,2026-08-04,2026-08-12,16
TRF02551,SKU00752,T08,DEP-CENTRAL,2024-11-19,2024-11-25,25
TRF02552,SKU00781,T08,T22,2023-05-22,2023-06-04,47
TRF02553,SKU00364,DEP-CENTRAL,T28,2024-01-24,2024-02-03,57
TRF02554,SKU00751,T21,T15,2024-01-25,2024-02-13,30
TRF02555,SKU00619,T10,T08,2023-05-24,2023-06-13,29
TRF02556,SKU00068,DEP-CENTRAL,T20,2026-07-19,2026-07-26,39
TRF02557,SKU00075,T26,T17,2025-03-23,2025-04-05,13
TRF02558,SKU00160,T07,T18,2026-08-14,2026-08-17,31
TRF02559,SKU00472,T02,DEP-CENTRAL,2024-07-19,2024-08-09,49
TRF02560,SKU00749,DEP-CENTRAL,T27,2024-12-11,2024-12-29,44
TRF02561,SKU00119,DEP-CENTRAL,T09,2025-09-06,2025-09-25,40
TRF02562,SKU00328,T14,T10,2025-11-08,2025-11-21,49
TRF02563,SKU00298,T04,DEP-CENTRAL,2023-12-08,2023-12-13,34
TRF02564,SKU00259,DEP-CENTRAL,T14,2025-10-16,2025-10-27,18
TRF02565,SKU00301,DEP-CENTRAL,T23,2024-02-09,2024-02-18,37
TRF02566,SKU00560,DEP-CENTRAL,T19,2024-01-07,2024-01-20,53
TRF02567,SKU00175,DEP-CENTRAL,T26,2023-09-11,2023-09-15,43
TRF02568,SKU00040,DEP-CENTRAL,T16,2022-10-11,2022-10-21,31
TRF02569,SKU00750,DEP-CENTRAL,T13,2026-08-12,2026-08-15,28
TRF02570,SKU00291,DEP-CENTRAL,T07,2026-05-07,2026-05-13,55
TRF02571,SKU00406,T05,DEP-CENTRAL,2025-01-21,2025-01-28,55
TRF02572,SKU00540,T17,T07,2022-10-22,2022-11-10,4
TRF02573,SKU00378,DEP-CENTRAL,T24,2023-10-03,2023-10-09,39
TRF02574,SKU00494,DEP-CENTRAL,T07,2024-06-22,2024-07-03,14
TRF02575,SKU00275,DEP-CENTRAL,T08,2024-10-20,2024-11-03,6
TRF02576,SKU00395,T17,T21,2025-06-23,2025-07-12,38
TRF02577,SKU00551,DEP-CENTRAL,T10,2026-03-22,2026-03-31,14
TRF02578,SKU00325,T20,T10,2024-11-03,2024-11-11,13
TRF02579,SKU00213,T27,DEP-CENTRAL,2025-02-04,2025-02-07,31
TRF02580,SKU00150,T16,T06,2025-03-10,2025-03-23,2
TRF02581,SKU00732,DEP-CENTRAL,T04,2022-12-21,2023-01-07,20
TRF02582,SKU00496,T16,T02,2024-10-02,2024-10-12,55
TRF02583,SKU00358,T25,T14,2026-03-17,2026-04-02,29
TRF02584,SKU00552,DEP-CENTRAL,T04,2025-09-15,2025-09-22,24
TRF02585,SKU00272,DEP-CENTRAL,T05,2024-09-07,2024-09-17,13
TRF02586,SKU00617,DEP-CENTRAL,T25,2023-05-14,2023-05-30,28
TRF02587,SKU00350,T13,T23,2025-06-20,2025-06-28,50
TRF02588,SKU00106,DEP-CENTRAL,T01,2024-06-19,2024-07-04,44
TRF02589,SKU00778,DEP-CENTRAL,T23,2024-01-21,2024-02-02,44
TRF02590,SKU00634,T23,DEP-CENTRAL,2026-06-04,2026-06-15,41
TRF02591,SKU00380,T23,T18,2023-01-24,2023-02-10,22
TRF02592,SKU00107,T16,T22,2023-07-02,2023-07-07,17
TRF02593,SKU00429,DEP-CENTRAL,T03,2025-06-23,2025-07-03,38
TRF02594,SKU00530,T28,DEP-CENTRAL,2025-04-09,2025-04-25,51
TRF02595,SKU00455,DEP-CENTRAL,T28,2025-03-16,2025-03-24,17
TRF02596,SKU00533,T23,T05,2025-03-07,2025-03-20,47
TRF02597,SKU00462,DEP-CENTRAL,T16,2025-08-24,2025-09-13,13
TRF02598,SKU00309,DEP-CENTRAL,T02,2023-02-24,2023-03-17,46
TRF02599,SKU00193,T24,T28,2024-04-10,2024-04-14,41
TRF02600,SKU00538,T24,T03,2026-02-10,2026-02-20,4
TRF02601,SKU00220,DEP-CENTRAL,T05,2023-07-12,2023-07-19,30
TRF02602,SKU00311,DEP-CENTRAL,T20,2023-10-25,2023-11-05,14
TRF02603,SKU00016,DEP-CENTRAL,T04,2026-05-11,2026-05-14,56
TRF02604,SKU00302,DEP-CENTRAL,T22,2026-02-08,2026-02-15,12
TRF02605,SKU00489,DEP-CENTRAL,T08,2025-04-15,2025-04-30,8
TRF02606,SKU00049,DEP-CENTRAL,T09,2023-08-15,2023-08-22,57
TRF02607,SKU00566,T20,T09,2026-02-24,2026-03-10,22
TRF02608,SKU00204,DEP-CENTRAL,T24,2026-04-17,2026-05-08,29
TRF02609,SKU00093,T10,T22,2025-05-05,2025-05-17,21
TRF02610,SKU00767,DEP-CENTRAL,T07,2023-10-05,2023-10-14,39
TRF02611,SKU00222,DEP-CENTRAL,T01,2024-03-02,2024-03-19,40
TRF02612,SKU00732,T09,DEP-CENTRAL,2025-09-18,2025-09-21,27
TRF02613,SKU00464,DEP-CENTRAL,T25,2025-08-07,2025-08-23,29
TRF02614,SKU00354,DEP-CENTRAL,T16,2022-09-19,2022-10-05,17
TRF02615,SKU00340,T10,DEP-CENTRAL,2024-06-09,2024-06-19,45
TRF02616,SKU00222,DEP-CENTRAL,T06,2026-06-06,2026-06-25,4
TRF02617,SKU00143,T10,T03,2025-10-08,2025-10-18,24
TRF02618,SKU00638,DEP-CENTRAL,T02,2026-06-07,2026-06-17,19
TRF02619,SKU00730,DEP-CENTRAL,T14,2024-01-27,2024-02-11,7
TRF02620,SKU00344,DEP-CENTRAL,T22,2025-06-11,2025-06-20,22
TRF02621,SKU00301,T05,DEP-CENTRAL,2026-07-23,2026-08-11,37
TRF02622,SKU00732,T24,T07,2022-07-05,2022-07-18,51
TRF02623,SKU00194,DEP-CENTRAL,T27,2026-02-20,2026-03-01,49
TRF02624,SKU00542,DEP-CENTRAL,T11,2024-08-10,2024-08-16,35
TRF02625,SKU00406,DEP-CENTRAL,T03,2023-11-07,2023-11-15,15
TRF02626,SKU00204,DEP-CENTRAL,T10,2023-04-18,2023-05-07,39
TRF02627,SKU00143,T10,DEP-CENTRAL,2024-11-17,2024-12-02,45
TRF02628,SKU00518,T17,T01,2025-12-16,2025-12-21,23
TRF02629,SKU00062,DEP-CENTRAL,T11,2023-06-02,2023-06-13,41
TRF02630,SKU00258,DEP-CENTRAL,T12,2025-11-24,2025-11-30,26
TRF02631,SKU00427,DEP-CENTRAL,T03,2024-07-15,2024-07-26,37
TRF02632,SKU00373,T21,DEP-CENTRAL,2025-11-22,2025-12-09,35
TRF02633,SKU00529,T08,T25,2024-08-18,2024-08-29,56
TRF02634,SKU00755,T18,T14,2024-10-04,2024-10-17,25
TRF02635,SKU00751,DEP-CENTRAL,T11,2026-01-18,2026-02-02,35
TRF02636,SKU00004,T08,T17,2025-06-23,2025-06-29,46
TRF02637,SKU00012,T04,T25,2025-02-14,2025-03-04,49
TRF02638,SKU00586,T11,T20,2024-07-02,2024-07-07,58
TRF02639,SKU00545,T25,T14,2025-06-26,2025-07-10,10
TRF02640,SKU00732,DEP-CENTRAL,T26,2024-07-27,2024-08-15,42
TRF02641,SKU00141,DEP-CENTRAL,T22,2024-06-04,2024-06-19,13
TRF02642,SKU00383,T08,T27,2022-11-17,2022-12-02,12
TRF02643,SKU00361,DEP-CENTRAL,T14,2024-06-15,2024-06-21,12
TRF02644,SKU00514,T27,T21,2025-01-09,2025-01-17,41
TRF02645,SKU00460,DEP-CENTRAL,T26,2025-07-17,2025-07-28,44
TRF02646,SKU00473,DEP-CENTRAL,T04,2026-06-12,2026-06-18,11
TRF02647,SKU00423,DEP-CENTRAL,T09,2024-02-27,2024-03-03,13
TRF02648,SKU00644,T15,DEP-CENTRAL,2024-03-06,2024-03-24,34
TRF02649,SKU00077,T28,T11,2025-11-23,2025-12-10,59
TRF02650,SKU00687,T02,T01,2024-12-23,2024-12-30,38
TRF02651,SKU00415,T14,T05,2026-02-23,2026-03-04,53
TRF02652,SKU00165,T03,DEP-CENTRAL,2024-07-08,2024-07-16,35
TRF02653,SKU00135,T26,T25,2026-02-04,2026-02-21,24
TRF02654,SKU00356,DEP-CENTRAL,T20,2024-10-15,2024-11-01,50
TRF02655,SKU00717,DEP-CENTRAL,T13,2025-02-18,2025-02-25,51
TRF02656,SKU00190,T10,DEP-CENTRAL,2025-06-16,2025-06-27,39
TRF02657,SKU00455,DEP-CENTRAL,T23,2023-04-09,2023-04-21,42
TRF02658,SKU00447,DEP-CENTRAL,T28,2024-08-24,2024-09-12,31
TRF02659,SKU00028,DEP-CENTRAL,T21,2025-09-09,2025-09-27,47
TRF02660,SKU00324,T08,T02,2024-08-12,2024-09-01,59
TRF02661,SKU00327,T04,DEP-CENTRAL,2024-09-23,2024-10-05,46
TRF02662,SKU00724,T06,DEP-CENTRAL,2025-07-17,2025-07-24,23
TRF02663,SKU00271,T06,DEP-CENTRAL,2026-01-16,2026-01-31,18
TRF02664,SKU00313,DEP-CENTRAL,T12,2024-07-24,2024-07-31,9
TRF02665,SKU00013,DEP-CENTRAL,T27,2023-06-22,2023-06-26,11
TRF02666,SKU00721,DEP-CENTRAL,T11,2026-05-11,2026-05-23,31
TRF02667,SKU00678,DEP-CENTRAL,T08,2026-03-08,2026-03-29,19
TRF02668,SKU00252,T09,T27,2025-06-18,2025-06-30,5
TRF02669,SKU00259,DEP-CENTRAL,T18,2025-05-09,2025-05-28,52
TRF02670,SKU00701,DEP-CENTRAL,T10,2026-06-08,2026-06-25,23
TRF02671,SKU00075,DEP-CENTRAL,T26,2025-09-15,2025-09-26,54
TRF02672,SKU00739,DEP-CENTRAL,T26,2024-09-06,2024-09-11,16
TRF02673,SKU00042,DEP-CENTRAL,T20,2025-09-21,2025-09-30,13
TRF02674,SKU00651,DEP-CENTRAL,T12,2023-05-10,2023-05-24,41
TRF02675,SKU00138,T02,T24,2024-04-06,2024-04-15,27
TRF02676,SKU00518,DEP-CENTRAL,T24,2025-01-27,2025-02-01,22
TRF02677,SKU00406,DEP-CENTRAL,T26,2025-02-21,2025-03-13,18
TRF02678,SKU00661,T07,DEP-CENTRAL,2024-03-17,2024-03-20,37
TRF02679,SKU00688,DEP-CENTRAL,T16,2025-11-11,2025-11-23,29
TRF02680,SKU00169,DEP-CENTRAL,T16,2024-01-14,2024-02-04,47
TRF02681,SKU00444,T12,DEP-CENTRAL,2025-07-08,2025-07-22,37
TRF02682,SKU00767,T19,T26,2026-04-18,2026-04-28,38
TRF02683,SKU00296,DEP-CENTRAL,T05,2023-12-06,2023-12-22,34
TRF02684,SKU00623,T11,T02,2025-04-27,2025-05-02,16
TRF02685,SKU00391,T21,T07,2026-03-19,2026-04-03,23
TRF02686,SKU00700,DEP-CENTRAL,T14,2026-01-11,2026-01-24,9
TRF02687,SKU00112,DEP-CENTRAL,T03,2023-10-18,2023-10-28,50
TRF02688,SKU00537,T04,T07,2026-06-08,2026-06-17,7
TRF02689,SKU00291,T10,T16,2024-03-13,2024-03-17,38
TRF02690,SKU00420,T24,T01,2024-12-06,2024-12-12,18
TRF02691,SKU00121,T13,T15,2025-01-06,2025-01-24,5
TRF02692,SKU00660,T21,T23,2023-08-20,2023-09-06,6
TRF02693,SKU00737,DEP-CENTRAL,T10,2023-02-10,2023-02-19,22
TRF02694,SKU00114,DEP-CENTRAL,T09,2024-03-05,2024-03-26,40
TRF02695,SKU00316,DEP-CENTRAL,T25,2025-04-09,2025-04-27,57
TRF02696,SKU00289,T19,T26,2025-10-11,2025-10-18,31
TRF02697,SKU00675,DEP-CENTRAL,T26,2023-06-08,2023-06-16,8
TRF02698,SKU00732,DEP-CENTRAL,T20,2025-12-27,2026-01-11,4
TRF02699,SKU00339,DEP-CENTRAL,T02,2025-10-07,2025-10-12,54
TRF02700,SKU00775,DEP-CENTRAL,T15,2025-08-09,2025-08-14,22
TRF02701,SKU00286,DEP-CENTRAL,T11,2026-03-10,2026-03-25,37
TRF02702,SKU00021,DEP-CENTRAL,T04,2023-06-24,2023-06-29,51
TRF02703,SKU00661,DEP-CENTRAL,T21,2024-06-21,2024-07-07,10
TRF02704,SKU00502,T11,DEP-CENTRAL,2026-07-24,2026-08-09,14
TRF02705,SKU00451,DEP-CENTRAL,T19,2024-11-18,2024-11-25,9
TRF02706,SKU00424,DEP-CENTRAL,T18,2023-09-06,2023-09-19,42
TRF02707,SKU00311,T17,T11,2025-04-19,2025-05-05,12
TRF02708,SKU00651,T21,T24,2025-07-27,2025-08-01,37
TRF02709,SKU00710,DEP-CENTRAL,T10,2025-11-22,2025-12-08,25
TRF02710,SKU00673,DEP-CENTRAL,T15,2024-12-25,2025-01-06,54
TRF02711,SKU00780,DEP-CENTRAL,T24,2025-05-23,2025-06-07,59
TRF02712,SKU00234,T16,T22,2025-10-04,2025-10-18,48
TRF02713,SKU00118,T21,T09,2024-11-21,2024-11-29,28
TRF02714,SKU00124,DEP-CENTRAL,T09,2024-07-26,2024-07-31,50
TRF02715,SKU00311,T03,T04,2023-07-11,2023-07-29,31
TRF02716,SKU00093,DEP-CENTRAL,T26,2026-08-17,2026-08-29,46
TRF02717,SKU00759,T26,DEP-CENTRAL,2026-03-26,2026-04-14,32
TRF02718,SKU00711,T06,DEP-CENTRAL,2023-03-22,2023-04-06,23
TRF02719,SKU00620,DEP-CENTRAL,T08,2025-07-07,2025-07-10,6
TRF02720,SKU00623,DEP-CENTRAL,T04,2024-08-02,2024-08-16,29
TRF02721,SKU00711,T07,T25,2023-11-24,2023-12-06,47
TRF02722,SKU00673,DEP-CENTRAL,T02,2025-03-22,2025-03-30,10
TRF02723,SKU00665,T11,T14,2026-01-06,2026-01-15,55
TRF02724,SKU00361,DEP-CENTRAL,T22,2026-08-12,2026-08-19,11
TRF02725,SKU00633,T08,DEP-CENTRAL,2025-01-16,2025-01-28,27
TRF02726,SKU00040,DEP-CENTRAL,T11,2022-10-15,2022-11-01,12
TRF02727,SKU00350,T13,T04,2022-12-02,2022-12-17,4
TRF02728,SKU00378,DEP-CENTRAL,T15,2024-07-10,2024-07-24,11
TRF02729,SKU00190,T28,T24,2024-02-07,2024-02-13,58
TRF02730,SKU00047,DEP-CENTRAL,T15,2024-08-26,2024-09-06,27
TRF02731,SKU00026,T18,DEP-CENTRAL,2025-04-23,2025-04-29,58
TRF02732,SKU00463,DEP-CENTRAL,T25,2023-11-27,2023-12-07,47
TRF02733,SKU00540,T08,T03,2025-09-26,2025-10-06,22
TRF02734,SKU00356,T22,T18,2025-07-18,2025-07-24,9
TRF02735,SKU00376,T16,T15,2025-01-07,2025-01-14,7
TRF02736,SKU00789,T26,T01,2026-07-19,2026-08-03,21
TRF02737,SKU00657,T23,T09,2024-06-22,2024-07-01,41
TRF02738,SKU00056,DEP-CENTRAL,T07,2023-06-03,2023-06-09,18
TRF02739,SKU00053,DEP-CENTRAL,T23,2025-09-11,2025-09-14,14
TRF02740,SKU00632,DEP-CENTRAL,T27,2022-07-17,2022-08-03,15
TRF02741,SKU00540,DEP-CENTRAL,T28,2026-08-25,2026-08-30,8
TRF02742,SKU00730,DEP-CENTRAL,T13,2023-02-18,2023-03-07,55
TRF02743,SKU00387,T15,DEP-CENTRAL,2024-12-14,2024-12-27,49
TRF02744,SKU00338,DEP-CENTRAL,T20,2026-05-06,2026-05-22,46
TRF02745,SKU00281,T24,DEP-CENTRAL,2023-03-07,2023-03-18,9
TRF02746,SKU00380,T11,T25,2026-01-10,2026-01-15,41
TRF02747,SKU00325,DEP-CENTRAL,T01,2025-06-04,2025-06-10,7
TRF02748,SKU00708,DEP-CENTRAL,T03,2025-08-03,2025-08-13,26
TRF02749,SKU00281,T14,T19,2025-02-25,2025-03-03,50
TRF02750,SKU00337,T19,T02,2023-03-24,2023-04-10,18
TRF02751,SKU00713,DEP-CENTRAL,T10,2025-08-21,2025-09-04,16
TRF02752,SKU00184,T15,T17,2026-04-13,2026-04-25,10
TRF02753,SKU00059,DEP-CENTRAL,T10,2025-02-12,2025-02-20,40
TRF02754,SKU00009,DEP-CENTRAL,T17,2026-05-09,2026-05-15,43
TRF02755,SKU00146,T18,T27,2024-03-03,2024-03-22,9
TRF02756,SKU00062,DEP-CENTRAL,T20,2026-07-20,2026-07-30,59
TRF02757,SKU00251,T08,T04,2024-02-16,2024-02-29,39
TRF02758,SKU00404,DEP-CENTRAL,T13,2022-06-03,2022-06-06,46
TRF02759,SKU00799,T24,T11,2024-03-22,2024-04-05,52
TRF02760,SKU00426,DEP-CENTRAL,T08,2023-10-25,2023-11-11,41
TRF02761,SKU00616,DEP-CENTRAL,T05,2024-07-23,2024-08-12,25
TRF02762,SKU00443,T03,DEP-CENTRAL,2026-08-06,2026-08-09,57
TRF02763,SKU00719,DEP-CENTRAL,T13,2024-03-03,2024-03-15,37
TRF02764,SKU00690,DEP-CENTRAL,T20,2026-02-15,2026-02-25,27
TRF02765,SKU00722,DEP-CENTRAL,T24,2025-06-19,2025-06-24,29
TRF02766,SKU00233,DEP-CENTRAL,T13,2025-08-05,2025-08-08,6
TRF02767,SKU00228,T02,T13,2022-11-14,2022-12-04,58
TRF02768,SKU00381,DEP-CENTRAL,T26,2024-09-15,2024-09-30,47
TRF02769,SKU00005,DEP-CENTRAL,T25,2024-10-15,2024-10-18,16
TRF02770,SKU00653,T12,T04,2026-03-03,2026-03-22,28
TRF02771,SKU00548,T20,T16,2024-10-27,2024-11-12,10
TRF02772,SKU00778,T20,T11,2025-02-07,2025-02-25,3
TRF02773,SKU00674,DEP-CENTRAL,T08,2024-11-26,2024-12-04,28
TRF02774,SKU00771,DEP-CENTRAL,T26,2023-12-20,2023-12-30,3
TRF02775,SKU00127,DEP-CENTRAL,T01,2025-08-27,2025-08-30,50
TRF02776,SKU00797,DEP-CENTRAL,T12,2025-10-06,2025-10-11,32
TRF02777,SKU00720,T06,T03,2025-11-10,2025-12-01,58
TRF02778,SKU00566,DEP-CENTRAL,T19,2023-08-24,2023-09-08,52
TRF02779,SKU00243,DEP-CENTRAL,T21,2026-08-10,2026-08-19,12
TRF02780,SKU00352,DEP-CENTRAL,T13,2025-07-22,2025-08-02,46
TRF02781,SKU00737,DEP-CENTRAL,T23,2025-07-08,2025-07-11,54
TRF02782,SKU00783,DEP-CENTRAL,T18,2024-01-04,2024-01-25,25
TRF02783,SKU00421,DEP-CENTRAL,T28,2023-06-13,2023-07-02,19
TRF02784,SKU00460,DEP-CENTRAL,T26,2026-07-25,2026-08-04,38
TRF02785,SKU00164,DEP-CENTRAL,T11,2025-04-22,2025-05-08,4
TRF02786,SKU00092,T08,DEP-CENTRAL,2025-08-12,2025-08-15,57
TRF02787,SKU00252,DEP-CENTRAL,T22,2023-01-25,2023-01-28,32
TRF02788,SKU00327,DEP-CENTRAL,T12,2024-10-22,2024-11-08,32
TRF02789,SKU00548,DEP-CENTRAL,T27,2025-11-26,2025-12-12,56
TRF02790,SKU00325,DEP-CENTRAL,T01,2026-07-26,2026-08-13,5
TRF02791,SKU00072,DEP-CENTRAL,T04,2026-07-15,2026-07-19,58
TRF02792,SKU00004,T11,T05,2026-06-03,2026-06-11,48
TRF02793,SKU00638,T20,T08,2023-01-06,2023-01-15,55
TRF02794,SKU00400,T27,T04,2025-12-04,2025-12-13,56
TRF02795,SKU00254,DEP-CENTRAL,T05,2024-07-05,2024-07-18,32
TRF02796,SKU00316,DEP-CENTRAL,T07,2025-07-10,2025-07-15,41
TRF02797,SKU00184,DEP-CENTRAL,T27,2025-06-08,2025-06-13,22
TRF02798,SKU00053,T07,DEP-CENTRAL,2024-10-07,2024-10-28,10
TRF02799,SKU00609,T28,DEP-CENTRAL,2025-10-21,2025-11-06,17
TRF02800,SKU00590,DEP-CENTRAL,T25,2023-06-27,2023-07-12,31
TRF02801,SKU00737,T07,T21,2023-12-08,2023-12-25,6
TRF02802,SKU00530,T18,T16,2024-05-14,2024-06-03,25
TRF02803,SKU00425,DEP-CENTRAL,T25,2023-11-04,2023-11-14,6
TRF02804,SKU00563,T17,T14,2025-08-14,2025-08-26,50
TRF02805,SKU00231,T01,T16,2025-09-04,2025-09-09,9
TRF02806,SKU00006,T03,T08,2023-05-20,2023-06-01,53
TRF02807,SKU00347,DEP-CENTRAL,T28,2025-01-10,2025-01-29,29
TRF02808,SKU00621,T15,DEP-CENTRAL,2026-07-03,2026-07-15,25
TRF02809,SKU00509,T04,T08,2024-07-07,2024-07-25,59
TRF02810,SKU00488,T23,T06,2022-06-21,2022-07-04,13
TRF02811,SKU00421,T06,T02,2023-02-11,2023-02-17,40
TRF02812,SKU00466,DEP-CENTRAL,T06,2025-11-13,2025-11-18,56
TRF02813,SKU00034,T02,DEP-CENTRAL,2024-07-05,2024-07-14,54
TRF02814,SKU00222,T20,T23,2025-08-16,2025-09-01,27
TRF02815,SKU00708,DEP-CENTRAL,T13,2022-04-16,2022-04-28,14
TRF02816,SKU00416,DEP-CENTRAL,T22,2025-05-15,2025-05-27,4
TRF02817,SKU00475,T26,DEP-CENTRAL,2025-08-13,2025-08-30,51
TRF02818,SKU00591,T14,DEP-CENTRAL,2025-12-20,2025-12-31,28
TRF02819,SKU00635,T12,DEP-CENTRAL,2025-02-08,2025-03-01,50
TRF02820,SKU00149,DEP-CENTRAL,T23,2026-01-22,2026-02-08,30
TRF02821,SKU00540,DEP-CENTRAL,T06,2022-10-06,2022-10-22,54
TRF02822,SKU00514,T01,T08,2025-05-21,2025-06-08,7
TRF02823,SKU00621,DEP-CENTRAL,T02,2026-04-13,2026-04-17,59
TRF02824,SKU00761,DEP-CENTRAL,T22,2025-07-18,2025-07-28,50
TRF02825,SKU00632,DEP-CENTRAL,T03,2026-01-11,2026-01-18,23
TRF02826,SKU00530,T24,T17,2025-05-17,2025-06-01,36
TRF02827,SKU00220,T11,T16,2024-02-02,2024-02-19,20
TRF02828,SKU00450,DEP-CENTRAL,T10,2024-04-02,2024-04-08,35
TRF02829,SKU00190,T12,T14,2026-07-07,2026-07-17,58
TRF02830,SKU00096,DEP-CENTRAL,T01,2024-05-11,2024-05-28,48
TRF02831,SKU00297,DEP-CENTRAL,T28,2025-06-09,2025-06-26,43
TRF02832,SKU00228,T02,T08,2026-08-21,2026-09-07,16
TRF02833,SKU00493,DEP-CENTRAL,T26,2025-07-18,2025-07-29,25
TRF02834,SKU00753,T09,T08,2025-07-26,2025-08-16,12
TRF02835,SKU00074,DEP-CENTRAL,T04,2023-12-22,2024-01-02,9
TRF02836,SKU00777,T15,T01,2023-01-07,2023-01-17,8
TRF02837,SKU00667,T14,DEP-CENTRAL,2026-08-04,2026-08-21,17
TRF02838,SKU00272,T19,DEP-CENTRAL,2024-05-08,2024-05-26,53
TRF02839,SKU00155,DEP-CENTRAL,T05,2023-08-05,2023-08-14,9
TRF02840,SKU00098,DEP-CENTRAL,T16,2023-03-11,2023-04-01,10
TRF02841,SKU00628,T17,DEP-CENTRAL,2025-01-27,2025-02-15,13
TRF02842,SKU00162,T17,T06,2024-10-03,2024-10-19,40
TRF02843,SKU00201,T11,DEP-CENTRAL,2026-05-16,2026-05-30,46
TRF02844,SKU00425,T27,DEP-CENTRAL,2023-08-25,2023-09-12,40
TRF02845,SKU00671,DEP-CENTRAL,T23,2025-11-08,2025-11-28,52
TRF02846,SKU00616,T03,T20,2024-05-06,2024-05-10,29
TRF02847,SKU00516,DEP-CENTRAL,T10,2022-07-22,2022-08-08,53
TRF02848,SKU00146,T21,T25,2022-11-12,2022-11-24,44
TRF02849,SKU00405,T26,T22,2024-07-13,2024-07-20,30
TRF02850,SKU00454,DEP-CENTRAL,T12,2025-03-05,2025-03-12,54
TRF02851,SKU00500,DEP-CENTRAL,T25,2026-07-17,2026-07-20,12
TRF02852,SKU00287,T09,DEP-CENTRAL,2025-03-06,2025-03-22,34
TRF02853,SKU00120,DEP-CENTRAL,T26,2025-10-11,2025-10-20,23
TRF02854,SKU00313,DEP-CENTRAL,T28,2024-09-12,2024-09-26,42
TRF02855,SKU00418,DEP-CENTRAL,T27,2026-06-10,2026-06-13,29
TRF02856,SKU00038,T11,T24,2025-08-23,2025-09-12,21
TRF02857,SKU00067,T25,T24,2024-09-16,2024-10-04,43
TRF02858,SKU00596,DEP-CENTRAL,T25,2025-03-19,2025-03-26,47
TRF02859,SKU00529,DEP-CENTRAL,T05,2025-10-13,2025-10-28,25
TRF02860,SKU00697,DEP-CENTRAL,T06,2025-05-04,2025-05-23,44
TRF02861,SKU00113,T07,T22,2026-06-09,2026-06-22,45
TRF02862,SKU00220,DEP-CENTRAL,T08,2025-11-04,2025-11-08,17
TRF02863,SKU00363,T12,DEP-CENTRAL,2025-02-20,2025-03-12,42
TRF02864,SKU00681,T15,T22,2024-01-05,2024-01-20,34
TRF02865,SKU00464,T14,T11,2024-05-12,2024-05-24,13
TRF02866,SKU00415,T15,T01,2024-05-10,2024-05-15,26
TRF02867,SKU00464,T21,T02,2024-10-08,2024-10-29,40
TRF02868,SKU00117,T04,T09,2025-03-06,2025-03-19,34
TRF02869,SKU00560,DEP-CENTRAL,T19,2025-09-13,2025-10-03,22
TRF02870,SKU00679,T11,DEP-CENTRAL,2024-09-19,2024-09-22,30
TRF02871,SKU00127,T11,T16,2024-03-20,2024-04-09,53
TRF02872,SKU00126,T27,DEP-CENTRAL,2024-01-07,2024-01-27,11
TRF02873,SKU00006,T17,T24,2026-02-18,2026-03-01,9
TRF02874,SKU00139,DEP-CENTRAL,T06,2025-11-23,2025-11-26,36
TRF02875,SKU00548,T27,T05,2026-05-27,2026-06-16,49
TRF02876,SKU00096,DEP-CENTRAL,T12,2023-01-06,2023-01-19,6
TRF02877,SKU00548,T01,DEP-CENTRAL,2023-11-04,2023-11-12,10
TRF02878,SKU00142,DEP-CENTRAL,T03,2024-08-23,2024-09-03,7
TRF02879,SKU00773,DEP-CENTRAL,T17,2025-11-21,2025-12-10,50
TRF02880,SKU00696,DEP-CENTRAL,T11,2023-09-19,2023-09-29,22
TRF02881,SKU00004,DEP-CENTRAL,T04,2025-09-22,2025-10-01,41
TRF02882,SKU00311,T24,T21,2026-05-16,2026-05-23,48
TRF02883,SKU00386,DEP-CENTRAL,T23,2025-03-05,2025-03-19,30
TRF02884,SKU00513,T21,T14,2023-04-05,2023-04-10,14
TRF02885,SKU00751,T07,T06,2023-11-17,2023-11-21,43
TRF02886,SKU00399,DEP-CENTRAL,T25,2025-05-23,2025-06-07,2
TRF02887,SKU00572,T08,T07,2023-06-15,2023-06-29,30
TRF02888,SKU00251,T05,T06,2025-03-08,2025-03-26,15
TRF02889,SKU00710,T16,T12,2026-07-25,2026-08-08,30
TRF02890,SKU00357,DEP-CENTRAL,T28,2025-01-11,2025-01-22,12
TRF02891,SKU00372,T11,DEP-CENTRAL,2024-06-05,2024-06-15,28
TRF02892,SKU00796,DEP-CENTRAL,T21,2025-04-24,2025-05-15,28
TRF02893,SKU00361,DEP-CENTRAL,T12,2025-10-26,2025-11-14,30
TRF02894,SKU00322,T06,T07,2025-07-07,2025-07-26,34
TRF02895,SKU00019,T01,T08,2025-07-18,2025-08-01,58
TRF02896,SKU00301,DEP-CENTRAL,T21,2023-08-25,2023-08-29,50
TRF02897,SKU00101,DEP-CENTRAL,T23,2024-10-19,2024-11-03,33
TRF02898,SKU00165,T03,DEP-CENTRAL,2023-06-07,2023-06-11,2
TRF02899,SKU00520,T20,DEP-CENTRAL,2024-03-23,2024-04-10,43
TRF02900,SKU00748,DEP-CENTRAL,T27,2025-05-15,2025-06-05,7
TRF02901,SKU00386,T10,T24,2025-12-27,2026-01-10,4
TRF02902,SKU00433,DEP-CENTRAL,T11,2026-08-27,2026-09-15,54
TRF02903,SKU00545,DEP-CENTRAL,T05,2025-07-17,2025-08-04,23
TRF02904,SKU00024,T21,T27,2026-06-24,2026-07-09,3
TRF02905,SKU00530,T03,DEP-CENTRAL,2023-04-27,2023-05-18,22
TRF02906,SKU00214,DEP-CENTRAL,T15,2025-08-16,2025-08-29,48
TRF02907,SKU00616,DEP-CENTRAL,T02,2024-09-10,2024-09-26,40
TRF02908,SKU00041,DEP-CENTRAL,T19,2025-06-09,2025-06-24,54
TRF02909,SKU00096,T10,DEP-CENTRAL,2026-01-12,2026-01-28,22
TRF02910,SKU00419,DEP-CENTRAL,T17,2025-07-14,2025-08-02,36
TRF02911,SKU00731,T14,T11,2025-09-14,2025-09-25,41
TRF02912,SKU00444,T24,DEP-CENTRAL,2024-12-15,2025-01-05,43
TRF02913,SKU00586,T27,T04,2025-10-23,2025-10-26,19
TRF02914,SKU00304,T15,T26,2025-06-02,2025-06-23,19
TRF02915,SKU00516,DEP-CENTRAL,T02,2023-09-14,2023-09-20,2
TRF02916,SKU00627,T15,T03,2024-03-16,2024-03-27,9
TRF02917,SKU00049,DEP-CENTRAL,T02,2025-02-11,2025-02-20,33
TRF02918,SKU00393,DEP-CENTRAL,T03,2026-03-04,2026-03-13,23
TRF02919,SKU00464,T20,T24,2026-03-25,2026-04-15,21
TRF02920,SKU00087,T20,T16,2025-09-10,2025-09-29,35
TRF02921,SKU00737,T23,DEP-CENTRAL,2023-11-18,2023-11-27,29
TRF02922,SKU00455,T11,T13,2022-09-05,2022-09-26,2
TRF02923,SKU00114,DEP-CENTRAL,T08,2026-01-04,2026-01-14,24
TRF02924,SKU00761,DEP-CENTRAL,T15,2025-02-15,2025-03-08,39
TRF02925,SKU00710,DEP-CENTRAL,T18,2024-11-25,2024-12-13,49
TRF02926,SKU00291,DEP-CENTRAL,T14,2024-05-21,2024-06-09,42
TRF02927,SKU00341,DEP-CENTRAL,T13,2025-08-18,2025-09-01,31
TRF02928,SKU00786,DEP-CENTRAL,T28,2025-06-21,2025-07-01,58
TRF02929,SKU00454,DEP-CENTRAL,T13,2026-07-10,2026-07-23,16
TRF02930,SKU00396,T20,T06,2025-12-17,2025-12-25,52
TRF02931,SKU00628,DEP-CENTRAL,T24,2024-07-13,2024-07-18,21
TRF02932,SKU00281,T21,T24,2023-03-21,2023-03-30,12
TRF02933,SKU00569,DEP-CENTRAL,T07,2025-09-19,2025-09-25,18
TRF02934,SKU00164,DEP-CENTRAL,T04,2024-06-19,2024-06-25,19
TRF02935,SKU00516,DEP-CENTRAL,T07,2023-12-23,2024-01-02,34
TRF02936,SKU00344,T07,T15,2025-10-15,2025-10-27,38
TRF02937,SKU00584,DEP-CENTRAL,T17,2023-08-15,2023-08-28,44
TRF02938,SKU00454,T28,T05,2023-12-05,2023-12-12,41
TRF02939,SKU00077,DEP-CENTRAL,T28,2022-07-08,2022-07-26,37
TRF02940,SKU00350,DEP-CENTRAL,T03,2025-06-11,2025-06-14,28
TRF02941,SKU00421,T15,T26,2024-04-20,2024-04-28,52
TRF02942,SKU00350,DEP-CENTRAL,T14,2025-12-19,2025-12-29,6
TRF02943,SKU00511,DEP-CENTRAL,T16,2024-01-03,2024-01-10,40
TRF02944,SKU00768,T04,T01,2024-03-09,2024-03-15,32
TRF02945,SKU00749,DEP-CENTRAL,T26,2025-05-09,2025-05-14,57
TRF02946,SKU00296,DEP-CENTRAL,T03,2024-03-03,2024-03-20,47
TRF02947,SKU00026,T14,T09,2024-12-23,2025-01-08,3
TRF02948,SKU00200,T16,T28,2025-09-07,2025-09-19,13
TRF02949,SKU00737,DEP-CENTRAL,T19,2023-08-13,2023-08-30,23
TRF02950,SKU00020,DEP-CENTRAL,T23,2022-11-04,2022-11-24,44
TRF02951,SKU00673,DEP-CENTRAL,T12,2023-04-10,2023-04-28,5
TRF02952,SKU00750,T12,T02,2023-05-07,2023-05-15,12
TRF02953,SKU00212,DEP-CENTRAL,T21,2025-07-12,2025-07-16,42
TRF02954,SKU00481,DEP-CENTRAL,T09,2023-01-10,2023-01-31,24
TRF02955,SKU00530,DEP-CENTRAL,T22,2024-07-11,2024-07-26,4
TRF02956,SKU00404,DEP-CENTRAL,T02,2025-06-04,2025-06-10,17
TRF02957,SKU00271,DEP-CENTRAL,T02,2024-05-06,2024-05-10,58
TRF02958,SKU00196,T10,T19,2025-01-24,2025-02-13,33
TRF02959,SKU00383,T15,T09,2025-10-27,2025-11-12,34
TRF02960,SKU00244,T24,T27,2022-10-19,2022-11-02,37
TRF02961,SKU00627,T15,DEP-CENTRAL,2025-02-27,2025-03-13,15
TRF02962,SKU00281,DEP-CENTRAL,T11,2022-12-16,2023-01-05,4
TRF02963,SKU00220,DEP-CENTRAL,T26,2024-04-25,2024-05-03,13
TRF02964,SKU00302,DEP-CENTRAL,T14,2026-08-19,2026-09-07,31
TRF02965,SKU00719,DEP-CENTRAL,T07,2026-07-09,2026-07-15,6
TRF02966,SKU00052,T23,T27,2025-11-18,2025-12-07,40
TRF02967,SKU00177,T16,DEP-CENTRAL,2025-05-02,2025-05-14,58
TRF02968,SKU00528,DEP-CENTRAL,T28,2023-10-24,2023-10-29,24
TRF02969,SKU00363,DEP-CENTRAL,T03,2025-02-19,2025-03-12,4
TRF02970,SKU00589,DEP-CENTRAL,T15,2023-01-04,2023-01-13,5
TRF02971,SKU00046,DEP-CENTRAL,T23,2026-05-13,2026-05-26,38
TRF02972,SKU00026,DEP-CENTRAL,T07,2025-05-08,2025-05-16,6
TRF02973,SKU00774,DEP-CENTRAL,T27,2025-05-17,2025-05-24,21
TRF02974,SKU00058,T06,T05,2025-10-23,2025-10-26,31
TRF02975,SKU00209,DEP-CENTRAL,T21,2023-05-18,2023-06-02,25
TRF02976,SKU00405,T18,T17,2023-09-12,2023-09-16,43
TRF02977,SKU00441,DEP-CENTRAL,T15,2023-10-12,2023-10-16,47
TRF02978,SKU00068,DEP-CENTRAL,T26,2025-06-25,2025-07-02,7
TRF02979,SKU00203,T22,DEP-CENTRAL,2022-03-18,2022-03-27,12
TRF02980,SKU00144,DEP-CENTRAL,T11,2024-12-20,2024-12-27,47
TRF02981,SKU00416,DEP-CENTRAL,T28,2026-03-15,2026-03-31,36
TRF02982,SKU00298,DEP-CENTRAL,T20,2026-08-09,2026-08-17,19
TRF02983,SKU00231,T01,T03,2023-11-13,2023-12-04,41
TRF02984,SKU00528,T19,T18,2025-09-04,2025-09-11,15
TRF02985,SKU00750,T03,T26,2023-09-15,2023-09-28,12
TRF02986,SKU00445,T15,DEP-CENTRAL,2025-06-09,2025-06-16,23
TRF02987,SKU00533,T03,T04,2024-02-04,2024-02-20,49
TRF02988,SKU00473,T11,T01,2023-10-02,2023-10-16,3
TRF02989,SKU00271,DEP-CENTRAL,T21,2024-03-06,2024-03-13,22
TRF02990,SKU00072,T26,T12,2023-03-21,2023-03-24,56
TRF02991,SKU00612,T25,T06,2024-06-14,2024-06-26,56
TRF02992,SKU00359,DEP-CENTRAL,T05,2025-03-24,2025-03-29,4
TRF02993,SKU00785,DEP-CENTRAL,T10,2024-11-22,2024-11-30,50
TRF02994,SKU00530,DEP-CENTRAL,T13,2023-06-14,2023-06-18,34
TRF02995,SKU00740,T08,T03,2024-02-12,2024-02-28,18
TRF02996,SKU00682,T02,T10,2025-08-11,2025-08-17,40
TRF02997,SKU00795,DEP-CENTRAL,T17,2025-10-15,2025-10-24,52
TRF02998,SKU00093,DEP-CENTRAL,T10,2025-09-26,2025-10-11,39
TRF02999,SKU00479,DEP-CENTRAL,T19,2023-12-11,2023-12-25,2
TRF03000,SKU00189,DEP-CENTRAL,T27,2025-06-02,2025-06-07,25
TRF03001,SKU00418,T17,T10,2026-03-07,2026-03-13,24
TRF03002,SKU00626,T26,T13,2026-02-06,2026-02-21,16
TRF03003,SKU00777,T05,T21,2022-05-08,2022-05-18,24
TRF03004,SKU00586,T27,DEP-CENTRAL,2026-08-04,2026-08-24,42
TRF03005,SKU00649,DEP-CENTRAL,T27,2026-07-09,2026-07-25,39
TRF03006,SKU00218,DEP-CENTRAL,T18,2024-01-24,2024-01-30,58
TRF03007,SKU00660,DEP-CENTRAL,T25,2025-01-27,2025-02-15,40
TRF03008,SKU00439,DEP-CENTRAL,T20,2024-04-03,2024-04-21,51
TRF03009,SKU00568,T05,T24,2025-07-23,2025-08-08,39
TRF03010,SKU00758,DEP-CENTRAL,T01,2023-05-15,2023-05-29,6
TRF03011,SKU00688,DEP-CENTRAL,T26,2024-04-07,2024-04-13,36
TRF03012,SKU00459,T13,T27,2025-05-07,2025-05-17,46
TRF03013,SKU00378,DEP-CENTRAL,T11,2024-04-02,2024-04-08,19
TRF03014,SKU00289,T01,T05,2022-06-13,2022-06-23,34
TRF03015,SKU00641,T10,T16,2025-10-12,2025-10-31,17
TRF03016,SKU00164,DEP-CENTRAL,T24,2023-05-11,2023-05-23,9
TRF03017,SKU00566,T08,T16,2026-06-06,2026-06-10,49
TRF03018,SKU00721,DEP-CENTRAL,T11,2026-01-05,2026-01-20,16
TRF03019,SKU00365,DEP-CENTRAL,T21,2026-08-10,2026-08-16,57
TRF03020,SKU00645,DEP-CENTRAL,T23,2025-12-17,2025-12-25,43
TRF03021,SKU00679,T21,T03,2024-03-13,2024-03-31,55
TRF03022,SKU00484,T09,T16,2025-07-06,2025-07-11,32
TRF03023,SKU00358,T16,DEP-CENTRAL,2024-06-11,2024-06-25,46
TRF03024,SKU00743,DEP-CENTRAL,T12,2025-08-21,2025-09-08,24
TRF03025,SKU00530,DEP-CENTRAL,T22,2023-07-12,2023-07-19,53
TRF03026,SKU00582,DEP-CENTRAL,T02,2026-01-15,2026-01-29,36
TRF03027,SKU00566,DEP-CENTRAL,T15,2025-08-21,2025-09-04,4
TRF03028,SKU00145,DEP-CENTRAL,T04,2025-09-07,2025-09-12,5
TRF03029,SKU00218,T28,T22,2025-09-24,2025-10-15,39
TRF03030,SKU00139,DEP-CENTRAL,T04,2026-07-25,2026-08-13,55
TRF03031,SKU00727,DEP-CENTRAL,T24,2024-08-07,2024-08-14,41
TRF03032,SKU00531,T10,T05,2025-02-24,2025-03-13,38
TRF03033,SKU00384,DEP-CENTRAL,T15,2025-04-20,2025-04-25,59
TRF03034,SKU00708,DEP-CENTRAL,T09,2022-06-05,2022-06-12,24
TRF03035,SKU00053,T06,T05,2025-11-07,2025-11-16,10
TRF03036,SKU00286,DEP-CENTRAL,T21,2024-10-25,2024-11-13,44
TRF03037,SKU00073,T02,DEP-CENTRAL,2025-09-24,2025-10-06,47
TRF03038,SKU00531,T10,T22,2026-06-21,2026-07-02,51
TRF03039,SKU00359,DEP-CENTRAL,T05,2024-11-27,2024-12-18,57
TRF03040,SKU00352,T28,DEP-CENTRAL,2025-01-26,2025-01-29,22
TRF03041,SKU00001,T03,T05,2026-04-15,2026-04-25,59
TRF03042,SKU00628,T20,DEP-CENTRAL,2025-07-24,2025-08-11,58
TRF03043,SKU00627,DEP-CENTRAL,T01,2026-03-27,2026-04-04,49
TRF03044,SKU00689,T12,DEP-CENTRAL,2025-07-22,2025-07-28,31
TRF03045,SKU00783,T24,T20,2025-05-02,2025-05-13,9
TRF03046,SKU00320,DEP-CENTRAL,T28,2023-10-21,2023-10-28,10
TRF03047,SKU00431,T23,T04,2023-12-14,2023-12-28,37
TRF03048,SKU00151,T28,T12,2025-09-09,2025-09-14,49
TRF03049,SKU00134,T20,T05,2026-03-27,2026-04-07,52
TRF03050,SKU00765,T03,T17,2025-05-14,2025-05-26,20
TRF03051,SKU00063,T04,T23,2026-04-17,2026-05-01,3
TRF03052,SKU00154,T06,T05,2025-06-12,2025-06-17,19
TRF03053,SKU00655,T22,DEP-CENTRAL,2025-10-19,2025-10-22,30
TRF03054,SKU00231,DEP-CENTRAL,T16,2025-09-06,2025-09-09,19
TRF03055,SKU00339,DEP-CENTRAL,T17,2025-04-05,2025-04-17,58
TRF03056,SKU00077,T15,DEP-CENTRAL,2025-02-21,2025-02-26,16
TRF03057,SKU00479,DEP-CENTRAL,T02,2023-01-15,2023-01-26,37
TRF03058,SKU00628,T25,DEP-CENTRAL,2026-02-06,2026-02-16,48
TRF03059,SKU00461,DEP-CENTRAL,T02,2026-01-06,2026-01-25,39
TRF03060,SKU00120,T16,DEP-CENTRAL,2022-09-15,2022-09-26,11
TRF03061,SKU00130,T25,T21,2025-10-21,2025-10-24,18
TRF03062,SKU00583,T20,T15,2026-07-17,2026-07-26,34
TRF03063,SKU00486,T10,T11,2025-09-17,2025-10-06,20
TRF03064,SKU00520,T24,T08,2023-05-07,2023-05-15,10
TRF03065,SKU00624,DEP-CENTRAL,T09,2024-05-02,2024-05-09,57
TRF03066,SKU00358,T09,T22,2025-12-21,2026-01-03,16
TRF03067,SKU00212,T01,T24,2025-10-21,2025-10-26,40
TRF03068,SKU00312,DEP-CENTRAL,T13,2025-08-26,2025-09-11,17
TRF03069,SKU00460,T21,DEP-CENTRAL,2022-12-04,2022-12-07,50
TRF03070,SKU00562,T03,DEP-CENTRAL,2024-07-15,2024-08-05,39
TRF03071,SKU00609,DEP-CENTRAL,T22,2025-10-10,2025-10-18,28
TRF03072,SKU00525,T19,T21,2024-12-02,2024-12-19,8
TRF03073,SKU00703,DEP-CENTRAL,T16,2023-11-18,2023-11-21,53
TRF03074,SKU00572,T26,DEP-CENTRAL,2024-08-20,2024-08-23,31
TRF03075,SKU00016,DEP-CENTRAL,T05,2025-11-14,2025-12-04,26
TRF03076,SKU00404,T22,T26,2024-07-11,2024-07-18,28
TRF03077,SKU00680,T06,DEP-CENTRAL,2024-04-26,2024-05-15,12
TRF03078,SKU00223,DEP-CENTRAL,T19,2026-01-05,2026-01-14,31
TRF03079,SKU00025,T14,T21,2025-08-16,2025-09-01,48
TRF03080,SKU00644,T19,T04,2026-05-13,2026-05-28,26
TRF03081,SKU00374,DEP-CENTRAL,T25,2025-10-27,2025-11-09,17
TRF03082,SKU00545,DEP-CENTRAL,T15,2024-06-04,2024-06-23,16
TRF03083,SKU00528,DEP-CENTRAL,T06,2024-02-24,2024-02-28,11
TRF03084,SKU00708,DEP-CENTRAL,T07,2022-07-26,2022-08-12,56
TRF03085,SKU00404,DEP-CENTRAL,T16,2022-07-22,2022-08-12,32
TRF03086,SKU00065,T05,DEP-CENTRAL,2023-03-20,2023-03-23,22
TRF03087,SKU00114,T04,T17,2022-09-18,2022-09-24,11
TRF03088,SKU00608,DEP-CENTRAL,T23,2024-03-09,2024-03-24,11
TRF03089,SKU00131,DEP-CENTRAL,T05,2026-03-06,2026-03-18,59
TRF03090,SKU00380,DEP-CENTRAL,T11,2023-10-08,2023-10-11,20
TRF03091,SKU00522,DEP-CENTRAL,T19,2025-08-21,2025-08-24,52
TRF03092,SKU00051,DEP-CENTRAL,T12,2024-05-16,2024-06-03,6
TRF03093,SKU00203,DEP-CENTRAL,T15,2024-03-22,2024-04-03,44
TRF03094,SKU00330,T15,T08,2025-04-06,2025-04-13,52
TRF03095,SKU00441,DEP-CENTRAL,T02,2026-02-21,2026-02-26,45
TRF03096,SKU00600,DEP-CENTRAL,T24,2025-07-17,2025-08-05,12
TRF03097,SKU00775,T09,T20,2026-02-11,2026-02-22,29
TRF03098,SKU00320,DEP-CENTRAL,T20,2026-08-17,2026-08-31,52
TRF03099,SKU00586,DEP-CENTRAL,T28,2024-04-05,2024-04-08,52
TRF03100,SKU00634,T21,T11,2026-05-09,2026-05-30,21
TRF03101,SKU00378,DEP-CENTRAL,T28,2024-12-26,2025-01-07,38
TRF03102,SKU00169,T26,T07,2022-12-25,2023-01-10,39
TRF03103,SKU00074,T20,T13,2025-09-25,2025-10-11,33
TRF03104,SKU00173,T24,T13,2025-09-12,2025-09-29,13
TRF03105,SKU00501,DEP-CENTRAL,T15,2022-04-21,2022-04-26,38
TRF03106,SKU00083,T28,DEP-CENTRAL,2024-05-05,2024-05-18,51
TRF03107,SKU00459,T20,DEP-CENTRAL,2025-01-11,2025-01-17,35
TRF03108,SKU00404,DEP-CENTRAL,T02,2026-02-08,2026-02-28,33
TRF03109,SKU00013,DEP-CENTRAL,T25,2024-11-13,2024-11-28,11
TRF03110,SKU00329,T28,T01,2024-07-25,2024-08-13,29
TRF03111,SKU00418,T07,T22,2025-09-14,2025-09-22,15
TRF03112,SKU00551,T03,T06,2024-11-13,2024-11-17,40
TRF03113,SKU00133,DEP-CENTRAL,T15,2026-07-07,2026-07-27,12
TRF03114,SKU00650,DEP-CENTRAL,T15,2023-08-12,2023-09-01,48
TRF03115,SKU00209,T06,DEP-CENTRAL,2024-08-07,2024-08-16,53
TRF03116,SKU00453,DEP-CENTRAL,T25,2023-03-17,2023-03-22,48
TRF03117,SKU00113,T05,T12,2026-05-20,2026-06-06,23
TRF03118,SKU00248,T18,T06,2024-08-02,2024-08-13,8
TRF03119,SKU00763,DEP-CENTRAL,T25,2025-06-04,2025-06-07,54
TRF03120,SKU00386,DEP-CENTRAL,T22,2025-10-23,2025-11-12,15
TRF03121,SKU00361,DEP-CENTRAL,T17,2022-05-09,2022-05-24,6
TRF03122,SKU00463,DEP-CENTRAL,T21,2022-10-17,2022-10-27,15
TRF03123,SKU00721,DEP-CENTRAL,T15,2024-06-18,2024-06-27,24
TRF03124,SKU00032,DEP-CENTRAL,T07,2025-01-14,2025-02-03,59
TRF03125,SKU00425,DEP-CENTRAL,T06,2024-09-19,2024-10-02,24
TRF03126,SKU00416,T28,T22,2025-10-04,2025-10-09,46
TRF03127,SKU00439,DEP-CENTRAL,T23,2022-06-26,2022-07-10,46
TRF03128,SKU00314,T21,T06,2026-07-22,2026-08-03,51
TRF03129,SKU00679,DEP-CENTRAL,T11,2023-02-22,2023-03-08,4
TRF03130,SKU00783,DEP-CENTRAL,T19,2025-11-10,2025-11-29,56
TRF03131,SKU00026,T02,T18,2025-03-11,2025-03-26,19
TRF03132,SKU00114,T26,T13,2025-08-12,2025-08-18,57
TRF03133,SKU00086,T24,T28,2025-04-27,2025-04-30,56
TRF03134,SKU00466,T20,T23,2025-06-20,2025-07-07,20
TRF03135,SKU00365,T06,T04,2023-04-10,2023-04-28,37
TRF03136,SKU00718,T04,T22,2024-11-23,2024-12-12,44
TRF03137,SKU00281,DEP-CENTRAL,T06,2023-10-22,2023-11-07,22
TRF03138,SKU00457,T20,T05,2024-07-18,2024-07-27,50
TRF03139,SKU00591,T10,T02,2025-08-21,2025-09-06,28
TRF03140,SKU00702,T10,T17,2024-10-17,2024-10-30,37
TRF03141,SKU00792,T26,T19,2025-06-11,2025-06-26,16
TRF03142,SKU00624,T21,DEP-CENTRAL,2026-08-11,2026-08-25,18
TRF03143,SKU00166,DEP-CENTRAL,T05,2023-02-14,2023-03-07,56
TRF03144,SKU00365,T18,T06,2023-04-02,2023-04-13,27
TRF03145,SKU00199,DEP-CENTRAL,T18,2026-03-12,2026-03-20,51
TRF03146,SKU00321,DEP-CENTRAL,T09,2026-04-26,2026-05-16,15
TRF03147,SKU00435,T03,DEP-CENTRAL,2025-12-19,2026-01-05,2
TRF03148,SKU00444,DEP-CENTRAL,T12,2024-07-04,2024-07-13,15
TRF03149,SKU00573,DEP-CENTRAL,T18,2024-10-23,2024-11-04,39
TRF03150,SKU00460,DEP-CENTRAL,T26,2022-08-19,2022-08-30,32
TRF03151,SKU00211,DEP-CENTRAL,T17,2026-04-21,2026-04-26,38
TRF03152,SKU00548,DEP-CENTRAL,T01,2026-02-13,2026-02-16,13
TRF03153,SKU00061,T05,T24,2025-02-04,2025-02-19,27
TRF03154,SKU00427,DEP-CENTRAL,T19,2023-01-02,2023-01-20,20
TRF03155,SKU00235,DEP-CENTRAL,T04,2024-01-13,2024-02-03,58
TRF03156,SKU00076,DEP-CENTRAL,T17,2024-12-20,2025-01-01,49
TRF03157,SKU00506,T12,T05,2024-04-06,2024-04-13,5
TRF03158,SKU00789,T22,T01,2025-04-02,2025-04-16,16
TRF03159,SKU00453,DEP-CENTRAL,T28,2024-04-19,2024-04-29,28
TRF03160,SKU00557,DEP-CENTRAL,T16,2024-01-03,2024-01-23,40
TRF03161,SKU00510,DEP-CENTRAL,T12,2025-12-05,2025-12-14,6
TRF03162,SKU00441,T03,DEP-CENTRAL,2024-11-17,2024-12-07,22
TRF03163,SKU00777,DEP-CENTRAL,T02,2024-02-02,2024-02-05,5
TRF03164,SKU00745,T13,DEP-CENTRAL,2024-08-10,2024-08-21,21
TRF03165,SKU00138,T16,T06,2025-03-02,2025-03-20,58
TRF03166,SKU00750,DEP-CENTRAL,T19,2025-01-25,2025-02-03,27
TRF03167,SKU00545,DEP-CENTRAL,T25,2026-02-04,2026-02-12,24
TRF03168,SKU00587,DEP-CENTRAL,T25,2022-09-22,2022-10-03,11
TRF03169,SKU00013,DEP-CENTRAL,T27,2023-02-05,2023-02-09,31
TRF03170,SKU00302,DEP-CENTRAL,T03,2025-04-23,2025-05-01,16
TRF03171,SKU00750,T08,DEP-CENTRAL,2022-07-12,2022-07-21,31
TRF03172,SKU00775,T10,T04,2025-01-06,2025-01-24,21
TRF03173,SKU00087,DEP-CENTRAL,T21,2025-12-24,2026-01-12,50
TRF03174,SKU00488,DEP-CENTRAL,T24,2025-09-22,2025-10-06,13
TRF03175,SKU00146,T14,T21,2026-04-14,2026-04-24,33
TRF03176,SKU00016,T09,DEP-CENTRAL,2024-11-15,2024-11-24,17
TRF03177,SKU00500,T18,T02,2025-11-06,2025-11-15,7
TRF03178,SKU00425,DEP-CENTRAL,T23,2026-01-17,2026-01-23,4
TRF03179,SKU00506,DEP-CENTRAL,T14,2025-04-02,2025-04-12,48
TRF03180,SKU00792,T27,T21,2025-06-20,2025-07-11,59
TRF03181,SKU00076,DEP-CENTRAL,T16,2023-05-12,2023-05-23,52
TRF03182,SKU00524,T28,T04,2023-04-09,2023-04-23,2
TRF03183,SKU00156,DEP-CENTRAL,T09,2025-10-23,2025-10-29,10
TRF03184,SKU00609,DEP-CENTRAL,T22,2026-03-22,2026-03-28,41
TRF03185,SKU00337,DEP-CENTRAL,T15,2026-06-27,2026-07-03,5
TRF03186,SKU00623,T04,DEP-CENTRAL,2026-03-08,2026-03-11,53
TRF03187,SKU00312,DEP-CENTRAL,T27,2022-11-09,2022-11-15,19
TRF03188,SKU00587,DEP-CENTRAL,T27,2022-09-05,2022-09-23,28
TRF03189,SKU00633,T11,T20,2025-08-20,2025-08-30,28
TRF03190,SKU00674,DEP-CENTRAL,T25,2026-01-05,2026-01-10,3
TRF03191,SKU00548,DEP-CENTRAL,T06,2025-05-14,2025-05-31,28
TRF03192,SKU00698,T19,T22,2023-05-25,2023-06-09,20
TRF03193,SKU00146,DEP-CENTRAL,T20,2023-05-23,2023-05-28,48
TRF03194,SKU00587,T14,T09,2023-11-17,2023-11-21,50
TRF03195,SKU00421,T11,T05,2022-08-22,2022-08-26,55
TRF03196,SKU00603,T04,T08,2024-11-09,2024-11-25,23
TRF03197,SKU00150,DEP-CENTRAL,T04,2023-12-25,2023-12-28,48
TRF03198,SKU00068,DEP-CENTRAL,T22,2023-10-24,2023-11-14,34
TRF03199,SKU00209,DEP-CENTRAL,T15,2022-07-20,2022-08-06,9
TRF03200,SKU00655,DEP-CENTRAL,T23,2026-03-05,2026-03-25,23
TRF03201,SKU00514,T09,T21,2024-09-27,2024-10-14,48
TRF03202,SKU00732,T28,T05,2026-03-27,2026-04-03,50
TRF03203,SKU00785,T04,DEP-CENTRAL,2026-05-16,2026-06-05,32
TRF03204,SKU00789,DEP-CENTRAL,T26,2024-09-20,2024-10-11,7
TRF03205,SKU00143,T27,T07,2024-02-11,2024-02-15,42
TRF03206,SKU00160,DEP-CENTRAL,T19,2024-12-18,2024-12-21,11
TRF03207,SKU00082,DEP-CENTRAL,T15,2025-11-17,2025-11-25,49
TRF03208,SKU00400,T06,T19,2025-09-02,2025-09-12,9
TRF03209,SKU00616,DEP-CENTRAL,T07,2023-07-24,2023-08-01,19
TRF03210,SKU00563,T07,T08,2023-08-17,2023-09-05,23
TRF03211,SKU00310,T07,DEP-CENTRAL,2025-06-26,2025-06-29,39
TRF03212,SKU00668,DEP-CENTRAL,T04,2023-03-20,2023-04-10,48
TRF03213,SKU00724,T04,DEP-CENTRAL,2023-08-09,2023-08-18,18
TRF03214,SKU00153,T08,T25,2024-09-15,2024-09-23,41
TRF03215,SKU00054,T02,T26,2024-10-20,2024-10-28,34
TRF03216,SKU00376,T25,DEP-CENTRAL,2025-08-05,2025-08-15,13
TRF03217,SKU00620,T25,T01,2026-05-08,2026-05-25,11
TRF03218,SKU00252,T20,T17,2026-04-03,2026-04-13,21
TRF03219,SKU00322,DEP-CENTRAL,T22,2023-12-23,2023-12-31,21
TRF03220,SKU00067,T25,T14,2023-10-05,2023-10-17,12
TRF03221,SKU00053,T19,T03,2026-04-16,2026-04-30,34
TRF03222,SKU00071,DEP-CENTRAL,T19,2023-09-20,2023-09-26,30
TRF03223,SKU00479,T05,T20,2023-08-27,2023-09-05,19
TRF03224,SKU00661,T12,T08,2023-10-22,2023-11-01,41
TRF03225,SKU00071,T24,T02,2022-10-11,2022-10-20,27
TRF03226,SKU00384,T12,T16,2026-01-10,2026-01-13,24
TRF03227,SKU00538,DEP-CENTRAL,T25,2023-09-25,2023-10-04,42
TRF03228,SKU00072,DEP-CENTRAL,T13,2026-03-17,2026-03-22,17
TRF03229,SKU00435,T08,T19,2026-02-27,2026-03-18,6
TRF03230,SKU00066,T28,T02,2026-07-20,2026-08-06,58
TRF03231,SKU00053,T01,T23,2022-11-11,2022-11-30,56
TRF03232,SKU00068,T15,T23,2026-05-17,2026-05-20,44
TRF03233,SKU00131,DEP-CENTRAL,T09,2025-03-14,2025-03-29,35
TRF03234,SKU00422,DEP-CENTRAL,T08,2026-02-18,2026-03-05,10
TRF03235,SKU00433,DEP-CENTRAL,T17,2025-08-05,2025-08-24,11
TRF03236,SKU00596,DEP-CENTRAL,T23,2024-08-20,2024-08-24,4
TRF03237,SKU00522,DEP-CENTRAL,T05,2024-09-22,2024-10-11,52
TRF03238,SKU00264,T02,DEP-CENTRAL,2024-12-19,2024-12-24,9
TRF03239,SKU00460,DEP-CENTRAL,T01,2024-07-08,2024-07-12,27
TRF03240,SKU00337,DEP-CENTRAL,T03,2025-09-20,2025-09-27,9
TRF03241,SKU00719,DEP-CENTRAL,T19,2026-03-16,2026-04-05,4
TRF03242,SKU00271,T14,DEP-CENTRAL,2025-07-27,2025-08-12,26
TRF03243,SKU00143,T27,T08,2025-10-12,2025-10-21,4
TRF03244,SKU00634,T04,DEP-CENTRAL,2023-06-16,2023-07-05,5
TRF03245,SKU00485,T21,DEP-CENTRAL,2026-02-07,2026-02-20,3
TRF03246,SKU00794,T15,T06,2023-01-06,2023-01-14,50
TRF03247,SKU00277,T18,T21,2025-03-20,2025-03-30,6
TRF03248,SKU00089,T25,DEP-CENTRAL,2025-10-20,2025-10-26,45
TRF03249,SKU00665,DEP-CENTRAL,T25,2024-06-26,2024-06-29,41
TRF03250,SKU00184,T18,DEP-CENTRAL,2026-08-18,2026-08-26,23
TRF03251,SKU00042,DEP-CENTRAL,T20,2026-04-08,2026-04-26,8
TRF03252,SKU00071,DEP-CENTRAL,T24,2023-10-06,2023-10-14,29
TRF03253,SKU00406,T07,T20,2023-09-24,2023-10-05,16
TRF03254,SKU00530,DEP-CENTRAL,T10,2023-01-09,2023-01-30,45
TRF03255,SKU00644,DEP-CENTRAL,T24,2024-11-06,2024-11-24,5
TRF03256,SKU00310,DEP-CENTRAL,T26,2025-05-13,2025-05-26,39
TRF03257,SKU00500,T18,T09,2023-12-25,2024-01-14,22
TRF03258,SKU00520,T20,T23,2023-09-21,2023-09-27,36
TRF03259,SKU00693,DEP-CENTRAL,T15,2025-02-27,2025-03-18,59
TRF03260,SKU00707,DEP-CENTRAL,T15,2025-04-27,2025-05-09,24
TRF03261,SKU00583,T10,T09,2024-03-13,2024-03-24,37
TRF03262,SKU00236,T14,T10,2026-02-27,2026-03-13,40
TRF03263,SKU00428,DEP-CENTRAL,T27,2024-12-02,2024-12-16,31
TRF03264,SKU00372,DEP-CENTRAL,T01,2024-07-11,2024-07-16,46
TRF03265,SKU00595,T23,T06,2025-05-24,2025-06-03,28
TRF03266,SKU00719,T09,DEP-CENTRAL,2026-04-21,2026-04-25,31
TRF03267,SKU00343,T05,T17,2023-03-17,2023-03-24,49
TRF03268,SKU00783,DEP-CENTRAL,T15,2024-11-04,2024-11-18,2
TRF03269,SKU00464,T19,T15,2025-02-19,2025-02-22,54
TRF03270,SKU00703,T10,T20,2024-05-24,2024-06-06,47
TRF03271,SKU00073,T06,T10,2024-11-09,2024-11-28,35
TRF03272,SKU00036,T08,T23,2024-09-26,2024-10-01,6
TRF03273,SKU00680,T17,DEP-CENTRAL,2024-06-07,2024-06-10,44
TRF03274,SKU00785,T05,T10,2025-09-19,2025-09-25,22
TRF03275,SKU00162,T16,DEP-CENTRAL,2026-01-19,2026-01-22,19
TRF03276,SKU00189,DEP-CENTRAL,T23,2025-01-24,2025-02-02,26
TRF03277,SKU00556,T19,T11,2025-07-24,2025-08-08,57
TRF03278,SKU00329,DEP-CENTRAL,T23,2024-09-13,2024-09-30,37
TRF03279,SKU00127,DEP-CENTRAL,T27,2023-06-11,2023-06-26,55
TRF03280,SKU00275,T13,T08,2024-01-11,2024-01-25,39
TRF03281,SKU00101,DEP-CENTRAL,T11,2023-04-18,2023-04-26,51
TRF03282,SKU00583,DEP-CENTRAL,T20,2026-02-12,2026-03-05,31
TRF03283,SKU00317,T20,DEP-CENTRAL,2023-07-23,2023-08-05,23
TRF03284,SKU00680,DEP-CENTRAL,T15,2025-07-26,2025-08-01,46
TRF03285,SKU00132,DEP-CENTRAL,T21,2025-09-20,2025-10-01,16
TRF03286,SKU00188,T03,T04,2024-10-09,2024-10-14,18
TRF03287,SKU00352,T17,T13,2024-09-06,2024-09-27,6
TRF03288,SKU00156,T13,T24,2025-11-02,2025-11-13,48
TRF03289,SKU00676,T04,DEP-CENTRAL,2026-07-10,2026-07-26,10
TRF03290,SKU00390,DEP-CENTRAL,T08,2024-10-17,2024-10-29,45
TRF03291,SKU00268,DEP-CENTRAL,T03,2024-06-06,2024-06-17,29
TRF03292,SKU00698,DEP-CENTRAL,T06,2022-07-21,2022-08-10,17
TRF03293,SKU00678,DEP-CENTRAL,T02,2023-01-25,2023-02-13,57
TRF03294,SKU00352,T24,T02,2025-03-05,2025-03-15,58
TRF03295,SKU00054,DEP-CENTRAL,T25,2022-07-23,2022-07-28,43
TRF03296,SKU00046,DEP-CENTRAL,T26,2025-03-24,2025-03-28,42
TRF03297,SKU00609,DEP-CENTRAL,T28,2024-11-08,2024-11-12,6
TRF03298,SKU00049,T04,DEP-CENTRAL,2026-02-20,2026-03-11,31
TRF03299,SKU00522,T05,T25,2024-06-20,2024-07-08,26
TRF03300,SKU00065,T14,T15,2023-06-03,2023-06-22,59
TRF03301,SKU00378,T20,T28,2023-02-23,2023-03-01,12
TRF03302,SKU00270,DEP-CENTRAL,T07,2022-09-07,2022-09-20,28
TRF03303,SKU00312,T19,T17,2026-07-12,2026-07-16,27
TRF03304,SKU00796,T11,T19,2026-04-05,2026-04-15,21
TRF03305,SKU00582,T17,T16,2025-03-18,2025-03-23,43
TRF03306,SKU00228,T02,DEP-CENTRAL,2022-07-08,2022-07-20,12
TRF03307,SKU00693,DEP-CENTRAL,T07,2025-10-24,2025-10-30,32
TRF03308,SKU00039,DEP-CENTRAL,T11,2023-01-08,2023-01-12,21
TRF03309,SKU00685,DEP-CENTRAL,T24,2026-04-02,2026-04-10,10
TRF03310,SKU00150,DEP-CENTRAL,T06,2023-10-24,2023-11-10,29
TRF03311,SKU00288,DEP-CENTRAL,T18,2024-04-06,2024-04-11,28
TRF03312,SKU00684,DEP-CENTRAL,T10,2024-04-22,2024-05-12,15
TRF03313,SKU00577,DEP-CENTRAL,T26,2024-12-19,2025-01-01,53
TRF03314,SKU00311,T28,T14,2026-06-20,2026-07-05,25
TRF03315,SKU00701,DEP-CENTRAL,T28,2025-06-12,2025-06-16,18
TRF03316,SKU00357,T19,T22,2025-01-07,2025-01-19,31
TRF03317,SKU00693,T21,T11,2025-10-14,2025-11-02,53
TRF03318,SKU00073,DEP-CENTRAL,T27,2026-02-07,2026-02-26,33
TRF03319,SKU00144,DEP-CENTRAL,T15,2025-04-19,2025-04-24,57
TRF03320,SKU00344,DEP-CENTRAL,T18,2026-05-27,2026-06-10,38
TRF03321,SKU00146,DEP-CENTRAL,T23,2024-01-09,2024-01-17,23
TRF03322,SKU00771,T23,T27,2025-01-22,2025-02-04,39
TRF03323,SKU00678,DEP-CENTRAL,T15,2026-02-04,2026-02-07,49
TRF03324,SKU00426,DEP-CENTRAL,T03,2026-05-20,2026-05-27,24
TRF03325,SKU00136,T03,T16,2026-08-20,2026-09-09,38
TRF03326,SKU00627,DEP-CENTRAL,T15,2025-07-19,2025-08-04,3
TRF03327,SKU00054,DEP-CENTRAL,T10,2026-03-20,2026-04-04,26
TRF03328,SKU00261,T10,T26,2025-04-12,2025-04-24,37
TRF03329,SKU00785,DEP-CENTRAL,T11,2023-12-15,2023-12-23,58
TRF03330,SKU00533,DEP-CENTRAL,T28,2024-10-17,2024-10-26,3
TRF03331,SKU00311,T25,DEP-CENTRAL,2024-07-27,2024-08-10,26
TRF03332,SKU00329,T15,DEP-CENTRAL,2024-12-23,2025-01-03,21
TRF03333,SKU00748,DEP-CENTRAL,T07,2025-06-12,2025-06-16,39
TRF03334,SKU00477,T08,T23,2022-12-25,2022-12-30,39
TRF03335,SKU00004,DEP-CENTRAL,T01,2025-03-06,2025-03-23,49
TRF03336,SKU00447,T11,DEP-CENTRAL,2025-07-12,2025-07-30,31
TRF03337,SKU00351,T26,DEP-CENTRAL,2024-07-03,2024-07-10,8
TRF03338,SKU00490,T12,T04,2025-11-23,2025-12-01,59
TRF03339,SKU00114,DEP-CENTRAL,T25,2025-01-13,2025-01-29,21
TRF03340,SKU00268,DEP-CENTRAL,T21,2024-09-27,2024-10-11,56
TRF03341,SKU00247,DEP-CENTRAL,T08,2025-09-20,2025-10-09,46
TRF03342,SKU00220,T12,T19,2023-01-23,2023-02-12,22
TRF03343,SKU00013,T01,T27,2025-09-13,2025-09-27,17
TRF03344,SKU00302,T10,T09,2024-07-11,2024-07-26,52
TRF03345,SKU00597,DEP-CENTRAL,T23,2025-09-04,2025-09-07,3
TRF03346,SKU00076,T22,T16,2024-04-13,2024-05-02,18
TRF03347,SKU00049,T15,T03,2023-05-17,2023-06-03,39
TRF03348,SKU00154,T17,T14,2025-06-02,2025-06-22,44
TRF03349,SKU00396,DEP-CENTRAL,T02,2025-10-16,2025-10-19,19
TRF03350,SKU00439,T04,DEP-CENTRAL,2023-03-27,2023-04-11,17
TRF03351,SKU00794,T04,T27,2023-03-02,2023-03-15,40
TRF03352,SKU00206,DEP-CENTRAL,T16,2025-12-14,2025-12-26,6
TRF03353,SKU00464,T08,T21,2024-09-08,2024-09-23,14
TRF03354,SKU00471,T22,DEP-CENTRAL,2025-09-07,2025-09-23,29
TRF03355,SKU00749,T23,DEP-CENTRAL,2025-08-27,2025-09-07,3
TRF03356,SKU00193,DEP-CENTRAL,T09,2023-12-10,2023-12-23,30
TRF03357,SKU00534,T13,T17,2023-11-26,2023-12-02,32
TRF03358,SKU00572,DEP-CENTRAL,T03,2025-04-10,2025-04-23,5
TRF03359,SKU00583,DEP-CENTRAL,T28,2023-11-23,2023-12-09,36
TRF03360,SKU00374,DEP-CENTRAL,T11,2024-06-03,2024-06-15,56
TRF03361,SKU00692,DEP-CENTRAL,T17,2024-04-13,2024-05-01,32
TRF03362,SKU00641,DEP-CENTRAL,T11,2025-06-15,2025-06-21,38
TRF03363,SKU00082,T18,T27,2024-09-19,2024-09-29,6
TRF03364,SKU00718,DEP-CENTRAL,T02,2023-10-11,2023-10-25,23
TRF03365,SKU00325,DEP-CENTRAL,T25,2025-10-18,2025-10-25,6
TRF03366,SKU00453,T05,T04,2023-03-19,2023-04-08,50
TRF03367,SKU00459,T11,DEP-CENTRAL,2026-07-23,2026-07-28,44
TRF03368,SKU00174,DEP-CENTRAL,T28,2025-06-13,2025-06-24,5
TRF03369,SKU00642,DEP-CENTRAL,T07,2026-07-06,2026-07-15,58
TRF03370,SKU00737,T07,DEP-CENTRAL,2024-12-08,2024-12-26,26
TRF03371,SKU00141,DEP-CENTRAL,T20,2025-03-25,2025-04-12,36
TRF03372,SKU00597,T09,T11,2024-05-11,2024-05-17,3
TRF03373,SKU00201,T01,T21,2025-02-06,2025-02-21,59
TRF03374,SKU00538,DEP-CENTRAL,T24,2024-03-02,2024-03-18,38
TRF03375,SKU00373,T23,DEP-CENTRAL,2025-12-11,2025-12-15,50
TRF03376,SKU00316,DEP-CENTRAL,T21,2025-07-25,2025-08-11,9
TRF03377,SKU00744,T16,T21,2025-05-14,2025-06-04,11
TRF03378,SKU00057,T08,DEP-CENTRAL,2023-10-22,2023-11-08,29
TRF03379,SKU00541,DEP-CENTRAL,T15,2024-12-24,2025-01-14,54
TRF03380,SKU00530,DEP-CENTRAL,T18,2026-03-03,2026-03-22,16
TRF03381,SKU00053,T28,T24,2025-08-10,2025-08-14,3
TRF03382,SKU00502,DEP-CENTRAL,T02,2023-07-18,2023-08-03,12
TRF03383,SKU00564,DEP-CENTRAL,T23,2025-06-20,2025-06-30,53
TRF03384,SKU00628,T02,DEP-CENTRAL,2024-01-14,2024-01-28,6
TRF03385,SKU00054,DEP-CENTRAL,T28,2024-04-10,2024-04-24,37
TRF03386,SKU00767,T05,DEP-CENTRAL,2025-01-27,2025-02-17,34
TRF03387,SKU00470,DEP-CENTRAL,T18,2025-10-25,2025-10-30,13
TRF03388,SKU00327,DEP-CENTRAL,T12,2025-01-24,2025-02-03,45
TRF03389,SKU00749,DEP-CENTRAL,T26,2025-04-17,2025-04-21,11
TRF03390,SKU00317,T16,T21,2023-09-02,2023-09-06,53
TRF03391,SKU00105,DEP-CENTRAL,T26,2025-02-24,2025-03-15,56
TRF03392,SKU00380,T23,T15,2022-12-18,2022-12-27,32
TRF03393,SKU00399,DEP-CENTRAL,T16,2025-11-05,2025-11-13,23
TRF03394,SKU00366,T09,T11,2023-12-11,2023-12-17,45
TRF03395,SKU00551,T15,T09,2024-07-06,2024-07-16,14
TRF03396,SKU00668,DEP-CENTRAL,T28,2023-12-13,2023-12-26,4
TRF03397,SKU00764,T06,T27,2022-09-03,2022-09-16,5
TRF03398,SKU00609,DEP-CENTRAL,T02,2024-10-13,2024-10-18,51
TRF03399,SKU00068,DEP-CENTRAL,T12,2025-04-19,2025-05-10,3
TRF03400,SKU00327,DEP-CENTRAL,T18,2025-04-14,2025-04-24,28
TRF03401,SKU00289,DEP-CENTRAL,T03,2022-06-13,2022-07-01,47
TRF03402,SKU00325,DEP-CENTRAL,T11,2024-08-17,2024-08-20,9
TRF03403,SKU00340,DEP-CENTRAL,T21,2025-02-13,2025-02-28,30
TRF03404,SKU00049,DEP-CENTRAL,T16,2023-05-04,2023-05-21,49
TRF03405,SKU00281,DEP-CENTRAL,T09,2024-02-27,2024-03-05,11
TRF03406,SKU00607,DEP-CENTRAL,T17,2026-06-09,2026-06-23,39
TRF03407,SKU00433,T23,T18,2024-02-02,2024-02-16,3
TRF03408,SKU00613,T10,DEP-CENTRAL,2022-10-11,2022-10-22,16
TRF03409,SKU00258,DEP-CENTRAL,T19,2025-03-07,2025-03-15,19
TRF03410,SKU00781,T18,T28,2025-12-22,2025-12-29,53
TRF03411,SKU00484,T08,T01,2024-04-20,2024-04-30,15
TRF03412,SKU00460,T02,T06,2025-09-23,2025-10-08,50
TRF03413,SKU00490,T08,T03,2025-07-22,2025-08-04,52
TRF03414,SKU00166,DEP-CENTRAL,T26,2026-05-19,2026-05-27,26
TRF03415,SKU00189,DEP-CENTRAL,T23,2025-01-02,2025-01-12,44
TRF03416,SKU00406,DEP-CENTRAL,T14,2024-06-15,2024-06-18,42
TRF03417,SKU00737,T25,T09,2022-11-21,2022-11-25,32
TRF03418,SKU00511,DEP-CENTRAL,T02,2023-10-02,2023-10-19,29
TRF03419,SKU00218,DEP-CENTRAL,T09,2025-07-17,2025-08-07,42
TRF03420,SKU00632,T17,T26,2026-06-12,2026-07-03,16
TRF03421,SKU00463,DEP-CENTRAL,T11,2025-04-13,2025-04-17,31
TRF03422,SKU00192,DEP-CENTRAL,T17,2025-11-11,2025-11-29,32
TRF03423,SKU00708,DEP-CENTRAL,T27,2025-10-04,2025-10-23,45
TRF03424,SKU00300,DEP-CENTRAL,T23,2025-07-26,2025-08-08,58
TRF03425,SKU00358,T20,T19,2024-09-27,2024-10-07,7
TRF03426,SKU00771,DEP-CENTRAL,T20,2024-12-03,2024-12-23,45
TRF03427,SKU00743,DEP-CENTRAL,T12,2026-07-18,2026-07-24,50
TRF03428,SKU00725,T19,T14,2023-10-10,2023-10-23,57
TRF03429,SKU00458,DEP-CENTRAL,T10,2025-03-11,2025-03-31,48
TRF03430,SKU00446,T01,T20,2024-12-27,2024-12-30,18
TRF03431,SKU00220,T15,DEP-CENTRAL,2026-07-27,2026-08-08,17
TRF03432,SKU00655,T22,T18,2026-01-17,2026-01-30,31
TRF03433,SKU00372,T15,DEP-CENTRAL,2024-11-06,2024-11-21,22
TRF03434,SKU00494,DEP-CENTRAL,T04,2024-10-05,2024-10-15,14
TRF03435,SKU00272,T25,DEP-CENTRAL,2023-09-02,2023-09-20,4
TRF03436,SKU00393,DEP-CENTRAL,T06,2026-05-16,2026-05-24,12
TRF03437,SKU00747,T01,T21,2026-08-04,2026-08-13,44
TRF03438,SKU00548,T06,T28,2024-04-09,2024-04-28,20
TRF03439,SKU00271,DEP-CENTRAL,T14,2024-01-17,2024-01-22,7
TRF03440,SKU00378,T11,T06,2024-09-08,2024-09-28,2
TRF03441,SKU00667,DEP-CENTRAL,T12,2026-03-20,2026-04-07,49
TRF03442,SKU00539,T07,DEP-CENTRAL,2024-09-02,2024-09-12,42
TRF03443,SKU00012,DEP-CENTRAL,T15,2024-11-21,2024-12-10,55
TRF03444,SKU00446,DEP-CENTRAL,T06,2025-07-13,2025-07-24,23
TRF03445,SKU00632,T01,T10,2024-01-26,2024-02-14,3
TRF03446,SKU00681,DEP-CENTRAL,T07,2024-05-10,2024-05-29,2
TRF03447,SKU00530,T13,T11,2024-10-05,2024-10-17,39
TRF03448,SKU00753,DEP-CENTRAL,T06,2025-09-25,2025-10-03,31
TRF03449,SKU00007,DEP-CENTRAL,T06,2024-09-19,2024-09-27,58
TRF03450,SKU00668,T22,T19,2024-04-17,2024-05-01,39
TRF03451,SKU00628,DEP-CENTRAL,T24,2024-10-06,2024-10-24,27
TRF03452,SKU00289,T11,T02,2024-04-04,2024-04-10,8
TRF03453,SKU00484,T21,T25,2024-02-25,2024-03-10,17
TRF03454,SKU00500,T14,T03,2024-04-27,2024-05-17,17
TRF03455,SKU00792,DEP-CENTRAL,T09,2025-10-08,2025-10-18,37
TRF03456,SKU00356,T19,DEP-CENTRAL,2024-10-11,2024-11-01,29
TRF03457,SKU00302,T03,T06,2026-08-24,2026-09-08,17
TRF03458,SKU00708,DEP-CENTRAL,T27,2026-07-22,2026-08-12,48
TRF03459,SKU00716,DEP-CENTRAL,T01,2025-09-25,2025-10-03,38
TRF03460,SKU00427,T04,T19,2023-05-05,2023-05-25,3
TRF03461,SKU00463,T13,T03,2023-07-03,2023-07-17,18
TRF03462,SKU00712,T02,T04,2024-02-12,2024-02-17,55
TRF03463,SKU00373,DEP-CENTRAL,T27,2026-04-15,2026-04-29,6
TRF03464,SKU00166,DEP-CENTRAL,T23,2025-08-17,2025-08-27,51
TRF03465,SKU00484,T07,T13,2025-07-06,2025-07-26,32
TRF03466,SKU00633,T24,T26,2024-06-03,2024-06-19,19
TRF03467,SKU00541,T15,T12,2024-01-08,2024-01-17,18
TRF03468,SKU00798,DEP-CENTRAL,T28,2025-06-04,2025-06-08,53
TRF03469,SKU00333,T12,T22,2022-11-21,2022-11-24,16
TRF03470,SKU00080,T10,T09,2024-01-26,2024-02-02,16
TRF03471,SKU00002,DEP-CENTRAL,T21,2025-12-08,2025-12-15,6
TRF03472,SKU00577,DEP-CENTRAL,T03,2025-04-22,2025-05-05,46
TRF03473,SKU00118,DEP-CENTRAL,T05,2026-07-13,2026-07-29,50
TRF03474,SKU00201,T03,T24,2025-11-03,2025-11-11,4
TRF03475,SKU00408,T17,T09,2023-08-23,2023-08-27,37
TRF03476,SKU00278,T01,DEP-CENTRAL,2026-04-25,2026-05-07,32
TRF03477,SKU00136,DEP-CENTRAL,T01,2025-01-09,2025-01-27,7
TRF03478,SKU00560,DEP-CENTRAL,T15,2025-03-08,2025-03-24,26
TRF03479,SKU00425,DEP-CENTRAL,T19,2024-06-04,2024-06-12,43
TRF03480,SKU00321,T22,T16,2023-08-22,2023-09-12,39
TRF03481,SKU00320,DEP-CENTRAL,T20,2023-03-26,2023-03-29,28
TRF03482,SKU00093,DEP-CENTRAL,T08,2023-09-22,2023-10-10,45
TRF03483,SKU00466,DEP-CENTRAL,T27,2026-04-06,2026-04-27,52
TRF03484,SKU00166,DEP-CENTRAL,T02,2026-07-23,2026-08-08,16
TRF03485,SKU00170,DEP-CENTRAL,T04,2025-10-13,2025-11-02,59
TRF03486,SKU00381,DEP-CENTRAL,T15,2026-01-05,2026-01-22,3
TRF03487,SKU00416,DEP-CENTRAL,T24,2025-10-18,2025-11-03,50
TRF03488,SKU00031,T08,T27,2023-08-27,2023-09-04,27
TRF03489,SKU00164,T06,T11,2025-04-14,2025-04-28,14
TRF03490,SKU00241,DEP-CENTRAL,T17,2025-09-06,2025-09-19,49
TRF03491,SKU00037,T14,T19,2025-07-14,2025-07-28,38
TRF03492,SKU00377,T08,T13,2025-01-20,2025-02-01,12
TRF03493,SKU00466,T22,T16,2026-08-02,2026-08-06,13
TRF03494,SKU00121,T15,DEP-CENTRAL,2024-05-25,2024-06-10,33
TRF03495,SKU00424,T21,DEP-CENTRAL,2025-03-13,2025-03-30,26
TRF03496,SKU00170,DEP-CENTRAL,T28,2026-08-09,2026-08-18,47
TRF03497,SKU00631,DEP-CENTRAL,T23,2025-10-19,2025-10-24,24
TRF03498,SKU00637,DEP-CENTRAL,T16,2026-07-11,2026-07-15,10
TRF03499,SKU00577,DEP-CENTRAL,T16,2024-09-11,2024-09-22,2
TRF03500,SKU00634,T23,T04,2024-05-16,2024-05-25,2
TRF03501,SKU00650,T08,DEP-CENTRAL,2023-05-05,2023-05-13,57
TRF03502,SKU00123,T18,T06,2026-07-08,2026-07-26,51
TRF03503,SKU00209,T14,T21,2026-06-02,2026-06-09,31
TRF03504,SKU00738,T21,T26,2022-12-22,2023-01-03,28
TRF03505,SKU00520,DEP-CENTRAL,T20,2026-03-07,2026-03-25,50
TRF03506,SKU00425,DEP-CENTRAL,T01,2025-01-25,2025-02-04,20
TRF03507,SKU00720,T01,T10,2025-07-25,2025-08-02,9
TRF03508,SKU00118,T21,T26,2025-01-20,2025-01-26,29
TRF03509,SKU00477,T20,T28,2025-09-24,2025-10-13,43
TRF03510,SKU00164,T11,T23,2023-07-26,2023-08-09,19
TRF03511,SKU00143,T03,T02,2026-04-21,2026-05-12,47
TRF03512,SKU00627,T15,T04,2026-01-10,2026-01-24,19
TRF03513,SKU00203,DEP-CENTRAL,T09,2022-07-27,2022-08-14,54
TRF03514,SKU00637,T13,T22,2024-09-22,2024-10-01,31
TRF03515,SKU00749,T07,T28,2023-08-12,2023-08-24,49
TRF03516,SKU00240,DEP-CENTRAL,T19,2025-12-11,2025-12-19,16
TRF03517,SKU00701,DEP-CENTRAL,T25,2023-12-13,2023-12-20,15
TRF03518,SKU00250,DEP-CENTRAL,T22,2026-06-04,2026-06-08,51
TRF03519,SKU00093,DEP-CENTRAL,T11,2023-12-09,2023-12-25,13
TRF03520,SKU00271,DEP-CENTRAL,T18,2023-12-06,2023-12-14,38
TRF03521,SKU00291,DEP-CENTRAL,T04,2025-02-07,2025-02-27,13
TRF03522,SKU00124,DEP-CENTRAL,T18,2025-12-20,2026-01-06,52
TRF03523,SKU00095,DEP-CENTRAL,T12,2025-06-06,2025-06-20,43
TRF03524,SKU00479,DEP-CENTRAL,T13,2023-04-15,2023-05-02,7
TRF03525,SKU00340,DEP-CENTRAL,T26,2025-05-03,2025-05-12,54
TRF03526,SKU00132,DEP-CENTRAL,T08,2026-04-24,2026-05-11,44
TRF03527,SKU00321,T07,DEP-CENTRAL,2023-06-24,2023-06-28,46
TRF03528,SKU00406,DEP-CENTRAL,T07,2025-01-15,2025-01-31,7
TRF03529,SKU00444,DEP-CENTRAL,T08,2022-09-24,2022-09-28,22
TRF03530,SKU00512,T17,DEP-CENTRAL,2024-07-08,2024-07-29,39
TRF03531,SKU00755,DEP-CENTRAL,T02,2025-06-03,2025-06-09,49
TRF03532,SKU00750,T28,T06,2022-04-10,2022-04-18,15
TRF03533,SKU00256,DEP-CENTRAL,T19,2023-06-19,2023-06-30,43
TRF03534,SKU00045,DEP-CENTRAL,T23,2024-05-26,2024-06-05,9
TRF03535,SKU00793,T02,T17,2024-03-06,2024-03-10,41
TRF03536,SKU00165,DEP-CENTRAL,T20,2023-03-19,2023-03-30,18
TRF03537,SKU00010,T16,T15,2026-03-27,2026-03-31,13
TRF03538,SKU00141,DEP-CENTRAL,T03,2025-12-02,2025-12-07,42
TRF03539,SKU00690,DEP-CENTRAL,T22,2022-10-20,2022-11-03,18
TRF03540,SKU00301,DEP-CENTRAL,T23,2025-04-17,2025-04-25,4
TRF03541,SKU00220,T11,T01,2023-04-11,2023-04-26,49
TRF03542,SKU00395,DEP-CENTRAL,T06,2025-03-10,2025-03-18,47
TRF03543,SKU00522,DEP-CENTRAL,T16,2026-02-07,2026-02-20,29
TRF03544,SKU00058,T12,DEP-CENTRAL,2026-02-13,2026-02-24,43
TRF03545,SKU00071,T25,T24,2024-04-22,2024-05-09,47
TRF03546,SKU00534,T04,T03,2024-03-08,2024-03-14,43
TRF03547,SKU00297,DEP-CENTRAL,T10,2025-10-12,2025-10-24,10
TRF03548,SKU00597,DEP-CENTRAL,T07,2026-07-26,2026-07-29,27
TRF03549,SKU00745,DEP-CENTRAL,T14,2025-04-11,2025-05-01,4
TRF03550,SKU00164,DEP-CENTRAL,T05,2026-02-09,2026-02-20,27
TRF03551,SKU00507,DEP-CENTRAL,T25,2025-07-18,2025-07-30,31
TRF03552,SKU00447,T27,DEP-CENTRAL,2024-04-21,2024-04-29,45
TRF03553,SKU00173,T18,T08,2026-08-20,2026-08-26,7
TRF03554,SKU00453,T03,T16,2023-06-02,2023-06-18,25
TRF03555,SKU00222,T25,T21,2024-07-06,2024-07-11,37
TRF03556,SKU00538,DEP-CENTRAL,T19,2024-12-11,2024-12-24,22
TRF03557,SKU00054,DEP-CENTRAL,T02,2026-06-11,2026-06-18,47
TRF03558,SKU00477,DEP-CENTRAL,T18,2024-11-16,2024-11-29,23
TRF03559,SKU00730,T25,T02,2024-01-19,2024-02-04,43
TRF03560,SKU00364,DEP-CENTRAL,T05,2024-07-05,2024-07-26,29
TRF03561,SKU00455,T22,T21,2026-05-18,2026-05-29,43
TRF03562,SKU00569,T22,T16,2026-07-24,2026-08-12,36
TRF03563,SKU00167,T13,T06,2024-08-27,2024-08-31,39
TRF03564,SKU00042,DEP-CENTRAL,T06,2025-01-22,2025-02-02,14
TRF03565,SKU00302,DEP-CENTRAL,T23,2024-09-19,2024-09-24,14
TRF03566,SKU00022,DEP-CENTRAL,T22,2023-08-11,2023-09-01,50
TRF03567,SKU00181,DEP-CENTRAL,T24,2025-08-23,2025-08-27,19
TRF03568,SKU00406,T08,T18,2024-05-16,2024-05-25,26
TRF03569,SKU00762,T14,T26,2026-07-11,2026-07-30,18
TRF03570,SKU00190,T11,T13,2025-04-18,2025-05-08,7
TRF03571,SKU00087,T21,DEP-CENTRAL,2025-01-04,2025-01-16,10
TRF03572,SKU00295,T02,T23,2025-03-21,2025-04-04,44
TRF03573,SKU00001,T02,T16,2023-08-12,2023-08-21,48
TRF03574,SKU00447,DEP-CENTRAL,T09,2025-07-04,2025-07-19,24
TRF03575,SKU00019,T16,DEP-CENTRAL,2026-08-09,2026-08-15,56
TRF03576,SKU00327,T12,T23,2025-04-08,2025-04-12,8
TRF03577,SKU00512,T18,T03,2025-08-06,2025-08-09,29
TRF03578,SKU00619,DEP-CENTRAL,T06,2023-10-17,2023-10-21,57
TRF03579,SKU00698,DEP-CENTRAL,T10,2022-10-09,2022-10-19,28
TRF03580,SKU00540,T11,DEP-CENTRAL,2024-12-07,2024-12-10,33
TRF03581,SKU00587,T14,T27,2024-10-25,2024-11-05,10
TRF03582,SKU00352,T06,DEP-CENTRAL,2025-07-17,2025-08-06,40
TRF03583,SKU00369,T28,T11,2026-08-21,2026-09-06,48
TRF03584,SKU00392,DEP-CENTRAL,T16,2025-10-27,2025-11-01,29
TRF03585,SKU00685,T02,DEP-CENTRAL,2025-08-09,2025-08-28,2
TRF03586,SKU00435,T11,T09,2024-06-16,2024-07-01,35
TRF03587,SKU00552,DEP-CENTRAL,T11,2025-07-02,2025-07-22,5
TRF03588,SKU00734,T05,T20,2026-06-11,2026-06-14,55
TRF03589,SKU00166,DEP-CENTRAL,T06,2023-06-11,2023-06-26,23
TRF03590,SKU00243,T16,T15,2024-12-26,2025-01-16,8
TRF03591,SKU00025,T26,T04,2025-11-07,2025-11-10,3
TRF03592,SKU00538,DEP-CENTRAL,T28,2024-09-05,2024-09-19,49
TRF03593,SKU00540,DEP-CENTRAL,T11,2023-06-05,2023-06-21,40
TRF03594,SKU00251,T18,DEP-CENTRAL,2023-05-02,2023-05-22,44
TRF03595,SKU00047,T26,T11,2023-09-21,2023-10-05,16
TRF03596,SKU00416,DEP-CENTRAL,T17,2025-12-02,2025-12-19,22
TRF03597,SKU00464,DEP-CENTRAL,T11,2024-11-15,2024-12-03,12
TRF03598,SKU00292,DEP-CENTRAL,T07,2026-06-15,2026-06-18,35
TRF03599,SKU00464,DEP-CENTRAL,T14,2025-07-23,2025-08-03,13
TRF03600,SKU00523,T02,T22,2025-03-07,2025-03-14,12
TRF03601,SKU00539,DEP-CENTRAL,T06,2024-12-18,2024-12-30,49
TRF03602,SKU00587,DEP-CENTRAL,T23,2023-11-02,2023-11-11,56
TRF03603,SKU00595,DEP-CENTRAL,T08,2025-11-27,2025-12-15,13
TRF03604,SKU00536,DEP-CENTRAL,T22,2025-12-09,2025-12-24,44
TRF03605,SKU00730,DEP-CENTRAL,T14,2023-12-19,2023-12-24,19
TRF03606,SKU00438,DEP-CENTRAL,T14,2025-07-18,2025-08-07,56
TRF03607,SKU00289,T20,DEP-CENTRAL,2022-06-11,2022-06-22,47
TRF03608,SKU00737,DEP-CENTRAL,T16,2024-09-15,2024-10-05,43
TRF03609,SKU00681,DEP-CENTRAL,T11,2026-05-25,2026-06-09,52
TRF03610,SKU00077,DEP-CENTRAL,T19,2026-06-04,2026-06-16,24
TRF03611,SKU00201,DEP-CENTRAL,T02,2026-04-23,2026-05-04,34
TRF03612,SKU00302,DEP-CENTRAL,T20,2026-06-07,2026-06-23,4
TRF03613,SKU00500,DEP-CENTRAL,T16,2022-11-15,2022-12-05,4
TRF03614,SKU00170,T24,T08,2026-08-19,2026-08-31,4
TRF03615,SKU00006,T13,DEP-CENTRAL,2024-05-23,2024-06-08,6
TRF03616,SKU00357,T23,T14,2024-12-14,2024-12-29,23
TRF03617,SKU00098,T02,DEP-CENTRAL,2023-03-25,2023-03-31,38
TRF03618,SKU00511,T08,T07,2026-03-21,2026-04-04,19
TRF03619,SKU00325,T27,T23,2025-04-19,2025-05-10,55
TRF03620,SKU00324,T12,T23,2025-01-05,2025-01-10,46
TRF03621,SKU00083,DEP-CENTRAL,T14,2024-11-22,2024-12-11,12
TRF03622,SKU00361,DEP-CENTRAL,T14,2026-05-09,2026-05-27,19
TRF03623,SKU00039,DEP-CENTRAL,T20,2026-01-16,2026-01-20,21
TRF03624,SKU00034,T03,T06,2026-05-07,2026-05-17,47
TRF03625,SKU00619,T12,T17,2023-11-05,2023-11-20,17
TRF03626,SKU00425,T24,T07,2023-09-10,2023-09-23,13
TRF03627,SKU00727,DEP-CENTRAL,T19,2025-11-18,2025-11-29,8
TRF03628,SKU00696,DEP-CENTRAL,T19,2025-01-26,2025-01-30,31
TRF03629,SKU00271,DEP-CENTRAL,T07,2024-01-11,2024-01-17,39
TRF03630,SKU00462,T16,T24,2026-04-07,2026-04-27,10
TRF03631,SKU00208,DEP-CENTRAL,T20,2024-11-23,2024-11-30,21
TRF03632,SKU00572,T25,T06,2024-08-02,2024-08-22,9
TRF03633,SKU00298,DEP-CENTRAL,T18,2025-04-02,2025-04-16,50
TRF03634,SKU00748,T07,T24,2023-10-03,2023-10-16,5
TRF03635,SKU00698,DEP-CENTRAL,T28,2026-05-02,2026-05-12,42
TRF03636,SKU00220,T09,T27,2026-05-02,2026-05-14,31
TRF03637,SKU00007,T08,T19,2025-09-10,2025-09-22,44
TRF03638,SKU00142,DEP-CENTRAL,T23,2025-03-03,2025-03-13,37
TRF03639,SKU00250,DEP-CENTRAL,T05,2025-09-21,2025-09-27,59
TRF03640,SKU00019,T22,T04,2026-07-10,2026-07-24,16
TRF03641,SKU00164,T20,T10,2025-12-06,2025-12-16,20
TRF03642,SKU00642,T20,T05,2025-05-10,2025-05-21,3
TRF03643,SKU00180,DEP-CENTRAL,T03,2024-06-13,2024-06-26,51
TRF03644,SKU00670,DEP-CENTRAL,T19,2025-10-27,2025-11-11,11
TRF03645,SKU00628,T20,T24,2024-02-14,2024-02-22,48
TRF03646,SKU00239,T28,T18,2024-09-14,2024-09-22,53
TRF03647,SKU00717,T18,T02,2023-12-11,2023-12-25,41
TRF03648,SKU00255,T21,T20,2025-12-26,2025-12-30,27
TRF03649,SKU00688,DEP-CENTRAL,T14,2023-10-05,2023-10-20,19
TRF03650,SKU00764,T24,T18,2023-12-24,2023-12-31,55
TRF03651,SKU00207,DEP-CENTRAL,T27,2023-12-07,2023-12-23,27
TRF03652,SKU00343,DEP-CENTRAL,T05,2025-11-05,2025-11-23,13
TRF03653,SKU00079,DEP-CENTRAL,T12,2024-09-24,2024-10-07,24
TRF03654,SKU00359,T07,T18,2024-03-09,2024-03-30,2
TRF03655,SKU00145,T15,DEP-CENTRAL,2025-04-09,2025-04-26,43
TRF03656,SKU00667,DEP-CENTRAL,T19,2024-10-21,2024-10-30,17
TRF03657,SKU00593,DEP-CENTRAL,T24,2026-06-17,2026-07-05,50
TRF03658,SKU00696,T18,T04,2024-06-06,2024-06-14,16
TRF03659,SKU00120,T16,T05,2025-09-10,2025-09-25,28
TRF03660,SKU00792,T08,T26,2026-07-08,2026-07-21,4
TRF03661,SKU00536,T27,DEP-CENTRAL,2026-07-13,2026-07-19,31
TRF03662,SKU00147,T02,DEP-CENTRAL,2025-05-14,2025-05-23,6
TRF03663,SKU00145,T12,T04,2024-05-11,2024-05-24,43
TRF03664,SKU00313,T27,T22,2025-05-20,2025-05-23,5
TRF03665,SKU00068,DEP-CENTRAL,T18,2024-04-23,2024-04-27,34
TRF03666,SKU00693,DEP-CENTRAL,T21,2025-01-16,2025-01-27,49
TRF03667,SKU00135,DEP-CENTRAL,T20,2023-12-03,2023-12-16,33
TRF03668,SKU00637,T16,DEP-CENTRAL,2025-08-05,2025-08-21,48
TRF03669,SKU00734,T27,DEP-CENTRAL,2026-02-23,2026-03-12,38
TRF03670,SKU00557,T13,T06,2023-06-20,2023-07-08,29
TRF03671,SKU00350,T18,DEP-CENTRAL,2025-03-21,2025-04-08,24
TRF03672,SKU00013,DEP-CENTRAL,T02,2026-02-05,2026-02-14,14
TRF03673,SKU00617,T08,T18,2025-04-05,2025-04-16,7
TRF03674,SKU00116,DEP-CENTRAL,T03,2025-08-21,2025-09-06,11
TRF03675,SKU00143,DEP-CENTRAL,T03,2024-10-19,2024-10-26,38
TRF03676,SKU00352,DEP-CENTRAL,T15,2026-05-11,2026-05-21,40
TRF03677,SKU00202,T24,T07,2024-11-26,2024-12-12,54
TRF03678,SKU00239,DEP-CENTRAL,T23,2025-02-25,2025-03-17,41
TRF03679,SKU00381,T08,T17,2024-04-02,2024-04-13,35
TRF03680,SKU00053,DEP-CENTRAL,T07,2023-12-26,2024-01-08,17
TRF03681,SKU00193,DEP-CENTRAL,T04,2026-05-13,2026-05-24,5
TRF03682,SKU00042,DEP-CENTRAL,T04,2024-08-12,2024-08-29,18
TRF03683,SKU00038,DEP-CENTRAL,T28,2025-08-02,2025-08-09,46
TRF03684,SKU00030,DEP-CENTRAL,T04,2026-06-22,2026-07-01,35
TRF03685,SKU00476,DEP-CENTRAL,T20,2023-07-14,2023-08-03,38
TRF03686,SKU00254,DEP-CENTRAL,T27,2025-02-15,2025-02-20,52
TRF03687,SKU00506,T13,T16,2022-10-25,2022-11-11,21
TRF03688,SKU00476,T16,T22,2026-08-02,2026-08-13,16
TRF03689,SKU00100,T03,DEP-CENTRAL,2026-08-02,2026-08-08,24
TRF03690,SKU00256,T02,T10,2022-10-08,2022-10-28,3
TRF03691,SKU00641,DEP-CENTRAL,T11,2025-03-10,2025-03-28,33
TRF03692,SKU00542,T05,T09,2024-08-07,2024-08-17,31
TRF03693,SKU00404,T13,T14,2026-02-26,2026-03-16,2
TRF03694,SKU00439,T07,T16,2022-12-02,2022-12-05,15
TRF03695,SKU00702,T10,T20,2025-03-27,2025-03-31,34
TRF03696,SKU00711,DEP-CENTRAL,T14,2024-10-10,2024-10-22,54
TRF03697,SKU00448,T22,T07,2023-11-11,2023-11-25,43
TRF03698,SKU00316,T22,T12,2026-07-04,2026-07-09,3
TRF03699,SKU00512,DEP-CENTRAL,T28,2025-05-20,2025-06-02,18
TRF03700,SKU00156,DEP-CENTRAL,T06,2025-12-14,2025-12-20,12
TRF03701,SKU00573,T16,DEP-CENTRAL,2025-07-22,2025-07-25,32
TRF03702,SKU00260,DEP-CENTRAL,T23,2025-11-06,2025-11-13,41
TRF03703,SKU00564,DEP-CENTRAL,T26,2025-08-15,2025-09-03,26
TRF03704,SKU00076,DEP-CENTRAL,T27,2024-05-19,2024-06-04,56
TRF03705,SKU00041,DEP-CENTRAL,T27,2026-08-17,2026-09-02,28
TRF03706,SKU00261,T27,DEP-CENTRAL,2025-12-12,2025-12-21,32
TRF03707,SKU00068,T19,DEP-CENTRAL,2025-12-15,2025-12-18,55
TRF03708,SKU00783,DEP-CENTRAL,T28,2025-05-25,2025-06-06,58
TRF03709,SKU00354,DEP-CENTRAL,T14,2025-10-26,2025-11-09,42
TRF03710,SKU00506,DEP-CENTRAL,T02,2023-04-21,2023-04-29,19
TRF03711,SKU00566,T09,T17,2026-03-23,2026-04-09,39
TRF03712,SKU00570,DEP-CENTRAL,T22,2025-11-12,2025-11-29,16
TRF03713,SKU00098,T25,DEP-CENTRAL,2024-02-08,2024-02-21,22
TRF03714,SKU00209,DEP-CENTRAL,T16,2026-03-07,2026-03-16,10
TRF03715,SKU00509,DEP-CENTRAL,T18,2024-09-21,2024-09-27,18
TRF03716,SKU00609,T04,T14,2026-04-23,2026-05-07,13
TRF03717,SKU00633,DEP-CENTRAL,T25,2025-05-12,2025-05-15,36
TRF03718,SKU00091,DEP-CENTRAL,T06,2026-08-22,2026-09-06,33
TRF03719,SKU00446,T16,T22,2025-01-05,2025-01-09,20
TRF03720,SKU00080,T12,T27,2024-05-10,2024-05-25,26
TRF03721,SKU00793,T17,T07,2025-02-09,2025-03-01,4
TRF03722,SKU00016,T14,T03,2025-03-24,2025-04-03,43
TRF03723,SKU00075,DEP-CENTRAL,T26,2024-10-20,2024-11-05,20
TRF03724,SKU00416,T08,T27,2025-01-07,2025-01-17,42
TRF03725,SKU00626,DEP-CENTRAL,T14,2024-07-27,2024-08-17,40
TRF03726,SKU00206,T25,T09,2025-11-11,2025-11-15,56
TRF03727,SKU00231,DEP-CENTRAL,T07,2024-02-11,2024-02-23,57
TRF03728,SKU00650,T26,T17,2023-06-05,2023-06-10,46
TRF03729,SKU00760,T01,DEP-CENTRAL,2025-12-15,2025-12-20,23
TRF03730,SKU00583,T02,T22,2023-08-25,2023-09-11,25
TRF03731,SKU00724,DEP-CENTRAL,T09,2026-08-02,2026-08-17,7
TRF03732,SKU00734,T19,T09,2023-03-22,2023-04-02,47
TRF03733,SKU00664,T20,T09,2024-08-14,2024-08-30,16
TRF03734,SKU00606,T12,T25,2025-09-18,2025-10-02,26
TRF03735,SKU00282,DEP-CENTRAL,T04,2025-04-10,2025-04-13,52
TRF03736,SKU00462,T17,T12,2025-09-10,2025-09-21,4
TRF03737,SKU00138,T09,T28,2026-05-13,2026-05-28,10
TRF03738,SKU00698,DEP-CENTRAL,T19,2022-07-10,2022-07-18,57
TRF03739,SKU00112,T11,DEP-CENTRAL,2022-09-06,2022-09-27,48
TRF03740,SKU00799,DEP-CENTRAL,T20,2025-01-13,2025-01-23,34
TRF03741,SKU00207,T22,T09,2024-04-19,2024-04-27,42
TRF03742,SKU00209,DEP-CENTRAL,T09,2023-06-07,2023-06-14,27
TRF03743,SKU00503,T28,DEP-CENTRAL,2025-08-20,2025-09-08,21
TRF03744,SKU00588,T01,T20,2024-05-25,2024-05-29,51
TRF03745,SKU00061,DEP-CENTRAL,T05,2025-08-23,2025-09-12,38
TRF03746,SKU00054,T12,T03,2022-10-26,2022-10-29,36
TRF03747,SKU00529,DEP-CENTRAL,T14,2023-07-24,2023-08-11,37
TRF03748,SKU00497,DEP-CENTRAL,T05,2023-09-10,2023-09-18,40
TRF03749,SKU00351,DEP-CENTRAL,T06,2024-11-16,2024-12-07,52
TRF03750,SKU00286,T24,T23,2025-09-06,2025-09-09,50
TRF03751,SKU00340,T05,T14,2023-08-03,2023-08-06,9
TRF03752,SKU00365,T18,DEP-CENTRAL,2026-02-08,2026-02-27,7
TRF03753,SKU00562,T20,T04,2024-12-27,2024-12-30,50
TRF03754,SKU00726,DEP-CENTRAL,T16,2024-09-24,2024-10-01,11
TRF03755,SKU00063,DEP-CENTRAL,T15,2024-11-16,2024-12-03,51
TRF03756,SKU00298,DEP-CENTRAL,T04,2025-03-06,2025-03-23,27
TRF03757,SKU00025,T14,DEP-CENTRAL,2026-08-17,2026-09-01,23
TRF03758,SKU00093,DEP-CENTRAL,T04,2024-05-06,2024-05-27,54
TRF03759,SKU00651,DEP-CENTRAL,T21,2024-09-10,2024-10-01,17
TRF03760,SKU00777,DEP-CENTRAL,T19,2026-03-27,2026-04-15,9
TRF03761,SKU00689,DEP-CENTRAL,T27,2025-11-20,2025-11-30,46
TRF03762,SKU00131,DEP-CENTRAL,T12,2024-11-22,2024-11-30,4
TRF03763,SKU00544,DEP-CENTRAL,T01,2024-05-21,2024-05-30,12
TRF03764,SKU00696,T24,DEP-CENTRAL,2026-05-20,2026-05-26,23
TRF03765,SKU00477,T26,DEP-CENTRAL,2023-12-27,2024-01-15,23
TRF03766,SKU00602,DEP-CENTRAL,T14,2025-07-20,2025-07-23,57
TRF03767,SKU00311,DEP-CENTRAL,T12,2025-01-27,2025-02-13,7
TRF03768,SKU00492,DEP-CENTRAL,T27,2024-06-23,2024-07-05,2
TRF03769,SKU00138,DEP-CENTRAL,T16,2026-03-08,2026-03-17,37
TRF03770,SKU00590,DEP-CENTRAL,T02,2024-01-19,2024-02-07,13
TRF03771,SKU00760,DEP-CENTRAL,T24,2023-11-04,2023-11-15,19
TRF03772,SKU00555,T06,DEP-CENTRAL,2024-11-17,2024-12-04,54
TRF03773,SKU00035,T21,T24,2025-08-10,2025-08-24,51
TRF03774,SKU00633,T21,DEP-CENTRAL,2023-05-12,2023-05-22,55
TRF03775,SKU00343,DEP-CENTRAL,T24,2026-02-14,2026-02-22,43
TRF03776,SKU00404,T03,T04,2026-03-26,2026-04-05,11
TRF03777,SKU00778,DEP-CENTRAL,T05,2024-05-23,2024-06-08,26
TRF03778,SKU00530,T23,T16,2023-06-17,2023-06-25,2
TRF03779,SKU00626,T14,T16,2024-01-23,2024-01-31,33
TRF03780,SKU00039,DEP-CENTRAL,T19,2024-02-24,2024-03-16,17
TRF03781,SKU00121,T16,T19,2023-04-20,2023-05-09,28
TRF03782,SKU00711,DEP-CENTRAL,T19,2023-02-14,2023-03-07,40
TRF03783,SKU00435,DEP-CENTRAL,T11,2024-11-19,2024-12-07,37
TRF03784,SKU00125,DEP-CENTRAL,T04,2022-11-25,2022-12-14,44
TRF03785,SKU00500,T21,T22,2025-10-19,2025-11-05,19
TRF03786,SKU00720,DEP-CENTRAL,T18,2023-03-25,2023-03-30,50
TRF03787,SKU00289,DEP-CENTRAL,T25,2025-12-04,2025-12-25,3
TRF03788,SKU00364,T15,T19,2024-11-04,2024-11-17,59
TRF03789,SKU00794,DEP-CENTRAL,T21,2026-03-18,2026-03-31,57
TRF03790,SKU00404,T09,T17,2026-02-22,2026-03-03,27
TRF03791,SKU00366,T02,T27,2025-01-15,2025-01-29,29
TRF03792,SKU00337,DEP-CENTRAL,T24,2026-02-22,2026-03-02,53
TRF03793,SKU00547,DEP-CENTRAL,T03,2025-08-03,2025-08-08,9
TRF03794,SKU00785,T09,T10,2026-04-07,2026-04-28,18
TRF03795,SKU00709,DEP-CENTRAL,T26,2023-09-26,2023-10-11,45
TRF03796,SKU00535,T18,T15,2024-04-03,2024-04-11,49
TRF03797,SKU00068,DEP-CENTRAL,T26,2024-06-21,2024-06-24,32
TRF03798,SKU00204,DEP-CENTRAL,T01,2023-10-17,2023-10-21,26
TRF03799,SKU00686,DEP-CENTRAL,T14,2024-07-06,2024-07-20,4
TRF03800,SKU00301,DEP-CENTRAL,T21,2024-03-23,2024-04-08,20
TRF03801,SKU00225,DEP-CENTRAL,T14,2026-04-21,2026-05-01,11
TRF03802,SKU00481,DEP-CENTRAL,T11,2024-07-24,2024-08-14,9
TRF03803,SKU00391,DEP-CENTRAL,T08,2024-12-18,2024-12-25,10
TRF03804,SKU00682,DEP-CENTRAL,T25,2025-05-27,2025-06-13,35
TRF03805,SKU00106,T17,T12,2024-06-14,2024-06-29,26
TRF03806,SKU00311,T25,T21,2023-08-10,2023-08-21,14
TRF03807,SKU00007,DEP-CENTRAL,T06,2024-04-12,2024-04-16,22
TRF03808,SKU00608,DEP-CENTRAL,T02,2025-12-08,2025-12-13,47
TRF03809,SKU00582,T28,DEP-CENTRAL,2026-08-09,2026-08-14,23
TRF03810,SKU00755,T27,DEP-CENTRAL,2025-10-27,2025-11-16,27
TRF03811,SKU00141,T03,T07,2025-01-04,2025-01-17,34
TRF03812,SKU00061,T11,T16,2025-09-10,2025-09-23,49
TRF03813,SKU00371,DEP-CENTRAL,T27,2025-05-06,2025-05-23,4
TRF03814,SKU00441,DEP-CENTRAL,T26,2023-10-07,2023-10-24,45
TRF03815,SKU00650,DEP-CENTRAL,T19,2024-03-20,2024-04-05,34
TRF03816,SKU00333,T20,T04,2022-11-11,2022-11-14,9
TRF03817,SKU00530,T28,DEP-CENTRAL,2025-09-12,2025-09-24,57
TRF03818,SKU00750,DEP-CENTRAL,T19,2026-07-17,2026-08-01,52
TRF03819,SKU00745,DEP-CENTRAL,T25,2025-07-11,2025-07-27,40
TRF03820,SKU00164,T12,DEP-CENTRAL,2026-02-10,2026-03-01,11
TRF03821,SKU00406,T18,T08,2026-07-06,2026-07-22,8
TRF03822,SKU00388,T26,T22,2026-04-21,2026-05-12,9
TRF03823,SKU00760,DEP-CENTRAL,T10,2024-07-16,2024-07-27,24
TRF03824,SKU00281,T08,T01,2023-01-14,2023-02-03,4
TRF03825,SKU00412,DEP-CENTRAL,T28,2024-05-16,2024-05-30,56
TRF03826,SKU00322,DEP-CENTRAL,T15,2025-12-10,2025-12-14,19
TRF03827,SKU00474,DEP-CENTRAL,T10,2024-08-23,2024-09-08,10
TRF03828,SKU00565,T25,DEP-CENTRAL,2024-11-24,2024-11-27,10
TRF03829,SKU00658,T03,T22,2024-11-02,2024-11-10,6
TRF03830,SKU00595,DEP-CENTRAL,T12,2026-02-12,2026-02-18,38
TRF03831,SKU00684,DEP-CENTRAL,T07,2024-09-20,2024-09-29,44
TRF03832,SKU00634,DEP-CENTRAL,T19,2024-11-13,2024-11-18,51
TRF03833,SKU00359,T16,T23,2025-09-20,2025-10-04,17
TRF03834,SKU00255,DEP-CENTRAL,T08,2026-07-24,2026-08-07,59
TRF03835,SKU00424,T28,T06,2024-06-19,2024-07-08,46
TRF03836,SKU00380,DEP-CENTRAL,T23,2026-06-07,2026-06-10,53
TRF03837,SKU00145,T06,DEP-CENTRAL,2026-03-14,2026-03-30,34
TRF03838,SKU00684,T05,T20,2026-03-26,2026-04-09,50
TRF03839,SKU00065,DEP-CENTRAL,T16,2023-04-02,2023-04-21,55
TRF03840,SKU00200,DEP-CENTRAL,T02,2024-05-17,2024-05-24,29
TRF03841,SKU00623,DEP-CENTRAL,T10,2022-07-11,2022-07-21,52
TRF03842,SKU00266,T26,T10,2026-05-26,2026-06-16,42
TRF03843,SKU00745,DEP-CENTRAL,T22,2025-05-14,2025-05-19,50
TRF03844,SKU00294,DEP-CENTRAL,T22,2024-07-06,2024-07-27,22
TRF03845,SKU00123,T25,T08,2026-08-10,2026-08-15,13
TRF03846,SKU00511,DEP-CENTRAL,T07,2025-05-09,2025-05-17,22
TRF03847,SKU00720,DEP-CENTRAL,T28,2025-06-07,2025-06-13,18
TRF03848,SKU00410,T23,T12,2025-03-27,2025-04-11,32
TRF03849,SKU00336,T08,T03,2025-09-03,2025-09-22,36
TRF03850,SKU00298,T03,T17,2024-08-16,2024-09-03,57
TRF03851,SKU00566,T24,DEP-CENTRAL,2024-07-03,2024-07-09,25
TRF03852,SKU00162,T18,T20,2025-05-10,2025-05-24,31
TRF03853,SKU00155,T27,T09,2025-08-16,2025-08-23,4
TRF03854,SKU00688,T17,DEP-CENTRAL,2026-06-11,2026-06-29,18
TRF03855,SKU00230,T01,T28,2025-02-16,2025-02-26,23
TRF03856,SKU00193,DEP-CENTRAL,T09,2024-09-11,2024-09-25,30
TRF03857,SKU00039,DEP-CENTRAL,T13,2024-09-18,2024-10-01,51
TRF03858,SKU00313,DEP-CENTRAL,T25,2024-12-08,2024-12-14,48
TRF03859,SKU00611,T25,T22,2024-06-07,2024-06-14,11
TRF03860,SKU00712,T27,DEP-CENTRAL,2024-11-06,2024-11-16,34
TRF03861,SKU00261,DEP-CENTRAL,T06,2026-03-20,2026-04-04,53
TRF03862,SKU00628,DEP-CENTRAL,T16,2024-06-24,2024-07-01,7
TRF03863,SKU00569,T07,T24,2025-09-16,2025-10-07,21
TRF03864,SKU00605,T27,T17,2026-02-07,2026-02-26,19
TRF03865,SKU00435,DEP-CENTRAL,T14,2024-09-25,2024-10-07,39
TRF03866,SKU00328,T10,T16,2024-04-19,2024-05-08,35
TRF03867,SKU00156,DEP-CENTRAL,T05,2025-06-06,2025-06-16,21
TRF03868,SKU00651,T13,DEP-CENTRAL,2024-11-14,2024-12-05,48
TRF03869,SKU00143,DEP-CENTRAL,T03,2024-11-26,2024-12-12,55
TRF03870,SKU00359,T10,T19,2024-02-19,2024-03-01,56
TRF03871,SKU00750,DEP-CENTRAL,T18,2023-02-19,2023-03-09,39
TRF03872,SKU00302,T15,DEP-CENTRAL,2024-10-09,2024-10-30,55
TRF03873,SKU00681,T12,T22,2024-12-11,2024-12-31,18
TRF03874,SKU00048,T15,T09,2025-02-13,2025-02-18,54
TRF03875,SKU00604,DEP-CENTRAL,T26,2024-12-12,2025-01-02,13
TRF03876,SKU00377,DEP-CENTRAL,T11,2023-12-08,2023-12-14,33
TRF03877,SKU00426,DEP-CENTRAL,T02,2023-10-23,2023-10-26,41
TRF03878,SKU00566,DEP-CENTRAL,T14,2023-04-12,2023-04-26,56
TRF03879,SKU00716,DEP-CENTRAL,T05,2026-07-25,2026-07-31,39
TRF03880,SKU00394,T04,T12,2023-10-08,2023-10-11,16
TRF03881,SKU00710,DEP-CENTRAL,T08,2026-03-09,2026-03-30,54
TRF03882,SKU00593,T12,T04,2025-02-20,2025-03-01,24
TRF03883,SKU00596,T11,T27,2023-11-15,2023-11-22,8
TRF03884,SKU00452,DEP-CENTRAL,T17,2025-01-16,2025-01-27,14
TRF03885,SKU00004,DEP-CENTRAL,T01,2024-07-20,2024-08-09,30
TRF03886,SKU00133,DEP-CENTRAL,T08,2025-01-09,2025-01-28,9
TRF03887,SKU00337,DEP-CENTRAL,T09,2024-07-18,2024-07-24,4
TRF03888,SKU00220,T11,T01,2025-11-02,2025-11-06,43
TRF03889,SKU00446,T27,T21,2025-07-19,2025-08-01,20
TRF03890,SKU00356,DEP-CENTRAL,T27,2024-12-09,2024-12-17,17
TRF03891,SKU00593,T20,T06,2025-04-02,2025-04-09,40
TRF03892,SKU00728,DEP-CENTRAL,T18,2025-06-05,2025-06-12,39
TRF03893,SKU00178,T24,T23,2025-07-20,2025-08-06,14
TRF03894,SKU00167,T23,T01,2025-08-07,2025-08-19,29
TRF03895,SKU00289,T10,T09,2025-12-20,2025-12-26,21
TRF03896,SKU00535,DEP-CENTRAL,T18,2024-01-25,2024-02-07,48
TRF03897,SKU00798,DEP-CENTRAL,T28,2024-12-25,2025-01-11,59
TRF03898,SKU00776,T04,T09,2025-02-24,2025-03-16,58
TRF03899,SKU00414,T15,T12,2026-04-08,2026-04-27,7
TRF03900,SKU00524,DEP-CENTRAL,T17,2025-07-12,2025-07-30,5
TRF03901,SKU00455,DEP-CENTRAL,T23,2023-02-18,2023-02-27,43
TRF03902,SKU00248,DEP-CENTRAL,T03,2025-09-24,2025-10-07,19
TRF03903,SKU00507,T05,DEP-CENTRAL,2024-06-04,2024-06-21,10
TRF03904,SKU00437,DEP-CENTRAL,T05,2025-09-18,2025-10-07,29
TRF03905,SKU00167,T13,T02,2024-09-08,2024-09-21,12
TRF03906,SKU00525,DEP-CENTRAL,T20,2026-02-03,2026-02-06,49
TRF03907,SKU00320,DEP-CENTRAL,T11,2026-05-06,2026-05-17,7
TRF03908,SKU00400,T23,T12,2024-10-16,2024-11-03,45
TRF03909,SKU00026,DEP-CENTRAL,T09,2025-08-27,2025-09-13,21
TRF03910,SKU00182,T02,T13,2023-07-08,2023-07-17,43
TRF03911,SKU00517,DEP-CENTRAL,T07,2026-03-22,2026-04-05,52
TRF03912,SKU00571,T24,T10,2026-02-16,2026-03-01,9
TRF03913,SKU00073,DEP-CENTRAL,T25,2026-03-19,2026-03-24,47
TRF03914,SKU00307,T17,T15,2023-09-02,2023-09-18,52
TRF03915,SKU00678,DEP-CENTRAL,T18,2022-12-27,2022-12-30,3
TRF03916,SKU00566,DEP-CENTRAL,T18,2024-06-14,2024-07-02,49
TRF03917,SKU00481,T21,T28,2023-11-18,2023-11-30,51
TRF03918,SKU00043,T25,T21,2025-07-19,2025-08-03,29
TRF03919,SKU00632,DEP-CENTRAL,T05,2023-05-20,2023-06-02,32
TRF03920,SKU00690,DEP-CENTRAL,T08,2024-02-02,2024-02-15,38
TRF03921,SKU00006,T03,T26,2023-09-10,2023-09-26,41
TRF03922,SKU00465,DEP-CENTRAL,T24,2026-02-16,2026-02-19,54
TRF03923,SKU00281,DEP-CENTRAL,T21,2026-02-14,2026-02-26,55
TRF03924,SKU00203,DEP-CENTRAL,T22,2025-03-11,2025-03-20,57
TRF03925,SKU00122,T12,T21,2025-06-06,2025-06-16,54
TRF03926,SKU00289,T23,T28,2025-01-09,2025-01-19,9
TRF03927,SKU00337,DEP-CENTRAL,T15,2024-09-12,2024-09-21,33
TRF03928,SKU00288,DEP-CENTRAL,T16,2024-12-12,2024-12-24,55
TRF03929,SKU00626,DEP-CENTRAL,T12,2024-01-03,2024-01-15,25
TRF03930,SKU00358,DEP-CENTRAL,T01,2024-06-15,2024-07-03,34
TRF03931,SKU00040,DEP-CENTRAL,T12,2023-10-07,2023-10-16,35
TRF03932,SKU00503,DEP-CENTRAL,T24,2024-04-04,2024-04-25,34
TRF03933,SKU00527,T23,T25,2025-09-08,2025-09-23,4
TRF03934,SKU00752,T05,T06,2026-04-27,2026-05-03,48
TRF03935,SKU00673,DEP-CENTRAL,T06,2025-06-06,2025-06-27,2
TRF03936,SKU00508,DEP-CENTRAL,T23,2026-03-03,2026-03-07,47
TRF03937,SKU00236,T28,T09,2025-09-15,2025-09-28,33
TRF03938,SKU00616,T28,DEP-CENTRAL,2025-01-08,2025-01-18,37
TRF03939,SKU00297,T10,DEP-CENTRAL,2025-07-26,2025-07-30,57
TRF03940,SKU00048,T16,T19,2022-09-08,2022-09-27,5
TRF03941,SKU00230,DEP-CENTRAL,T22,2025-08-05,2025-08-14,42
TRF03942,SKU00404,T22,T14,2022-06-25,2022-07-10,43
TRF03943,SKU00685,DEP-CENTRAL,T03,2026-01-15,2026-01-22,53
TRF03944,SKU00097,DEP-CENTRAL,T06,2024-12-09,2024-12-17,34
TRF03945,SKU00155,T01,DEP-CENTRAL,2024-06-03,2024-06-23,46
TRF03946,SKU00437,DEP-CENTRAL,T19,2024-12-18,2024-12-23,22
TRF03947,SKU00383,DEP-CENTRAL,T01,2024-12-02,2024-12-16,33
TRF03948,SKU00690,T19,T27,2023-09-04,2023-09-25,39
TRF03949,SKU00286,DEP-CENTRAL,T04,2024-05-22,2024-06-12,57
TRF03950,SKU00757,DEP-CENTRAL,T12,2024-10-26,2024-11-09,47
TRF03951,SKU00425,T16,DEP-CENTRAL,2026-02-05,2026-02-21,25
TRF03952,SKU00156,T05,T09,2026-06-09,2026-06-27,37
TRF03953,SKU00114,T20,T27,2026-01-27,2026-02-07,24
TRF03954,SKU00246,T19,T16,2025-08-04,2025-08-10,30
TRF03955,SKU00286,T18,T04,2024-10-27,2024-11-03,5
TRF03956,SKU00061,T10,DEP-CENTRAL,2024-12-18,2024-12-31,26
TRF03957,SKU00322,T27,T28,2025-01-18,2025-01-31,33
TRF03958,SKU00020,T13,T10,2023-04-23,2023-05-03,26
TRF03959,SKU00199,DEP-CENTRAL,T12,2026-03-26,2026-04-12,16
TRF03960,SKU00751,DEP-CENTRAL,T21,2025-06-15,2025-07-04,52
TRF03961,SKU00799,T28,T14,2025-02-12,2025-03-02,15
TRF03962,SKU00773,T08,T19,2025-08-17,2025-08-22,29
TRF03963,SKU00527,T13,T02,2025-11-21,2025-12-10,56
TRF03964,SKU00070,T04,T26,2024-11-05,2024-11-26,18
TRF03965,SKU00789,DEP-CENTRAL,T10,2025-11-03,2025-11-24,19
TRF03966,SKU00052,T14,T26,2023-07-17,2023-07-31,40
TRF03967,SKU00286,T23,DEP-CENTRAL,2025-03-10,2025-03-13,7
TRF03968,SKU00388,DEP-CENTRAL,T14,2025-11-16,2025-12-03,37
TRF03969,SKU00265,T21,T05,2026-03-23,2026-04-10,42
TRF03970,SKU00157,DEP-CENTRAL,T17,2023-08-04,2023-08-13,22
TRF03971,SKU00652,T15,DEP-CENTRAL,2025-05-19,2025-05-22,9
TRF03972,SKU00794,T18,DEP-CENTRAL,2026-06-07,2026-06-23,3
TRF03973,SKU00182,DEP-CENTRAL,T09,2022-10-10,2022-10-26,51
TRF03974,SKU00289,DEP-CENTRAL,T15,2022-04-07,2022-04-25,26
TRF03975,SKU00659,DEP-CENTRAL,T15,2026-01-26,2026-02-12,57
TRF03976,SKU00334,DEP-CENTRAL,T09,2025-04-04,2025-04-09,21
TRF03977,SKU00481,DEP-CENTRAL,T20,2026-07-05,2026-07-19,42
TRF03978,SKU00157,DEP-CENTRAL,T15,2023-10-04,2023-10-25,48
TRF03979,SKU00510,DEP-CENTRAL,T18,2024-04-20,2024-04-24,22
TRF03980,SKU00768,T18,T15,2024-11-17,2024-11-29,40
TRF03981,SKU00705,DEP-CENTRAL,T23,2025-09-06,2025-09-20,45
TRF03982,SKU00768,DEP-CENTRAL,T25,2025-02-21,2025-03-14,32
TRF03983,SKU00563,DEP-CENTRAL,T17,2024-02-08,2024-02-19,55
TRF03984,SKU00668,T16,T17,2026-01-21,2026-01-27,43
TRF03985,SKU00312,DEP-CENTRAL,T01,2023-07-11,2023-07-27,55
TRF03986,SKU00356,T18,DEP-CENTRAL,2025-03-16,2025-03-20,30
TRF03987,SKU00361,DEP-CENTRAL,T12,2023-04-23,2023-05-06,47
TRF03988,SKU00678,DEP-CENTRAL,T09,2025-04-26,2025-05-03,10
TRF03989,SKU00380,DEP-CENTRAL,T21,2023-08-16,2023-08-21,14
TRF03990,SKU00757,T16,T10,2024-05-13,2024-05-26,7
TRF03991,SKU00202,T03,T23,2025-12-19,2026-01-07,53
TRF03992,SKU00364,T15,T01,2023-12-16,2024-01-04,18
TRF03993,SKU00525,T01,DEP-CENTRAL,2026-03-17,2026-03-31,28
TRF03994,SKU00705,T06,T17,2024-06-04,2024-06-21,2
TRF03995,SKU00301,T07,T20,2025-06-03,2025-06-19,9
TRF03996,SKU00708,T08,T28,2024-10-11,2024-10-23,26
TRF03997,SKU00354,T14,DEP-CENTRAL,2023-01-11,2023-01-27,32
TRF03998,SKU00274,DEP-CENTRAL,T28,2025-02-27,2025-03-04,49
TRF03999,SKU00730,DEP-CENTRAL,T25,2025-09-02,2025-09-14,57
TRF04000,SKU00690,T08,T21,2023-05-25,2023-06-10,31
TRF04001,SKU00546,T27,T10,2026-05-21,2026-06-08,3
TRF04002,SKU00697,T19,T15,2023-05-24,2023-06-01,54
TRF04003,SKU00061,T03,T26,2025-10-03,2025-10-24,39
TRF04004,SKU00476,DEP-CENTRAL,T05,2024-07-04,2024-07-20,39
TRF04005,SKU00488,DEP-CENTRAL,T24,2023-11-18,2023-11-27,12
TRF04006,SKU00122,T11,T03,2025-07-19,2025-08-01,22
TRF04007,SKU00799,T20,T12,2025-01-18,2025-01-28,14
TRF04008,SKU00737,DEP-CENTRAL,T14,2023-11-17,2023-11-24,59
TRF04009,SKU00268,T27,T10,2025-01-04,2025-01-11,6
TRF04010,SKU00497,T06,T25,2023-12-21,2024-01-03,17
TRF04011,SKU00049,DEP-CENTRAL,T04,2023-03-21,2023-03-24,52
TRF04012,SKU00720,T06,T04,2023-12-08,2023-12-13,19
TRF04013,SKU00212,DEP-CENTRAL,T10,2025-09-20,2025-10-10,33
TRF04014,SKU00675,DEP-CENTRAL,T02,2025-02-25,2025-02-28,39
TRF04015,SKU00126,DEP-CENTRAL,T24,2024-02-10,2024-02-19,59
TRF04016,SKU00427,DEP-CENTRAL,T04,2023-10-18,2023-10-24,58
TRF04017,SKU00156,DEP-CENTRAL,T12,2026-02-12,2026-02-28,11
TRF04018,SKU00053,DEP-CENTRAL,T18,2023-02-18,2023-02-21,56
TRF04019,SKU00557,DEP-CENTRAL,T27,2026-02-14,2026-03-01,25
TRF04020,SKU00033,T04,T18,2022-11-14,2022-11-24,40
TRF04021,SKU00075,DEP-CENTRAL,T28,2024-11-07,2024-11-12,8
TRF04022,SKU00736,DEP-CENTRAL,T17,2025-06-26,2025-06-30,3
TRF04023,SKU00113,DEP-CENTRAL,T05,2024-12-24,2025-01-07,35
TRF04024,SKU00481,T18,T28,2025-01-18,2025-01-30,41
TRF04025,SKU00596,T11,T20,2024-02-16,2024-03-02,44
TRF04026,SKU00688,T18,T28,2023-11-08,2023-11-14,46
TRF04027,SKU00301,DEP-CENTRAL,T09,2025-12-02,2025-12-06,27
TRF04028,SKU00258,T11,T01,2025-11-12,2025-12-03,43
TRF04029,SKU00690,DEP-CENTRAL,T27,2024-04-06,2024-04-21,40
TRF04030,SKU00790,DEP-CENTRAL,T20,2026-04-18,2026-05-03,29
TRF04031,SKU00113,DEP-CENTRAL,T05,2025-10-13,2025-10-29,13
TRF04032,SKU00032,DEP-CENTRAL,T16,2025-08-13,2025-08-22,6
TRF04033,SKU00076,DEP-CENTRAL,T01,2023-04-02,2023-04-20,59
TRF04034,SKU00218,T27,T04,2025-04-12,2025-04-25,59
TRF04035,SKU00173,DEP-CENTRAL,T15,2026-04-14,2026-04-17,36
TRF04036,SKU00383,T20,T16,2026-06-12,2026-06-20,6
TRF04037,SKU00201,T23,DEP-CENTRAL,2025-06-24,2025-07-13,17
TRF04038,SKU00282,T01,T12,2025-04-12,2025-04-26,12
TRF04039,SKU00799,DEP-CENTRAL,T13,2026-05-25,2026-06-15,37
TRF04040,SKU00062,T03,DEP-CENTRAL,2025-04-25,2025-05-13,28
TRF04041,SKU00731,DEP-CENTRAL,T14,2025-04-17,2025-05-04,21
TRF04042,SKU00662,DEP-CENTRAL,T27,2025-06-25,2025-07-05,17
TRF04043,SKU00418,DEP-CENTRAL,T27,2024-07-16,2024-07-21,4
TRF04044,SKU00517,T09,T06,2026-05-16,2026-05-22,6
TRF04045,SKU00359,T22,T13,2023-04-05,2023-04-10,58
TRF04046,SKU00351,DEP-CENTRAL,T06,2024-12-20,2024-12-23,23
TRF04047,SKU00354,T13,T23,2025-05-20,2025-06-05,23
TRF04048,SKU00469,T10,T01,2024-10-21,2024-10-24,51
TRF04049,SKU00126,T25,T13,2025-04-16,2025-04-19,49
TRF04050,SKU00691,T11,T01,2025-04-13,2025-05-02,20
TRF04051,SKU00628,DEP-CENTRAL,T25,2026-03-02,2026-03-20,44
TRF04052,SKU00349,T19,T15,2025-03-24,2025-04-03,42
TRF04053,SKU00753,T28,T22,2026-05-23,2026-06-03,27
TRF04054,SKU00457,T07,T27,2026-07-11,2026-07-29,16
TRF04055,SKU00317,T10,DEP-CENTRAL,2023-05-19,2023-06-03,16
TRF04056,SKU00203,DEP-CENTRAL,T09,2022-12-05,2022-12-09,54
TRF04057,SKU00764,DEP-CENTRAL,T04,2025-12-26,2025-12-31,22
TRF04058,SKU00592,DEP-CENTRAL,T11,2025-07-18,2025-07-24,32
TRF04059,SKU00671,T15,T01,2025-03-11,2025-03-26,49
TRF04060,SKU00448,DEP-CENTRAL,T03,2026-02-15,2026-02-28,36
TRF04061,SKU00048,T12,T22,2026-04-14,2026-04-24,56
TRF04062,SKU00289,DEP-CENTRAL,T20,2024-01-10,2024-01-20,34
TRF04063,SKU00147,DEP-CENTRAL,T02,2024-12-24,2025-01-03,15
TRF04064,SKU00730,T04,DEP-CENTRAL,2024-05-23,2024-06-07,45
TRF04065,SKU00794,DEP-CENTRAL,T18,2025-03-25,2025-04-15,56
TRF04066,SKU00050,DEP-CENTRAL,T16,2025-08-08,2025-08-14,13
TRF04067,SKU00289,T10,T12,2023-06-09,2023-06-15,43
TRF04068,SKU00403,DEP-CENTRAL,T17,2025-09-18,2025-10-06,43
TRF04069,SKU00399,DEP-CENTRAL,T27,2025-11-10,2025-11-23,50
TRF04070,SKU00722,T05,DEP-CENTRAL,2024-05-03,2024-05-16,2
TRF04071,SKU00146,DEP-CENTRAL,T04,2022-08-15,2022-09-05,45
TRF04072,SKU00207,T01,DEP-CENTRAL,2026-03-14,2026-03-28,52
TRF04073,SKU00227,DEP-CENTRAL,T17,2025-12-11,2025-12-15,4
TRF04074,SKU00674,DEP-CENTRAL,T21,2026-04-18,2026-05-09,2
TRF04075,SKU00233,T13,T26,2025-09-08,2025-09-25,18
TRF04076,SKU00680,T18,DEP-CENTRAL,2025-08-08,2025-08-29,12
TRF04077,SKU00039,DEP-CENTRAL,T05,2024-02-13,2024-02-21,7
TRF04078,SKU00062,T16,T28,2023-08-02,2023-08-19,27
TRF04079,SKU00755,T13,T08,2024-12-20,2025-01-05,28
TRF04080,SKU00107,T25,DEP-CENTRAL,2025-04-02,2025-04-10,51
TRF04081,SKU00280,T24,T17,2025-04-08,2025-04-18,29
TRF04082,SKU00708,DEP-CENTRAL,T21,2026-05-18,2026-05-31,19
TRF04083,SKU00710,T20,T01,2024-12-11,2024-12-23,50
TRF04084,SKU00146,DEP-CENTRAL,T06,2025-10-04,2025-10-23,58
TRF04085,SKU00282,DEP-CENTRAL,T11,2026-08-21,2026-09-11,42
TRF04086,SKU00719,DEP-CENTRAL,T13,2025-12-23,2025-12-26,32
TRF04087,SKU00334,T27,T03,2025-02-02,2025-02-09,52
TRF04088,SKU00659,DEP-CENTRAL,T21,2026-06-22,2026-07-01,41
TRF04089,SKU00659,DEP-CENTRAL,T05,2025-03-10,2025-03-25,11
TRF04090,SKU00182,T25,T06,2022-09-07,2022-09-26,52
TRF04091,SKU00121,DEP-CENTRAL,T23,2024-06-21,2024-07-04,33
TRF04092,SKU00201,DEP-CENTRAL,T06,2026-02-09,2026-02-17,44
TRF04093,SKU00516,DEP-CENTRAL,T23,2025-01-10,2025-01-16,58
TRF04094,SKU00400,DEP-CENTRAL,T28,2025-04-22,2025-05-10,3
TRF04095,SKU00513,DEP-CENTRAL,T22,2026-05-17,2026-06-04,43
TRF04096,SKU00710,T14,T20,2026-08-10,2026-08-29,4
TRF04097,SKU00584,DEP-CENTRAL,T07,2023-09-09,2023-09-23,50
TRF04098,SKU00365,DEP-CENTRAL,T03,2024-06-10,2024-06-29,29
TRF04099,SKU00768,T14,T17,2026-04-16,2026-04-25,29
TRF04100,SKU00619,T15,T16,2024-01-21,2024-02-07,6
TRF04101,SKU00191,DEP-CENTRAL,T26,2024-01-06,2024-01-14,20
TRF04102,SKU00157,T15,DEP-CENTRAL,2022-06-11,2022-06-20,56
TRF04103,SKU00042,T08,DEP-CENTRAL,2023-11-21,2023-11-24,17
TRF04104,SKU00490,T08,T18,2025-11-14,2025-11-28,50
TRF04105,SKU00589,DEP-CENTRAL,T21,2023-10-05,2023-10-25,12
TRF04106,SKU00282,DEP-CENTRAL,T28,2026-04-04,2026-04-23,38
TRF04107,SKU00073,DEP-CENTRAL,T22,2026-03-03,2026-03-08,24
TRF04108,SKU00633,T26,T06,2023-01-27,2023-02-09,10
TRF04109,SKU00243,DEP-CENTRAL,T21,2025-09-19,2025-10-09,2
TRF04110,SKU00609,T02,T07,2026-06-11,2026-06-23,56
TRF04111,SKU00628,T22,T07,2026-01-21,2026-02-02,39
TRF04112,SKU00518,DEP-CENTRAL,T26,2026-03-12,2026-03-16,56
TRF04113,SKU00337,DEP-CENTRAL,T14,2024-03-04,2024-03-11,17
TRF04114,SKU00392,DEP-CENTRAL,T08,2025-07-27,2025-07-31,43
TRF04115,SKU00703,T07,T08,2024-04-07,2024-04-20,52
TRF04116,SKU00016,DEP-CENTRAL,T03,2026-05-05,2026-05-17,25
TRF04117,SKU00421,DEP-CENTRAL,T18,2023-05-19,2023-05-28,13
TRF04118,SKU00354,DEP-CENTRAL,T26,2024-10-21,2024-10-25,52
TRF04119,SKU00540,DEP-CENTRAL,T13,2025-08-14,2025-08-24,56
TRF04120,SKU00260,DEP-CENTRAL,T13,2024-03-10,2024-03-24,32
TRF04121,SKU00507,DEP-CENTRAL,T02,2024-11-26,2024-11-29,18
TRF04122,SKU00752,T18,T09,2026-03-07,2026-03-10,5
TRF04123,SKU00752,T27,DEP-CENTRAL,2026-05-17,2026-06-03,54
TRF04124,SKU00025,DEP-CENTRAL,T21,2025-05-15,2025-05-21,27
TRF04125,SKU00460,T22,T25,2022-10-08,2022-10-24,50
TRF04126,SKU00187,DEP-CENTRAL,T26,2022-11-20,2022-12-06,27
TRF04127,SKU00777,T18,T12,2025-09-19,2025-10-06,17
TRF04128,SKU00675,T19,T07,2023-03-22,2023-04-01,11
TRF04129,SKU00074,T26,T12,2025-11-20,2025-11-23,27
TRF04130,SKU00732,T09,DEP-CENTRAL,2024-06-24,2024-06-30,37
TRF04131,SKU00328,DEP-CENTRAL,T20,2024-04-13,2024-04-18,4
TRF04132,SKU00439,DEP-CENTRAL,T27,2023-09-19,2023-09-22,25
TRF04133,SKU00735,DEP-CENTRAL,T15,2025-10-22,2025-10-27,33
TRF04134,SKU00266,DEP-CENTRAL,T02,2024-11-02,2024-11-14,41
TRF04135,SKU00541,T15,T14,2026-04-14,2026-04-22,49
TRF04136,SKU00012,DEP-CENTRAL,T08,2025-08-27,2025-09-09,52
TRF04137,SKU00747,T02,T25,2025-06-25,2025-07-04,41
TRF04138,SKU00106,DEP-CENTRAL,T12,2024-08-15,2024-08-19,34
TRF04139,SKU00541,DEP-CENTRAL,T18,2025-07-24,2025-08-06,55
TRF04140,SKU00151,T18,T12,2024-09-08,2024-09-26,42
TRF04141,SKU00255,DEP-CENTRAL,T12,2024-03-10,2024-03-17,23
TRF04142,SKU00152,DEP-CENTRAL,T10,2025-12-17,2025-12-22,24
TRF04143,SKU00091,DEP-CENTRAL,T13,2026-04-27,2026-05-04,43
TRF04144,SKU00109,DEP-CENTRAL,T17,2022-04-21,2022-05-01,32
TRF04145,SKU00045,DEP-CENTRAL,T07,2024-12-12,2024-12-30,13
TRF04146,SKU00778,DEP-CENTRAL,T01,2026-08-14,2026-09-01,22
TRF04147,SKU00715,DEP-CENTRAL,T14,2024-03-22,2024-03-25,6
TRF04148,SKU00339,T09,T17,2025-12-06,2025-12-21,2
TRF04149,SKU00795,DEP-CENTRAL,T01,2025-08-23,2025-09-11,8
TRF04150,SKU00092,T27,T23,2025-06-24,2025-07-11,37
TRF04151,SKU00762,T17,T24,2025-11-13,2025-11-27,20
TRF04152,SKU00460,T01,DEP-CENTRAL,2022-08-08,2022-08-20,18
TRF04153,SKU00698,T04,T25,2025-04-21,2025-05-08,40
TRF04154,SKU00452,T17,T19,2024-02-16,2024-03-05,10
TRF04155,SKU00142,T21,DEP-CENTRAL,2025-09-26,2025-09-30,50
TRF04156,SKU00639,DEP-CENTRAL,T06,2023-03-14,2023-03-17,18
TRF04157,SKU00605,DEP-CENTRAL,T27,2025-04-25,2025-05-10,20
TRF04158,SKU00152,DEP-CENTRAL,T16,2026-06-26,2026-07-09,32
TRF04159,SKU00080,DEP-CENTRAL,T16,2024-04-05,2024-04-23,32
TRF04160,SKU00611,T28,T14,2026-06-10,2026-06-26,57
TRF04161,SKU00389,DEP-CENTRAL,T20,2025-02-18,2025-02-21,23
TRF04162,SKU00785,DEP-CENTRAL,T26,2025-03-15,2025-03-19,57
TRF04163,SKU00022,T07,T10,2025-11-21,2025-12-11,53
TRF04164,SKU00566,DEP-CENTRAL,T15,2023-09-16,2023-09-21,22
TRF04165,SKU00551,T17,T03,2025-07-08,2025-07-11,21
TRF04166,SKU00220,DEP-CENTRAL,T05,2025-03-07,2025-03-15,7
TRF04167,SKU00406,T28,DEP-CENTRAL,2025-11-09,2025-11-26,29
TRF04168,SKU00222,T03,T24,2025-01-14,2025-02-02,29
TRF04169,SKU00366,DEP-CENTRAL,T26,2023-05-23,2023-05-31,38
TRF04170,SKU00323,DEP-CENTRAL,T04,2024-05-14,2024-05-31,50
TRF04171,SKU00256,T18,DEP-CENTRAL,2022-09-25,2022-09-28,56
TRF04172,SKU00162,DEP-CENTRAL,T16,2025-07-07,2025-07-23,23
TRF04173,SKU00416,T24,T04,2024-12-04,2024-12-17,9
TRF04174,SKU00320,T04,T12,2025-03-19,2025-04-02,14
TRF04175,SKU00183,T19,T06,2025-03-08,2025-03-23,8
TRF04176,SKU00725,DEP-CENTRAL,T20,2025-02-04,2025-02-15,53
TRF04177,SKU00051,T09,T28,2023-08-14,2023-08-19,19
TRF04178,SKU00021,DEP-CENTRAL,T05,2023-11-20,2023-11-29,27
TRF04179,SKU00072,T24,DEP-CENTRAL,2023-11-14,2023-11-30,2
TRF04180,SKU00308,T21,T24,2025-05-09,2025-05-23,44
TRF04181,SKU00231,T17,DEP-CENTRAL,2026-06-05,2026-06-13,32
TRF04182,SKU00314,DEP-CENTRAL,T20,2025-07-23,2025-08-06,4
TRF04183,SKU00506,DEP-CENTRAL,T17,2024-10-17,2024-10-24,17
TRF04184,SKU00188,DEP-CENTRAL,T09,2025-09-08,2025-09-18,52
TRF04185,SKU00294,DEP-CENTRAL,T22,2024-06-12,2024-07-02,46
TRF04186,SKU00678,DEP-CENTRAL,T08,2022-12-14,2022-12-24,54
TRF04187,SKU00289,T17,T25,2022-12-17,2023-01-04,58
TRF04188,SKU00512,DEP-CENTRAL,T17,2024-11-02,2024-11-13,24
TRF04189,SKU00154,T06,T02,2025-05-19,2025-05-25,48
TRF04190,SKU00455,DEP-CENTRAL,T21,2025-06-11,2025-06-20,55
TRF04191,SKU00454,DEP-CENTRAL,T08,2024-09-24,2024-10-07,44
TRF04192,SKU00224,DEP-CENTRAL,T23,2025-05-14,2025-06-01,2
TRF04193,SKU00154,T02,T07,2026-01-25,2026-01-29,27
TRF04194,SKU00718,DEP-CENTRAL,T02,2025-01-06,2025-01-12,29
TRF04195,SKU00215,DEP-CENTRAL,T21,2023-01-17,2023-02-04,57
TRF04196,SKU00235,DEP-CENTRAL,T10,2023-09-20,2023-10-03,40
TRF04197,SKU00697,T06,DEP-CENTRAL,2026-06-07,2026-06-11,44
TRF04198,SKU00595,DEP-CENTRAL,T02,2025-09-16,2025-10-07,19
TRF04199,SKU00113,DEP-CENTRAL,T17,2024-12-26,2025-01-06,43
TRF04200,SKU00517,T23,DEP-CENTRAL,2026-03-21,2026-04-10,27
